# MagicaVoxel @ Ephtracy

# group
o 

# material
mtllib night tokyo.mtl
usemtl palette

# normals
vn -1 0 0
vn 1 0 0
vn 0 0 1
vn 0 0 -1
vn 0 -1 0
vn 0 1 0

# texcoords
vt 0.306641 0.5
vt 0.783203 0.5
vt 0.787109 0.5
vt 0.814453 0.5
vt 0.822266 0.5
vt 0.826172 0.5
vt 0.833984 0.5
vt 0.837891 0.5
vt 0.841797 0.5
vt 0.845703 0.5
vt 0.849609 0.5
vt 0.853516 0.5
vt 0.857422 0.5
vt 0.861328 0.5
vt 0.865234 0.5
vt 0.869141 0.5
vt 0.873047 0.5
vt 0.876953 0.5
vt 0.880859 0.5
vt 0.884766 0.5
vt 0.888672 0.5
vt 0.892578 0.5
vt 0.896484 0.5
vt 0.900391 0.5
vt 0.904297 0.5
vt 0.908203 0.5
vt 0.912109 0.5
vt 0.916016 0.5
vt 0.919922 0.5
vt 0.923828 0.5
vt 0.927734 0.5
vt 0.931641 0.5
vt 0.935547 0.5
vt 0.939453 0.5
vt 0.943359 0.5
vt 0.947266 0.5
vt 0.951172 0.5
vt 0.955078 0.5
vt 0.958984 0.5
vt 0.962891 0.5
vt 0.966797 0.5
vt 0.970703 0.5
vt 0.974609 0.5
vt 0.978516 0.5
vt 0.982422 0.5
vt 0.986328 0.5
vt 0.990234 0.5
vt 0.994141 0.5

# verts
v 0 4.8 0.4
v 0 4.8 -6.3
v 0 4.8 -9.6
v 0 5 -4.3
v 0 5 -4.6
v 0 5.1 0.4
v 0 5.1 0.2
v 0 5.1 -4.3
v 0 5.1 -4.6
v 0 5.1 -6.3
v 0 5.1 -6.4
v 0 5.2 0.4
v 0 5.2 0.2
v 0 7.3 -4.1
v 0 7.3 -5.4
v 0 7.3 -6.3
v 0 7.3 -6.4
v 0 7.4 -4.1
v 0 7.4 -4.2
v 0 7.5 -4.2
v 0 7.5 -4.4
v 0 7.6 -4.4
v 0 7.6 -4.5
v 0 7.7 -4.5
v 0 7.7 -4.6
v 0 7.8 -4.6
v 0 7.8 -4.8
v 0 7.9 -4.8
v 0 7.9 -4.9
v 0 8 -4.9
v 0 8 -5
v 0 8.1 -5
v 0 8.1 -5.2
v 0 8.2 -5.2
v 0 8.2 -5.4
v 0 8.2 -5.5
v 0 8.4 -5.2
v 0 8.4 -5.3
v 0 8.4 -5.4
v 0 8.4 -5.5
v 0 8.5 -5.2
v 0 8.5 -5.3
v 0 8.5 -5.4
v 0 8.5 -5.5
v 0 8.6 -5.2
v 0 8.6 -5.3
v 0 8.6 -5.4
v 0 8.6 -5.5
v 0 8.7 -5.2
v 0 8.7 -5.3
v 0 8.7 -5.5
v 0 8.7 -5.6
v 0 8.8 -5.5
v 0 8.8 -5.6
v 0 8.8 -5.7
v 0 8.8 -5.8
v 0 8.8 -9.6
v 0 8.9 -5.6
v 0 8.9 -5.7
v 0 8.9 -5.8
v 0 9 -5.7
v 0 9 -5.8
v 0 9.5 -6.7
v 0 9.5 -6.8
v 0 11.4 -6.5
v 0 11.4 -6.6
v 0 11.4 -6.7
v 0 11.4 -6.8
v 0 11.5 -6.5
v 0 11.5 -6.6
v 0 11.5 -6.7
v 0 11.5 -6.8
v 0 11.6 -6.6
v 0 11.6 -6.7
v 0 13.4 -4.9
v 0 13.4 -5
v 0 13.5 -4.9
v 0 13.5 -5
v 0.1 6.3 -5.4
v 0.1 6.3 -5.5
v 0.1 7.3 -5.4
v 0.1 7.3 -5.5
v 0.3 5.9 -5.6
v 0.3 5.9 -6.2
v 0.3 6 -5.6
v 0.3 6 -6.2
v 0.3 6.1 -5.7
v 0.3 6.1 -5.8
v 0.3 6.1 -5.9
v 0.3 6.1 -6.1
v 0.3 6.2 -5.8
v 0.3 6.2 -5.9
v 0.3 6.8 -5.7
v 0.3 6.8 -6.1
v 0.4 5.1 -5.8
v 0.4 5.1 -5.9
v 0.4 5.2 -5.8
v 0.4 5.2 -5.9
v 0.4 5.9 -5.5
v 0.4 5.9 -5.6
v 0.4 5.9 -6.2
v 0.4 5.9 -6.3
v 0.4 6 -5.5
v 0.4 6 -5.6
v 0.4 6 -5.7
v 0.4 6 -6.1
v 0.4 6 -6.2
v 0.4 6 -6.3
v 0.4 6.1 -5.7
v 0.4 6.1 -5.8
v 0.4 6.1 -5.9
v 0.4 6.1 -6.1
v 0.4 6.3 -5.4
v 0.4 6.3 -5.5
v 0.4 6.5 -5.4
v 0.4 6.5 -5.5
v 0.5 6 -5.4
v 0.5 6 -5.5
v 0.5 6 -5.6
v 0.5 6 -5.7
v 0.5 6 -6.1
v 0.5 6 -6.2
v 0.5 6.1 -5.4
v 0.5 6.1 -5.7
v 0.5 6.1 -6.1
v 0.5 6.1 -6.2
v 0.6 5.9 -5.4
v 0.6 5.9 -5.5
v 0.6 6 -5.4
v 0.6 6 -5.5
v 0.6 6.1 -5.5
v 0.6 6.1 -5.7
v 0.6 6.2 -5.5
v 0.6 6.2 -5.6
v 0.6 6.8 -5.6
v 0.6 6.8 -5.7
v 0.6 7.2 -7.2
v 0.6 7.2 -7.3
v 0.6 7.5 -7.2
v 0.6 7.5 -7.3
v 0.6 8.6 -5.3
v 0.6 8.6 -5.4
v 0.6 8.7 -5.3
v 0.6 8.7 -5.4
v 0.7 5.1 -5.5
v 0.7 5.1 -5.8
v 0.7 5.1 -5.9
v 0.7 5.1 -6.2
v 0.7 5.2 -5.5
v 0.7 5.2 -5.8
v 0.7 5.2 -5.9
v 0.7 5.2 -6.2
v 0.7 5.9 -5.8
v 0.7 5.9 -5.9
v 0.7 6.1 -6.1
v 0.7 6.1 -6.2
v 0.7 6.1 -6.3
v 0.7 6.2 -5.5
v 0.7 6.2 -5.6
v 0.7 6.4 -5.5
v 0.7 6.8 -5.5
v 0.7 6.8 -5.6
v 0.7 6.8 -6.1
v 0.7 6.8 -6.3
v 0.8 6.3 -5.4
v 0.8 6.3 -5.5
v 0.8 6.4 -5.4
v 0.8 6.4 -5.5
v 0.8 8.2 -5.2
v 0.8 8.2 -5.3
v 0.8 8.2 -5.4
v 0.8 8.3 -5.1
v 0.8 8.3 -5.2
v 0.8 8.3 -5.4
v 0.8 8.4 -5.2
v 0.8 8.4 -5.3
v 0.8 8.4 -5.4
v 0.8 8.5 -5.2
v 0.8 8.5 -5.3
v 0.8 8.5 -5.4
v 0.8 8.6 -5.2
v 0.8 8.7 -5.1
v 0.8 8.7 -5.2
v 0.8 8.7 -5.3
v 0.8 8.7 -5.4
v 0.8 8.7 -5.5
v 0.8 8.8 -5.2
v 0.8 8.8 -5.5
v 1 5.4 -5.4
v 1 5.4 -5.6
v 1 5.4 -6.1
v 1 5.4 -6.3
v 1 5.5 -5.4
v 1 5.5 -5.6
v 1 5.5 -6.1
v 1 5.5 -6.3
v 1 6 -6.2
v 1 6 -6.3
v 1 6.1 -6.2
v 1 6.1 -6.3
v 1.1 5.4 -5.3
v 1.1 5.4 -5.4
v 1.1 5.4 -6.3
v 1.1 5.4 -6.4
v 1.1 5.5 -5.3
v 1.1 5.5 -5.4
v 1.1 5.5 -5.5
v 1.1 5.5 -5.6
v 1.1 5.5 -6.1
v 1.1 5.5 -6.2
v 1.1 5.5 -6.3
v 1.1 5.5 -6.4
v 1.1 5.8 -6
v 1.1 5.8 -6.1
v 1.1 5.8 -6.2
v 1.1 5.9 -5.4
v 1.1 5.9 -5.5
v 1.1 5.9 -5.6
v 1.1 5.9 -6
v 1.1 5.9 -6.1
v 1.1 5.9 -6.3
v 1.1 6 -5.6
v 1.1 6 -5.7
v 1.1 6.1 -5.6
v 1.1 6.1 -5.7
v 1.1 6.3 -5.4
v 1.1 6.3 -5.5
v 1.1 6.5 -5.4
v 1.1 6.5 -5.5
v 1.3 6.3 -5.4
v 1.3 6.3 -5.5
v 1.3 7.7 -5.4
v 1.3 7.7 -5.5
v 1.5 7.9 -4.6
v 1.5 7.9 -4.7
v 1.5 8 -4.6
v 1.5 8 -4.7
v 1.6 8 -4.6
v 1.6 8 -4.7
v 1.6 8.1 -4.6
v 1.6 8.1 -4.7
v 1.7 8.1 -4.6
v 1.7 8.1 -4.7
v 1.7 8.2 -4.6
v 1.7 8.2 -4.7
v 1.8 6.4 -5.4
v 1.8 6.4 -5.5
v 1.8 6.5 -5.4
v 1.8 6.5 -5.5
v 1.8 7.7 -4.4
v 1.8 7.7 -4.5
v 1.8 7.8 -4.4
v 1.8 7.8 -4.5
v 1.9 6.3 -5.4
v 1.9 6.3 -5.5
v 1.9 6.4 -5.4
v 1.9 6.4 -5.5
v 1.9 7.8 -4.4
v 1.9 7.8 -4.5
v 1.9 7.9 -4.4
v 1.9 7.9 -4.5
v 1.9 8.1 -4.5
v 1.9 8.1 -4.6
v 1.9 8.2 -4.5
v 1.9 8.2 -4.6
v 1.9 9.5 -6.6
v 1.9 9.5 -6.7
v 1.9 9.7 -6.7
v 1.9 10.9 -6.7
v 1.9 11.4 -6.6
v 1.9 11.4 -6.7
v 2 7.9 -4.4
v 2 7.9 -4.5
v 2 8 -4.5
v 2 8 -4.6
v 2 8.1 -4.4
v 2 8.1 -4.5
v 2 8.1 -4.6
v 2.1 8 -4.6
v 2.1 8 -4.8
v 2.1 8.1 -4.6
v 2.1 8.1 -4.7
v 2.1 8.1 -4.8
v 2.1 8.2 -4.6
v 2.1 8.2 -4.7
v 2.2 5.5 0.4
v 2.2 5.5 0.1
v 2.2 5.5 0
v 2.2 5.5 -0.3
v 2.2 5.6 0.4
v 2.2 5.6 0.1
v 2.2 5.6 0
v 2.2 5.6 -0.3
v 2.2 5.9 -5.6
v 2.2 5.9 -6.2
v 2.2 6 -5.6
v 2.2 6 -6.2
v 2.2 7.9 -4.6
v 2.2 7.9 -4.7
v 2.2 8 -4.6
v 2.2 8 -4.7
v 2.3 5.1 -5.8
v 2.3 5.1 -5.9
v 2.3 5.2 -5.8
v 2.3 5.2 -5.9
v 2.3 5.9 -5.5
v 2.3 5.9 -5.6
v 2.3 5.9 -6.2
v 2.3 5.9 -6.3
v 2.3 6 -5.5
v 2.3 6 -5.6
v 2.3 6 -5.7
v 2.3 6 -6.1
v 2.3 6 -6.2
v 2.3 6 -6.3
v 2.3 6.1 -5.7
v 2.3 6.1 -6.1
v 2.4 6 -5.6
v 2.4 6 -5.7
v 2.4 6 -6.1
v 2.4 6 -6.2
v 2.4 6.1 -5.6
v 2.4 6.1 -5.7
v 2.4 6.1 -6.1
v 2.4 6.1 -6.2
v 2.4 7.7 -4.4
v 2.4 7.7 -4.5
v 2.4 7.8 -4.4
v 2.4 7.8 -4.5
v 2.4 8.4 -5.3
v 2.4 8.4 -5.4
v 2.4 8.5 -5.3
v 2.4 8.5 -5.4
v 2.5 5.1 0.2
v 2.5 5.1 -0.3
v 2.5 5.2 0.4
v 2.5 5.2 0.2
v 2.5 5.5 0.4
v 2.5 5.5 -0.2
v 2.5 5.5 -0.3
v 2.5 6.3 -5.4
v 2.5 6.3 -5.5
v 2.5 6.4 -5.4
v 2.5 6.4 -5.5
v 2.5 7.8 -4.4
v 2.5 7.8 -4.5
v 2.5 7.9 -4.4
v 2.5 7.9 -4.5
v 2.5 8 -4.4
v 2.5 8 -4.5
v 2.5 8.1 -4.4
v 2.5 8.1 -4.5
v 2.5 12.1 -5.4
v 2.5 12.1 -9.6
v 2.5 12.2 -5.4
v 2.5 12.2 -9.6
v 2.6 5.1 -5.5
v 2.6 5.1 -5.8
v 2.6 5.1 -5.9
v 2.6 5.1 -6.2
v 2.6 5.2 -5.5
v 2.6 5.2 -5.8
v 2.6 5.2 -5.9
v 2.6 5.2 -6.2
v 2.6 5.9 -5.8
v 2.6 5.9 -5.9
v 2.6 7.9 -4.4
v 2.6 7.9 -4.5
v 2.6 8 -4.4
v 2.6 8 -4.5
v 2.6 8.2 -4.5
v 2.6 8.2 -4.6
v 2.6 8.2 -4.7
v 2.6 8.4 -4.5
v 2.6 8.4 -4.6
v 2.6 8.4 -4.7
v 2.6 8.8 -5.4
v 2.6 8.8 -5.5
v 2.6 8.8 -5.6
v 2.6 8.8 -5.8
v 2.6 8.8 -9.6
v 2.6 8.9 -5.6
v 2.6 8.9 -5.7
v 2.6 8.9 -5.8
v 2.6 9 -5.7
v 2.6 9 -5.8
v 2.6 9.5 -6.7
v 2.6 9.5 -6.8
v 2.6 9.6 -6.7
v 2.6 9.6 -6.8
v 2.6 10.1 -6.7
v 2.6 10.1 -6.8
v 2.6 10.2 -6.7
v 2.6 10.2 -6.8
v 2.6 10.4 -5.4
v 2.6 10.4 -9.6
v 2.6 10.5 -5.4
v 2.6 10.5 -5.5
v 2.6 10.5 -9.6
v 2.6 10.6 -6.7
v 2.6 10.6 -6.8
v 2.6 10.7 -6.7
v 2.6 10.7 -6.8
v 2.6 11.3 -6.7
v 2.6 11.3 -6.8
v 2.6 11.4 -6.5
v 2.6 11.4 -6.7
v 2.6 11.5 -6.5
v 2.6 11.5 -6.8
v 2.6 12.1 -5.3
v 2.6 12.1 -5.4
v 2.6 12.1 -5.5
v 2.6 12.1 -9.6
v 2.6 12.2 -5.3
v 2.6 12.2 -5.4
v 2.6 12.2 -5.5
v 2.6 12.2 -9.6
v 2.6 12.3 -5.5
v 2.6 12.3 -9.6
v 2.7 7.9 -4.6
v 2.7 7.9 -4.7
v 2.7 8 -4.6
v 2.7 8 -4.7
v 2.7 8.2 -4.4
v 2.7 8.2 -4.5
v 2.7 8.2 -4.7
v 2.7 8.2 -4.8
v 2.7 8.3 -4.4
v 2.7 8.3 -4.5
v 2.7 8.3 -4.7
v 2.7 8.3 -4.8
v 2.7 8.4 -4.4
v 2.7 8.4 -4.5
v 2.7 8.4 -4.7
v 2.7 8.4 -4.8
v 2.7 8.5 -4.4
v 2.7 8.5 -4.5
v 2.7 8.5 -4.7
v 2.7 8.5 -4.8
v 2.7 8.7 -5.4
v 2.7 8.7 -5.5
v 2.7 8.7 -5.6
v 2.7 8.8 -5.4
v 2.7 8.8 -5.5
v 2.7 8.8 -5.6
v 2.7 10.4 -5.5
v 2.7 10.4 -9.6
v 2.7 10.5 -5.5
v 2.7 10.5 -9.6
v 2.7 12.3 -5.6
v 2.7 12.3 -9.6
v 2.7 12.4 -5.6
v 2.7 12.4 -9.6
v 2.8 6.3 -5.4
v 2.8 6.3 -5.5
v 2.8 7.7 -5.4
v 2.8 7.7 -5.5
v 2.8 7.8 -4.6
v 2.8 7.8 -4.7
v 2.8 7.9 -4.6
v 2.8 7.9 -4.7
v 2.8 9 -5.2
v 2.8 9 -5.3
v 2.8 9.1 -5.2
v 2.8 9.1 -5.3
v 2.8 9.2 -5.2
v 2.8 9.2 -5.3
v 2.8 9.3 -5.2
v 2.8 9.3 -5.3
v 2.9 10.2 -5.3
v 2.9 10.2 -5.4
v 2.9 10.3 -5.3
v 2.9 10.3 -5.4
v 2.9 11.9 -5.3
v 2.9 11.9 -5.4
v 2.9 12 -5.3
v 2.9 12 -5.4
v 3.1 6.3 -5.4
v 3.1 6.3 -5.5
v 3.1 6.4 -5.4
v 3.1 6.4 -5.5
v 3.1 9 -5.3
v 3.1 9 -5.4
v 3.1 9.1 -5.3
v 3.1 9.1 -5.4
v 3.1 9.2 -5.3
v 3.1 9.2 -5.4
v 3.1 9.3 -5.3
v 3.1 9.3 -5.4
v 3.3 6.4 -5.4
v 3.3 6.4 -5.5
v 3.3 6.5 -5.4
v 3.3 6.5 -5.5
v 3.5 6.3 -5.4
v 3.5 6.3 -5.5
v 3.5 6.4 -5.4
v 3.5 6.4 -5.5
v 3.6 10.7 -5.4
v 3.6 10.7 -5.5
v 3.6 11.2 -5.4
v 3.6 11.2 -5.5
v 3.6 11.3 -5.4
v 3.6 11.3 -5.5
v 3.6 11.9 -5.4
v 3.6 11.9 -5.5
v 3.7 8.2 -5.2
v 3.7 8.2 -5.3
v 3.7 8.2 -5.4
v 3.7 8.3 -5.1
v 3.7 8.3 -5.2
v 3.7 8.3 -5.4
v 3.7 8.4 -5.2
v 3.7 8.4 -5.3
v 3.7 8.4 -5.4
v 3.7 8.5 -5.2
v 3.7 8.5 -5.3
v 3.7 8.5 -5.4
v 3.7 8.6 -5.2
v 3.7 8.7 -5.1
v 3.7 8.7 -5.2
v 3.7 8.7 -5.3
v 3.7 8.7 -5.4
v 3.7 8.8 -5.2
v 3.7 8.8 -5.4
v 3.8 6.4 -5.4
v 3.8 6.4 -5.5
v 3.8 6.6 -5.4
v 3.8 6.6 -5.5
v 3.9 6.3 -5.4
v 3.9 6.3 -5.5
v 3.9 6.4 -5.4
v 3.9 6.4 -5.5
v 4 10.7 -5.5
v 4 10.7 -5.6
v 4 11.9 -5.3
v 4 11.9 -5.4
v 4 11.9 -5.5
v 4 11.9 -5.6
v 4 12 -5.3
v 4 12 -5.4
v 4.2 5.9 -5.6
v 4.2 5.9 -6.2
v 4.2 6 -5.6
v 4.2 6 -6.2
v 4.2 6.3 -5.4
v 4.2 6.3 -5.5
v 4.2 6.4 -5.4
v 4.2 6.4 -5.5
v 4.3 5.1 -5.8
v 4.3 5.1 -5.9
v 4.3 5.2 -5.8
v 4.3 5.2 -5.9
v 4.3 5.3 -6.1
v 4.3 5.3 -6.4
v 4.3 5.4 -6.1
v 4.3 5.4 -6.4
v 4.3 5.9 -5.5
v 4.3 5.9 -5.6
v 4.3 5.9 -6.2
v 4.3 5.9 -6.3
v 4.3 6 -5.5
v 4.3 6 -5.6
v 4.3 6 -5.7
v 4.3 6 -6.1
v 4.3 6 -6.2
v 4.3 6 -6.3
v 4.3 6.1 -5.7
v 4.3 6.1 -5.8
v 4.3 6.1 -6.1
v 4.3 6.1 -6.2
v 4.3 6.8 -5.8
v 4.3 6.8 -6.2
v 4.3 9.5 -5.4
v 4.3 9.5 -5.5
v 4.3 10.2 -5.4
v 4.3 10.2 -5.5
v 4.4 5.3 -6
v 4.4 5.3 -6.1
v 4.4 5.4 -6
v 4.4 5.4 -6.1
v 4.4 5.4 -6.3
v 4.4 5.5 -6.1
v 4.4 5.5 -6.2
v 4.4 5.6 -6.1
v 4.4 5.6 -6.2
v 4.4 5.6 -6.3
v 4.4 5.7 -6.1
v 4.4 5.7 -6.2
v 4.4 5.7 -6.3
v 4.4 5.8 -6.1
v 4.4 5.8 -6.2
v 4.4 5.9 -6.1
v 4.4 5.9 -6.3
v 4.4 6 -5.6
v 4.4 6 -5.7
v 4.4 6 -6.1
v 4.4 6 -6.2
v 4.4 6.1 -5.5
v 4.4 6.1 -5.6
v 4.4 6.1 -5.7
v 4.4 6.1 -5.8
v 4.4 6.1 -6.1
v 4.4 6.1 -6.2
v 4.4 6.3 -5.4
v 4.4 6.3 -5.5
v 4.4 6.8 -5.5
v 4.4 6.8 -5.8
v 4.4 7.7 -5.4
v 4.4 7.7 -5.5
v 4.4 9.2 -5.3
v 4.4 9.2 -5.4
v 4.4 9.3 -5.3
v 4.4 9.3 -5.4
v 4.5 9 -5.3
v 4.5 9 -5.4
v 4.5 9.1 -5.3
v 4.5 9.1 -5.4
v 4.6 5.1 -5.5
v 4.6 5.1 -5.8
v 4.6 5.1 -5.9
v 4.6 5.1 -6.2
v 4.6 5.2 -5.5
v 4.6 5.2 -5.8
v 4.6 5.2 -5.9
v 4.6 5.2 -6.2
v 4.6 5.9 -5.8
v 4.6 5.9 -5.9
v 4.6 6.3 -5.4
v 4.6 6.3 -5.5
v 4.6 6.4 -5.4
v 4.6 6.4 -5.5
v 4.7 9.5 -5.4
v 4.7 9.5 -5.5
v 4.7 10.2 -5.4
v 4.7 10.2 -5.5
v 4.7 10.7 -5.4
v 4.7 10.7 -5.5
v 4.7 10.7 -5.6
v 4.7 10.7 -6
v 4.7 11.2 -5.4
v 4.7 11.2 -5.5
v 4.7 11.3 -5.4
v 4.7 11.3 -5.5
v 4.7 11.9 -5.4
v 4.7 11.9 -5.5
v 4.7 11.9 -5.6
v 4.7 11.9 -6
v 4.8 5.3 -5.9
v 4.8 5.3 -6.3
v 4.8 5.4 -5.9
v 4.8 5.4 -6
v 4.8 5.4 -6.1
v 4.8 5.4 -6.2
v 4.8 5.4 -6.3
v 4.8 5.5 -6
v 4.8 5.5 -6.1
v 4.8 5.7 -6
v 4.8 5.7 -6.1
v 4.8 5.8 -6
v 4.8 5.8 -6.1
v 4.8 5.9 -6
v 4.8 5.9 -6.2
v 4.8 9.7 -4
v 4.8 9.7 -5.4
v 4.8 9.8 -4.1
v 4.8 9.8 -4.6
v 4.8 9.8 -4.7
v 4.8 9.8 -5.1
v 4.8 9.8 -5.2
v 4.8 9.8 -5.4
v 4.8 9.9 -4.2
v 4.8 9.9 -4.3
v 4.8 9.9 -4.9
v 4.8 9.9 -5
v 4.8 10 -4.3
v 4.8 10 -4.6
v 4.8 10 -4.7
v 4.8 10 -4.9
v 4.8 10 -5
v 4.8 10.1 -4.2
v 4.8 10.1 -4.5
v 4.8 10.1 -4.6
v 4.8 10.1 -4.9
v 4.8 10.1 -5
v 4.8 10.2 -4.9
v 4.8 10.2 -5
v 4.8 10.3 -4.5
v 4.8 10.3 -4.6
v 4.8 10.4 -4.5
v 4.8 10.4 -4.6
v 4.8 10.4 -5.4
v 4.8 10.4 -5.5
v 4.8 10.5 -4.5
v 4.8 10.5 -4.6
v 4.8 10.5 -4.8
v 4.8 10.5 -5.2
v 4.8 10.5 -5.4
v 4.8 10.5 -5.5
v 4.8 10.6 -4.6
v 4.8 10.6 -4.7
v 4.8 10.6 -5.2
v 4.8 10.6 -5.4
v 4.8 10.7 -4.8
v 4.8 10.7 -4.9
v 4.8 10.8 -4.2
v 4.8 10.8 -4.3
v 4.8 10.8 -4.7
v 4.8 10.8 -4.8
v 4.8 10.9 -4.9
v 4.8 10.9 -5
v 4.8 11 -4.1
v 4.8 11 -4.2
v 4.8 11 -4.3
v 4.8 11 -4.8
v 4.8 11 -5
v 4.8 11 -5.1
v 4.8 11.1 -4.1
v 4.8 11.1 -4.2
v 4.8 11.1 -4.3
v 4.8 11.1 -4.5
v 4.8 11.1 -4.6
v 4.8 11.1 -5
v 4.8 11.1 -5.1
v 4.8 11.2 -4.3
v 4.8 11.2 -4.4
v 4.8 11.3 -4.2
v 4.8 11.3 -4.4
v 4.8 11.3 -4.5
v 4.8 11.3 -4.6
v 4.8 11.4 -4.1
v 4.8 11.4 -4.5
v 4.8 11.4 -4.6
v 4.8 11.4 -5.1
v 4.8 11.4 -5.2
v 4.8 11.4 -5.4
v 4.8 11.5 -4
v 4.8 11.5 -5.4
v 4.8 12.2 -5.7
v 4.8 12.2 -9.6
v 4.8 12.3 -5.7
v 4.8 12.3 -9.6
v 4.8 12.4 -5.7
v 4.8 12.4 -9.6
v 4.9 8.4 -5.3
v 4.9 8.4 -5.4
v 4.9 8.5 -5.3
v 4.9 8.5 -5.4
v 5.1 8.9 -5.2
v 5.1 8.9 -5.4
v 5.1 9 -5.2
v 5.1 9 -5.4
v 5.1 10.4 -5.2
v 5.1 10.4 -5.4
v 5.1 10.5 -5.2
v 5.1 10.5 -5.4
v 5.2 6.3 -5.4
v 5.2 6.3 -5.5
v 5.2 6.5 -5.4
v 5.2 6.5 -5.5
v 5.2 8.9 -5.1
v 5.2 8.9 -5.2
v 5.2 9 -5.1
v 5.2 9 -5.2
v 5.2 10.4 -5.1
v 5.2 10.4 -5.2
v 5.2 10.5 -5.1
v 5.2 10.5 -5.2
v 5.2 11.4 -6.2
v 5.2 11.4 -6.3
v 5.2 11.4 -7.8
v 5.2 11.4 -7.9
v 5.2 11.6 -6.2
v 5.2 11.6 -6.3
v 5.2 11.6 -7.8
v 5.2 11.6 -7.9
v 5.3 11.6 -6.2
v 5.3 11.6 -6.3
v 5.3 11.6 -7.8
v 5.3 11.6 -7.9
v 5.3 11.7 -6.2
v 5.3 11.7 -6.3
v 5.3 11.7 -7.8
v 5.3 11.7 -7.9
v 5.4 8.7 -5.2
v 5.4 8.7 -5.3
v 5.4 8.9 -5.2
v 5.4 8.9 -5.3
v 5.4 9 -5.2
v 5.4 9 -5.3
v 5.4 9.1 -5.2
v 5.4 9.1 -5.3
v 5.4 9.2 -5.2
v 5.4 9.2 -5.3
v 5.4 9.3 -5.3
v 5.4 9.3 -5.4
v 5.4 9.4 -5.3
v 5.4 9.4 -5.4
v 5.4 9.6 -5.2
v 5.4 9.6 -5.3
v 5.4 9.8 -5.2
v 5.4 9.8 -5.3
v 5.4 10.4 -5.2
v 5.4 10.4 -5.3
v 5.4 10.5 -5.2
v 5.4 10.5 -5.3
v 5.4 10.7 -5.3
v 5.4 10.7 -5.4
v 5.4 10.8 -5.3
v 5.4 10.8 -5.4
v 5.4 11.1 -5.2
v 5.4 11.1 -5.3
v 5.4 11.5 -5.2
v 5.4 11.5 -5.3
v 5.4 11.5 -5.6
v 5.4 11.5 -5.7
v 5.4 11.5 -5.9
v 5.4 11.5 -6.2
v 5.4 11.5 -6.3
v 5.4 11.5 -7.8
v 5.4 11.5 -7.9
v 5.4 11.5 -9.6
v 5.4 11.6 -5.3
v 5.4 11.6 -5.6
v 5.4 11.6 -5.7
v 5.4 11.6 -5.9
v 5.4 11.6 -6.2
v 5.4 11.6 -6.3
v 5.4 11.6 -7.8
v 5.4 11.6 -7.9
v 5.4 11.6 -9.6
v 5.5 6.1 -7.2
v 5.5 6.1 -7.3
v 5.5 6.2 -7.2
v 5.5 6.2 -7.3
v 5.5 11.4 -7
v 5.5 11.4 -7.1
v 5.5 11.4 -8.5
v 5.5 11.4 -8.6
v 5.5 11.5 -7
v 5.5 11.5 -7.1
v 5.5 11.5 -8.5
v 5.5 11.5 -8.6
v 5.6 6.1 -6.4
v 5.6 6.1 -7.2
v 5.6 6.2 -7.2
v 5.6 6.2 -7.3
v 5.6 6.6 -6.4
v 5.6 6.6 -7.2
v 5.6 6.7 -7.2
v 5.6 6.7 -7.3
v 5.7 6.3 -5.4
v 5.7 6.3 -5.5
v 5.7 6.4 -5.4
v 5.7 6.4 -5.5
v 5.7 6.6 -6.4
v 5.7 6.6 -7.2
v 5.7 6.7 -7.2
v 5.7 6.7 -7.3
v 5.7 7.1 -6.4
v 5.7 7.1 -7.2
v 5.7 7.2 -7.2
v 5.7 7.2 -7.3
v 5.7 8.5 -5.2
v 5.7 8.5 -5.3
v 5.7 8.9 -5.2
v 5.7 8.9 -5.3
v 5.7 9 -5.2
v 5.7 9 -5.3
v 5.7 9.3 -5.2
v 5.7 9.3 -5.3
v 5.7 9.4 -5.2
v 5.7 9.4 -5.3
v 5.7 9.9 -5.2
v 5.7 9.9 -5.3
v 5.7 10 -5.2
v 5.7 10 -5.3
v 5.7 10.4 -5.2
v 5.7 10.4 -5.3
v 5.7 10.5 -5.2
v 5.7 10.5 -5.3
v 5.7 10.6 -5.3
v 5.7 10.6 -5.4
v 5.7 10.7 -5.3
v 5.7 10.7 -5.4
v 5.7 11.4 -5.3
v 5.7 11.4 -5.4
v 5.7 11.5 -5.2
v 5.7 11.5 -5.3
v 5.7 11.5 -5.4
v 5.7 11.5 -6.2
v 5.7 11.5 -6.3
v 5.7 11.5 -7.8
v 5.7 11.5 -7.9
v 5.7 11.5 -9.6
v 5.7 11.6 -5.3
v 5.7 11.6 -6.2
v 5.7 11.6 -6.3
v 5.7 11.6 -7.8
v 5.7 11.6 -7.9
v 5.7 11.6 -9.6
v 5.8 7.1 -6.4
v 5.8 7.1 -7.2
v 5.8 7.2 -7.2
v 5.8 7.2 -7.3
v 5.8 7.6 -6.4
v 5.8 7.6 -7.2
v 5.8 7.7 -7.2
v 5.8 7.7 -7.3
v 5.8 9.3 -5.3
v 5.8 9.3 -5.4
v 5.8 9.4 -5.3
v 5.8 9.4 -5.4
v 5.8 11.4 -7
v 5.8 11.4 -7.1
v 5.8 11.4 -8.5
v 5.8 11.4 -8.6
v 5.8 11.5 -7
v 5.8 11.5 -7.1
v 5.8 11.5 -8.5
v 5.8 11.5 -8.6
v 5.9 7.6 -6.4
v 5.9 7.6 -7.2
v 5.9 7.7 -6.4
v 5.9 7.7 -7.2
v 6 5.1 -5.4
v 6 5.1 -5.5
v 6 5.1 -6.3
v 6 5.2 -6.3
v 6 5.2 -6.4
v 6 5.9 -6.3
v 6 5.9 -6.4
v 6 6.1 -6.3
v 6 6.1 -6.4
v 6 7.3 -4.2
v 6 7.3 -5.4
v 6 7.3 -5.5
v 6 7.4 -4.2
v 6 7.4 -4.4
v 6 7.5 -4.4
v 6 7.5 -4.5
v 6 7.5 -4.6
v 6 7.6 -4.6
v 6 7.6 -4.7
v 6 7.7 -4.7
v 6 7.7 -4.8
v 6 7.7 -5.4
v 6 7.7 -6.4
v 6 8.9 -5.3
v 6 8.9 -5.4
v 6 9 -5.3
v 6 9 -5.4
v 6 10.4 -5.3
v 6 10.4 -5.4
v 6 10.5 -5.3
v 6 10.5 -5.4
v 6 11.4 -5.7
v 6 11.4 -5.9
v 6 11.5 -5.6
v 6 11.5 -5.7
v 6 11.5 -6.2
v 6 11.5 -6.3
v 6 11.5 -7.8
v 6 11.5 -7.9
v 6 11.6 -5.6
v 6 11.6 -5.7
v 6 11.6 -5.9
v 6 11.6 -6.2
v 6 11.6 -6.3
v 6 11.6 -7.8
v 6 11.6 -7.9
v 6 11.7 -5.7
v 6 11.7 -5.9
v 6.1 11.4 -6.2
v 6.1 11.4 -6.3
v 6.1 11.4 -7.8
v 6.1 11.4 -7.9
v 6.1 11.5 -6.2
v 6.1 11.5 -6.3
v 6.1 11.5 -7.8
v 6.1 11.5 -7.9
v 6.2 4.8 -3.7
v 6.2 4.8 -3.8
v 6.2 5 -3.7
v 6.2 5 -3.8
v 6.2 5.1 -3.7
v 6.2 5.1 -3.8
v 6.2 5.2 -4.8
v 6.2 5.2 -5.1
v 6.2 5.3 -4.8
v 6.2 5.3 -4.9
v 6.2 5.4 -4.8
v 6.2 5.4 -4.9
v 6.2 6.2 -4.8
v 6.2 6.2 -5.1
v 6.2 6.3 -4.8
v 6.2 6.3 -5.1
v 6.2 6.7 -5.3
v 6.2 6.7 -5.4
v 6.2 6.8 -5.3
v 6.2 6.8 -5.4
v 6.2 7.9 -5.3
v 6.2 7.9 -5.4
v 6.2 8 -5.3
v 6.2 8 -5.4
v 6.3 5.1 -4.8
v 6.3 5.1 -5.2
v 6.3 5.2 -4.7
v 6.3 5.2 -4.8
v 6.3 5.2 -5.1
v 6.3 5.2 -5.2
v 6.3 5.3 -4.7
v 6.3 5.3 -4.8
v 6.3 5.4 -4.7
v 6.3 5.4 -4.8
v 6.3 5.5 -4.7
v 6.3 5.5 -4.8
v 6.3 5.6 -4.7
v 6.3 5.6 -4.8
v 6.3 6.2 -4.7
v 6.3 6.2 -4.8
v 6.3 6.2 -5.1
v 6.3 6.2 -5.2
v 6.3 6.3 -4.7
v 6.3 6.3 -4.8
v 6.3 6.3 -5.1
v 6.3 6.3 -5.2
v 6.3 6.6 -5.3
v 6.3 6.6 -5.4
v 6.3 6.7 -5.3
v 6.3 6.7 -5.4
v 6.3 7.4 -5.3
v 6.3 7.4 -5.4
v 6.3 7.7 -5.3
v 6.3 7.7 -5.4
v 6.3 8.6 -5.4
v 6.3 8.6 -5.5
v 6.3 10 -5.4
v 6.3 10 -5.5
v 6.3 10.1 -5.4
v 6.3 10.1 -5.5
v 6.3 11.3 -5.4
v 6.3 11.3 -5.5
v 6.4 5.1 -4.7
v 6.4 5.1 -4.8
v 6.4 5.1 -5.2
v 6.4 5.1 -5.3
v 6.4 5.2 -4.6
v 6.4 5.2 -4.7
v 6.4 5.2 -4.8
v 6.4 5.2 -5.2
v 6.4 5.2 -5.3
v 6.4 5.3 -4.7
v 6.4 5.4 -4.7
v 6.4 5.5 0.1
v 6.4 5.5 0
v 6.4 5.5 -4.7
v 6.4 5.6 0.1
v 6.4 5.6 0
v 6.4 5.6 -4.7
v 6.4 5.8 -4.6
v 6.4 5.8 -4.7
v 6.4 5.9 -4.6
v 6.4 5.9 -4.7
v 6.4 6.2 -4.6
v 6.4 6.2 -4.7
v 6.4 6.2 -5.2
v 6.4 6.2 -5.3
v 6.4 6.3 -4.6
v 6.4 6.3 -4.7
v 6.4 6.3 -5.2
v 6.4 6.3 -5.3
v 6.4 7.7 -5.3
v 6.4 7.7 -5.4
v 6.4 7.9 -5.3
v 6.4 7.9 -5.4
v 6.4 8 -5.3
v 6.4 8 -5.4
v 6.4 8.1 -5.3
v 6.4 8.1 -5.4
v 6.4 9.8 -5
v 6.4 9.8 -5.1
v 6.4 10.4 -5
v 6.4 10.4 -5.1
v 6.5 5.1 0.4
v 6.5 5.1 -0.3
v 6.5 5.3 0.3
v 6.5 5.3 0.2
v 6.5 5.4 0.3
v 6.5 5.4 0.2
v 6.5 5.5 0.4
v 6.5 5.5 -0.3
v 6.5 6.5 -5.3
v 6.5 6.5 -5.4
v 6.5 6.6 -5.3
v 6.5 6.6 -5.4
v 6.5 6.8 -5.3
v 6.5 6.8 -5.4
v 6.5 6.9 -5.3
v 6.5 6.9 -5.4
v 6.5 7.1 -5.3
v 6.5 7.1 -5.4
v 6.5 7.2 -5.3
v 6.5 7.2 -5.4
v 6.5 9.7 -5.3
v 6.5 9.7 -5.4
v 6.5 9.8 -5.3
v 6.5 9.8 -5.4
v 6.5 10.1 -5.1
v 6.5 10.1 -5.4
v 6.5 10.2 -5.1
v 6.5 10.2 -5.4
v 6.5 11 -5.3
v 6.5 11 -5.4
v 6.5 11.1 -5.3
v 6.5 11.1 -5.4
v 6.5 11.2 -4.8
v 6.5 11.2 -5.1
v 6.5 11.3 -4.8
v 6.5 11.3 -4.9
v 6.5 11.4 -4.9
v 6.5 11.4 -5.1
v 6.6 5.1 -4.9
v 6.6 5.1 -5.1
v 6.6 5.4 -4.9
v 6.6 5.4 -5.1
v 6.6 11.2 -5.2
v 6.6 11.2 -5.4
v 6.6 11.3 -4.8
v 6.6 11.3 -4.9
v 6.6 11.3 -5.2
v 6.6 11.3 -5.4
v 6.6 11.3 -5.5
v 6.6 11.4 -4.8
v 6.6 11.4 -4.9
v 6.6 11.4 -5
v 6.6 11.4 -5.4
v 6.6 11.4 -5.5
v 6.6 11.4 -7
v 6.6 11.4 -7.1
v 6.6 11.4 -7.5
v 6.6 11.4 -7.6
v 6.6 11.5 -4.9
v 6.6 11.5 -5
v 6.6 11.7 -7
v 6.6 11.7 -7.1
v 6.6 11.7 -7.5
v 6.6 11.7 -7.6
v 6.7 5.4 -4.7
v 6.7 5.4 -4.8
v 6.7 5.4 -5.1
v 6.7 5.4 -5.2
v 6.7 5.5 -4.7
v 6.7 5.5 -4.8
v 6.7 5.6 -4.7
v 6.7 5.6 -4.8
v 6.7 5.7 -4.7
v 6.7 5.7 -4.8
v 6.7 5.8 -4.7
v 6.7 5.9 -4.7
v 6.7 6.2 -4.7
v 6.7 6.2 -4.8
v 6.7 6.2 -5.1
v 6.7 6.2 -5.2
v 6.7 6.3 -4.7
v 6.7 6.3 -4.8
v 6.7 6.3 -5.1
v 6.7 6.3 -5.2
v 6.7 6.6 -5.3
v 6.7 6.6 -5.4
v 6.7 6.7 -5.3
v 6.7 6.7 -5.4
v 6.7 7.5 -5.3
v 6.7 7.5 -5.4
v 6.7 7.7 -5.3
v 6.7 7.7 -5.4
v 6.7 11.6 -6.6
v 6.7 11.6 -7
v 6.7 11.6 -7.1
v 6.7 11.6 -7.5
v 6.7 11.6 -7.6
v 6.7 11.6 -8.2
v 6.7 11.7 -6.6
v 6.7 11.7 -7
v 6.7 11.7 -7.1
v 6.7 11.7 -7.5
v 6.7 11.7 -7.6
v 6.7 11.7 -8.2
v 6.8 5.4 -4.8
v 6.8 5.4 -4.9
v 6.8 5.4 -5.1
v 6.8 5.5 -4.8
v 6.8 5.5 -4.9
v 6.8 5.6 -4.8
v 6.8 5.7 -4.8
v 6.8 6.2 -4.8
v 6.8 6.2 -5.1
v 6.8 6.3 -4.8
v 6.8 6.3 -5.1
v 6.8 6.7 -5.3
v 6.8 6.7 -5.4
v 6.8 6.8 -5.3
v 6.8 6.8 -5.4
v 6.8 7.8 -5.3
v 6.8 7.8 -5.4
v 6.8 7.9 -5.3
v 6.8 7.9 -5.4
v 6.8 11.2 -5.1
v 6.8 11.2 -5.2
v 6.8 11.3 -5.1
v 6.8 11.3 -5.2
v 6.8 11.7 -6.7
v 6.8 11.7 -8.1
v 6.8 12.3 -6.7
v 6.8 12.3 -7.6
v 6.8 12.3 -7.7
v 6.8 12.3 -8.1
v 6.8 12.4 -6.7
v 6.8 12.4 -7.6
v 6.8 12.4 -7.7
v 6.8 12.4 -8.1
v 6.8 12.5 -7.6
v 6.8 12.5 -7.7
v 6.9 5.1 -4.7
v 6.9 5.1 -5.4
v 6.9 5.2 -4.7
v 6.9 5.2 -4.8
v 6.9 5.2 -5.1
v 6.9 5.2 -5.4
v 6.9 11.4 -6.5
v 6.9 11.4 -6.6
v 6.9 11.6 -6.6
v 6.9 11.7 -6.5
v 6.9 11.7 -6.6
v 7 8.4 -5.3
v 7 8.4 -5.4
v 7 8.5 -5.3
v 7 8.5 -5.4
v 7 11.2 -5.3
v 7 11.2 -5.4
v 7 11.3 -5.3
v 7 11.3 -5.4
v 7 11.4 -8.2
v 7 11.4 -8.3
v 7 11.4 -9.5
v 7 11.4 -9.6
v 7 11.6 -8.2
v 7 11.7 -7.2
v 7 11.7 -7.7
v 7 11.7 -8.2
v 7 11.7 -8.3
v 7 11.7 -9.5
v 7 11.7 -9.6
v 7 12 -7.2
v 7 12 -7.7
v 7 12.1 -7.2
v 7 12.1 -7.7
v 7.1 6.3 -5.2
v 7.1 6.3 -5.3
v 7.1 6.3 -5.4
v 7.1 6.4 -5.2
v 7.1 6.4 -5.3
v 7.1 6.4 -5.4
v 7.1 7.9 -5.3
v 7.1 7.9 -5.4
v 7.1 8 -5.3
v 7.1 8 -5.4
v 7.1 11.6 -9
v 7.1 11.6 -9.5
v 7.1 11.7 -7.1
v 7.1 11.7 -7.2
v 7.1 11.7 -7.7
v 7.1 11.7 -7.8
v 7.1 11.7 -9
v 7.1 11.7 -9.5
v 7.1 12 -7.1
v 7.1 12 -7.2
v 7.1 12 -7.7
v 7.1 12 -7.8
v 7.1 12.1 -7.1
v 7.1 12.1 -7.2
v 7.1 12.1 -7.7
v 7.1 12.1 -7.8
v 7.2 7.6 -5.3
v 7.2 7.6 -5.4
v 7.2 7.7 -5.3
v 7.2 7.7 -5.4
v 7.2 11.7 -7
v 7.2 11.7 -7.1
v 7.2 11.7 -7.8
v 7.2 11.7 -7.9
v 7.2 11.7 -9.1
v 7.2 11.7 -9.6
v 7.2 12 -7
v 7.2 12 -7.1
v 7.2 12 -7.8
v 7.2 12 -7.9
v 7.2 12.1 -7
v 7.2 12.1 -7.1
v 7.2 12.1 -7.8
v 7.2 12.1 -7.9
v 7.2 12.3 -9.1
v 7.2 12.3 -9.6
v 7.2 12.4 -9.1
v 7.2 12.4 -9.6
v 7.3 7.5 -5.3
v 7.3 7.5 -5.4
v 7.3 7.6 -5.3
v 7.3 7.6 -5.4
v 7.3 7.7 -5.3
v 7.3 7.7 -5.4
v 7.3 7.9 -5.3
v 7.3 7.9 -5.4
v 7.3 8 -5.3
v 7.3 8 -5.4
v 7.3 8.1 -5.3
v 7.3 8.1 -5.4
v 7.3 8.2 -5.2
v 7.3 8.2 -5.4
v 7.3 8.3 -5.1
v 7.3 8.3 -5.2
v 7.3 8.3 -5.4
v 7.3 8.4 -5.2
v 7.3 8.4 -5.3
v 7.3 8.4 -5.4
v 7.3 8.5 -5.3
v 7.3 8.5 -5.4
v 7.3 8.6 -5.2
v 7.3 8.6 -5.3
v 7.3 8.7 -5.1
v 7.3 8.7 -5.2
v 7.3 8.7 -5.3
v 7.3 8.7 -5.4
v 7.3 8.8 -5.2
v 7.3 8.8 -5.4
v 7.3 11.4 -6.5
v 7.3 11.4 -6.6
v 7.3 11.4 -8.9
v 7.3 11.4 -9
v 7.3 11.6 -6.6
v 7.3 11.6 -9
v 7.3 11.7 -6.5
v 7.3 11.7 -6.6
v 7.3 11.7 -8.9
v 7.3 11.7 -9
v 7.4 11.4 -8.2
v 7.4 11.4 -8.3
v 7.4 11.6 -8.2
v 7.4 11.7 -8.2
v 7.4 11.7 -8.3
v 7.5 11.7 -7.4
v 7.5 11.7 -7.5
v 7.5 11.7 -9.5
v 7.5 11.7 -9.6
v 7.5 12 -7.4
v 7.5 12 -7.5
v 7.5 12 -9.5
v 7.5 12 -9.6
v 7.5 12.1 -7.4
v 7.5 12.1 -7.5
v 7.5 12.1 -9.5
v 7.5 12.1 -9.6
v 7.6 7.8 -5.3
v 7.6 7.8 -5.4
v 7.6 7.9 -5.3
v 7.6 7.9 -5.4
v 7.6 9 -5.4
v 7.6 9 -5.5
v 7.6 9.7 -5.4
v 7.6 9.7 -5.5
v 7.6 10.4 -5.4
v 7.6 10.4 -5.5
v 7.6 11 -5.4
v 7.6 11 -5.5
v 7.6 11.7 -9.4
v 7.6 11.7 -9.5
v 7.6 12 -9.4
v 7.6 12 -9.5
v 7.6 12.1 -9.4
v 7.6 12.1 -9.5
v 7.7 7.5 -5.3
v 7.7 7.5 -5.4
v 7.7 7.8 -5.3
v 7.7 7.8 -5.4
v 7.8 11.4 -8.2
v 7.8 11.4 -8.3
v 7.8 11.6 -8.2
v 7.8 11.7 -8.2
v 7.8 11.7 -8.3
v 7.9 7.5 -5.3
v 7.9 7.5 -5.4
v 7.9 7.8 -5.3
v 7.9 7.8 -5.4
v 7.9 7.9 -5.3
v 7.9 7.9 -5.4
v 7.9 8 -5.3
v 7.9 8 -5.4
v 7.9 11.4 -6.5
v 7.9 11.4 -6.6
v 7.9 11.4 -8.9
v 7.9 11.4 -9
v 7.9 11.6 -6.6
v 7.9 11.6 -9
v 7.9 11.7 -6.5
v 7.9 11.7 -6.6
v 7.9 11.7 -8.9
v 7.9 11.7 -9
v 8 11.3 -5.4
v 8 11.3 -5.5
v 8 11.4 -5.4
v 8 11.4 -5.5
v 8 11.7 -6.8
v 8 11.7 -8
v 8 12.2 -7
v 8 12.2 -7.1
v 8 12.2 -7.2
v 8 12.2 -7.3
v 8 12.2 -7.4
v 8 12.2 -7.5
v 8 12.2 -7.6
v 8 12.2 -7.7
v 8 12.2 -7.8
v 8 12.2 -7.9
v 8 12.3 -6.8
v 8 12.3 -7
v 8 12.3 -7.1
v 8 12.3 -7.2
v 8 12.3 -7.3
v 8 12.3 -7.4
v 8 12.3 -7.5
v 8 12.3 -7.6
v 8 12.3 -7.7
v 8 12.3 -7.8
v 8 12.3 -7.9
v 8 12.3 -8
v 8 12.4 -6.8
v 8 12.4 -8
v 8.1 11.2 -5.2
v 8.1 11.2 -5.4
v 8.1 11.3 -5.2
v 8.1 11.3 -5.4
v 8.2 11.4 -7.1
v 8.2 11.4 -7.2
v 8.2 11.4 -7.7
v 8.2 11.4 -7.8
v 8.2 11.6 -7.1
v 8.2 11.6 -7.2
v 8.2 11.6 -7.7
v 8.2 11.6 -7.8
v 8.3 5.5 -5.4
v 8.3 5.5 -5.5
v 8.3 5.7 -5.4
v 8.3 5.7 -5.5
v 8.3 6.8 -5.4
v 8.3 6.8 -5.5
v 8.3 7 -5.4
v 8.3 7 -5.5
v 8.3 8 -5.3
v 8.3 8 -5.4
v 8.3 8.1 -5.3
v 8.3 8.1 -5.4
v 8.3 11.2 -5.1
v 8.3 11.2 -5.2
v 8.3 11.3 -5.1
v 8.3 11.3 -5.2
v 8.3 11.4 -8.9
v 8.3 11.4 -9
v 8.3 11.6 -9
v 8.3 11.7 -8.9
v 8.3 11.7 -9
v 8.4 5.2 -5.4
v 8.4 5.2 -5.5
v 8.4 5.5 -5.3
v 8.4 5.5 -5.4
v 8.4 5.5 -5.5
v 8.4 5.7 -5.3
v 8.4 5.7 -5.4
v 8.4 5.7 -5.5
v 8.4 6.8 -5.3
v 8.4 6.8 -5.4
v 8.4 6.8 -5.5
v 8.4 7 -5.3
v 8.4 7 -5.4
v 8.4 7 -5.5
v 8.4 7.4 -5.4
v 8.4 7.4 -5.5
v 8.4 7.9 -5.3
v 8.4 7.9 -5.4
v 8.4 8 -5.3
v 8.4 8 -5.4
v 8.4 8.1 -5.3
v 8.4 8.1 -5.4
v 8.4 8.2 -5.3
v 8.4 8.2 -5.4
v 8.4 11.7 -9.2
v 8.4 11.7 -9.6
v 8.4 12.2 -9.4
v 8.4 12.2 -9.5
v 8.4 12.3 -9.2
v 8.4 12.3 -9.4
v 8.4 12.3 -9.5
v 8.4 12.3 -9.6
v 8.4 12.4 -9.2
v 8.4 12.4 -9.6
v 8.5 8 -5.3
v 8.5 8 -5.4
v 8.5 8.1 -5.3
v 8.5 8.1 -5.4
v 8.5 11.2 -5.3
v 8.5 11.2 -5.4
v 8.5 11.3 -5.3
v 8.5 11.3 -5.4
v 8.6 10.1 -5.2
v 8.6 10.1 -5.4
v 8.6 10.2 -5.2
v 8.6 10.2 -5.4
v 8.6 11.2 -4.9
v 8.6 11.2 -5
v 8.6 11.3 -4.9
v 8.6 11.3 -5
v 8.6 11.4 -9.4
v 8.6 11.4 -9.5
v 8.6 11.6 -9.4
v 8.6 11.6 -9.5
v 8.7 8.4 -5.3
v 8.7 8.4 -5.4
v 8.7 8.5 -5.3
v 8.7 8.5 -5.4
v 8.7 9 -5.4
v 8.7 9 -5.5
v 8.7 9.7 -5.4
v 8.7 9.7 -5.5
v 8.7 10.4 -5.4
v 8.7 10.4 -5.5
v 8.7 11 -5.4
v 8.7 11 -5.5
v 8.8 8.6 -5.2
v 8.8 8.6 -5.3
v 8.8 8.7 -5.2
v 8.8 8.7 -5.3
v 8.8 9 -5.2
v 8.8 9 -5.3
v 8.8 9.3 -5.2
v 8.8 9.3 -5.3
v 8.9 5 -2.6
v 8.9 5 -2.7
v 8.9 5.1 -2.6
v 8.9 5.1 -2.7
v 8.9 11.4 -6.3
v 8.9 11.4 -6.4
v 8.9 11.4 -6.5
v 8.9 11.4 -6.6
v 8.9 12.7 -6.6
v 8.9 12.7 -9.6
v 8.9 12.8 -6.6
v 8.9 12.8 -7
v 8.9 12.8 -7.1
v 8.9 12.8 -9.6
v 8.9 12.9 -6.9
v 8.9 12.9 -7
v 8.9 12.9 -7.1
v 8.9 12.9 -7.2
v 8.9 12.9 -7.9
v 8.9 12.9 -8
v 8.9 12.9 -8.1
v 8.9 12.9 -8.4
v 8.9 12.9 -8.5
v 8.9 12.9 -8.6
v 8.9 12.9 -8.8
v 8.9 12.9 -9.1
v 8.9 12.9 -9.3
v 8.9 12.9 -9.5
v 8.9 13 -6.8
v 8.9 13 -6.9
v 8.9 13 -7.2
v 8.9 13 -7.3
v 8.9 13 -7.9
v 8.9 13 -8
v 8.9 13 -8.1
v 8.9 13 -8.2
v 8.9 13 -8.3
v 8.9 13 -8.8
v 8.9 13 -9
v 8.9 13 -9.2
v 8.9 13 -9.3
v 8.9 13 -9.4
v 8.9 13.1 -6.7
v 8.9 13.1 -6.8
v 8.9 13.1 -6.9
v 8.9 13.1 -7
v 8.9 13.1 -7.1
v 8.9 13.1 -7.3
v 8.9 13.1 -8
v 8.9 13.1 -8.1
v 8.9 13.1 -8.2
v 8.9 13.1 -8.3
v 8.9 13.1 -8.4
v 8.9 13.1 -9
v 8.9 13.1 -9.1
v 8.9 13.1 -9.2
v 8.9 13.1 -9.3
v 8.9 13.2 -6.7
v 8.9 13.2 -6.8
v 8.9 13.2 -6.9
v 8.9 13.2 -7.1
v 8.9 13.2 -7.3
v 8.9 13.2 -7.4
v 8.9 13.2 -8.2
v 8.9 13.2 -8.3
v 8.9 13.3 -6.8
v 8.9 13.3 -6.9
v 8.9 13.3 -7.1
v 8.9 13.3 -7.2
v 8.9 13.3 -7.3
v 8.9 13.3 -7.4
v 8.9 13.3 -8.1
v 8.9 13.3 -8.2
v 8.9 13.3 -8.3
v 8.9 13.3 -8.5
v 8.9 13.3 -9.3
v 8.9 13.3 -9.4
v 8.9 13.3 -9.5
v 8.9 13.4 -6.9
v 8.9 13.4 -7
v 8.9 13.4 -7.1
v 8.9 13.4 -7.2
v 8.9 13.4 -7.3
v 8.9 13.4 -7.9
v 8.9 13.4 -8
v 8.9 13.4 -8.2
v 8.9 13.4 -8.3
v 8.9 13.4 -8.4
v 8.9 13.4 -8.5
v 8.9 13.4 -8.6
v 8.9 13.4 -8.7
v 8.9 13.4 -9.5
v 8.9 13.4 -9.6
v 8.9 13.5 -6.9
v 8.9 13.5 -7
v 8.9 13.5 -7.2
v 8.9 13.5 -7.9
v 8.9 13.5 -8
v 8.9 13.5 -8.1
v 8.9 13.5 -8.2
v 8.9 13.5 -8.3
v 8.9 13.5 -8.6
v 8.9 13.5 -8.7
v 8.9 13.5 -8.9
v 8.9 13.5 -9.2
v 8.9 13.5 -9.5
v 8.9 13.5 -9.6
v 8.9 13.6 -7
v 8.9 13.6 -7.6
v 8.9 13.6 -8
v 8.9 13.6 -8.1
v 8.9 13.6 -8.4
v 8.9 13.6 -8.5
v 8.9 13.6 -8.9
v 8.9 13.6 -9.2
v 8.9 13.7 -6.9
v 8.9 13.7 -7.6
v 8.9 13.7 -9.3
v 8.9 13.7 -9.4
v 8.9 13.8 -5.3
v 8.9 13.8 -6.3
v 8.9 13.8 -6.4
v 8.9 13.8 -6.5
v 8.9 13.8 -6.6
v 8.9 13.8 -9.6
v 8.9 13.9 -5.3
v 8.9 13.9 -9.6
v 9 5.1 -5.3
v 9 5.1 -5.4
v 9 7.5 -5.4
v 9 8.4 -5.3
v 9 9 -5.3
v 9 9 -5.4
v 9 11.4 -5.5
v 9 11.4 -5.6
v 9 11.4 -5.7
v 9 11.4 -5.9
v 9 11.4 -6.3
v 9 11.4 -6.4
v 9 11.4 -6.5
v 9 11.4 -6.6
v 9 11.4 -9.6
v 9 11.5 -5.6
v 9 11.5 -5.7
v 9 11.6 -5.6
v 9 11.6 -5.7
v 9 11.6 -5.9
v 9 11.7 -5.7
v 9 11.7 -5.9
v 9 12.7 -6.6
v 9 12.7 -9.6
v 9 12.8 -6.6
v 9 12.8 -7
v 9 12.8 -7.1
v 9 12.8 -9.6
v 9 12.9 -6.9
v 9 12.9 -7
v 9 12.9 -7.1
v 9 12.9 -7.2
v 9 12.9 -7.9
v 9 12.9 -8
v 9 12.9 -8.1
v 9 12.9 -8.4
v 9 12.9 -8.5
v 9 12.9 -8.6
v 9 12.9 -8.8
v 9 12.9 -9.1
v 9 12.9 -9.3
v 9 12.9 -9.5
v 9 13 -6.8
v 9 13 -6.9
v 9 13 -7.2
v 9 13 -7.3
v 9 13 -7.9
v 9 13 -8
v 9 13 -8.1
v 9 13 -8.2
v 9 13 -8.3
v 9 13 -8.8
v 9 13 -9
v 9 13 -9.2
v 9 13 -9.3
v 9 13 -9.4
v 9 13.1 -6.7
v 9 13.1 -6.8
v 9 13.1 -6.9
v 9 13.1 -7
v 9 13.1 -7.1
v 9 13.1 -7.3
v 9 13.1 -8
v 9 13.1 -8.1
v 9 13.1 -8.2
v 9 13.1 -8.3
v 9 13.1 -8.4
v 9 13.1 -9
v 9 13.1 -9.1
v 9 13.1 -9.2
v 9 13.1 -9.3
v 9 13.2 -6.7
v 9 13.2 -6.8
v 9 13.2 -6.9
v 9 13.2 -7.1
v 9 13.2 -7.3
v 9 13.2 -7.4
v 9 13.2 -8.2
v 9 13.2 -8.3
v 9 13.3 -6.8
v 9 13.3 -6.9
v 9 13.3 -7.1
v 9 13.3 -7.2
v 9 13.3 -7.3
v 9 13.3 -7.4
v 9 13.3 -8.1
v 9 13.3 -8.2
v 9 13.3 -8.3
v 9 13.3 -8.5
v 9 13.3 -9.3
v 9 13.3 -9.4
v 9 13.3 -9.5
v 9 13.4 -6.9
v 9 13.4 -7
v 9 13.4 -7.1
v 9 13.4 -7.2
v 9 13.4 -7.3
v 9 13.4 -7.9
v 9 13.4 -8
v 9 13.4 -8.2
v 9 13.4 -8.3
v 9 13.4 -8.4
v 9 13.4 -8.5
v 9 13.4 -8.6
v 9 13.4 -8.7
v 9 13.4 -9.5
v 9 13.4 -9.6
v 9 13.5 -6.9
v 9 13.5 -7
v 9 13.5 -7.2
v 9 13.5 -7.9
v 9 13.5 -8
v 9 13.5 -8.1
v 9 13.5 -8.2
v 9 13.5 -8.3
v 9 13.5 -8.6
v 9 13.5 -8.7
v 9 13.5 -8.9
v 9 13.5 -9.2
v 9 13.5 -9.5
v 9 13.5 -9.6
v 9 13.6 -7
v 9 13.6 -7.6
v 9 13.6 -8
v 9 13.6 -8.1
v 9 13.6 -8.4
v 9 13.6 -8.5
v 9 13.6 -8.9
v 9 13.6 -9.2
v 9 13.7 -6.9
v 9 13.7 -7.6
v 9 13.7 -9.3
v 9 13.7 -9.4
v 9 13.8 -5.5
v 9 13.8 -6.3
v 9 13.8 -6.4
v 9 13.8 -6.5
v 9 13.8 -6.6
v 9 13.8 -9.6
v 9.1 9.3 -5.4
v 9.1 9.3 -5.5
v 9.1 11.8 -5.4
v 9.1 11.8 -5.5
v 9.1 11.9 -5.4
v 9.1 11.9 -5.5
v 9.1 13.8 -5.4
v 9.1 13.8 -5.5
v 9.1 13.9 -5.4
v 9.1 13.9 -5.5
v 9.1 13.9 -9.6
v 9.1 14 -5.4
v 9.1 14 -5.5
v 9.1 14 -5.7
v 9.1 14 -8.3
v 9.1 14 -9.6
v 9.1 14.1 -5.7
v 9.1 14.1 -8.3
v 9.2 8.8 -4.6
v 9.2 8.8 -5.1
v 9.2 9 -4.6
v 9.2 9 -5.1
v 9.2 14 -5.5
v 9.2 14 -5.6
v 9.2 14 -5.7
v 9.2 14 -8.3
v 9.2 14 -9.6
v 9.2 14.1 -5.5
v 9.2 14.1 -5.6
v 9.2 14.1 -5.7
v 9.2 14.1 -8.3
v 9.2 14.1 -9.6
v 9.3 8.9 -5.1
v 9.3 8.9 -5.3
v 9.3 9 -4.7
v 9.3 9 -5
v 9.3 9 -5.1
v 9.3 9 -5.3
v 9.3 9.1 -4.7
v 9.3 9.1 -5
v 9.3 10.8 -4.5
v 9.3 10.8 -5.4
v 9.3 10.9 -4.5
v 9.3 10.9 -4.6
v 9.3 11 -4.6
v 9.3 11 -4.7
v 9.3 11.1 -4.7
v 9.3 11.1 -4.8
v 9.3 11.2 -4.8
v 9.3 11.2 -4.9
v 9.3 11.3 -4.9
v 9.3 11.3 -5
v 9.3 11.4 -5
v 9.3 11.4 -5.1
v 9.3 11.5 -5.1
v 9.3 11.5 -5.2
v 9.3 11.6 -5.2
v 9.3 11.6 -5.3
v 9.3 11.7 -5.3
v 9.3 11.7 -5.4
v 9.3 12.1 -5.2
v 9.3 12.1 -5.3
v 9.3 12.1 -5.4
v 9.3 12.4 -5.2
v 9.3 12.4 -5.3
v 9.3 12.7 -5.3
v 9.3 12.7 -5.4
v 9.3 12.8 -5.2
v 9.3 12.8 -5.4
v 9.4 5 -2.6
v 9.4 5 -2.7
v 9.4 5.1 -2.6
v 9.4 5.1 -2.7
v 9.4 8.8 -4.7
v 9.4 8.8 -5
v 9.4 8.9 -4.7
v 9.4 8.9 -5
v 9.4 9.4 -5
v 9.4 9.4 -5.1
v 9.4 9.4 -5.4
v 9.4 9.6 -5
v 9.4 9.6 -5.1
v 9.4 10.3 -5
v 9.4 10.3 -5.1
v 9.4 10.3 -5.4
v 9.4 12.3 -5.1
v 9.4 12.3 -5.2
v 9.4 12.4 -5.1
v 9.4 12.4 -5.2
v 9.4 12.5 -5.1
v 9.4 12.5 -5.2
v 9.4 12.6 -5.1
v 9.4 12.6 -5.2
v 9.4 13.4 -5.3
v 9.4 13.4 -5.4
v 9.4 13.5 -5.3
v 9.4 13.5 -5.4
v 9.5 9.5 -4.9
v 9.5 9.5 -5
v 9.5 9.6 -4.9
v 9.5 9.6 -5
v 9.5 9.7 -4.9
v 9.5 9.7 -5
v 9.5 9.8 -4.9
v 9.5 9.8 -5
v 9.5 9.9 -4.9
v 9.5 9.9 -5
v 9.5 10 -4.9
v 9.5 10 -5
v 9.5 10.1 -4.9
v 9.5 10.1 -5
v 9.5 10.2 -4.9
v 9.5 10.2 -5
v 9.5 10.7 -5.2
v 9.5 10.7 -5.3
v 9.5 10.8 -5.2
v 9.5 10.8 -5.3
v 9.6 9.1 -5.3
v 9.6 9.1 -5.4
v 9.6 9.2 -5.3
v 9.6 9.2 -5.4
v 9.6 10.3 -5
v 9.6 10.3 -5.1
v 9.6 10.4 -5
v 9.6 10.4 -5.1
v 9.6 10.5 -5.1
v 9.6 10.5 -5.2
v 9.6 10.5 -5.3
v 9.6 10.6 -5.1
v 9.6 10.6 -5.2
v 9.6 10.6 -5.3
v 9.6 10.7 -5.2
v 9.6 10.7 -5.3
v 9.7 10.3 -5.1
v 9.7 10.3 -5.3
v 9.7 10.4 -5.1
v 9.7 10.5 -5
v 9.7 10.5 -5.1
v 9.7 10.5 -5.2
v 9.7 10.5 -5.3
v 9.7 10.6 -5
v 9.7 10.6 -5.1
v 9.9 10.4 -5.2
v 9.9 10.4 -5.3
v 9.9 10.5 -5.2
v 9.9 10.5 -5.3
v 9.9 10.7 -5.2
v 9.9 10.7 -5.3
v 9.9 10.8 -5.2
v 9.9 10.8 -5.3
v 9.9 12.2 -5.2
v 9.9 12.2 -5.3
v 9.9 12.3 -5.2
v 9.9 12.4 -5.2
v 9.9 12.4 -5.3
v 9.9 12.5 -5.2
v 9.9 12.5 -5.3
v 9.9 12.6 -5.2
v 9.9 12.7 -5.2
v 9.9 12.7 -5.3
v 10.1 9.5 -5
v 10.1 9.5 -5.1
v 10.1 9.6 -5
v 10.1 9.7 -5
v 10.1 9.8 -5
v 10.1 9.9 -5
v 10.1 10 -5
v 10.1 10.1 -5
v 10.1 10.2 -5
v 10.1 10.2 -5.1
v 10.1 10.3 -5
v 10.1 10.3 -5.1
v 10.1 10.4 -5
v 10.1 10.4 -5.1
v 10.3 9.9 -4.9
v 10.3 9.9 -5
v 10.3 10.2 -4.9
v 10.3 10.2 -5
v 10.3 12.1 -5.4
v 10.3 12.1 -5.5
v 10.3 12.2 -5.4
v 10.3 12.2 -5.5
v 10.3 12.3 -5.4
v 10.3 12.3 -5.5
v 10.3 12.4 -5.4
v 10.3 12.4 -5.5
v 10.3 13.4 -5.4
v 10.3 13.4 -5.5
v 10.4 9.8 -4.9
v 10.4 9.8 -5
v 10.4 9.9 -4.9
v 10.4 9.9 -5
v 10.4 10.2 -4.9
v 10.4 10.2 -5
v 10.4 10.3 -4.9
v 10.4 10.3 -5
v 10.4 10.3 -5.1
v 10.4 10.3 -5.3
v 10.4 10.4 -5
v 10.4 10.4 -5.2
v 10.4 10.4 -5.3
v 10.5 12.1 -5.2
v 10.5 12.1 -5.3
v 10.5 12.1 -5.4
v 10.5 12.1 -5.5
v 10.5 12.1 -5.8
v 10.5 12.2 -5.2
v 10.5 12.2 -5.3
v 10.5 12.2 -5.5
v 10.5 12.2 -5.6
v 10.5 12.2 -5.7
v 10.5 12.2 -5.8
v 10.5 12.3 -5.6
v 10.5 12.3 -5.7
v 10.5 12.4 -5.5
v 10.5 12.4 -5.6
v 10.5 12.5 -5.5
v 10.5 12.5 -5.6
v 10.5 12.5 -5.7
v 10.5 12.5 -5.8
v 10.5 12.7 -5.6
v 10.5 12.7 -5.8
v 10.6 12.2 -5.7
v 10.6 12.2 -5.8
v 10.6 12.3 -5.7
v 10.6 12.3 -5.8
v 10.6 12.4 -5.7
v 10.6 12.4 -5.8
v 10.6 12.5 -5.5
v 10.6 12.5 -5.6
v 10.6 12.5 -5.7
v 10.6 12.5 -5.8
v 10.6 12.7 -5.5
v 10.6 12.7 -5.6
v 10.6 12.7 -5.8
v 10.6 12.8 -5.6
v 10.6 12.8 -5.8
v 10.7 12.3 -5.7
v 10.7 12.3 -5.8
v 10.7 12.4 -5.7
v 10.7 12.4 -5.8
v 10.8 9.1 -5.3
v 10.8 9.1 -5.4
v 10.8 9.2 -5.3
v 10.8 9.2 -5.4
v 10.9 5.1 -5.5
v 10.9 5.1 -5.6
v 10.9 5.3 -5.5
v 10.9 5.3 -5.6
v 10.9 11.9 -5.3
v 10.9 11.9 -5.4
v 10.9 12.1 -5.3
v 10.9 12.1 -5.4
v 10.9 12.1 -5.5
v 10.9 12.1 -5.6
v 10.9 12.2 -5.4
v 10.9 12.2 -5.6
v 10.9 12.4 -5.5
v 10.9 12.4 -5.6
v 10.9 12.6 -5.5
v 10.9 12.6 -5.6
v 11 12.2 -5.5
v 11 12.2 -5.6
v 11 12.3 -5.5
v 11 12.3 -5.6
v 11.1 8.9 -5.2
v 11.1 8.9 -5.3
v 11.1 9 -5.2
v 11.1 9 -5.3
v 11.2 8.8 -5.2
v 11.2 8.8 -5.3
v 11.2 8.9 -5.2
v 11.2 8.9 -5.3
v 11.2 9 -5.1
v 11.2 9 -5.2
v 11.2 9.1 -5.2
v 11.2 9.1 -5.3
v 11.2 9.1 -5.4
v 11.2 9.2 -5.3
v 11.2 9.2 -5.4
v 11.2 9.3 -5.2
v 11.2 9.3 -5.3
v 11.2 9.4 -5.1
v 11.2 9.4 -5.2
v 11.2 9.4 -5.3
v 11.2 9.4 -5.4
v 11.2 9.5 -5.2
v 11.2 9.5 -5.4
v 11.2 12.1 -5.4
v 11.2 12.1 -5.5
v 11.2 12.1 -6.1
v 11.2 12.8 -5.4
v 11.2 12.8 -5.5
v 11.2 12.9 -5.4
v 11.2 12.9 -5.5
v 11.2 12.9 -5.6
v 11.2 13.4 -5.4
v 11.2 13.4 -5.5
v 11.2 13.4 -5.6
v 11.2 13.4 -6.1
v 11.3 8.8 -5.4
v 11.3 8.8 -5.5
v 11.3 8.9 -5.4
v 11.3 8.9 -5.5
v 11.5 10.8 -4.6
v 11.5 10.8 -5.4
v 11.5 10.9 -4.6
v 11.5 10.9 -4.7
v 11.5 11 -4.7
v 11.5 11 -4.8
v 11.5 11.1 -4.8
v 11.5 11.1 -4.9
v 11.5 11.2 -4.9
v 11.5 11.2 -5
v 11.5 11.2 -5.4
v 11.6 13.4 -5.3
v 11.6 13.4 -5.4
v 11.6 13.5 -5.3
v 11.6 13.5 -5.4
v 11.7 9.3 -4
v 11.7 9.3 -5
v 11.7 9.4 -4.1
v 11.7 9.4 -4.9
v 11.7 9.8 -5.3
v 11.7 9.8 -5.4
v 11.7 9.9 -5.3
v 11.7 9.9 -5.4
v 11.7 10 -5.3
v 11.7 10 -5.4
v 11.7 11.2 -5.4
v 11.7 11.6 -4.1
v 11.7 11.6 -4.9
v 11.7 11.7 -4
v 11.7 11.7 -5
v 11.7 11.7 -5.4
v 11.7 11.8 -5.4
v 11.7 11.9 -5.4
v 11.7 12 -5.3
v 11.7 12 -5.4
v 11.7 12 -5.5
v 11.7 12.1 -5.4
v 11.7 12.1 -5.5
v 11.8 9.4 -4.1
v 11.8 9.4 -4.9
v 11.8 9.5 -4.3
v 11.8 9.5 -4.4
v 11.8 9.5 -4.7
v 11.8 9.5 -4.8
v 11.8 9.6 -4.3
v 11.8 9.6 -4.4
v 11.8 9.6 -4.5
v 11.8 9.6 -4.6
v 11.8 9.6 -4.7
v 11.8 9.6 -4.8
v 11.8 9.6 -5.3
v 11.8 9.6 -5.4
v 11.8 9.7 -4.5
v 11.8 9.7 -4.6
v 11.8 9.7 -4.7
v 11.8 9.7 -5
v 11.8 9.7 -5.3
v 11.8 9.7 -5.4
v 11.8 9.8 -5
v 11.8 9.8 -5.3
v 11.8 9.9 -4.3
v 11.8 9.9 -4.4
v 11.8 9.9 -4.5
v 11.8 10 -4.3
v 11.8 10 -4.4
v 11.8 10 -4.5
v 11.8 10 -4.6
v 11.8 10 -4.7
v 11.8 10.1 -4.6
v 11.8 10.1 -4.7
v 11.8 10.2 -4.2
v 11.8 10.2 -4.8
v 11.8 10.3 -4.2
v 11.8 10.3 -4.8
v 11.8 10.5 -4.3
v 11.8 10.5 -4.7
v 11.8 10.6 -4.3
v 11.8 10.6 -4.7
v 11.8 10.7 -4.4
v 11.8 10.7 -4.5
v 11.8 11 -4.4
v 11.8 11 -4.5
v 11.8 11 -4.6
v 11.8 11.1 -4.7
v 11.8 11.1 -4.8
v 11.8 11.3 -4.5
v 11.8 11.3 -4.6
v 11.8 11.3 -4.7
v 11.8 11.3 -4.8
v 11.8 11.3 -4.9
v 11.8 11.4 -4.2
v 11.8 11.4 -4.8
v 11.8 11.5 -4.2
v 11.8 11.5 -4.9
v 11.8 11.5 -5
v 11.8 11.5 -5.3
v 11.8 11.6 -4.1
v 11.8 11.6 -4.9
v 11.8 11.6 -5
v 11.8 11.6 -5.3
v 11.9 9.3 -4
v 11.9 9.3 -5
v 11.9 9.4 -4.1
v 11.9 9.4 -4.9
v 11.9 9.4 -5
v 11.9 10.5 -5.3
v 11.9 10.5 -5.4
v 11.9 10.6 -5.3
v 11.9 10.6 -5.4
v 11.9 11 -5.3
v 11.9 11 -5.4
v 11.9 11.1 -5.3
v 11.9 11.1 -5.4
v 11.9 11.2 -5.3
v 11.9 11.2 -5.4
v 11.9 11.3 -5.3
v 11.9 11.3 -5.4
v 11.9 11.6 -4.1
v 11.9 11.6 -4.9
v 11.9 11.6 -5
v 11.9 11.7 -4
v 11.9 11.7 -5
v 12 9.7 -5.3
v 12 9.7 -5.4
v 12 10.3 -5.3
v 12 10.3 -5.4
v 12 10.8 -5.3
v 12 10.8 -5.4
v 12 10.9 -5.3
v 12 10.9 -5.4
v 12 11.3 -5.3
v 12 11.3 -5.4
v 12 11.6 -5.3
v 12 11.6 -5.4
v 12.1 8.8 -4.6
v 12.1 8.8 -5.1
v 12.1 9 -4.6
v 12.1 9 -5.1
v 12.1 10.6 -5.3
v 12.1 10.6 -5.4
v 12.1 10.7 -5.3
v 12.1 10.7 -5.4
v 12.1 11.2 -5.3
v 12.1 11.2 -5.4
v 12.1 11.3 -5.3
v 12.1 11.3 -5.4
v 12.2 8.9 -5.1
v 12.2 8.9 -5.3
v 12.2 9 -4.7
v 12.2 9 -5
v 12.2 9 -5.1
v 12.2 9 -5.3
v 12.2 9.1 -4.7
v 12.2 9.1 -5
v 12.2 9.8 -5.3
v 12.2 9.8 -5.4
v 12.2 10 -5.3
v 12.2 10 -5.4
v 12.2 10.7 -5.3
v 12.2 10.7 -5.4
v 12.2 10.8 -5.3
v 12.2 10.8 -5.4
v 12.2 10.9 -5.3
v 12.2 10.9 -5.4
v 12.2 11 -5.3
v 12.2 11 -5.4
v 12.3 8.8 -4.7
v 12.3 8.8 -5
v 12.3 8.9 -4.7
v 12.3 8.9 -5
v 12.3 9.1 -5.3
v 12.3 9.1 -5.4
v 12.3 9.2 -5.3
v 12.3 9.2 -5.4
v 12.3 10.2 -5.3
v 12.3 10.2 -5.4
v 12.3 10.3 -5.3
v 12.3 10.3 -5.4
v 12.3 10.6 -5.3
v 12.3 10.6 -5.4
v 12.3 10.7 -5.3
v 12.3 10.7 -5.4
v 12.3 11.2 -5.3
v 12.3 11.2 -5.4
v 12.3 11.4 -5.3
v 12.3 11.4 -5.4
v 12.3 11.5 -5.3
v 12.3 11.5 -5.4
v 12.3 11.6 -5.3
v 12.3 11.6 -5.4
v 12.3 12 -5.4
v 12.3 12 -5.5
v 12.3 12.8 -5.4
v 12.3 12.8 -5.5
v 12.3 12.9 -5.4
v 12.3 12.9 -5.5
v 12.3 13.4 -5.4
v 12.3 13.4 -5.5
v 12.4 5.1 -5.3
v 12.4 5.1 -5.4
v 12.4 5.1 -5.5
v 12.4 5.5 -5.5
v 12.4 5.5 -5.6
v 12.4 5.5 -5.7
v 12.4 5.7 -5.5
v 12.4 5.7 -5.6
v 12.4 5.7 -5.7
v 12.4 6.3 -5.5
v 12.4 6.3 -5.6
v 12.4 6.4 -5.5
v 12.4 6.4 -5.6
v 12.4 7 -5.5
v 12.4 7 -5.6
v 12.4 7.1 -5.5
v 12.4 7.1 -5.6
v 12.4 7.8 -5.5
v 12.4 7.8 -5.6
v 12.4 7.9 -5.5
v 12.4 7.9 -5.6
v 12.4 8.4 -5.5
v 12.4 8.4 -5.6
v 12.4 8.5 -5.5
v 12.4 8.5 -5.6
v 12.4 8.9 -5.3
v 12.4 8.9 -5.4
v 12.4 8.9 -5.5
v 12.4 10.1 -5.3
v 12.4 10.1 -5.4
v 12.4 10.2 -5.3
v 12.4 10.2 -5.4
v 12.4 10.5 -5.3
v 12.4 10.5 -5.4
v 12.4 10.6 -5.3
v 12.4 10.6 -5.4
v 12.5 9.8 -5.3
v 12.5 9.8 -5.4
v 12.5 10.1 -5.3
v 12.5 10.1 -5.4
v 12.5 11.3 -5.3
v 12.5 11.3 -5.4
v 12.5 11.4 -5.3
v 12.5 11.4 -5.4
v 0.1 5.2 -6.3
v 0.1 5.2 -6.4
v 0.1 5.9 -6.3
v 0.1 5.9 -6.4
v 0.1 6.1 -6.3
v 0.1 6.1 -6.4
v 0.1 6.1 -7.3
v 0.1 7.3 -4.2
v 0.1 7.3 -5.4
v 0.1 7.3 -5.5
v 0.1 7.3 -6.3
v 0.1 7.3 -6.4
v 0.1 7.4 -4.2
v 0.1 7.4 -4.4
v 0.1 7.5 -4.4
v 0.1 7.5 -4.5
v 0.1 7.5 -4.6
v 0.1 7.6 -4.6
v 0.1 7.6 -4.7
v 0.1 7.7 -4.7
v 0.1 7.7 -4.8
v 0.1 7.7 -5.4
v 0.1 7.7 -5.5
v 0.1 7.7 -7.3
v 0.1 8.4 -5.3
v 0.1 8.4 -5.4
v 0.1 8.5 -5.3
v 0.1 8.5 -5.4
v 0.1 8.6 -5.3
v 0.1 8.6 -5.4
v 0.1 8.7 -5.3
v 0.1 8.7 -5.4
v 0.1 13.4 -4.9
v 0.1 13.4 -5
v 0.1 13.5 -4.9
v 0.1 13.5 -5
v 0.2 6.3 -5.4
v 0.2 6.3 -5.5
v 0.2 6.4 -5.4
v 0.2 6.4 -5.5
v 0.3 6.4 -5.4
v 0.3 6.4 -5.5
v 0.3 6.5 -5.4
v 0.3 6.5 -5.5
v 0.6 6.3 -5.4
v 0.6 6.3 -5.5
v 0.6 6.4 -5.4
v 0.6 6.4 -5.5
v 0.7 8.6 -5.3
v 0.7 8.6 -5.4
v 0.7 8.7 -5.3
v 0.7 8.7 -5.4
v 0.8 5.1 -5.5
v 0.8 5.1 -5.8
v 0.8 5.1 -5.9
v 0.8 5.1 -6.2
v 0.8 5.2 -5.5
v 0.8 5.2 -5.8
v 0.8 5.2 -5.9
v 0.8 5.2 -6.2
v 0.8 5.9 -5.8
v 0.8 5.9 -5.9
v 0.9 8.2 -5.2
v 0.9 8.2 -5.3
v 0.9 8.2 -5.4
v 0.9 8.3 -5.1
v 0.9 8.3 -5.2
v 0.9 8.3 -5.4
v 0.9 8.4 -5.2
v 0.9 8.4 -5.3
v 0.9 8.4 -5.4
v 0.9 8.5 -5.2
v 0.9 8.5 -5.3
v 0.9 8.5 -5.4
v 0.9 8.6 -5.2
v 0.9 8.7 -5.1
v 0.9 8.7 -5.2
v 0.9 8.7 -5.3
v 0.9 8.7 -5.4
v 0.9 8.7 -5.5
v 0.9 8.8 -5.2
v 0.9 8.8 -5.5
v 1 6 -5.6
v 1 6 -5.7
v 1 6.1 -5.6
v 1 6.1 -5.7
v 1 6.1 -6
v 1 6.1 -6.2
v 1 6.1 -6.3
v 1 6.3 -5.4
v 1 6.3 -5.5
v 1 6.5 -5.4
v 1 6.5 -5.5
v 1 6.8 -5.7
v 1 6.8 -6
v 1 6.8 -6.2
v 1 6.8 -6.3
v 1.1 5.1 -5.8
v 1.1 5.1 -5.9
v 1.1 5.2 -5.8
v 1.1 5.2 -5.9
v 1.1 6.1 -5.5
v 1.1 6.1 -5.7
v 1.1 6.1 -6
v 1.1 6.1 -6.2
v 1.1 6.3 -5.5
v 1.1 6.8 -5.5
v 1.1 6.8 -5.7
v 1.1 6.8 -6
v 1.1 6.8 -6.2
v 1.2 5.8 -6
v 1.2 5.8 -6.1
v 1.2 5.9 -5.8
v 1.2 5.9 -5.9
v 1.2 5.9 -6
v 1.2 5.9 -6.1
v 1.2 6 -5.4
v 1.2 6 -5.8
v 1.2 6 -5.9
v 1.2 6 -6.3
v 1.2 6.1 -5.4
v 1.2 6.1 -6.3
v 1.2 6.3 -5.4
v 1.2 6.3 -5.5
v 1.2 7.7 -5.4
v 1.2 7.7 -5.5
v 1.3 5.4 -5.3
v 1.3 5.4 -5.4
v 1.3 5.4 -6.3
v 1.3 5.4 -6.4
v 1.3 5.5 -5.3
v 1.3 5.5 -5.4
v 1.3 5.5 -5.6
v 1.3 5.5 -6.1
v 1.3 5.5 -6.3
v 1.3 5.5 -6.4
v 1.3 5.9 -5.6
v 1.3 5.9 -5.8
v 1.3 5.9 -5.9
v 1.3 5.9 -6.1
v 1.3 5.9 -6.3
v 1.3 6 -5.4
v 1.3 6 -5.8
v 1.3 6 -5.9
v 1.3 6 -6.3
v 1.5 5.4 -5.4
v 1.5 5.4 -5.6
v 1.5 5.4 -6.1
v 1.5 5.4 -6.3
v 1.5 5.5 -5.4
v 1.5 5.5 -5.6
v 1.5 5.5 -6.1
v 1.5 5.5 -6.3
v 1.6 6.3 -5.4
v 1.6 6.3 -5.5
v 1.6 6.4 -5.4
v 1.6 6.4 -5.5
v 1.6 7.9 -4.6
v 1.6 7.9 -4.7
v 1.6 8 -4.6
v 1.6 8 -4.7
v 1.7 6.4 -5.4
v 1.7 6.4 -5.5
v 1.7 6.5 -5.4
v 1.7 6.5 -5.5
v 1.7 8 -4.6
v 1.7 8 -4.7
v 1.7 8.1 -4.6
v 1.7 8.1 -4.7
v 1.9 11.5 -6.6
v 1.9 11.5 -6.7
v 1.9 11.6 -6.6
v 1.9 11.6 -6.7
v 2 7.7 -4.4
v 2 7.7 -4.5
v 2 7.9 -4.4
v 2 7.9 -4.5
v 2 8.1 -4.6
v 2 8.1 -4.7
v 2 8.2 -4.6
v 2 8.2 -4.7
v 2 9.5 -6.6
v 2 9.5 -6.7
v 2 9.6 -6.7
v 2 9.6 -6.8
v 2 10.1 -6.7
v 2 10.1 -6.8
v 2 10.2 -6.7
v 2 10.2 -6.8
v 2 10.6 -6.7
v 2 10.6 -6.8
v 2 10.7 -6.7
v 2 10.7 -6.8
v 2 11.3 -6.7
v 2 11.3 -6.8
v 2 11.4 -6.6
v 2 11.4 -6.7
v 2.1 7.9 -4.4
v 2.1 7.9 -4.5
v 2.1 8 -4.4
v 2.1 8 -4.5
v 2.2 6.3 -5.4
v 2.2 6.3 -5.5
v 2.2 6.4 -5.4
v 2.2 6.4 -5.5
v 2.2 8 -4.4
v 2.2 8 -4.5
v 2.2 8.1 -4.4
v 2.2 8.1 -4.5
v 2.3 7.9 -4.6
v 2.3 7.9 -4.7
v 2.3 8 -4.6
v 2.3 8 -4.7
v 2.3 8 -4.8
v 2.3 8.1 -4.7
v 2.3 8.1 -4.8
v 2.5 5.5 0.1
v 2.5 5.5 0
v 2.5 5.6 0.1
v 2.5 5.6 0
v 2.5 8.4 -5.3
v 2.5 8.4 -5.4
v 2.5 8.5 -5.3
v 2.5 8.5 -5.4
v 2.6 5.1 0.4
v 2.6 5.1 -0.3
v 2.6 5.5 0.4
v 2.6 5.5 0.1
v 2.6 5.5 0
v 2.6 5.5 -0.3
v 2.6 7.7 -4.4
v 2.6 7.7 -4.5
v 2.6 7.9 -4.4
v 2.6 7.9 -4.5
v 2.6 8.7 -5.5
v 2.6 8.7 -5.6
v 2.6 8.8 -5.5
v 2.6 8.8 -5.6
v 2.7 5.1 -5.5
v 2.7 5.1 -5.8
v 2.7 5.1 -5.9
v 2.7 5.1 -6.2
v 2.7 5.2 -5.5
v 2.7 5.2 -5.8
v 2.7 5.2 -5.9
v 2.7 5.2 -6.2
v 2.7 5.9 -5.8
v 2.7 5.9 -5.9
v 2.7 6.3 -5.4
v 2.7 6.3 -5.5
v 2.7 7.7 -5.4
v 2.7 7.7 -5.5
v 2.7 7.9 -4.4
v 2.7 7.9 -4.5
v 2.7 8 -4.5
v 2.7 8 -4.6
v 2.7 8.1 -4.4
v 2.7 8.1 -4.5
v 2.7 8.1 -4.6
v 2.8 5.9 -6.2
v 2.8 5.9 -6.3
v 2.8 6 -6.2
v 2.8 6 -6.3
v 2.8 8 -4.6
v 2.8 8 -4.7
v 2.8 8.1 -4.5
v 2.8 8.1 -4.6
v 2.8 8.2 -4.4
v 2.8 8.2 -4.5
v 2.8 8.2 -4.6
v 2.8 8.2 -4.7
v 2.8 8.2 -4.8
v 2.8 8.3 -4.4
v 2.8 8.3 -4.5
v 2.8 8.3 -4.6
v 2.8 8.3 -4.7
v 2.8 8.3 -4.8
v 2.8 8.4 -4.4
v 2.8 8.4 -4.5
v 2.8 8.4 -4.6
v 2.8 8.4 -4.7
v 2.8 8.4 -4.8
v 2.8 8.5 -4.4
v 2.8 8.5 -4.5
v 2.8 8.5 -4.7
v 2.8 8.5 -4.8
v 2.8 12.2 -5.7
v 2.8 12.2 -9.6
v 2.8 12.3 -5.7
v 2.8 12.3 -9.6
v 2.8 12.4 -5.7
v 2.8 12.4 -9.6
v 2.9 6 -5.6
v 2.9 6 -5.7
v 2.9 6 -6.1
v 2.9 6 -6.2
v 2.9 6.1 -5.6
v 2.9 6.1 -5.7
v 2.9 6.1 -6.1
v 2.9 6.1 -6.2
v 2.9 6.3 -5.4
v 2.9 6.3 -5.5
v 2.9 6.4 -5.4
v 2.9 6.4 -5.5
v 2.9 7.8 -4.6
v 2.9 7.8 -4.7
v 2.9 8 -4.6
v 2.9 8 -4.7
v 2.9 8.2 -4.5
v 2.9 8.2 -4.7
v 2.9 8.3 -4.5
v 2.9 8.3 -4.7
v 2.9 9.5 -5.4
v 2.9 9.5 -5.5
v 2.9 10.2 -5.4
v 2.9 10.2 -5.5
v 2.9 10.7 -5.4
v 2.9 10.7 -5.5
v 2.9 10.7 -5.6
v 2.9 10.7 -6
v 2.9 11.2 -5.4
v 2.9 11.2 -5.5
v 2.9 11.3 -5.4
v 2.9 11.3 -5.5
v 2.9 11.9 -5.4
v 2.9 11.9 -5.5
v 2.9 11.9 -5.6
v 2.9 11.9 -6
v 3 5.1 -5.8
v 3 5.1 -5.9
v 3 5.2 -5.8
v 3 5.2 -5.9
v 3 5.9 -5.5
v 3 5.9 -5.6
v 3 6 -5.5
v 3 6 -5.6
v 3 6 -5.7
v 3 6 -6.1
v 3 6.1 -5.7
v 3 6.1 -6.1
v 3.1 5.9 -5.6
v 3.1 5.9 -6.2
v 3.1 6 -5.6
v 3.1 6 -6.2
v 3.2 6.3 -5.4
v 3.2 6.3 -5.5
v 3.2 6.5 -5.4
v 3.2 6.5 -5.5
v 3.2 9 -5.3
v 3.2 9 -5.4
v 3.2 9.1 -5.3
v 3.2 9.1 -5.4
v 3.2 9.2 -5.3
v 3.2 9.2 -5.4
v 3.2 9.3 -5.3
v 3.2 9.3 -5.4
v 3.6 10.7 -5.5
v 3.6 10.7 -5.6
v 3.6 11.9 -5.3
v 3.6 11.9 -5.4
v 3.6 11.9 -5.5
v 3.6 11.9 -5.6
v 3.6 12 -5.3
v 3.6 12 -5.4
v 3.7 6.3 -5.4
v 3.7 6.3 -5.5
v 3.7 6.6 -5.4
v 3.7 6.6 -5.5
v 3.8 8.2 -5.2
v 3.8 8.2 -5.3
v 3.8 8.2 -5.4
v 3.8 8.3 -5.1
v 3.8 8.3 -5.2
v 3.8 8.3 -5.4
v 3.8 8.4 -5.2
v 3.8 8.4 -5.3
v 3.8 8.4 -5.4
v 3.8 8.5 -5.2
v 3.8 8.5 -5.3
v 3.8 8.5 -5.4
v 3.8 8.6 -5.2
v 3.8 8.7 -5.1
v 3.8 8.7 -5.2
v 3.8 8.7 -5.3
v 3.8 8.7 -5.4
v 3.8 8.8 -5.2
v 3.8 8.8 -5.4
v 4 10.7 -5.4
v 4 10.7 -5.5
v 4 11.2 -5.4
v 4 11.2 -5.5
v 4 11.3 -5.4
v 4 11.3 -5.5
v 4 11.9 -5.4
v 4 11.9 -5.5
v 4.1 6.3 -5.4
v 4.1 6.3 -5.5
v 4.1 6.4 -5.4
v 4.1 6.4 -5.5
v 4.3 6.3 -5.4
v 4.3 6.3 -5.5
v 4.3 7.7 -5.4
v 4.3 7.7 -5.5
v 4.4 9.5 -5.4
v 4.4 9.5 -5.5
v 4.4 10.2 -5.4
v 4.4 10.2 -5.5
v 4.5 6.3 -5.4
v 4.5 6.3 -5.5
v 4.5 6.4 -5.4
v 4.5 6.4 -5.5
v 4.5 9.2 -5.3
v 4.5 9.2 -5.4
v 4.5 9.3 -5.3
v 4.5 9.3 -5.4
v 4.6 5.3 -6
v 4.6 5.3 -6.4
v 4.6 5.4 -6
v 4.6 5.4 -6.1
v 4.6 5.4 -6.2
v 4.6 5.4 -6.3
v 4.6 5.4 -6.4
v 4.6 5.5 -6.1
v 4.6 5.5 -6.2
v 4.6 5.8 -6.1
v 4.6 5.8 -6.2
v 4.6 5.9 -6.1
v 4.6 5.9 -6.2
v 4.6 5.9 -6.3
v 4.6 9 -5.3
v 4.6 9 -5.4
v 4.6 9.1 -5.3
v 4.6 9.1 -5.4
v 4.7 5.1 -5.5
v 4.7 5.1 -5.8
v 4.7 5.1 -5.9
v 4.7 5.1 -6.2
v 4.7 5.2 -5.5
v 4.7 5.2 -5.8
v 4.7 5.2 -5.9
v 4.7 5.2 -6.2
v 4.7 5.9 -5.8
v 4.7 5.9 -5.9
v 4.7 10.2 -5.3
v 4.7 10.2 -5.4
v 4.7 10.3 -5.3
v 4.7 10.3 -5.4
v 4.7 11.9 -5.3
v 4.7 11.9 -5.4
v 4.7 12 -5.3
v 4.7 12 -5.4
v 4.9 6 -5.6
v 4.9 6 -5.7
v 4.9 6 -6.1
v 4.9 6 -6.2
v 4.9 6.1 -5.5
v 4.9 6.1 -5.6
v 4.9 6.1 -5.7
v 4.9 6.1 -5.9
v 4.9 6.1 -6.1
v 4.9 6.1 -6.2
v 4.9 6.3 -5.5
v 4.9 6.8 -5.5
v 4.9 6.8 -5.9
v 4.9 9.7 -4
v 4.9 9.7 -5.4
v 4.9 9.8 -4.1
v 4.9 9.8 -4.6
v 4.9 9.8 -4.7
v 4.9 9.8 -5.1
v 4.9 9.8 -5.2
v 4.9 9.8 -5.4
v 4.9 10 -4.6
v 4.9 10 -4.7
v 4.9 10.5 -5.2
v 4.9 10.5 -5.4
v 4.9 10.6 -5.2
v 4.9 10.6 -5.4
v 4.9 11 -4.1
v 4.9 11 -4.2
v 4.9 11 -5
v 4.9 11 -5.1
v 4.9 11.1 -4.1
v 4.9 11.1 -4.2
v 4.9 11.1 -5
v 4.9 11.1 -5.1
v 4.9 11.3 -4.5
v 4.9 11.3 -4.6
v 4.9 11.4 -4.1
v 4.9 11.4 -4.5
v 4.9 11.4 -4.6
v 4.9 11.4 -5.1
v 4.9 11.4 -5.2
v 4.9 11.4 -5.4
v 4.9 11.5 -4
v 4.9 11.5 -5.4
v 4.9 12.3 -5.6
v 4.9 12.3 -9.6
v 4.9 12.4 -5.6
v 4.9 12.4 -9.6
v 5 5.1 -5.8
v 5 5.1 -5.9
v 5 5.2 -5.8
v 5 5.2 -5.9
v 5 5.3 -5.9
v 5 5.3 -6
v 5 5.3 -6.2
v 5 5.3 -6.3
v 5 5.4 -5.9
v 5 5.4 -6
v 5 5.4 -6.2
v 5 5.4 -6.3
v 5 5.5 -6
v 5 5.5 -6.1
v 5 5.6 -6
v 5 5.6 -6.1
v 5 5.9 -5.5
v 5 5.9 -5.6
v 5 5.9 -6
v 5 5.9 -6.2
v 5 5.9 -6.3
v 5 6 -5.5
v 5 6 -5.6
v 5 6 -5.7
v 5 6 -6.1
v 5 6 -6.2
v 5 6 -6.3
v 5 6.1 -5.7
v 5 6.1 -5.9
v 5 6.1 -6.1
v 5 6.1 -6.2
v 5 6.3 -5.4
v 5 6.3 -5.5
v 5 6.4 -5.4
v 5 6.4 -5.5
v 5 6.8 -5.9
v 5 6.8 -6.2
v 5 8.4 -5.3
v 5 8.4 -5.4
v 5 8.5 -5.3
v 5 8.5 -5.4
v 5 9 -5.2
v 5 9 -5.3
v 5 9.1 -5.2
v 5 9.1 -5.3
v 5 9.2 -5.2
v 5 9.2 -5.3
v 5 9.3 -5.2
v 5 9.3 -5.3
v 5 9.9 -4.2
v 5 9.9 -4.3
v 5 9.9 -4.9
v 5 9.9 -5
v 5 10 -4.3
v 5 10 -4.9
v 5 10 -5
v 5 10.1 -4.2
v 5 10.1 -4.5
v 5 10.1 -4.6
v 5 10.1 -4.9
v 5 10.1 -5
v 5 10.2 -4.9
v 5 10.2 -5
v 5 10.3 -4.5
v 5 10.3 -4.6
v 5 10.4 -4.5
v 5 10.4 -4.6
v 5 10.5 -4.5
v 5 10.5 -4.6
v 5 10.5 -4.8
v 5 10.6 -4.6
v 5 10.6 -4.7
v 5 10.7 -4.8
v 5 10.7 -4.9
v 5 10.8 -4.2
v 5 10.8 -4.3
v 5 10.8 -4.7
v 5 10.8 -4.8
v 5 10.9 -4.9
v 5 10.9 -5
v 5 11 -4.3
v 5 11 -4.8
v 5 11.1 -4.3
v 5 11.1 -4.5
v 5 11.1 -4.6
v 5 11.1 -5
v 5 11.2 -4.3
v 5 11.2 -4.4
v 5 11.3 -4.2
v 5 11.3 -4.4
v 5 11.3 -4.5
v 5 11.3 -4.6
v 5 11.3 -5.4
v 5 11.3 -5.5
v 5 12.1 -5.4
v 5 12.1 -5.5
v 5 12.2 -5.5
v 5 12.2 -9.6
v 5 12.3 -5.5
v 5 12.3 -9.6
v 5.1 5.3 -6
v 5.1 5.3 -6.2
v 5.1 5.4 -6
v 5.1 5.4 -6.2
v 5.1 5.9 -5.6
v 5.1 5.9 -6.2
v 5.1 6 -5.6
v 5.1 6 -6.2
v 5.1 6.4 -5.4
v 5.1 6.4 -5.5
v 5.1 6.5 -5.4
v 5.1 6.5 -5.5
v 5.1 11.4 -5.5
v 5.1 11.4 -5.6
v 5.1 11.4 -5.9
v 5.1 11.4 -9.6
v 5.1 11.5 -5.6
v 5.1 11.5 -5.7
v 5.1 11.6 -5.6
v 5.1 11.6 -5.7
v 5.1 11.6 -5.9
v 5.1 11.7 -5.6
v 5.1 11.7 -5.9
v 5.1 12.1 -5.5
v 5.1 12.1 -9.6
v 5.2 4.8 -3.7
v 5.2 4.8 -3.8
v 5.2 5 -3.7
v 5.2 5 -3.8
v 5.2 5.1 -3.7
v 5.2 5.1 -3.8
v 5.2 8.9 -5.3
v 5.2 8.9 -5.4
v 5.2 9 -5.3
v 5.2 9 -5.4
v 5.2 10.4 -5.3
v 5.2 10.4 -5.4
v 5.2 10.5 -5.3
v 5.2 10.5 -5.4
v 5.2 12.1 -5.3
v 5.2 12.1 -9.6
v 5.2 12.2 -5.3
v 5.2 12.2 -9.6
v 5.3 7.2 -7.2
v 5.3 7.2 -7.3
v 5.3 7.5 -7.2
v 5.3 7.5 -7.3
v 5.3 8.9 -5.2
v 5.3 8.9 -5.3
v 5.3 9 -5.2
v 5.3 9 -5.3
v 5.3 10.4 -5.2
v 5.3 10.4 -5.3
v 5.3 10.5 -5.2
v 5.3 10.5 -5.3
v 5.3 11.4 -6.2
v 5.3 11.4 -6.3
v 5.3 11.4 -7.8
v 5.3 11.4 -7.9
v 5.3 11.5 -6.2
v 5.3 11.5 -6.3
v 5.3 11.5 -7.8
v 5.3 11.5 -7.9
v 5.4 11.4 -5.6
v 5.4 11.4 -5.7
v 5.4 11.4 -5.9
v 5.4 11.5 -5.6
v 5.4 11.5 -5.7
v 5.4 11.5 -5.9
v 5.4 11.6 -5.6
v 5.4 11.6 -5.9
v 5.4 11.7 -5.6
v 5.4 11.7 -5.9
v 5.5 6.3 -5.4
v 5.5 6.3 -5.5
v 5.5 6.4 -5.4
v 5.5 6.4 -5.5
v 5.5 9.3 -5.3
v 5.5 9.3 -5.4
v 5.5 9.4 -5.3
v 5.5 9.4 -5.4
v 5.6 8.6 -5.2
v 5.6 8.6 -5.3
v 5.6 8.9 -5.2
v 5.6 8.9 -5.3
v 5.6 9 -5.2
v 5.6 9 -5.3
v 5.6 9.3 -5.2
v 5.6 9.3 -5.3
v 5.6 9.6 -5.2
v 5.6 9.6 -5.3
v 5.6 10.4 -5.2
v 5.6 10.4 -5.3
v 5.6 10.5 -5.2
v 5.6 10.5 -5.3
v 5.6 10.7 -5.3
v 5.6 10.7 -5.4
v 5.6 10.8 -5.2
v 5.6 10.8 -5.3
v 5.6 10.8 -5.4
v 5.6 11.4 -7
v 5.6 11.4 -7.1
v 5.6 11.4 -8.5
v 5.6 11.4 -8.6
v 5.6 11.5 -5.2
v 5.6 11.5 -5.3
v 5.6 11.5 -6.2
v 5.6 11.5 -6.3
v 5.6 11.5 -7
v 5.6 11.5 -7.1
v 5.6 11.5 -7.8
v 5.6 11.5 -7.9
v 5.6 11.5 -8.5
v 5.6 11.5 -8.6
v 5.6 11.5 -9.6
v 5.6 11.6 -5.3
v 5.6 11.6 -6.2
v 5.6 11.6 -6.3
v 5.6 11.6 -7.8
v 5.6 11.6 -7.9
v 5.6 11.6 -9.6
v 5.9 6.3 -5.4
v 5.9 6.3 -5.5
v 5.9 7.7 -5.4
v 5.9 7.7 -5.5
v 5.9 8.6 -5.2
v 5.9 8.6 -5.3
v 5.9 8.9 -5.2
v 5.9 8.9 -5.3
v 5.9 9 -5.2
v 5.9 9 -5.3
v 5.9 9.3 -5.3
v 5.9 9.3 -5.4
v 5.9 9.4 -5.2
v 5.9 9.4 -5.3
v 5.9 9.4 -5.4
v 5.9 9.5 -5.2
v 5.9 9.5 -5.3
v 5.9 9.8 -5.2
v 5.9 9.8 -5.3
v 5.9 9.9 -5.2
v 5.9 9.9 -5.3
v 5.9 10 -5.2
v 5.9 10 -5.3
v 5.9 10.2 -5.2
v 5.9 10.2 -5.3
v 5.9 10.4 -5.2
v 5.9 10.4 -5.3
v 5.9 10.5 -5.2
v 5.9 10.5 -5.3
v 5.9 10.6 -5.3
v 5.9 10.6 -5.4
v 5.9 10.7 -5.3
v 5.9 10.7 -5.4
v 5.9 10.8 -5.2
v 5.9 10.8 -5.3
v 5.9 11.1 -5.2
v 5.9 11.1 -5.3
v 5.9 11.4 -5.3
v 5.9 11.4 -5.4
v 5.9 11.4 -7
v 5.9 11.4 -7.1
v 5.9 11.4 -8.5
v 5.9 11.4 -8.6
v 5.9 11.5 -5.2
v 5.9 11.5 -5.3
v 5.9 11.5 -5.4
v 5.9 11.5 -6.2
v 5.9 11.5 -6.3
v 5.9 11.5 -7
v 5.9 11.5 -7.1
v 5.9 11.5 -7.8
v 5.9 11.5 -7.9
v 5.9 11.5 -8.5
v 5.9 11.5 -8.6
v 5.9 11.5 -9.6
v 5.9 11.6 -5.3
v 5.9 11.6 -6.2
v 5.9 11.6 -6.3
v 5.9 11.6 -7.8
v 5.9 11.6 -7.9
v 5.9 11.6 -9.6
v 6 7.3 -4.1
v 6 7.3 -4.2
v 6 7.4 -4.1
v 6 7.4 -4.2
v 6 7.4 -4.4
v 6 7.5 -4.2
v 6 7.5 -4.4
v 6 7.5 -4.5
v 6 7.6 -4.4
v 6 7.6 -4.5
v 6 7.6 -4.6
v 6 7.7 -4.5
v 6 7.7 -4.6
v 6 7.7 -4.8
v 6 7.8 -4.6
v 6 7.8 -4.8
v 6 7.8 -4.9
v 6 7.9 -4.8
v 6 7.9 -4.9
v 6 7.9 -5
v 6 8 -4.9
v 6 8 -5
v 6 8 -5.2
v 6 8.1 -5
v 6 8.1 -5.2
v 6 8.1 -5.3
v 6 8.2 -5.2
v 6 8.2 -5.3
v 6 8.9 -5.1
v 6 8.9 -5.2
v 6 9 -5.1
v 6 9 -5.2
v 6 10.4 -5.1
v 6 10.4 -5.2
v 6 10.5 -5.1
v 6 10.5 -5.2
v 6.1 7.3 -4.2
v 6.1 7.3 -5.4
v 6.1 7.4 -4.2
v 6.1 7.4 -4.4
v 6.1 7.5 -4.4
v 6.1 7.5 -4.5
v 6.1 7.6 -4.5
v 6.1 7.6 -4.6
v 6.1 7.7 -4.6
v 6.1 7.7 -4.8
v 6.1 7.8 -4.8
v 6.1 7.8 -4.9
v 6.1 7.9 -4.9
v 6.1 7.9 -5
v 6.1 8 -5
v 6.1 8 -5.2
v 6.1 8.1 -5.2
v 6.1 8.1 -5.3
v 6.1 8.2 -5.3
v 6.1 8.2 -5.4
v 6.1 8.9 -5.2
v 6.1 8.9 -5.4
v 6.1 9 -5.2
v 6.1 9 -5.4
v 6.1 10.4 -5.2
v 6.1 10.4 -5.4
v 6.1 10.5 -5.2
v 6.1 10.5 -5.4
v 6.1 11.6 -6.2
v 6.1 11.6 -6.3
v 6.1 11.6 -7.8
v 6.1 11.6 -7.9
v 6.1 11.7 -6.2
v 6.1 11.7 -6.3
v 6.1 11.7 -7.8
v 6.1 11.7 -7.9
v 6.2 8.6 -5.4
v 6.2 8.6 -5.5
v 6.2 11.3 -5.4
v 6.2 11.3 -5.5
v 6.2 11.4 -6.2
v 6.2 11.4 -6.3
v 6.2 11.4 -7.8
v 6.2 11.4 -7.9
v 6.2 11.6 -6.2
v 6.2 11.6 -6.3
v 6.2 11.6 -7.8
v 6.2 11.6 -7.9
v 6.3 5.4 -4.9
v 6.3 5.4 -5.1
v 6.3 6.2 -4.9
v 6.3 6.2 -5.1
v 6.3 6.3 -4.9
v 6.3 6.3 -5.1
v 6.3 6.7 -5.3
v 6.3 6.7 -5.4
v 6.3 6.8 -5.3
v 6.3 6.8 -5.4
v 6.4 5.4 -4.7
v 6.4 5.4 -4.8
v 6.4 5.4 -4.9
v 6.4 5.4 -5.1
v 6.4 5.4 -5.2
v 6.4 5.5 -4.7
v 6.4 5.5 -4.8
v 6.4 5.6 -4.7
v 6.4 5.6 -4.8
v 6.4 5.8 -4.7
v 6.4 5.9 -4.7
v 6.4 6.2 -4.7
v 6.4 6.2 -4.8
v 6.4 6.2 -4.9
v 6.4 6.2 -5.1
v 6.4 6.2 -5.2
v 6.4 6.3 -4.7
v 6.4 6.3 -4.9
v 6.4 6.3 -5.1
v 6.4 6.3 -5.2
v 6.4 6.6 -5.3
v 6.4 6.6 -5.4
v 6.4 6.7 -5.3
v 6.4 6.7 -5.4
v 6.4 7.4 -5.3
v 6.4 7.4 -5.4
v 6.4 7.5 -5.4
v 6.4 7.7 -5.3
v 6.4 7.7 -5.4
v 6.5 5.1 -4.9
v 6.5 5.1 -5.1
v 6.5 5.4 -4.9
v 6.5 5.4 -5.1
v 6.5 7.7 -5.3
v 6.5 7.7 -5.4
v 6.5 7.9 -5.3
v 6.5 7.9 -5.4
v 6.5 8 -5.3
v 6.5 8 -5.4
v 6.5 8.1 -5.3
v 6.5 8.1 -5.4
v 6.5 9 -5.4
v 6.5 9 -5.5
v 6.5 9.7 -5.4
v 6.5 9.7 -5.5
v 6.5 10.4 -5.4
v 6.5 10.4 -5.5
v 6.5 11 -5.4
v 6.5 11 -5.5
v 6.6 5.1 0.1
v 6.6 5.1 -0.3
v 6.6 5.2 0.4
v 6.6 5.2 0.1
v 6.6 5.3 0.3
v 6.6 5.3 0.2
v 6.6 5.4 0.3
v 6.6 5.4 0.2
v 6.6 5.5 0.4
v 6.6 5.5 0.3
v 6.6 5.5 0.2
v 6.6 5.5 0.1
v 6.6 5.5 0
v 6.6 5.5 -0.1
v 6.6 5.5 -0.2
v 6.6 5.5 -0.3
v 6.6 6.5 -5.3
v 6.6 6.5 -5.4
v 6.6 6.6 -5.3
v 6.6 6.6 -5.4
v 6.6 6.8 -5.3
v 6.6 6.8 -5.4
v 6.6 6.9 -5.3
v 6.6 6.9 -5.4
v 6.6 7.1 -5.3
v 6.6 7.1 -5.4
v 6.6 7.2 -5.3
v 6.6 7.2 -5.4
v 6.6 10.1 -5.2
v 6.6 10.1 -5.4
v 6.6 10.2 -5.2
v 6.6 10.2 -5.4
v 6.6 11.2 -4.9
v 6.6 11.2 -5
v 6.6 11.3 -4.9
v 6.6 11.3 -5
v 6.7 5.1 -4.7
v 6.7 5.1 -4.8
v 6.7 5.1 -5.2
v 6.7 5.1 -5.3
v 6.7 5.2 -4.6
v 6.7 5.2 -4.7
v 6.7 5.2 -4.8
v 6.7 5.2 -5.2
v 6.7 5.2 -5.3
v 6.7 5.4 -4.7
v 6.7 5.5 -4.7
v 6.7 5.6 -4.7
v 6.7 5.7 -4.7
v 6.7 5.8 -4.6
v 6.7 5.8 -4.7
v 6.7 5.9 -4.6
v 6.7 5.9 -4.7
v 6.7 6.2 -4.6
v 6.7 6.2 -4.7
v 6.7 6.2 -5.2
v 6.7 6.2 -5.3
v 6.7 6.3 -4.6
v 6.7 6.3 -4.7
v 6.7 6.3 -5.2
v 6.7 6.3 -5.3
v 6.7 7.9 -5.3
v 6.7 7.9 -5.4
v 6.7 8 -5.3
v 6.7 8 -5.4
v 6.7 11.2 -5.3
v 6.7 11.2 -5.4
v 6.7 11.3 -5.3
v 6.7 11.3 -5.4
v 6.7 11.4 -7
v 6.7 11.4 -7.1
v 6.7 11.4 -7.5
v 6.7 11.4 -7.6
v 6.7 11.6 -7
v 6.7 11.6 -7.1
v 6.7 11.6 -7.5
v 6.7 11.6 -7.6
v 6.8 5.1 -4.8
v 6.8 5.1 -5.2
v 6.8 5.2 -4.7
v 6.8 5.2 -4.8
v 6.8 5.2 -5.1
v 6.8 5.2 -5.2
v 6.8 5.4 -4.7
v 6.8 5.4 -4.8
v 6.8 5.5 0.4
v 6.8 5.5 0.3
v 6.8 5.5 0.2
v 6.8 5.5 0
v 6.8 5.5 -0.1
v 6.8 5.5 -0.3
v 6.8 5.5 -4.7
v 6.8 5.5 -4.8
v 6.8 5.6 0.4
v 6.8 5.6 0.3
v 6.8 5.6 0.2
v 6.8 5.6 0
v 6.8 5.6 -0.1
v 6.8 5.6 -0.3
v 6.8 5.6 -4.7
v 6.8 5.6 -4.8
v 6.8 5.7 -4.7
v 6.8 5.7 -4.8
v 6.8 6.2 -4.7
v 6.8 6.2 -4.8
v 6.8 6.2 -5.1
v 6.8 6.2 -5.2
v 6.8 6.3 -4.7
v 6.8 6.3 -4.8
v 6.8 6.3 -5.1
v 6.8 6.3 -5.2
v 6.8 6.6 -5.3
v 6.8 6.6 -5.4
v 6.8 6.7 -5.3
v 6.8 6.7 -5.4
v 6.8 7.6 -5.3
v 6.8 7.6 -5.4
v 6.8 7.7 -5.3
v 6.8 7.7 -5.4
v 6.9 5.2 -4.8
v 6.9 5.2 -5.1
v 6.9 5.4 -4.8
v 6.9 5.4 -4.9
v 6.9 5.5 -4.8
v 6.9 5.5 -4.9
v 6.9 6.2 -4.8
v 6.9 6.2 -5.1
v 6.9 6.3 -4.8
v 6.9 6.3 -5.1
v 6.9 6.7 -5.3
v 6.9 6.7 -5.4
v 6.9 6.8 -5.3
v 6.9 6.8 -5.4
v 6.9 11.2 -5.1
v 6.9 11.2 -5.2
v 6.9 11.3 -5.1
v 6.9 11.3 -5.2
v 6.9 11.7 -6.8
v 6.9 11.7 -8
v 6.9 12.2 -7
v 6.9 12.2 -7.1
v 6.9 12.2 -7.2
v 6.9 12.2 -7.3
v 6.9 12.2 -7.4
v 6.9 12.2 -7.5
v 6.9 12.2 -7.6
v 6.9 12.2 -7.7
v 6.9 12.2 -7.8
v 6.9 12.2 -7.9
v 6.9 12.3 -6.8
v 6.9 12.3 -7
v 6.9 12.3 -7.1
v 6.9 12.3 -7.2
v 6.9 12.3 -7.3
v 6.9 12.3 -7.4
v 6.9 12.3 -7.5
v 6.9 12.3 -7.6
v 6.9 12.3 -7.7
v 6.9 12.3 -7.8
v 6.9 12.3 -7.9
v 6.9 12.3 -8
v 6.9 12.4 -6.8
v 6.9 12.4 -7.6
v 6.9 12.4 -7.7
v 6.9 12.4 -8
v 6.9 12.5 -7.6
v 6.9 12.5 -7.7
v 7 11.4 -6.5
v 7 11.4 -6.6
v 7 11.6 -6.6
v 7 11.7 -6.5
v 7 11.7 -6.6
v 7.1 5.2 -5.4
v 7.1 5.2 -5.5
v 7.1 6.1 -5.4
v 7.1 6.1 -5.5
v 7.1 6.6 -5.4
v 7.1 6.6 -5.5
v 7.1 7.4 -5.4
v 7.1 7.4 -5.5
v 7.1 7.5 -5.3
v 7.1 7.5 -5.4
v 7.1 7.6 -5.3
v 7.1 7.6 -5.4
v 7.1 7.8 -5.3
v 7.1 7.8 -5.4
v 7.1 7.9 -5.3
v 7.1 7.9 -5.4
v 7.1 11.2 -5.2
v 7.1 11.2 -5.4
v 7.1 11.3 -5.2
v 7.1 11.3 -5.4
v 7.1 11.3 -5.5
v 7.1 11.4 -5.4
v 7.1 11.4 -5.5
v 7.1 11.4 -8.2
v 7.1 11.4 -8.3
v 7.1 11.4 -9.5
v 7.1 11.4 -9.6
v 7.1 11.6 -8.2
v 7.1 11.6 -9.5
v 7.1 11.6 -9.6
v 7.1 11.7 -8.2
v 7.1 11.7 -8.3
v 7.2 6.3 -5.3
v 7.2 6.3 -5.4
v 7.2 6.4 -5.3
v 7.2 6.4 -5.4
v 7.2 8.4 -5.3
v 7.2 8.4 -5.4
v 7.2 8.5 -5.3
v 7.2 8.5 -5.4
v 7.3 6.1 -5.4
v 7.3 6.1 -5.5
v 7.3 6.6 -5.4
v 7.3 6.6 -5.5
v 7.3 11.7 -9.2
v 7.3 11.7 -9.6
v 7.3 12.2 -9.4
v 7.3 12.2 -9.5
v 7.3 12.3 -9.2
v 7.3 12.3 -9.4
v 7.3 12.3 -9.5
v 7.3 12.3 -9.6
v 7.3 12.4 -9.2
v 7.3 12.4 -9.6
v 7.4 6.3 -5.2
v 7.4 6.3 -5.3
v 7.4 6.4 -5.2
v 7.4 6.4 -5.3
v 7.4 7.5 -5.3
v 7.4 7.5 -5.4
v 7.4 7.7 -5.3
v 7.4 7.7 -5.4
v 7.4 7.8 -5.3
v 7.4 7.8 -5.4
v 7.4 7.9 -5.3
v 7.4 7.9 -5.4
v 7.4 8 -5.3
v 7.4 8 -5.4
v 7.4 8.1 -5.3
v 7.4 8.1 -5.4
v 7.4 8.2 -5.2
v 7.4 8.2 -5.4
v 7.4 8.3 -5.1
v 7.4 8.3 -5.2
v 7.4 8.3 -5.4
v 7.4 8.4 -5.2
v 7.4 8.4 -5.3
v 7.4 8.4 -5.4
v 7.4 8.5 -5.3
v 7.4 8.5 -5.4
v 7.4 8.6 -5.2
v 7.4 8.6 -5.3
v 7.4 8.7 -5.1
v 7.4 8.7 -5.2
v 7.4 8.7 -5.3
v 7.4 8.7 -5.4
v 7.4 8.8 -5.2
v 7.4 8.8 -5.4
v 7.4 11.4 -6.5
v 7.4 11.4 -6.6
v 7.4 11.4 -8.9
v 7.4 11.4 -9
v 7.4 11.6 -6.6
v 7.4 11.6 -9
v 7.4 11.7 -6.5
v 7.4 11.7 -6.6
v 7.4 11.7 -7.4
v 7.4 11.7 -7.5
v 7.4 11.7 -8.9
v 7.4 11.7 -9
v 7.4 12 -7.4
v 7.4 12 -7.5
v 7.4 12.1 -7.4
v 7.4 12.1 -7.5
v 7.5 7.9 -5.3
v 7.5 7.9 -5.4
v 7.5 8 -5.3
v 7.5 8 -5.4
v 7.5 11.4 -8.2
v 7.5 11.4 -8.3
v 7.5 11.6 -8.2
v 7.5 11.7 -8.2
v 7.5 11.7 -8.3
v 7.6 7.7 -5.3
v 7.6 7.7 -5.4
v 7.6 7.8 -5.3
v 7.6 7.8 -5.4
v 7.7 7.8 -5.3
v 7.7 7.8 -5.4
v 7.7 7.9 -5.3
v 7.7 7.9 -5.4
v 7.7 9 -5.4
v 7.7 9 -5.5
v 7.7 9.7 -5.4
v 7.7 9.7 -5.5
v 7.7 10.4 -5.4
v 7.7 10.4 -5.5
v 7.7 11 -5.4
v 7.7 11 -5.5
v 7.7 11.7 -7
v 7.7 11.7 -7.1
v 7.7 11.7 -7.8
v 7.7 11.7 -7.9
v 7.7 12 -7
v 7.7 12 -7.1
v 7.7 12 -7.8
v 7.7 12 -7.9
v 7.7 12.1 -7
v 7.7 12.1 -7.1
v 7.7 12.1 -7.8
v 7.7 12.1 -7.9
v 7.8 7.5 -5.3
v 7.8 7.5 -5.4
v 7.8 7.8 -5.3
v 7.8 7.8 -5.4
v 7.8 11.7 -7.1
v 7.8 11.7 -7.2
v 7.8 11.7 -7.7
v 7.8 11.7 -7.8
v 7.8 12 -7.1
v 7.8 12 -7.2
v 7.8 12 -7.7
v 7.8 12 -7.8
v 7.8 12.1 -7.1
v 7.8 12.1 -7.2
v 7.8 12.1 -7.7
v 7.8 12.1 -7.8
v 7.9 11.4 -8.2
v 7.9 11.4 -8.3
v 7.9 11.6 -8.2
v 7.9 11.7 -7.2
v 7.9 11.7 -7.7
v 7.9 11.7 -8.2
v 7.9 11.7 -8.3
v 7.9 12 -7.2
v 7.9 12 -7.7
v 7.9 12.1 -7.2
v 7.9 12.1 -7.7
v 8 7.6 -5.3
v 8 7.6 -5.4
v 8 7.8 -5.3
v 8 7.8 -5.4
v 8 11.4 -6.5
v 8 11.4 -6.6
v 8 11.4 -8.9
v 8 11.4 -9
v 8 11.6 -6.6
v 8 11.6 -9
v 8 11.7 -6.5
v 8 11.7 -6.6
v 8 11.7 -8.9
v 8 11.7 -9
v 8.1 11.7 -6.7
v 8.1 11.7 -8.1
v 8.1 11.7 -9.4
v 8.1 11.7 -9.5
v 8.1 12 -9.4
v 8.1 12 -9.5
v 8.1 12.1 -9.4
v 8.1 12.1 -9.5
v 8.1 12.3 -6.7
v 8.1 12.3 -8.1
v 8.1 12.4 -6.7
v 8.1 12.4 -8.1
v 8.2 11.2 -5.3
v 8.2 11.2 -5.4
v 8.2 11.3 -5.3
v 8.2 11.3 -5.4
v 8.2 11.6 -6.6
v 8.2 11.6 -7.1
v 8.2 11.6 -7.2
v 8.2 11.6 -7.7
v 8.2 11.6 -7.8
v 8.2 11.6 -8.2
v 8.2 11.7 -6.6
v 8.2 11.7 -7.1
v 8.2 11.7 -7.2
v 8.2 11.7 -7.7
v 8.2 11.7 -7.8
v 8.2 11.7 -8.2
v 8.2 11.7 -9.5
v 8.2 11.7 -9.6
v 8.2 12 -9.5
v 8.2 12 -9.6
v 8.2 12.1 -9.5
v 8.2 12.1 -9.6
v 8.3 7.9 -5.3
v 8.3 7.9 -5.4
v 8.3 8 -5.3
v 8.3 8 -5.4
v 8.3 11.4 -7.1
v 8.3 11.4 -7.2
v 8.3 11.4 -7.7
v 8.3 11.4 -7.8
v 8.3 11.7 -7.1
v 8.3 11.7 -7.2
v 8.3 11.7 -7.7
v 8.3 11.7 -7.8
v 8.4 7.5 -5.3
v 8.4 7.5 -5.4
v 8.4 7.6 -5.3
v 8.4 7.6 -5.4
v 8.4 8 -5.3
v 8.4 8 -5.4
v 8.4 8.1 -5.3
v 8.4 8.1 -5.4
v 8.4 11.2 -5.1
v 8.4 11.2 -5.2
v 8.4 11.3 -5.1
v 8.4 11.3 -5.2
v 8.4 11.4 -8.9
v 8.4 11.4 -9
v 8.4 11.6 -9
v 8.4 11.7 -8.9
v 8.4 11.7 -9
v 8.5 5.5 -5.3
v 8.5 5.5 -5.4
v 8.5 5.7 -5.3
v 8.5 5.7 -5.4
v 8.5 6.8 -5.3
v 8.5 6.8 -5.4
v 8.5 7 -5.3
v 8.5 7 -5.4
v 8.5 7.9 -5.3
v 8.5 7.9 -5.4
v 8.5 8 -5.3
v 8.5 8 -5.4
v 8.5 8.1 -5.3
v 8.5 8.1 -5.4
v 8.5 8.2 -5.3
v 8.5 8.2 -5.4
v 8.5 11.7 -9.1
v 8.5 11.7 -9.6
v 8.5 12.3 -9.1
v 8.5 12.3 -9.6
v 8.5 12.4 -9.1
v 8.5 12.4 -9.6
v 8.6 8 -5.3
v 8.6 8 -5.4
v 8.6 8.1 -5.3
v 8.6 8.1 -5.4
v 8.6 11.2 -5.2
v 8.6 11.2 -5.4
v 8.6 11.3 -4.8
v 8.6 11.3 -4.9
v 8.6 11.3 -5.2
v 8.6 11.3 -5.4
v 8.6 11.3 -5.5
v 8.6 11.4 -4.8
v 8.6 11.4 -4.9
v 8.6 11.4 -5
v 8.6 11.4 -5.4
v 8.6 11.4 -5.5
v 8.6 11.5 -4.9
v 8.6 11.5 -5
v 8.6 11.6 -9
v 8.6 11.6 -9.4
v 8.6 11.6 -9.5
v 8.6 11.6 -9.6
v 8.6 11.7 -9
v 8.6 11.7 -9.4
v 8.6 11.7 -9.5
v 8.6 11.7 -9.6
v 8.7 5.1 -4.7
v 8.7 5.1 -5.3
v 8.7 5.1 -5.4
v 8.7 5.2 -4.7
v 8.7 5.2 -5.3
v 8.7 5.2 -5.4
v 8.7 10.1 -5.1
v 8.7 10.1 -5.4
v 8.7 10.2 -5.1
v 8.7 10.2 -5.4
v 8.7 11 -5.3
v 8.7 11 -5.4
v 8.7 11.1 -5.3
v 8.7 11.1 -5.4
v 8.7 11.2 -4.8
v 8.7 11.2 -5.1
v 8.7 11.3 -4.8
v 8.7 11.3 -4.9
v 8.7 11.4 -4.9
v 8.7 11.4 -5.1
v 8.7 11.4 -9.4
v 8.7 11.4 -9.5
v 8.7 11.7 -9.4
v 8.7 11.7 -9.5
v 8.8 5 -2.6
v 8.8 5 -2.7
v 8.8 5.1 -2.6
v 8.8 5.1 -2.7
v 8.8 9.7 -5.3
v 8.8 9.7 -5.4
v 8.8 9.8 -5
v 8.8 9.8 -5.1
v 8.8 9.8 -5.3
v 8.8 9.8 -5.4
v 8.8 9.9 -5
v 8.8 9.9 -5.1
v 8.8 10.4 -5
v 8.8 10.4 -5.1
v 8.9 8.4 -5.3
v 8.9 8.4 -5.4
v 8.9 8.5 -5.3
v 8.9 8.5 -5.4
v 9 8.4 -5.2
v 9 8.4 -5.3
v 9 9 -5.2
v 9 9 -5.3
v 9 9.1 -5.2
v 9 9.1 -5.3
v 9 9.3 -5.4
v 9 9.3 -5.5
v 9 10 -5.4
v 9 10 -5.5
v 9 10.1 -5.4
v 9 10.1 -5.5
v 9 11.3 -5.4
v 9 11.3 -5.5
v 9.1 5.1 -5.3
v 9.1 5.1 -5.4
v 9.1 5.2 -5.4
v 9.1 5.2 -5.5
v 9.1 5.5 -5.5
v 9.1 5.5 -5.6
v 9.1 5.5 -5.7
v 9.1 5.7 -5.5
v 9.1 5.7 -5.6
v 9.1 5.7 -5.7
v 9.1 6.3 -5.5
v 9.1 6.3 -5.6
v 9.1 6.4 -5.5
v 9.1 6.4 -5.6
v 9.1 7 -5.5
v 9.1 7 -5.6
v 9.1 7.1 -5.5
v 9.1 7.1 -5.6
v 9.1 7.8 -5.5
v 9.1 7.8 -5.6
v 9.1 7.9 -5.5
v 9.1 7.9 -5.6
v 9.1 8.4 -5.5
v 9.1 8.4 -5.6
v 9.1 8.5 -5.5
v 9.1 8.5 -5.6
v 9.1 8.9 -5.3
v 9.1 8.9 -5.4
v 9.1 8.9 -5.5
v 9.2 5.1 -5.4
v 9.2 5.1 -5.5
v 9.2 5.2 -5.4
v 9.2 5.2 -5.5
v 9.3 5 -2.6
v 9.3 5 -2.7
v 9.3 5.1 -2.6
v 9.3 5.1 -2.7
v 9.3 8.8 -4.7
v 9.3 8.8 -5
v 9.3 8.9 -4.7
v 9.3 8.9 -5
v 9.3 13.9 -5.6
v 9.3 13.9 -9.6
v 9.3 14 -5.6
v 9.3 14.1 -5.6
v 9.3 14.1 -9.6
v 9.4 8.9 -5.1
v 9.4 8.9 -5.3
v 9.4 9 -4.7
v 9.4 9 -5
v 9.4 9 -5.1
v 9.4 9 -5.3
v 9.4 9.1 -4.7
v 9.4 9.1 -5
v 9.4 10.8 -4.6
v 9.4 10.8 -5.4
v 9.4 10.9 -4.6
v 9.4 10.9 -4.7
v 9.4 11 -4.7
v 9.4 11 -4.8
v 9.4 11.1 -4.8
v 9.4 11.1 -4.9
v 9.4 11.2 -4.9
v 9.4 11.2 -5
v 9.4 11.2 -5.4
v 9.4 12.2 -5.2
v 9.4 12.2 -5.3
v 9.4 12.3 -5.2
v 9.4 12.4 -5.2
v 9.4 12.4 -5.3
v 9.4 12.5 -5.2
v 9.4 12.5 -5.3
v 9.4 12.6 -5.2
v 9.4 12.7 -5.2
v 9.4 12.7 -5.3
v 9.4 12.8 -5.4
v 9.4 12.8 -5.5
v 9.4 13.4 -5.4
v 9.4 13.4 -5.5
v 9.5 8.8 -4.6
v 9.5 8.8 -5.1
v 9.5 9 -4.6
v 9.5 9 -5.1
v 9.5 9.5 -5
v 9.5 9.5 -5.1
v 9.5 9.6 -5
v 9.5 9.6 -5.1
v 9.5 9.7 -5
v 9.5 9.8 -5
v 9.5 9.9 -5
v 9.5 10 -5
v 9.5 10.1 -5
v 9.5 10.2 -5
v 9.5 10.2 -5.1
v 9.6 10.7 -5.2
v 9.6 10.7 -5.3
v 9.6 10.8 -5.2
v 9.6 10.8 -5.3
v 9.8 9.1 -5.3
v 9.8 9.1 -5.4
v 9.8 9.2 -5.3
v 9.8 9.2 -5.4
v 9.8 10.4 -5.1
v 9.8 10.4 -5.3
v 9.8 10.5 -5
v 9.8 10.5 -5.1
v 9.8 10.5 -5.2
v 9.8 10.5 -5.3
v 9.8 10.6 -5
v 9.8 10.6 -5.1
v 9.9 10.3 -5
v 9.9 10.3 -5.1
v 9.9 10.4 -5
v 9.9 10.4 -5.1
v 9.9 10.5 -5.1
v 9.9 10.5 -5.2
v 9.9 10.5 -5.3
v 9.9 10.6 -5.1
v 9.9 10.6 -5.2
v 9.9 10.6 -5.3
v 9.9 10.7 -5.2
v 9.9 10.7 -5.3
v 9.9 12.3 -5.1
v 9.9 12.3 -5.2
v 9.9 12.4 -5.1
v 9.9 12.4 -5.2
v 9.9 12.5 -5.1
v 9.9 12.5 -5.2
v 9.9 12.6 -5.1
v 9.9 12.6 -5.2
v 10 10.7 -5.2
v 10 10.7 -5.3
v 10 10.8 -5.2
v 10 10.8 -5.3
v 10 12.3 -5.2
v 10 12.3 -5.3
v 10 12.4 -5.2
v 10 12.4 -5.3
v 10 12.6 -5.2
v 10 12.6 -5.3
v 10 12.7 -5.2
v 10 12.7 -5.3
v 10.1 9.5 -4.9
v 10.1 9.5 -5
v 10.1 9.6 -4.9
v 10.1 9.6 -5
v 10.1 9.7 -4.9
v 10.1 9.7 -5
v 10.1 9.8 -4.9
v 10.1 9.8 -5
v 10.1 9.9 -4.9
v 10.1 9.9 -5
v 10.1 10 -4.9
v 10.1 10 -5
v 10.1 10.1 -4.9
v 10.1 10.1 -5
v 10.1 10.2 -4.9
v 10.1 10.2 -5
v 10.2 12.1 -5.2
v 10.2 12.1 -5.4
v 10.2 12.1 -5.5
v 10.2 12.2 -5.5
v 10.2 12.3 -5.2
v 10.2 12.3 -5.3
v 10.2 12.3 -5.5
v 10.2 12.4 -5.2
v 10.2 12.4 -5.3
v 10.2 12.4 -5.5
v 10.2 12.6 -5.2
v 10.2 12.6 -5.3
v 10.2 12.7 -5.2
v 10.2 12.7 -5.3
v 10.2 12.8 -5.2
v 10.2 12.8 -5.5
v 10.3 10.3 -5
v 10.3 10.3 -5.1
v 10.3 10.3 -5.2
v 10.3 10.3 -5.3
v 10.3 10.4 -5
v 10.3 10.4 -5.1
v 10.3 10.4 -5.2
v 10.3 10.4 -5.3
v 10.4 5.1 -5.5
v 10.4 5.1 -5.6
v 10.4 5.3 -5.5
v 10.4 5.3 -5.6
v 10.4 9.9 -4.9
v 10.4 9.9 -5
v 10.4 10.2 -4.9
v 10.4 10.2 -5
v 10.4 10.4 -5.2
v 10.4 10.4 -5.3
v 10.4 10.5 -5.2
v 10.4 10.5 -5.3
v 10.4 12.1 -5.4
v 10.4 12.1 -5.5
v 10.4 12.1 -5.7
v 10.4 12.1 -6.1
v 10.4 12.2 -5.4
v 10.4 12.2 -5.7
v 10.4 12.3 -5.4
v 10.4 12.3 -5.7
v 10.4 12.4 -5.4
v 10.4 12.4 -5.5
v 10.4 12.4 -5.6
v 10.4 12.4 -5.7
v 10.4 12.5 -5.6
v 10.4 12.5 -5.7
v 10.4 12.8 -5.4
v 10.4 12.8 -5.5
v 10.4 12.9 -5.4
v 10.4 12.9 -5.5
v 10.4 12.9 -5.6
v 10.4 13.4 -5.4
v 10.4 13.4 -5.5
v 10.4 13.4 -5.6
v 10.4 13.4 -6.1
v 10.5 9.4 -5
v 10.5 9.4 -5.1
v 10.5 9.4 -5.4
v 10.5 9.5 -5
v 10.5 9.5 -5.1
v 10.5 9.7 -5.3
v 10.5 9.7 -5.4
v 10.5 9.8 -4.9
v 10.5 9.8 -5
v 10.5 9.8 -5.3
v 10.5 9.8 -5.4
v 10.5 9.9 -4.9
v 10.5 9.9 -5
v 10.5 9.9 -5.3
v 10.5 9.9 -5.4
v 10.5 10 -5.3
v 10.5 10 -5.4
v 10.5 10.2 -4.9
v 10.5 10.2 -5
v 10.5 10.3 -4.9
v 10.5 10.3 -5
v 10.5 10.3 -5.3
v 10.5 10.3 -5.4
v 10.5 10.4 -5
v 10.5 10.4 -5.3
v 10.6 12.4 -5.5
v 10.6 12.4 -5.6
v 10.6 12.5 -5.5
v 10.6 12.5 -5.6
v 10.7 12.1 -5.2
v 10.7 12.1 -5.3
v 10.7 12.1 -5.4
v 10.7 12.1 -5.5
v 10.7 12.1 -5.6
v 10.7 12.2 -5.2
v 10.7 12.2 -5.3
v 10.7 12.2 -5.5
v 10.7 12.2 -5.6
v 10.7 12.5 -5.5
v 10.7 12.5 -5.6
v 10.7 12.6 -5.5
v 10.7 12.6 -5.6
v 10.9 12.3 -5.7
v 10.9 12.3 -5.8
v 10.9 12.4 -5.7
v 10.9 12.4 -5.8
v 10.9 12.6 -5.5
v 10.9 12.6 -5.6
v 10.9 12.7 -5.5
v 10.9 12.7 -5.6
v 10.9 12.7 -5.8
v 10.9 12.8 -5.6
v 10.9 12.8 -5.8
v 11 9.1 -5.3
v 11 9.1 -5.4
v 11 9.2 -5.3
v 11 9.2 -5.4
v 11 12.4 -5.5
v 11 12.4 -5.6
v 11 12.5 -5.6
v 11 12.5 -5.8
v 11 12.6 -5.5
v 11 12.6 -5.6
v 11 12.7 -5.6
v 11 12.7 -5.8
v 11.1 11.9 -5.3
v 11.1 11.9 -5.4
v 11.1 12.1 -5.3
v 11.1 12.1 -5.4
v 11.1 12.1 -5.5
v 11.1 12.1 -5.8
v 11.1 12.2 -5.4
v 11.1 12.2 -5.5
v 11.1 12.3 -5.5
v 11.1 12.3 -5.8
v 11.1 12.4 -5.6
v 11.1 12.4 -5.8
v 11.1 12.5 -5.6
v 11.1 12.5 -5.8
v 11.2 13.4 -5.3
v 11.2 13.4 -5.4
v 11.2 13.5 -5.3
v 11.2 13.5 -5.4
v 11.3 8.8 -5.2
v 11.3 8.8 -5.3
v 11.3 8.9 -5.3
v 11.3 9 -5.1
v 11.3 9 -5.2
v 11.3 9 -5.3
v 11.3 9.1 -5.2
v 11.3 9.1 -5.3
v 11.3 9.1 -5.4
v 11.3 9.2 -5.3
v 11.3 9.2 -5.4
v 11.3 9.3 -5.2
v 11.3 9.3 -5.3
v 11.3 9.4 -5.1
v 11.3 9.4 -5.2
v 11.3 9.4 -5.3
v 11.3 9.4 -5.4
v 11.3 9.5 -5.2
v 11.3 9.5 -5.4
v 11.4 8.8 -5.4
v 11.4 8.8 -5.5
v 11.4 8.9 -5.4
v 11.4 8.9 -5.5
v 11.6 10.8 -4.5
v 11.6 10.8 -4.6
v 11.6 10.8 -5.4
v 11.6 10.9 -4.5
v 11.6 10.9 -4.6
v 11.6 10.9 -4.7
v 11.6 11 -4.6
v 11.6 11 -4.7
v 11.6 11 -4.8
v 11.6 11.1 -4.7
v 11.6 11.1 -4.8
v 11.6 11.1 -4.9
v 11.6 11.2 -4.8
v 11.6 11.2 -4.9
v 11.6 11.2 -5
v 11.6 11.2 -5.4
v 11.6 11.3 -4.9
v 11.6 11.3 -5
v 11.6 11.3 -5.1
v 11.6 11.4 -5
v 11.6 11.4 -5.1
v 11.6 11.4 -5.2
v 11.6 11.5 -5.1
v 11.6 11.5 -5.2
v 11.6 11.5 -5.3
v 11.6 11.6 -5.2
v 11.6 11.6 -5.3
v 11.6 11.6 -5.4
v 11.6 11.7 -5.3
v 11.6 11.7 -5.4
v 11.6 12 -5.4
v 11.6 12 -5.5
v 11.6 12.8 -5.4
v 11.6 12.8 -5.5
v 11.6 12.9 -5.4
v 11.6 12.9 -5.5
v 11.6 13.4 -5.4
v 11.6 13.4 -5.5
v 11.8 9.3 -4
v 11.8 9.3 -5
v 11.8 9.4 -4.1
v 11.8 9.4 -4.9
v 11.8 9.4 -5
v 11.8 9.8 -5.3
v 11.8 9.8 -5.4
v 11.8 11.4 -5.3
v 11.8 11.4 -5.4
v 11.8 11.6 -4.1
v 11.8 11.6 -4.9
v 11.8 11.6 -5
v 11.8 11.6 -5.3
v 11.8 11.6 -5.4
v 11.8 11.7 -4
v 11.8 11.7 -5
v 11.8 11.7 -5.4
v 11.8 11.8 -5.4
v 11.8 11.9 -5.4
v 11.8 12 -5.3
v 11.8 12 -5.4
v 11.8 12 -5.5
v 11.8 12.1 -5.4
v 11.8 12.1 -5.5
v 11.9 9.4 -4.1
v 11.9 9.4 -4.9
v 11.9 9.5 -4.3
v 11.9 9.5 -4.4
v 11.9 9.5 -4.7
v 11.9 9.5 -4.8
v 11.9 9.6 -4.3
v 11.9 9.6 -4.4
v 11.9 9.6 -4.5
v 11.9 9.6 -4.6
v 11.9 9.6 -4.7
v 11.9 9.6 -4.8
v 11.9 9.6 -5.3
v 11.9 9.6 -5.4
v 11.9 9.7 -4.5
v 11.9 9.7 -4.6
v 11.9 9.7 -4.7
v 11.9 9.7 -5
v 11.9 9.7 -5.3
v 11.9 9.7 -5.4
v 11.9 9.8 -5
v 11.9 9.8 -5.4
v 11.9 9.9 -4.3
v 11.9 9.9 -4.4
v 11.9 9.9 -4.5
v 11.9 10 -4.3
v 11.9 10 -4.4
v 11.9 10 -4.5
v 11.9 10 -4.6
v 11.9 10 -4.7
v 11.9 10.1 -4.6
v 11.9 10.1 -4.7
v 11.9 10.2 -4.2
v 11.9 10.2 -4.8
v 11.9 10.3 -4.2
v 11.9 10.3 -4.8
v 11.9 10.5 -4.3
v 11.9 10.5 -4.7
v 11.9 10.6 -4.3
v 11.9 10.6 -4.7
v 11.9 10.7 -4.4
v 11.9 10.7 -4.5
v 11.9 11 -4.4
v 11.9 11 -4.5
v 11.9 11 -4.6
v 11.9 11.1 -4.7
v 11.9 11.1 -4.8
v 11.9 11.3 -4.5
v 11.9 11.3 -4.6
v 11.9 11.3 -4.7
v 11.9 11.3 -4.8
v 11.9 11.3 -4.9
v 11.9 11.4 -4.2
v 11.9 11.4 -4.8
v 11.9 11.4 -5.3
v 11.9 11.4 -5.4
v 11.9 11.5 -4.2
v 11.9 11.5 -4.9
v 11.9 11.5 -5
v 11.9 11.5 -5.3
v 11.9 11.6 -4.1
v 11.9 11.6 -4.9
v 11.9 11.6 -5
v 11.9 11.6 -5.4
v 12 9.3 -4
v 12 9.3 -5
v 12 9.4 -4.1
v 12 9.4 -4.9
v 12 11.2 -5.3
v 12 11.2 -5.4
v 12 11.3 -5.3
v 12 11.3 -5.4
v 12 11.6 -4.1
v 12 11.6 -4.9
v 12 11.7 -4
v 12 11.7 -5
v 12.1 9.8 -5.3
v 12.1 9.8 -5.4
v 12.1 10.3 -5.3
v 12.1 10.3 -5.4
v 12.1 10.5 -5.3
v 12.1 10.5 -5.4
v 12.1 10.6 -5.3
v 12.1 10.6 -5.4
v 12.1 11.5 -5.3
v 12.1 11.5 -5.4
v 12.1 11.6 -5.3
v 12.1 11.6 -5.4
v 12.2 8.8 -4.7
v 12.2 8.8 -5
v 12.2 8.9 -4.7
v 12.2 8.9 -5
v 12.2 10.6 -5.3
v 12.2 10.6 -5.4
v 12.2 10.7 -5.3
v 12.2 10.7 -5.4
v 12.2 11.2 -5.3
v 12.2 11.2 -5.4
v 12.2 11.4 -5.3
v 12.2 11.4 -5.4
v 12.3 8.9 -5.1
v 12.3 8.9 -5.3
v 12.3 9 -4.7
v 12.3 9 -5
v 12.3 9 -5.1
v 12.3 9 -5.3
v 12.3 9.1 -4.7
v 12.3 9.1 -5
v 12.3 9.7 -5.3
v 12.3 9.7 -5.4
v 12.3 10 -5.3
v 12.3 10 -5.4
v 12.3 10.7 -5.3
v 12.3 10.7 -5.4
v 12.3 10.8 -5.3
v 12.3 10.8 -5.4
v 12.3 10.9 -5.3
v 12.3 10.9 -5.4
v 12.3 11 -5.3
v 12.3 11 -5.4
v 12.3 13.4 -5.3
v 12.3 13.4 -5.4
v 12.3 13.5 -5.3
v 12.3 13.5 -5.4
v 12.4 8.8 -4.6
v 12.4 8.8 -5.1
v 12.4 9 -4.6
v 12.4 9 -5.1
v 12.4 10.2 -5.3
v 12.4 10.2 -5.4
v 12.4 10.3 -5.3
v 12.4 10.3 -5.4
v 12.4 10.6 -5.3
v 12.4 10.6 -5.4
v 12.4 10.7 -5.3
v 12.4 10.7 -5.4
v 12.4 11.2 -5.3
v 12.4 11.2 -5.4
v 12.4 11.4 -5.3
v 12.4 11.4 -5.4
v 12.4 11.5 -5.3
v 12.4 11.5 -5.4
v 12.4 11.6 -5.3
v 12.4 11.6 -5.4
v 12.5 5.1 -5.3
v 12.5 5.1 -5.4
v 12.5 8.9 -5.3
v 12.5 8.9 -5.4
v 12.5 9.1 -5.3
v 12.5 9.1 -5.4
v 12.5 9.2 -5.3
v 12.5 9.2 -5.4
v 12.5 10.1 -5.3
v 12.5 10.1 -5.4
v 12.5 10.2 -5.3
v 12.5 10.2 -5.4
v 12.5 10.8 -5.3
v 12.5 10.8 -5.4
v 12.5 10.9 -5.3
v 12.5 10.9 -5.4
v 12.6 4.8 0.4
v 12.6 4.8 0.1
v 12.6 4.8 -5.4
v 12.6 4.8 -9.6
v 12.6 4.9 -2.9
v 12.6 4.9 -3.2
v 12.6 5 -2.9
v 12.6 5 -3.2
v 12.6 5 -4.3
v 12.6 5 -4.6
v 12.6 5.1 0.1
v 12.6 5.1 -4.3
v 12.6 5.1 -4.6
v 12.6 5.1 -5.4
v 12.6 5.2 0.4
v 12.6 5.2 0.1
v 12.6 8.9 -5.3
v 12.6 8.9 -5.4
v 12.6 9 -5.3
v 12.6 9 -5.4
v 12.6 9.1 -5.2
v 12.6 9.1 -5.3
v 12.6 9.3 -5.2
v 12.6 9.3 -5.3
v 12.6 9.8 -5.3
v 12.6 9.8 -5.4
v 12.6 10.1 -5.3
v 12.6 10.1 -5.4
v 12.6 10.5 -5.3
v 12.6 10.5 -5.4
v 12.6 10.6 -5.3
v 12.6 10.6 -5.4
v 12.6 11 -5.3
v 12.6 11 -5.4
v 12.6 11.1 -5.3
v 12.6 11.1 -5.4
v 12.6 11.3 -5.3
v 12.6 11.3 -5.4
v 12.6 11.5 -5.3
v 12.6 11.5 -5.4
v 12.6 11.8 -5.4
v 12.6 11.8 -5.5
v 12.6 11.9 -5.4
v 12.6 11.9 -5.5
v 12.6 13.8 -5.3
v 12.6 13.8 -5.4
v 12.6 13.8 -5.5
v 12.6 13.9 -5.3
v 12.6 13.9 -5.4
v 12.6 13.9 -5.5
v 12.6 13.9 -5.6
v 12.6 13.9 -9.6
v 12.6 14 -5.4
v 12.6 14 -5.5
v 12.6 14 -5.6
v 12.6 14.1 -5.5
v 12.6 14.1 -5.6
v 0 4.8 0.4
v 0 5.1 0.4
v 0 5.2 0.4
v 0.1 4.8 0.4
v 0.1 5 0.4
v 2.2 5.5 0.4
v 2.2 5.6 0.4
v 2.3 5.5 0.4
v 2.3 5.6 0.4
v 2.5 5 0.4
v 2.5 5.1 0.4
v 2.5 5.2 0.4
v 2.5 5.5 0.4
v 2.6 5 0.4
v 2.6 5.1 0.4
v 2.6 5.5 0.4
v 2.7 5.5 0.4
v 2.7 5.6 0.4
v 2.8 5.5 0.4
v 2.8 5.6 0.4
v 3.1 5.5 0.4
v 3.1 5.6 0.4
v 3.8 5.5 0.4
v 3.8 5.6 0.4
v 4.4 5.5 0.4
v 4.4 5.6 0.4
v 4.5 5.5 0.4
v 4.5 5.6 0.4
v 5.1 5.5 0.4
v 5.1 5.6 0.4
v 5.7 5.5 0.4
v 5.7 5.6 0.4
v 5.9 5.5 0.4
v 5.9 5.6 0.4
v 6 5.5 0.4
v 6 5.6 0.4
v 6.5 5 0.4
v 6.5 5.1 0.4
v 6.5 5.5 0.4
v 6.6 5 0.4
v 6.6 5.1 0.4
v 6.6 5.2 0.4
v 6.6 5.5 0.4
v 6.7 5.5 0.4
v 6.7 5.6 0.4
v 6.8 5.5 0.4
v 6.8 5.6 0.4
v 8.6 5 0.4
v 8.6 5.1 0.4
v 12.5 4.8 0.4
v 12.5 5.2 0.4
v 12.6 4.8 0.4
v 12.6 5.2 0.4
v 6.5 5.3 0.2
v 6.5 5.4 0.2
v 6.6 5.3 0.2
v 6.6 5.4 0.2
v 2.5 5.5 0
v 2.5 5.6 0
v 2.6 5.5 0
v 3.1 5.5 0
v 3.1 5.6 0
v 3.2 5.5 0
v 3.2 5.6 0
v 6.4 5.5 0
v 6.4 5.6 0
v 8.8 5 -2.7
v 8.8 5.1 -2.7
v 8.9 5 -2.7
v 8.9 5.1 -2.7
v 9.3 5 -2.7
v 9.3 5.1 -2.7
v 9.4 5 -2.7
v 9.4 5.1 -2.7
v 5.2 4.8 -3.8
v 5.2 5 -3.8
v 5.2 5.1 -3.8
v 6.2 4.8 -3.8
v 6.2 5 -3.8
v 6.2 5.1 -3.8
v 4.8 9.7 -4
v 4.8 11.5 -4
v 4.9 9.7 -4
v 4.9 11.5 -4
v 11.7 9.3 -4
v 11.7 11.7 -4
v 11.8 9.3 -4
v 11.8 11.7 -4
v 11.9 9.3 -4
v 11.9 11.7 -4
v 12 9.3 -4
v 12 11.7 -4
v 0 7.3 -4.1
v 0 7.4 -4.1
v 0.4 7.3 -4.1
v 0.4 7.4 -4.1
v 0.5 7.3 -4.1
v 0.5 7.4 -4.1
v 6 7.3 -4.1
v 6 7.4 -4.1
v 11.8 9.4 -4.1
v 11.8 11.6 -4.1
v 11.9 9.4 -4.1
v 11.9 11.6 -4.1
v 0 7.4 -4.2
v 0 7.5 -4.2
v 0.4 7.4 -4.2
v 0.4 7.5 -4.2
v 0.5 7.4 -4.2
v 0.5 7.5 -4.2
v 1 7.4 -4.2
v 1 7.5 -4.2
v 1.2 7.4 -4.2
v 1.2 7.5 -4.2
v 1.6 7.4 -4.2
v 1.6 7.5 -4.2
v 1.7 7.4 -4.2
v 1.7 7.5 -4.2
v 2 7.4 -4.2
v 2 7.5 -4.2
v 2.1 7.4 -4.2
v 2.1 7.5 -4.2
v 2.5 7.4 -4.2
v 2.5 7.5 -4.2
v 2.6 7.4 -4.2
v 2.6 7.5 -4.2
v 3.1 7.4 -4.2
v 3.1 7.5 -4.2
v 3.6 7.4 -4.2
v 3.6 7.5 -4.2
v 4.3 7.4 -4.2
v 4.3 7.5 -4.2
v 4.6 7.4 -4.2
v 4.6 7.5 -4.2
v 4.8 9.9 -4.2
v 4.8 10.1 -4.2
v 4.8 10.8 -4.2
v 4.8 11 -4.2
v 4.8 11.1 -4.2
v 4.8 11.3 -4.2
v 4.9 11 -4.2
v 4.9 11.1 -4.2
v 5 9.9 -4.2
v 5 10.1 -4.2
v 5 10.8 -4.2
v 5 11.3 -4.2
v 6 7.3 -4.2
v 6 7.4 -4.2
v 6 7.5 -4.2
v 6.1 7.3 -4.2
v 6.1 7.4 -4.2
v 0 7.5 -4.4
v 0 7.6 -4.4
v 0.5 7.5 -4.4
v 0.5 7.6 -4.4
v 0.6 7.5 -4.4
v 0.7 7.5 -4.4
v 0.7 7.6 -4.4
v 0.8 7.5 -4.4
v 0.8 7.6 -4.4
v 0.9 7.5 -4.4
v 1 7.5 -4.4
v 1 7.6 -4.4
v 1.7 7.5 -4.4
v 1.8 7.5 -4.4
v 1.8 7.6 -4.4
v 1.8 7.7 -4.4
v 1.8 7.8 -4.4
v 1.9 7.5 -4.4
v 1.9 7.6 -4.4
v 1.9 7.8 -4.4
v 1.9 7.9 -4.4
v 2 7.5 -4.4
v 2 7.6 -4.4
v 2 7.7 -4.4
v 2 7.9 -4.4
v 2 8.1 -4.4
v 2.1 7.5 -4.4
v 2.1 7.6 -4.4
v 2.1 7.9 -4.4
v 2.1 8 -4.4
v 2.2 7.5 -4.4
v 2.2 7.6 -4.4
v 2.2 8 -4.4
v 2.2 8.1 -4.4
v 2.4 7.5 -4.4
v 2.4 7.7 -4.4
v 2.4 7.8 -4.4
v 2.5 7.5 -4.4
v 2.5 7.6 -4.4
v 2.5 7.8 -4.4
v 2.5 7.9 -4.4
v 2.5 8 -4.4
v 2.5 8.1 -4.4
v 2.6 7.7 -4.4
v 2.6 7.9 -4.4
v 2.6 8 -4.4
v 2.7 7.9 -4.4
v 2.7 8.1 -4.4
v 2.7 8.2 -4.4
v 2.7 8.3 -4.4
v 2.7 8.4 -4.4
v 2.7 8.5 -4.4
v 2.8 8.2 -4.4
v 2.8 8.3 -4.4
v 2.8 8.4 -4.4
v 2.8 8.5 -4.4
v 3.1 7.5 -4.4
v 3.1 7.6 -4.4
v 3.2 7.5 -4.4
v 3.2 7.6 -4.4
v 3.6 7.5 -4.4
v 3.6 7.6 -4.4
v 3.7 7.5 -4.4
v 3.7 7.6 -4.4
v 4.3 7.5 -4.4
v 4.3 7.6 -4.4
v 4.4 7.5 -4.4
v 4.4 7.6 -4.4
v 4.6 7.5 -4.4
v 4.7 7.5 -4.4
v 4.7 7.6 -4.4
v 4.8 7.5 -4.4
v 4.9 7.5 -4.4
v 4.9 7.6 -4.4
v 5.3 7.5 -4.4
v 5.3 7.6 -4.4
v 5.4 7.5 -4.4
v 5.4 7.6 -4.4
v 6 7.4 -4.4
v 6 7.5 -4.4
v 6 7.6 -4.4
v 6.1 7.4 -4.4
v 6.1 7.5 -4.4
v 0 7.6 -4.5
v 0 7.7 -4.5
v 0.5 7.6 -4.5
v 0.7 7.6 -4.5
v 0.7 7.7 -4.5
v 0.8 7.6 -4.5
v 0.9 7.6 -4.5
v 0.9 7.7 -4.5
v 1 7.6 -4.5
v 1.8 7.6 -4.5
v 1.8 7.7 -4.5
v 1.9 7.6 -4.5
v 1.9 7.7 -4.5
v 1.9 8.1 -4.5
v 1.9 8.2 -4.5
v 2 7.6 -4.5
v 2 7.7 -4.5
v 2 8.1 -4.5
v 2.1 7.6 -4.5
v 2.2 7.6 -4.5
v 2.2 8 -4.5
v 2.2 8.1 -4.5
v 2.3 7.6 -4.5
v 2.3 7.7 -4.5
v 2.4 7.7 -4.5
v 2.5 7.6 -4.5
v 2.5 8 -4.5
v 2.5 8.1 -4.5
v 2.6 7.7 -4.5
v 2.6 8.2 -4.5
v 2.6 8.4 -4.5
v 2.7 8.1 -4.5
v 2.7 8.2 -4.5
v 2.7 8.3 -4.5
v 2.7 8.4 -4.5
v 2.8 8.1 -4.5
v 2.8 8.2 -4.5
v 2.8 8.3 -4.5
v 2.8 8.4 -4.5
v 2.9 8.2 -4.5
v 2.9 8.3 -4.5
v 3.1 7.6 -4.5
v 3.1 7.7 -4.5
v 3.2 7.6 -4.5
v 3.2 7.7 -4.5
v 3.6 7.6 -4.5
v 3.6 7.7 -4.5
v 3.7 7.6 -4.5
v 3.7 7.7 -4.5
v 4.3 7.6 -4.5
v 4.3 7.7 -4.5
v 4.4 7.6 -4.5
v 4.4 7.7 -4.5
v 4.7 7.6 -4.5
v 4.8 7.6 -4.5
v 4.8 7.7 -4.5
v 4.8 10.1 -4.5
v 4.8 10.3 -4.5
v 4.8 10.4 -4.5
v 4.8 10.5 -4.5
v 4.8 11.1 -4.5
v 4.8 11.3 -4.5
v 4.8 11.4 -4.5
v 4.9 7.6 -4.5
v 4.9 7.7 -4.5
v 4.9 11.3 -4.5
v 4.9 11.4 -4.5
v 5 10.1 -4.5
v 5 10.3 -4.5
v 5 10.4 -4.5
v 5 10.5 -4.5
v 5 11.1 -4.5
v 5 11.3 -4.5
v 5.3 7.6 -4.5
v 5.3 7.7 -4.5
v 5.4 7.6 -4.5
v 5.5 7.6 -4.5
v 5.5 7.7 -4.5
v 6 7.5 -4.5
v 6 7.6 -4.5
v 6 7.7 -4.5
v 6.1 7.5 -4.5
v 6.1 7.6 -4.5
v 9.3 10.8 -4.5
v 9.3 10.9 -4.5
v 11.6 10.8 -4.5
v 11.6 10.9 -4.5
v 0 7.7 -4.6
v 0 7.8 -4.6
v 0.2 7.7 -4.6
v 0.2 7.8 -4.6
v 0.7 7.7 -4.6
v 0.9 7.7 -4.6
v 1.3 7.7 -4.6
v 1.3 7.8 -4.6
v 1.4 7.7 -4.6
v 1.4 7.8 -4.6
v 1.5 7.9 -4.6
v 1.5 8 -4.6
v 1.6 7.7 -4.6
v 1.6 7.8 -4.6
v 1.6 7.9 -4.6
v 1.6 8 -4.6
v 1.6 8.1 -4.6
v 1.7 8 -4.6
v 1.7 8.1 -4.6
v 1.7 8.2 -4.6
v 1.9 7.7 -4.6
v 1.9 8.1 -4.6
v 1.9 8.2 -4.6
v 2 7.7 -4.6
v 2 7.8 -4.6
v 2.1 7.7 -4.6
v 2.1 7.8 -4.6
v 2.2 7.9 -4.6
v 2.2 8 -4.6
v 2.3 7.7 -4.6
v 2.3 7.9 -4.6
v 2.3 8 -4.6
v 2.7 7.9 -4.6
v 2.7 8 -4.6
v 2.7 8.1 -4.6
v 2.8 7.8 -4.6
v 2.8 7.9 -4.6
v 2.8 8 -4.6
v 2.8 8.1 -4.6
v 2.9 7.8 -4.6
v 2.9 8 -4.6
v 3.1 7.7 -4.6
v 3.1 7.8 -4.6
v 3.2 7.7 -4.6
v 3.2 7.8 -4.6
v 3.6 7.7 -4.6
v 3.6 7.8 -4.6
v 3.7 7.7 -4.6
v 3.7 7.8 -4.6
v 4.3 7.7 -4.6
v 4.3 7.8 -4.6
v 4.4 7.7 -4.6
v 4.5 7.7 -4.6
v 4.5 7.8 -4.6
v 4.8 7.7 -4.6
v 4.8 7.8 -4.6
v 4.8 9.8 -4.6
v 4.8 10 -4.6
v 4.8 10.5 -4.6
v 4.8 10.6 -4.6
v 4.9 7.7 -4.6
v 4.9 7.8 -4.6
v 4.9 9.8 -4.6
v 4.9 10 -4.6
v 5 10.5 -4.6
v 5 10.6 -4.6
v 5.3 7.7 -4.6
v 5.4 7.7 -4.6
v 5.4 7.8 -4.6
v 5.5 7.7 -4.6
v 5.6 7.7 -4.6
v 5.6 7.8 -4.6
v 6 7.6 -4.6
v 6 7.7 -4.6
v 6 7.8 -4.6
v 6.1 7.6 -4.6
v 6.1 7.7 -4.6
v 6.4 5.2 -4.6
v 6.4 5.8 -4.6
v 6.4 5.9 -4.6
v 6.4 6.2 -4.6
v 6.4 6.3 -4.6
v 6.5 5.4 -4.6
v 6.5 5.5 -4.6
v 6.5 5.8 -4.6
v 6.5 5.9 -4.6
v 6.5 6 -4.6
v 6.6 5.4 -4.6
v 6.6 5.5 -4.6
v 6.6 5.8 -4.6
v 6.6 5.9 -4.6
v 6.6 6 -4.6
v 6.7 5.2 -4.6
v 6.7 5.8 -4.6
v 6.7 5.9 -4.6
v 6.7 6.2 -4.6
v 6.7 6.3 -4.6
v 9.2 8.8 -4.6
v 9.2 9 -4.6
v 9.3 10.9 -4.6
v 9.3 11 -4.6
v 9.5 8.8 -4.6
v 9.5 9 -4.6
v 9.9 10.9 -4.6
v 9.9 11 -4.6
v 10 10.9 -4.6
v 10 11 -4.6
v 10.1 10.9 -4.6
v 10.1 11 -4.6
v 10.2 10.9 -4.6
v 10.2 11 -4.6
v 10.6 10.9 -4.6
v 10.6 11 -4.6
v 10.7 10.9 -4.6
v 10.7 11 -4.6
v 11.1 10.9 -4.6
v 11.1 11 -4.6
v 11.2 10.9 -4.6
v 11.2 11 -4.6
v 11.6 10.9 -4.6
v 11.6 11 -4.6
v 12.1 8.8 -4.6
v 12.1 9 -4.6
v 12.4 8.8 -4.6
v 12.4 9 -4.6
v 2.7 8.4 -4.7
v 2.7 8.5 -4.7
v 2.8 8.4 -4.7
v 2.8 8.5 -4.7
v 4.8 10.6 -4.7
v 4.8 10.8 -4.7
v 5 10.6 -4.7
v 5 10.8 -4.7
v 6.3 5.2 -4.7
v 6.3 5.3 -4.7
v 6.3 5.4 -4.7
v 6.3 5.5 -4.7
v 6.3 5.6 -4.7
v 6.3 6.2 -4.7
v 6.3 6.3 -4.7
v 6.4 5.1 -4.7
v 6.4 5.2 -4.7
v 6.4 5.3 -4.7
v 6.4 5.4 -4.7
v 6.4 5.5 -4.7
v 6.4 5.6 -4.7
v 6.4 5.8 -4.7
v 6.4 5.9 -4.7
v 6.4 6.2 -4.7
v 6.4 6.3 -4.7
v 6.7 5.1 -4.7
v 6.7 5.2 -4.7
v 6.7 5.4 -4.7
v 6.7 5.5 -4.7
v 6.7 5.6 -4.7
v 6.7 5.7 -4.7
v 6.7 5.8 -4.7
v 6.7 5.9 -4.7
v 6.7 6.2 -4.7
v 6.7 6.3 -4.7
v 6.8 5.2 -4.7
v 6.8 5.4 -4.7
v 6.8 5.5 -4.7
v 6.8 5.6 -4.7
v 6.8 5.7 -4.7
v 6.8 6.2 -4.7
v 6.8 6.3 -4.7
v 6.9 5.1 -4.7
v 6.9 5.2 -4.7
v 8.7 5.1 -4.7
v 8.7 5.2 -4.7
v 9.3 9 -4.7
v 9.3 9.1 -4.7
v 9.3 11 -4.7
v 9.3 11.1 -4.7
v 9.4 9 -4.7
v 9.4 9.1 -4.7
v 9.4 11 -4.7
v 9.4 11.1 -4.7
v 9.5 11 -4.7
v 9.5 11.1 -4.7
v 9.8 11 -4.7
v 9.8 11.1 -4.7
v 9.9 11 -4.7
v 9.9 11.1 -4.7
v 10 11 -4.7
v 10.1 11 -4.7
v 10.1 11.1 -4.7
v 10.2 11 -4.7
v 10.2 11.1 -4.7
v 10.6 11 -4.7
v 10.6 11.1 -4.7
v 10.7 11 -4.7
v 10.7 11.1 -4.7
v 11.1 11 -4.7
v 11.1 11.1 -4.7
v 11.2 11 -4.7
v 11.3 11 -4.7
v 11.3 11.1 -4.7
v 11.6 11 -4.7
v 11.6 11.1 -4.7
v 12.2 9 -4.7
v 12.2 9.1 -4.7
v 12.3 9 -4.7
v 12.3 9.1 -4.7
v 0 7.8 -4.8
v 0 7.9 -4.8
v 0.3 7.8 -4.8
v 0.3 7.9 -4.8
v 0.7 7.8 -4.8
v 0.8 7.8 -4.8
v 1.2 7.8 -4.8
v 1.2 7.9 -4.8
v 1.3 7.8 -4.8
v 1.3 7.9 -4.8
v 1.4 7.8 -4.8
v 1.4 7.9 -4.8
v 1.5 7.8 -4.8
v 1.5 7.9 -4.8
v 1.6 7.8 -4.8
v 1.6 7.9 -4.8
v 1.7 7.8 -4.8
v 1.7 7.9 -4.8
v 2 7.8 -4.8
v 2.1 7.8 -4.8
v 2.4 7.8 -4.8
v 2.4 7.9 -4.8
v 3.1 7.8 -4.8
v 3.1 7.9 -4.8
v 3.2 7.8 -4.8
v 3.3 7.8 -4.8
v 3.3 7.9 -4.8
v 4.4 7.8 -4.8
v 4.4 7.9 -4.8
v 4.5 7.8 -4.8
v 4.5 7.9 -4.8
v 4.8 7.8 -4.8
v 4.8 10.8 -4.8
v 4.8 11 -4.8
v 4.9 7.8 -4.8
v 5 10.8 -4.8
v 5 11 -4.8
v 5.3 7.8 -4.8
v 5.3 7.9 -4.8
v 5.4 7.8 -4.8
v 5.5 7.8 -4.8
v 5.5 7.9 -4.8
v 6 7.7 -4.8
v 6 7.8 -4.8
v 6 7.9 -4.8
v 6.1 7.7 -4.8
v 6.1 7.8 -4.8
v 6.2 5.2 -4.8
v 6.2 5.3 -4.8
v 6.2 5.4 -4.8
v 6.2 6.2 -4.8
v 6.2 6.3 -4.8
v 6.3 5.1 -4.8
v 6.3 5.2 -4.8
v 6.3 5.3 -4.8
v 6.3 5.4 -4.8
v 6.3 5.5 -4.8
v 6.3 5.6 -4.8
v 6.3 6.2 -4.8
v 6.3 6.3 -4.8
v 6.4 5.1 -4.8
v 6.4 5.2 -4.8
v 6.5 11.2 -4.8
v 6.5 11.3 -4.8
v 6.6 11.3 -4.8
v 6.6 11.4 -4.8
v 6.7 5.1 -4.8
v 6.7 5.2 -4.8
v 6.8 5.1 -4.8
v 6.8 5.2 -4.8
v 6.8 5.4 -4.8
v 6.8 5.5 -4.8
v 6.8 5.6 -4.8
v 6.8 5.7 -4.8
v 6.8 6.2 -4.8
v 6.8 6.3 -4.8
v 6.9 5.2 -4.8
v 6.9 5.4 -4.8
v 6.9 5.5 -4.8
v 6.9 6.2 -4.8
v 6.9 6.3 -4.8
v 8.6 11.3 -4.8
v 8.6 11.4 -4.8
v 8.7 11.2 -4.8
v 8.7 11.3 -4.8
v 9.3 11.1 -4.8
v 9.3 11.2 -4.8
v 9.4 11.1 -4.8
v 9.4 11.2 -4.8
v 9.5 11.1 -4.8
v 9.6 11.1 -4.8
v 9.6 11.2 -4.8
v 9.7 11.1 -4.8
v 9.7 11.2 -4.8
v 9.8 11.1 -4.8
v 9.8 11.2 -4.8
v 9.9 11.1 -4.8
v 10.1 11.1 -4.8
v 10.1 11.2 -4.8
v 10.2 11.1 -4.8
v 10.2 11.2 -4.8
v 10.4 11.1 -4.8
v 10.4 11.2 -4.8
v 10.5 11.1 -4.8
v 10.5 11.2 -4.8
v 10.6 11.1 -4.8
v 10.6 11.2 -4.8
v 10.7 11.1 -4.8
v 10.8 11.1 -4.8
v 10.8 11.2 -4.8
v 11.1 11.1 -4.8
v 11.2 11.1 -4.8
v 11.2 11.2 -4.8
v 11.3 11.1 -4.8
v 11.3 11.2 -4.8
v 11.6 11.1 -4.8
v 11.6 11.2 -4.8
v 0 7.9 -4.9
v 0 8 -4.9
v 0 13.4 -4.9
v 0 13.5 -4.9
v 0.1 13.4 -4.9
v 0.1 13.5 -4.9
v 0.3 7.9 -4.9
v 0.7 7.9 -4.9
v 0.7 8 -4.9
v 0.8 7.9 -4.9
v 0.8 8 -4.9
v 1.2 7.9 -4.9
v 1.3 7.9 -4.9
v 1.3 8 -4.9
v 1.4 7.9 -4.9
v 1.4 8 -4.9
v 1.5 7.9 -4.9
v 1.5 8 -4.9
v 1.6 7.9 -4.9
v 1.6 8 -4.9
v 1.7 7.9 -4.9
v 2 7.9 -4.9
v 2 8 -4.9
v 2.1 7.9 -4.9
v 2.1 8 -4.9
v 2.4 7.9 -4.9
v 3.1 7.9 -4.9
v 3.2 7.9 -4.9
v 3.2 8 -4.9
v 3.3 7.9 -4.9
v 3.3 8 -4.9
v 4.4 7.9 -4.9
v 4.4 8 -4.9
v 4.5 7.9 -4.9
v 4.5 8 -4.9
v 4.8 9.9 -4.9
v 4.8 10 -4.9
v 4.8 10.1 -4.9
v 4.8 10.2 -4.9
v 5 9.9 -4.9
v 5 10 -4.9
v 5 10.1 -4.9
v 5 10.2 -4.9
v 5.2 7.9 -4.9
v 5.2 8 -4.9
v 5.3 7.9 -4.9
v 5.4 7.9 -4.9
v 5.4 8 -4.9
v 5.5 7.9 -4.9
v 6 7.8 -4.9
v 6 7.9 -4.9
v 6 8 -4.9
v 6.1 7.8 -4.9
v 6.1 7.9 -4.9
v 6.5 11.3 -4.9
v 6.5 11.4 -4.9
v 6.6 11.3 -4.9
v 6.6 11.4 -4.9
v 6.6 11.5 -4.9
v 8.6 11.3 -4.9
v 8.6 11.4 -4.9
v 8.6 11.5 -4.9
v 8.7 11.3 -4.9
v 8.7 11.4 -4.9
v 9.3 11.2 -4.9
v 9.3 11.3 -4.9
v 9.4 11.2 -4.9
v 9.5 9.5 -4.9
v 9.5 9.6 -4.9
v 9.5 9.7 -4.9
v 9.5 9.8 -4.9
v 9.5 9.9 -4.9
v 9.5 10 -4.9
v 9.5 10.1 -4.9
v 9.5 10.2 -4.9
v 9.6 11.2 -4.9
v 9.6 11.3 -4.9
v 9.7 11.2 -4.9
v 9.8 11.2 -4.9
v 9.8 11.3 -4.9
v 10.1 9.5 -4.9
v 10.1 9.6 -4.9
v 10.1 9.7 -4.9
v 10.1 9.8 -4.9
v 10.1 9.9 -4.9
v 10.1 10 -4.9
v 10.1 10.1 -4.9
v 10.1 10.2 -4.9
v 10.1 11.2 -4.9
v 10.1 11.3 -4.9
v 10.2 11.2 -4.9
v 10.3 9.9 -4.9
v 10.3 10.2 -4.9
v 10.4 9.8 -4.9
v 10.4 9.9 -4.9
v 10.4 10.2 -4.9
v 10.4 10.3 -4.9
v 10.4 11.2 -4.9
v 10.4 11.3 -4.9
v 10.5 9.8 -4.9
v 10.5 9.9 -4.9
v 10.5 10.2 -4.9
v 10.5 10.3 -4.9
v 10.5 11.2 -4.9
v 10.6 11.2 -4.9
v 10.7 11.2 -4.9
v 10.7 11.3 -4.9
v 10.8 11.2 -4.9
v 10.9 11.2 -4.9
v 10.9 11.3 -4.9
v 11.2 11.2 -4.9
v 11.2 11.3 -4.9
v 11.3 11.2 -4.9
v 11.4 11.2 -4.9
v 11.4 11.3 -4.9
v 11.6 11.2 -4.9
v 11.6 11.3 -4.9
v 11.7 9.4 -4.9
v 11.7 11.6 -4.9
v 11.8 9.4 -4.9
v 11.8 11.3 -4.9
v 11.8 11.5 -4.9
v 11.8 11.6 -4.9
v 11.9 9.4 -4.9
v 11.9 11.3 -4.9
v 11.9 11.5 -4.9
v 11.9 11.6 -4.9
v 12 9.4 -4.9
v 12 11.6 -4.9
v 0 8 -5
v 0 8.1 -5
v 0.3 8 -5
v 0.3 8.1 -5
v 0.7 8 -5
v 0.8 8 -5
v 1.1 8 -5
v 1.1 8.1 -5
v 1.3 8 -5
v 1.3 8.1 -5
v 1.4 8 -5
v 1.5 8 -5
v 1.6 8 -5
v 1.6 8.1 -5
v 1.8 8 -5
v 1.8 8.1 -5
v 2 8 -5
v 2.1 8 -5
v 2.3 8 -5
v 2.3 8.1 -5
v 3.2 8 -5
v 3.2 8.1 -5
v 3.3 8 -5
v 3.3 8.1 -5
v 4.4 8 -5
v 4.4 8.1 -5
v 4.5 8 -5
v 4.5 8.1 -5
v 5.1 8 -5
v 5.1 8.1 -5
v 5.2 8 -5
v 5.3 8 -5
v 5.3 8.1 -5
v 5.4 8 -5
v 6 7.9 -5
v 6 8 -5
v 6 8.1 -5
v 6.1 7.9 -5
v 6.1 8 -5
v 6.4 9.8 -5
v 6.4 10.4 -5
v 6.5 10.1 -5
v 6.5 10.2 -5
v 6.6 9.8 -5
v 6.6 10.1 -5
v 6.6 10.2 -5
v 6.6 10.4 -5
v 6.6 11.2 -5
v 6.6 11.3 -5
v 6.7 9.9 -5
v 6.7 10.1 -5
v 6.7 10.2 -5
v 6.7 10.4 -5
v 6.8 10 -5
v 6.8 10.1 -5
v 6.9 10 -5
v 6.9 10.1 -5
v 7 9.8 -5
v 7 9.9 -5
v 7 10.1 -5
v 7 10.2 -5
v 7 10.3 -5
v 7 10.4 -5
v 7.1 10.2 -5
v 7.1 10.3 -5
v 7.1 10.4 -5
v 7.2 10.2 -5
v 7.2 10.3 -5
v 7.2 10.4 -5
v 7.3 9.8 -5
v 7.3 10 -5
v 7.3 10.2 -5
v 7.3 10.3 -5
v 7.3 10.4 -5
v 7.4 9.8 -5
v 7.4 10 -5
v 7.4 10.2 -5
v 7.4 10.3 -5
v 7.5 10 -5
v 7.5 10.2 -5
v 7.5 10.4 -5
v 7.6 10.2 -5
v 7.6 10.4 -5
v 7.7 9.8 -5
v 7.7 9.9 -5
v 7.7 10.1 -5
v 7.7 10.2 -5
v 7.8 10.1 -5
v 7.8 10.2 -5
v 7.8 10.4 -5
v 7.9 9.8 -5
v 7.9 9.9 -5
v 7.9 10.1 -5
v 7.9 10.3 -5
v 7.9 10.4 -5
v 8 9.9 -5
v 8 10.1 -5
v 8 10.2 -5
v 8.1 10.1 -5
v 8.1 10.3 -5
v 8.3 9.8 -5
v 8.3 9.9 -5
v 8.3 10.3 -5
v 8.3 10.4 -5
v 8.4 9.8 -5
v 8.4 9.9 -5
v 8.4 10 -5
v 8.5 9.9 -5
v 8.5 10 -5
v 8.5 10.2 -5
v 8.6 9.9 -5
v 8.6 10 -5
v 8.6 10.2 -5
v 8.6 10.3 -5
v 8.6 11.2 -5
v 8.6 11.3 -5
v 8.7 9.8 -5
v 8.7 9.9 -5
v 8.7 10 -5
v 8.7 10.2 -5
v 8.7 10.4 -5
v 8.8 9.8 -5
v 8.8 9.9 -5
v 8.8 10.4 -5
v 9.3 8.8 -5
v 9.3 8.9 -5
v 9.3 11.3 -5
v 9.3 11.4 -5
v 9.4 8.8 -5
v 9.4 8.9 -5
v 9.4 9.4 -5
v 9.4 9.6 -5
v 9.4 10.3 -5
v 9.5 9.5 -5
v 9.5 9.6 -5
v 9.5 9.7 -5
v 9.5 9.8 -5
v 9.5 9.9 -5
v 9.5 10 -5
v 9.5 10.1 -5
v 9.5 10.2 -5
v 9.6 9.4 -5
v 9.6 9.5 -5
v 9.6 10.3 -5
v 9.6 10.4 -5
v 9.6 11.3 -5
v 9.7 10.5 -5
v 9.7 10.6 -5
v 9.7 11.3 -5
v 9.7 11.4 -5
v 9.8 9.4 -5
v 9.8 9.5 -5
v 9.8 10.5 -5
v 9.8 10.6 -5
v 9.8 11.3 -5
v 9.9 10.3 -5
v 9.9 10.4 -5
v 9.9 11.3 -5
v 9.9 11.4 -5
v 10.1 9.4 -5
v 10.1 9.5 -5
v 10.1 9.6 -5
v 10.1 9.7 -5
v 10.1 9.8 -5
v 10.1 9.9 -5
v 10.1 10 -5
v 10.1 10.1 -5
v 10.1 10.2 -5
v 10.1 10.3 -5
v 10.1 10.4 -5
v 10.1 11.3 -5
v 10.1 11.4 -5
v 10.2 9.4 -5
v 10.2 9.5 -5
v 10.2 9.6 -5
v 10.2 9.8 -5
v 10.2 11.3 -5
v 10.2 11.4 -5
v 10.3 9.5 -5
v 10.3 9.6 -5
v 10.3 9.8 -5
v 10.3 9.9 -5
v 10.3 10.2 -5
v 10.3 10.3 -5
v 10.3 10.4 -5
v 10.4 9.5 -5
v 10.4 9.6 -5
v 10.4 9.8 -5
v 10.4 9.9 -5
v 10.4 10.2 -5
v 10.4 10.3 -5
v 10.4 10.4 -5
v 10.4 11.3 -5
v 10.5 9.4 -5
v 10.5 9.5 -5
v 10.5 9.8 -5
v 10.5 9.9 -5
v 10.5 10.2 -5
v 10.5 10.3 -5
v 10.5 10.4 -5
v 10.7 11.3 -5
v 10.8 11.3 -5
v 10.8 11.4 -5
v 10.9 11.3 -5
v 10.9 11.4 -5
v 11.2 11.3 -5
v 11.3 11.3 -5
v 11.3 11.4 -5
v 11.4 11.3 -5
v 11.4 11.4 -5
v 11.6 11.3 -5
v 11.6 11.4 -5
v 12.2 8.8 -5
v 12.2 8.9 -5
v 12.3 8.8 -5
v 12.3 8.9 -5
v 0.8 8.3 -5.1
v 0.8 8.7 -5.1
v 0.9 8.3 -5.1
v 0.9 8.7 -5.1
v 3.7 8.3 -5.1
v 3.7 8.7 -5.1
v 3.8 8.3 -5.1
v 3.8 8.7 -5.1
v 4.8 9.8 -5.1
v 4.8 11 -5.1
v 4.8 11.1 -5.1
v 4.8 11.4 -5.1
v 4.9 9.8 -5.1
v 4.9 11 -5.1
v 4.9 11.1 -5.1
v 4.9 11.4 -5.1
v 5.2 8.9 -5.1
v 5.2 9 -5.1
v 5.2 10.4 -5.1
v 5.2 10.5 -5.1
v 6 8.9 -5.1
v 6 9 -5.1
v 6 10.4 -5.1
v 6 10.5 -5.1
v 6.3 5.4 -5.1
v 6.3 6.2 -5.1
v 6.3 6.3 -5.1
v 6.4 5.4 -5.1
v 6.4 6.2 -5.1
v 6.4 6.3 -5.1
v 6.5 5.1 -5.1
v 6.5 5.4 -5.1
v 6.6 5.1 -5.1
v 6.6 5.4 -5.1
v 6.7 5.4 -5.1
v 6.7 6.2 -5.1
v 6.7 6.3 -5.1
v 6.8 5.4 -5.1
v 6.8 6.2 -5.1
v 6.8 6.3 -5.1
v 7.3 8.3 -5.1
v 7.3 8.7 -5.1
v 7.4 8.3 -5.1
v 7.4 8.7 -5.1
v 9.3 11.4 -5.1
v 9.3 11.5 -5.1
v 9.4 12.3 -5.1
v 9.4 12.4 -5.1
v 9.4 12.5 -5.1
v 9.4 12.6 -5.1
v 9.5 9.5 -5.1
v 9.5 9.6 -5.1
v 9.5 10.2 -5.1
v 9.6 9.5 -5.1
v 9.6 10.5 -5.1
v 9.6 10.6 -5.1
v 9.7 10.4 -5.1
v 9.7 10.5 -5.1
v 9.7 10.6 -5.1
v 9.7 11.4 -5.1
v 9.8 9.5 -5.1
v 9.8 10.4 -5.1
v 9.8 10.5 -5.1
v 9.8 10.6 -5.1
v 9.8 11.4 -5.1
v 9.8 11.5 -5.1
v 9.9 10.3 -5.1
v 9.9 10.4 -5.1
v 9.9 10.5 -5.1
v 9.9 10.6 -5.1
v 9.9 11.4 -5.1
v 9.9 12.3 -5.1
v 9.9 12.4 -5.1
v 9.9 12.5 -5.1
v 9.9 12.6 -5.1
v 10 11.4 -5.1
v 10 11.5 -5.1
v 10.1 9.5 -5.1
v 10.1 10.2 -5.1
v 10.1 10.3 -5.1
v 10.1 10.4 -5.1
v 10.1 11.4 -5.1
v 10.1 11.5 -5.1
v 10.2 11.4 -5.1
v 10.2 11.5 -5.1
v 10.3 11.4 -5.1
v 10.3 11.5 -5.1
v 10.5 11.4 -5.1
v 10.5 11.5 -5.1
v 10.6 11.4 -5.1
v 10.6 11.5 -5.1
v 10.7 11.4 -5.1
v 10.7 11.5 -5.1
v 10.8 11.4 -5.1
v 10.8 11.5 -5.1
v 10.9 11.4 -5.1
v 11 11.4 -5.1
v 11 11.5 -5.1
v 11.2 9 -5.1
v 11.2 9.4 -5.1
v 11.3 9 -5.1
v 11.3 9.4 -5.1
v 11.3 11.4 -5.1
v 11.3 11.5 -5.1
v 11.4 11.4 -5.1
v 11.5 11.4 -5.1
v 11.5 11.5 -5.1
v 11.6 11.4 -5.1
v 11.6 11.5 -5.1
v 0 8.1 -5.2
v 0 8.2 -5.2
v 0 8.4 -5.2
v 0 8.5 -5.2
v 0 8.6 -5.2
v 0 8.7 -5.2
v 0.1 8.6 -5.2
v 0.1 8.7 -5.2
v 0.4 8.4 -5.2
v 0.4 8.5 -5.2
v 0.5 8.4 -5.2
v 0.5 8.5 -5.2
v 0.7 8.1 -5.2
v 0.8 8.1 -5.2
v 0.8 8.2 -5.2
v 0.8 8.3 -5.2
v 0.8 8.4 -5.2
v 0.8 8.5 -5.2
v 0.8 8.6 -5.2
v 0.8 8.7 -5.2
v 0.8 8.8 -5.2
v 0.9 8.2 -5.2
v 0.9 8.3 -5.2
v 0.9 8.4 -5.2
v 0.9 8.5 -5.2
v 0.9 8.6 -5.2
v 0.9 8.7 -5.2
v 0.9 8.8 -5.2
v 1.1 8.6 -5.2
v 1.1 8.7 -5.2
v 1.2 8.6 -5.2
v 1.2 8.7 -5.2
v 1.6 8.4 -5.2
v 1.6 8.5 -5.2
v 1.7 8.4 -5.2
v 1.7 8.5 -5.2
v 1.9 8.6 -5.2
v 1.9 8.7 -5.2
v 2 8.1 -5.2
v 2 8.6 -5.2
v 2 8.7 -5.2
v 2.1 8.1 -5.2
v 2.1 8.4 -5.2
v 2.1 8.5 -5.2
v 2.2 8.6 -5.2
v 2.2 8.7 -5.2
v 2.4 8.6 -5.2
v 2.4 8.7 -5.2
v 2.5 8.4 -5.2
v 2.5 8.5 -5.2
v 2.8 9 -5.2
v 2.8 9.1 -5.2
v 2.8 9.2 -5.2
v 2.8 9.3 -5.2
v 3 8.6 -5.2
v 3 8.7 -5.2
v 3.1 8.4 -5.2
v 3.1 8.5 -5.2
v 3.2 8.4 -5.2
v 3.2 8.5 -5.2
v 3.2 8.6 -5.2
v 3.2 8.7 -5.2
v 3.4 8.6 -5.2
v 3.4 8.7 -5.2
v 3.5 8.6 -5.2
v 3.5 8.7 -5.2
v 3.7 8.2 -5.2
v 3.7 8.3 -5.2
v 3.7 8.4 -5.2
v 3.7 8.5 -5.2
v 3.7 8.6 -5.2
v 3.7 8.7 -5.2
v 3.7 8.8 -5.2
v 3.8 8.2 -5.2
v 3.8 8.3 -5.2
v 3.8 8.4 -5.2
v 3.8 8.5 -5.2
v 3.8 8.6 -5.2
v 3.8 8.7 -5.2
v 3.8 8.8 -5.2
v 4 8.4 -5.2
v 4 8.5 -5.2
v 4.3 8.4 -5.2
v 4.3 8.5 -5.2
v 4.4 8.6 -5.2
v 4.4 8.7 -5.2
v 4.5 8.6 -5.2
v 4.5 8.7 -5.2
v 5 8.6 -5.2
v 5 8.7 -5.2
v 5 9 -5.2
v 5 9.1 -5.2
v 5 9.2 -5.2
v 5 9.3 -5.2
v 5.1 8.6 -5.2
v 5.1 8.7 -5.2
v 5.1 8.9 -5.2
v 5.1 9 -5.2
v 5.1 10.4 -5.2
v 5.1 10.5 -5.2
v 5.2 8.4 -5.2
v 5.2 8.5 -5.2
v 5.2 8.9 -5.2
v 5.2 9 -5.2
v 5.2 10.4 -5.2
v 5.2 10.5 -5.2
v 5.4 8.7 -5.2
v 5.4 8.9 -5.2
v 5.4 9 -5.2
v 5.4 9.1 -5.2
v 5.4 9.2 -5.2
v 5.4 9.6 -5.2
v 5.4 9.8 -5.2
v 5.4 10.4 -5.2
v 5.4 10.5 -5.2
v 5.4 11.1 -5.2
v 5.4 11.5 -5.2
v 5.5 9.1 -5.2
v 5.5 9.2 -5.2
v 5.5 9.3 -5.2
v 5.5 9.6 -5.2
v 5.5 9.8 -5.2
v 5.5 10.5 -5.2
v 5.5 10.8 -5.2
v 5.5 11.1 -5.2
v 5.5 11.5 -5.2
v 5.6 8.6 -5.2
v 5.6 8.9 -5.2
v 5.6 9 -5.2
v 5.6 9.3 -5.2
v 5.6 9.6 -5.2
v 5.6 10.4 -5.2
v 5.6 10.5 -5.2
v 5.6 10.8 -5.2
v 5.6 11.5 -5.2
v 5.7 8.5 -5.2
v 5.7 8.9 -5.2
v 5.7 9 -5.2
v 5.7 9.3 -5.2
v 5.7 9.4 -5.2
v 5.7 9.9 -5.2
v 5.7 10 -5.2
v 5.7 10.4 -5.2
v 5.7 10.5 -5.2
v 5.7 11.5 -5.2
v 5.8 8.4 -5.2
v 5.8 8.5 -5.2
v 5.8 9.3 -5.2
v 5.8 9.4 -5.2
v 5.8 9.5 -5.2
v 5.8 9.8 -5.2
v 5.8 9.9 -5.2
v 5.8 10 -5.2
v 5.8 10.2 -5.2
v 5.8 10.8 -5.2
v 5.8 11.1 -5.2
v 5.9 8.6 -5.2
v 5.9 8.9 -5.2
v 5.9 9 -5.2
v 5.9 9.4 -5.2
v 5.9 9.5 -5.2
v 5.9 9.8 -5.2
v 5.9 9.9 -5.2
v 5.9 10 -5.2
v 5.9 10.2 -5.2
v 5.9 10.4 -5.2
v 5.9 10.5 -5.2
v 5.9 10.8 -5.2
v 5.9 11.1 -5.2
v 5.9 11.5 -5.2
v 6 8 -5.2
v 6 8.1 -5.2
v 6 8.2 -5.2
v 6 8.5 -5.2
v 6 8.6 -5.2
v 6 8.9 -5.2
v 6 9 -5.2
v 6 10.4 -5.2
v 6 10.5 -5.2
v 6.1 8 -5.2
v 6.1 8.1 -5.2
v 6.1 8.9 -5.2
v 6.1 9 -5.2
v 6.1 10.4 -5.2
v 6.1 10.5 -5.2
v 6.2 8.4 -5.2
v 6.2 8.5 -5.2
v 6.2 8.6 -5.2
v 6.3 8.4 -5.2
v 6.3 8.5 -5.2
v 6.4 5.4 -5.2
v 6.4 6.2 -5.2
v 6.4 6.3 -5.2
v 6.5 5.4 -5.2
v 6.5 6.2 -5.2
v 6.6 5.4 -5.2
v 6.6 6.2 -5.2
v 6.6 8.4 -5.2
v 6.6 8.5 -5.2
v 6.6 11.2 -5.2
v 6.6 11.3 -5.2
v 6.7 5.4 -5.2
v 6.7 6.2 -5.2
v 6.7 6.3 -5.2
v 6.8 8.4 -5.2
v 6.8 8.5 -5.2
v 6.8 11.2 -5.2
v 6.8 11.3 -5.2
v 6.9 8.5 -5.2
v 6.9 8.6 -5.2
v 6.9 11.2 -5.2
v 6.9 11.3 -5.2
v 7.1 6.3 -5.2
v 7.1 6.4 -5.2
v 7.1 8.5 -5.2
v 7.1 8.6 -5.2
v 7.1 11.2 -5.2
v 7.1 11.3 -5.2
v 7.3 8.2 -5.2
v 7.3 8.3 -5.2
v 7.3 8.4 -5.2
v 7.3 8.6 -5.2
v 7.3 8.7 -5.2
v 7.3 8.8 -5.2
v 7.4 6.3 -5.2
v 7.4 6.4 -5.2
v 7.4 8.2 -5.2
v 7.4 8.3 -5.2
v 7.4 8.4 -5.2
v 7.4 8.6 -5.2
v 7.4 8.7 -5.2
v 7.4 8.8 -5.2
v 7.9 8.4 -5.2
v 7.9 8.5 -5.2
v 8 8.4 -5.2
v 8 8.5 -5.2
v 8.1 11.2 -5.2
v 8.1 11.3 -5.2
v 8.2 8.5 -5.2
v 8.2 8.6 -5.2
v 8.3 11.2 -5.2
v 8.3 11.3 -5.2
v 8.4 8.4 -5.2
v 8.4 8.5 -5.2
v 8.4 8.6 -5.2
v 8.4 11.2 -5.2
v 8.4 11.3 -5.2
v 8.5 8.4 -5.2
v 8.5 8.5 -5.2
v 8.6 11.2 -5.2
v 8.6 11.3 -5.2
v 8.7 8.4 -5.2
v 8.7 8.5 -5.2
v 8.8 8.4 -5.2
v 8.8 8.5 -5.2
v 8.8 8.6 -5.2
v 8.8 8.7 -5.2
v 8.8 9 -5.2
v 8.8 9.3 -5.2
v 8.9 8.7 -5.2
v 8.9 9 -5.2
v 8.9 9.1 -5.2
v 9 8.4 -5.2
v 9 9 -5.2
v 9 9.1 -5.2
v 9 9.2 -5.2
v 9 9.3 -5.2
v 9.1 9.2 -5.2
v 9.1 9.3 -5.2
v 9.3 11.5 -5.2
v 9.3 11.6 -5.2
v 9.3 12.1 -5.2
v 9.3 12.4 -5.2
v 9.3 12.8 -5.2
v 9.4 11.5 -5.2
v 9.4 11.6 -5.2
v 9.4 12.1 -5.2
v 9.4 12.2 -5.2
v 9.4 12.3 -5.2
v 9.4 12.4 -5.2
v 9.4 12.5 -5.2
v 9.4 12.6 -5.2
v 9.4 12.7 -5.2
v 9.5 10.7 -5.2
v 9.5 10.8 -5.2
v 9.6 10.6 -5.2
v 9.6 10.7 -5.2
v 9.6 10.8 -5.2
v 9.6 12.1 -5.2
v 9.6 12.2 -5.2
v 9.7 9.2 -5.2
v 9.7 9.3 -5.2
v 9.7 10.6 -5.2
v 9.7 10.7 -5.2
v 9.7 12.1 -5.2
v 9.7 12.2 -5.2
v 9.8 10.6 -5.2
v 9.8 10.7 -5.2
v 9.8 11.5 -5.2
v 9.9 9.1 -5.2
v 9.9 9.2 -5.2
v 9.9 9.3 -5.2
v 9.9 10.4 -5.2
v 9.9 10.5 -5.2
v 9.9 10.6 -5.2
v 9.9 10.7 -5.2
v 9.9 10.8 -5.2
v 9.9 12.1 -5.2
v 9.9 12.2 -5.2
v 9.9 12.3 -5.2
v 9.9 12.4 -5.2
v 9.9 12.5 -5.2
v 9.9 12.6 -5.2
v 9.9 12.7 -5.2
v 10 9.1 -5.2
v 10 9.2 -5.2
v 10 10.4 -5.2
v 10 10.5 -5.2
v 10 10.7 -5.2
v 10 10.8 -5.2
v 10 11.5 -5.2
v 10 11.6 -5.2
v 10 12.2 -5.2
v 10 12.3 -5.2
v 10 12.4 -5.2
v 10 12.5 -5.2
v 10 12.6 -5.2
v 10 12.7 -5.2
v 10.1 11.5 -5.2
v 10.1 11.6 -5.2
v 10.1 12.1 -5.2
v 10.1 12.3 -5.2
v 10.2 11.5 -5.2
v 10.2 11.6 -5.2
v 10.2 12.1 -5.2
v 10.2 12.3 -5.2
v 10.2 12.4 -5.2
v 10.2 12.6 -5.2
v 10.2 12.7 -5.2
v 10.2 12.8 -5.2
v 10.3 10.4 -5.2
v 10.3 11.5 -5.2
v 10.4 9.2 -5.2
v 10.4 9.3 -5.2
v 10.4 10.4 -5.2
v 10.4 10.5 -5.2
v 10.4 11.5 -5.2
v 10.4 11.6 -5.2
v 10.5 9.1 -5.2
v 10.5 9.2 -5.2
v 10.5 9.3 -5.2
v 10.5 11.5 -5.2
v 10.5 11.6 -5.2
v 10.5 12.1 -5.2
v 10.5 12.2 -5.2
v 10.6 9.1 -5.2
v 10.6 9.2 -5.2
v 10.6 11.5 -5.2
v 10.6 11.6 -5.2
v 10.7 11.5 -5.2
v 10.7 11.6 -5.2
v 10.7 12.1 -5.2
v 10.7 12.2 -5.2
v 10.8 9.2 -5.2
v 10.8 9.3 -5.2
v 10.8 11.5 -5.2
v 10.9 11.5 -5.2
v 10.9 11.6 -5.2
v 11 9.1 -5.2
v 11 9.2 -5.2
v 11 11.5 -5.2
v 11 11.6 -5.2
v 11.1 8.9 -5.2
v 11.1 9 -5.2
v 11.1 9.1 -5.2
v 11.1 9.3 -5.2
v 11.1 11.5 -5.2
v 11.1 11.6 -5.2
v 11.2 8.8 -5.2
v 11.2 8.9 -5.2
v 11.2 9 -5.2
v 11.2 9.1 -5.2
v 11.2 9.3 -5.2
v 11.2 9.4 -5.2
v 11.2 9.5 -5.2
v 11.3 8.8 -5.2
v 11.3 9 -5.2
v 11.3 9.1 -5.2
v 11.3 9.3 -5.2
v 11.3 9.4 -5.2
v 11.3 9.5 -5.2
v 11.3 11.5 -5.2
v 11.5 9.2 -5.2
v 11.5 9.3 -5.2
v 11.5 11.5 -5.2
v 11.5 11.6 -5.2
v 11.6 9.1 -5.2
v 11.6 9.2 -5.2
v 11.6 9.3 -5.2
v 11.6 11.5 -5.2
v 11.6 11.6 -5.2
v 11.8 9.1 -5.2
v 11.8 9.2 -5.2
v 12.3 9.1 -5.2
v 12.3 9.2 -5.2
v 12.5 9.2 -5.2
v 12.5 9.3 -5.2
v 12.6 9.1 -5.2
v 12.6 9.3 -5.2
v 1.1 5.4 -5.3
v 1.1 5.5 -5.3
v 1.3 5.4 -5.3
v 1.3 5.5 -5.3
v 2.6 12.1 -5.3
v 2.6 12.2 -5.3
v 2.9 10.2 -5.3
v 2.9 10.3 -5.3
v 2.9 11.9 -5.3
v 2.9 12 -5.3
v 3.6 11.9 -5.3
v 3.6 12 -5.3
v 4 11.9 -5.3
v 4 12 -5.3
v 4.7 10.2 -5.3
v 4.7 10.3 -5.3
v 4.7 11.9 -5.3
v 4.7 12 -5.3
v 5.2 12.1 -5.3
v 5.2 12.2 -5.3
v 5.4 11.5 -5.3
v 5.4 11.6 -5.3
v 5.5 11.5 -5.3
v 5.6 11.5 -5.3
v 5.6 11.6 -5.3
v 5.7 11.5 -5.3
v 5.7 11.6 -5.3
v 5.9 11.5 -5.3
v 5.9 11.6 -5.3
v 6 8.1 -5.3
v 6 8.2 -5.3
v 6.1 8.1 -5.3
v 6.1 8.2 -5.3
v 6.2 6.7 -5.3
v 6.2 6.8 -5.3
v 6.2 7.9 -5.3
v 6.2 8 -5.3
v 6.3 6.6 -5.3
v 6.3 6.7 -5.3
v 6.3 6.8 -5.3
v 6.3 7.4 -5.3
v 6.3 7.7 -5.3
v 6.4 6.6 -5.3
v 6.4 6.7 -5.3
v 6.4 7.4 -5.3
v 6.4 7.7 -5.3
v 6.4 7.9 -5.3
v 6.4 8 -5.3
v 6.4 8.1 -5.3
v 6.5 6.5 -5.3
v 6.5 6.6 -5.3
v 6.5 6.8 -5.3
v 6.5 6.9 -5.3
v 6.5 7.1 -5.3
v 6.5 7.2 -5.3
v 6.5 7.7 -5.3
v 6.5 7.9 -5.3
v 6.5 8 -5.3
v 6.5 8.1 -5.3
v 6.5 9.7 -5.3
v 6.5 9.8 -5.3
v 6.5 11 -5.3
v 6.5 11.1 -5.3
v 6.6 6.5 -5.3
v 6.6 6.6 -5.3
v 6.6 6.8 -5.3
v 6.6 6.9 -5.3
v 6.6 7.1 -5.3
v 6.6 7.2 -5.3
v 6.7 6.6 -5.3
v 6.7 6.7 -5.3
v 6.7 7.5 -5.3
v 6.7 7.7 -5.3
v 6.7 7.9 -5.3
v 6.7 8 -5.3
v 6.8 6.6 -5.3
v 6.8 6.7 -5.3
v 6.8 6.8 -5.3
v 6.8 7.6 -5.3
v 6.8 7.7 -5.3
v 6.8 7.8 -5.3
v 6.8 7.9 -5.3
v 6.9 6.7 -5.3
v 6.9 6.8 -5.3
v 7.1 7.5 -5.3
v 7.1 7.6 -5.3
v 7.1 7.8 -5.3
v 7.1 7.9 -5.3
v 7.1 8 -5.3
v 7.2 7.6 -5.3
v 7.2 7.7 -5.3
v 7.3 7.5 -5.3
v 7.3 7.6 -5.3
v 7.3 7.7 -5.3
v 7.3 7.9 -5.3
v 7.3 8 -5.3
v 7.3 8.1 -5.3
v 7.4 7.5 -5.3
v 7.4 7.7 -5.3
v 7.4 7.8 -5.3
v 7.4 7.9 -5.3
v 7.4 8 -5.3
v 7.4 8.1 -5.3
v 7.5 7.9 -5.3
v 7.5 8 -5.3
v 7.6 7.7 -5.3
v 7.6 7.8 -5.3
v 7.6 7.9 -5.3
v 7.7 7.5 -5.3
v 7.7 7.8 -5.3
v 7.7 7.9 -5.3
v 7.8 7.5 -5.3
v 7.8 7.8 -5.3
v 7.9 7.5 -5.3
v 7.9 7.8 -5.3
v 7.9 7.9 -5.3
v 7.9 8 -5.3
v 8 7.6 -5.3
v 8 7.8 -5.3
v 8.3 7.9 -5.3
v 8.3 8 -5.3
v 8.3 8.1 -5.3
v 8.4 5.5 -5.3
v 8.4 5.7 -5.3
v 8.4 6.8 -5.3
v 8.4 7 -5.3
v 8.4 7.5 -5.3
v 8.4 7.6 -5.3
v 8.4 7.9 -5.3
v 8.4 8 -5.3
v 8.4 8.1 -5.3
v 8.4 8.2 -5.3
v 8.5 5.5 -5.3
v 8.5 5.7 -5.3
v 8.5 6.8 -5.3
v 8.5 7 -5.3
v 8.5 7.9 -5.3
v 8.5 8 -5.3
v 8.5 8.1 -5.3
v 8.5 8.2 -5.3
v 8.6 8 -5.3
v 8.6 8.1 -5.3
v 8.7 11 -5.3
v 8.7 11.1 -5.3
v 8.8 9.7 -5.3
v 8.8 9.8 -5.3
v 8.9 13.8 -5.3
v 8.9 13.9 -5.3
v 9 5.1 -5.3
v 9 8.4 -5.3
v 9 9 -5.3
v 9 13.8 -5.3
v 9 13.9 -5.3
v 9.1 5.1 -5.3
v 9.1 8.9 -5.3
v 9.3 8.9 -5.3
v 9.3 9 -5.3
v 9.3 11.6 -5.3
v 9.3 11.7 -5.3
v 9.4 8.9 -5.3
v 9.4 9 -5.3
v 9.4 11.6 -5.3
v 9.4 12.2 -5.3
v 9.4 12.4 -5.3
v 9.4 12.5 -5.3
v 9.4 12.7 -5.3
v 9.4 13.4 -5.3
v 9.4 13.5 -5.3
v 9.5 12.3 -5.3
v 9.5 12.4 -5.3
v 9.5 12.5 -5.3
v 9.5 12.6 -5.3
v 9.6 12.2 -5.3
v 9.6 12.3 -5.3
v 9.6 12.6 -5.3
v 9.6 12.7 -5.3
v 9.7 12.2 -5.3
v 9.7 12.3 -5.3
v 9.7 12.6 -5.3
v 9.7 12.7 -5.3
v 9.8 12.3 -5.3
v 9.8 12.4 -5.3
v 9.8 12.5 -5.3
v 9.8 12.6 -5.3
v 9.9 12.2 -5.3
v 9.9 12.4 -5.3
v 9.9 12.5 -5.3
v 9.9 12.7 -5.3
v 10 11.6 -5.3
v 10 12.3 -5.3
v 10 12.4 -5.3
v 10 12.6 -5.3
v 10 12.7 -5.3
v 10.1 11.6 -5.3
v 10.1 12.3 -5.3
v 10.1 12.4 -5.3
v 10.1 12.6 -5.3
v 10.1 12.7 -5.3
v 10.2 11.6 -5.3
v 10.2 12.3 -5.3
v 10.2 12.4 -5.3
v 10.2 12.6 -5.3
v 10.2 12.7 -5.3
v 10.4 11.6 -5.3
v 10.5 9.7 -5.3
v 10.5 9.8 -5.3
v 10.5 9.9 -5.3
v 10.5 10 -5.3
v 10.5 11.6 -5.3
v 10.6 11.6 -5.3
v 10.7 11.6 -5.3
v 10.9 11.6 -5.3
v 10.9 11.9 -5.3
v 10.9 12.1 -5.3
v 11 11.6 -5.3
v 11.1 8.9 -5.3
v 11.1 9 -5.3
v 11.1 11.6 -5.3
v 11.1 11.9 -5.3
v 11.1 12.1 -5.3
v 11.2 13.4 -5.3
v 11.2 13.5 -5.3
v 11.3 8.9 -5.3
v 11.3 9 -5.3
v 11.5 11.6 -5.3
v 11.6 11.6 -5.3
v 11.6 11.7 -5.3
v 11.6 13.4 -5.3
v 11.6 13.5 -5.3
v 11.7 9.8 -5.3
v 11.7 9.9 -5.3
v 11.7 10 -5.3
v 11.7 12 -5.3
v 11.8 9.6 -5.3
v 11.8 9.7 -5.3
v 11.8 9.8 -5.3
v 11.8 11.4 -5.3
v 11.8 11.5 -5.3
v 11.8 11.6 -5.3
v 11.8 12 -5.3
v 11.9 9.6 -5.3
v 11.9 9.7 -5.3
v 11.9 10.5 -5.3
v 11.9 10.6 -5.3
v 11.9 11 -5.3
v 11.9 11.1 -5.3
v 11.9 11.2 -5.3
v 11.9 11.3 -5.3
v 11.9 11.4 -5.3
v 11.9 11.5 -5.3
v 12 9.7 -5.3
v 12 10.3 -5.3
v 12 10.5 -5.3
v 12 10.6 -5.3
v 12 10.8 -5.3
v 12 10.9 -5.3
v 12 11.2 -5.3
v 12 11.3 -5.3
v 12 11.6 -5.3
v 12.1 9.8 -5.3
v 12.1 10.3 -5.3
v 12.1 10.5 -5.3
v 12.1 10.6 -5.3
v 12.1 10.7 -5.3
v 12.1 11.2 -5.3
v 12.1 11.3 -5.3
v 12.1 11.5 -5.3
v 12.1 11.6 -5.3
v 12.2 8.9 -5.3
v 12.2 9 -5.3
v 12.2 9.8 -5.3
v 12.2 10 -5.3
v 12.2 10.6 -5.3
v 12.2 10.7 -5.3
v 12.2 10.8 -5.3
v 12.2 10.9 -5.3
v 12.2 11 -5.3
v 12.2 11.2 -5.3
v 12.2 11.4 -5.3
v 12.3 8.9 -5.3
v 12.3 9 -5.3
v 12.3 9.7 -5.3
v 12.3 10 -5.3
v 12.3 10.2 -5.3
v 12.3 10.3 -5.3
v 12.3 10.6 -5.3
v 12.3 10.7 -5.3
v 12.3 10.8 -5.3
v 12.3 10.9 -5.3
v 12.3 11 -5.3
v 12.3 11.2 -5.3
v 12.3 11.4 -5.3
v 12.3 11.5 -5.3
v 12.3 11.6 -5.3
v 12.3 13.4 -5.3
v 12.3 13.5 -5.3
v 12.4 5.1 -5.3
v 12.4 8.9 -5.3
v 12.4 10.1 -5.3
v 12.4 10.2 -5.3
v 12.4 10.3 -5.3
v 12.4 10.5 -5.3
v 12.4 10.6 -5.3
v 12.4 10.7 -5.3
v 12.4 11.2 -5.3
v 12.4 11.4 -5.3
v 12.4 11.5 -5.3
v 12.4 11.6 -5.3
v 12.5 5.1 -5.3
v 12.5 8.9 -5.3
v 12.5 9.8 -5.3
v 12.5 10.1 -5.3
v 12.5 10.2 -5.3
v 12.5 10.8 -5.3
v 12.5 10.9 -5.3
v 12.5 11.3 -5.3
v 12.5 11.4 -5.3
v 12.6 8.9 -5.3
v 12.6 9 -5.3
v 12.6 9.8 -5.3
v 12.6 10.1 -5.3
v 12.6 10.5 -5.3
v 12.6 10.6 -5.3
v 12.6 11 -5.3
v 12.6 11.1 -5.3
v 12.6 11.3 -5.3
v 12.6 11.5 -5.3
v 12.6 13.8 -5.3
v 12.6 13.9 -5.3
v 0 8.2 -5.4
v 0 8.4 -5.4
v 0 8.5 -5.4
v 0 8.6 -5.4
v 0.1 6.3 -5.4
v 0.1 7.3 -5.4
v 0.1 7.7 -5.4
v 0.1 8.2 -5.4
v 0.1 8.4 -5.4
v 0.1 8.5 -5.4
v 0.1 8.6 -5.4
v 0.1 8.7 -5.4
v 0.2 6.3 -5.4
v 0.2 6.4 -5.4
v 0.2 6.6 -5.4
v 0.2 6.7 -5.4
v 0.3 6.4 -5.4
v 0.3 6.5 -5.4
v 0.3 6.6 -5.4
v 0.3 6.7 -5.4
v 0.3 6.8 -5.4
v 0.3 7.2 -5.4
v 0.3 7.6 -5.4
v 0.4 6.3 -5.4
v 0.4 6.5 -5.4
v 0.4 6.7 -5.4
v 0.4 6.8 -5.4
v 0.4 6.9 -5.4
v 0.4 7.1 -5.4
v 0.4 7.2 -5.4
v 0.4 7.6 -5.4
v 0.5 6 -5.4
v 0.5 6.1 -5.4
v 0.5 6.8 -5.4
v 0.5 6.9 -5.4
v 0.5 7 -5.4
v 0.5 7.1 -5.4
v 0.5 7.2 -5.4
v 0.6 5.9 -5.4
v 0.6 6 -5.4
v 0.6 6.3 -5.4
v 0.6 6.4 -5.4
v 0.6 6.9 -5.4
v 0.6 7 -5.4
v 0.6 7.6 -5.4
v 0.6 8.6 -5.4
v 0.6 8.7 -5.4
v 0.7 6.9 -5.4
v 0.7 7 -5.4
v 0.7 7.6 -5.4
v 0.7 8.6 -5.4
v 0.7 8.7 -5.4
v 0.8 6.3 -5.4
v 0.8 6.4 -5.4
v 0.8 6.8 -5.4
v 0.8 6.9 -5.4
v 0.8 7 -5.4
v 0.8 7.1 -5.4
v 0.8 7.3 -5.4
v 0.8 8.2 -5.4
v 0.8 8.3 -5.4
v 0.8 8.4 -5.4
v 0.8 8.5 -5.4
v 0.8 8.6 -5.4
v 0.8 8.7 -5.4
v 0.9 6.6 -5.4
v 0.9 6.8 -5.4
v 0.9 6.9 -5.4
v 0.9 7.1 -5.4
v 0.9 7.2 -5.4
v 0.9 7.3 -5.4
v 0.9 7.6 -5.4
v 0.9 8.2 -5.4
v 0.9 8.3 -5.4
v 0.9 8.4 -5.4
v 0.9 8.5 -5.4
v 0.9 8.6 -5.4
v 0.9 8.7 -5.4
v 1 5.4 -5.4
v 1 5.5 -5.4
v 1 6.3 -5.4
v 1 6.5 -5.4
v 1 6.6 -5.4
v 1 6.8 -5.4
v 1 7.2 -5.4
v 1 7.6 -5.4
v 1.1 5.4 -5.4
v 1.1 5.5 -5.4
v 1.1 5.9 -5.4
v 1.1 6.3 -5.4
v 1.1 6.5 -5.4
v 1.1 6.6 -5.4
v 1.2 6 -5.4
v 1.2 6.1 -5.4
v 1.2 6.3 -5.4
v 1.2 7.7 -5.4
v 1.3 5.4 -5.4
v 1.3 5.5 -5.4
v 1.3 6 -5.4
v 1.3 6.3 -5.4
v 1.3 7.7 -5.4
v 1.5 5.4 -5.4
v 1.5 5.5 -5.4
v 1.5 7.4 -5.4
v 1.5 7.5 -5.4
v 1.6 6.3 -5.4
v 1.6 6.4 -5.4
v 1.6 7.2 -5.4
v 1.6 7.4 -5.4
v 1.6 7.5 -5.4
v 1.7 6.4 -5.4
v 1.7 6.5 -5.4
v 1.7 6.6 -5.4
v 1.7 6.8 -5.4
v 1.7 7.3 -5.4
v 1.7 7.4 -5.4
v 1.8 6.4 -5.4
v 1.8 6.5 -5.4
v 1.8 6.7 -5.4
v 1.8 6.8 -5.4
v 1.8 7.2 -5.4
v 1.9 6.3 -5.4
v 1.9 6.4 -5.4
v 1.9 6.8 -5.4
v 1.9 7.2 -5.4
v 1.9 7.3 -5.4
v 1.9 7.6 -5.4
v 2 7.3 -5.4
v 2 7.6 -5.4
v 2.1 6.8 -5.4
v 2.1 7.1 -5.4
v 2.2 6.3 -5.4
v 2.2 6.4 -5.4
v 2.2 6.8 -5.4
v 2.2 7.1 -5.4
v 2.4 6.6 -5.4
v 2.4 6.7 -5.4
v 2.4 6.9 -5.4
v 2.4 7.2 -5.4
v 2.4 7.3 -5.4
v 2.4 7.4 -5.4
v 2.4 8.4 -5.4
v 2.4 8.5 -5.4
v 2.5 6.3 -5.4
v 2.5 6.4 -5.4
v 2.5 6.7 -5.4
v 2.5 6.9 -5.4
v 2.5 7.3 -5.4
v 2.5 7.4 -5.4
v 2.5 8.4 -5.4
v 2.5 8.5 -5.4
v 2.5 12.1 -5.4
v 2.5 12.2 -5.4
v 2.6 8.6 -5.4
v 2.6 8.7 -5.4
v 2.6 8.8 -5.4
v 2.6 10.4 -5.4
v 2.6 10.5 -5.4
v 2.6 12.1 -5.4
v 2.6 12.2 -5.4
v 2.7 6.3 -5.4
v 2.7 7.7 -5.4
v 2.7 8.7 -5.4
v 2.7 8.8 -5.4
v 2.8 6.3 -5.4
v 2.8 7.7 -5.4
v 2.9 6.3 -5.4
v 2.9 6.4 -5.4
v 2.9 6.9 -5.4
v 2.9 7 -5.4
v 2.9 7.1 -5.4
v 2.9 7.2 -5.4
v 2.9 9.5 -5.4
v 2.9 10.2 -5.4
v 2.9 10.3 -5.4
v 2.9 10.7 -5.4
v 2.9 11.2 -5.4
v 2.9 11.3 -5.4
v 2.9 11.9 -5.4
v 2.9 12 -5.4
v 3.1 6.3 -5.4
v 3.1 6.4 -5.4
v 3.1 6.6 -5.4
v 3.1 6.7 -5.4
v 3.1 7.4 -5.4
v 3.1 7.5 -5.4
v 3.1 9 -5.4
v 3.1 9.1 -5.4
v 3.1 9.2 -5.4
v 3.1 9.3 -5.4
v 3.2 6.3 -5.4
v 3.2 6.5 -5.4
v 3.2 6.6 -5.4
v 3.2 6.7 -5.4
v 3.2 6.8 -5.4
v 3.2 9 -5.4
v 3.2 9.1 -5.4
v 3.2 9.2 -5.4
v 3.2 9.3 -5.4
v 3.3 6.4 -5.4
v 3.3 6.5 -5.4
v 3.3 7.2 -5.4
v 3.3 7.4 -5.4
v 3.4 6.7 -5.4
v 3.4 6.8 -5.4
v 3.4 6.9 -5.4
v 3.4 7.2 -5.4
v 3.4 7.4 -5.4
v 3.5 6.3 -5.4
v 3.5 6.4 -5.4
v 3.5 6.8 -5.4
v 3.5 6.9 -5.4
v 3.5 7 -5.4
v 3.5 7.1 -5.4
v 3.5 7.5 -5.4
v 3.5 7.7 -5.4
v 3.6 6.8 -5.4
v 3.6 6.9 -5.4
v 3.6 7 -5.4
v 3.6 7.1 -5.4
v 3.6 7.5 -5.4
v 3.6 7.7 -5.4
v 3.6 10.7 -5.4
v 3.6 11.2 -5.4
v 3.6 11.3 -5.4
v 3.6 11.9 -5.4
v 3.6 12 -5.4
v 3.7 6.3 -5.4
v 3.7 6.6 -5.4
v 3.7 6.7 -5.4
v 3.7 6.8 -5.4
v 3.7 6.9 -5.4
v 3.7 7.2 -5.4
v 3.7 7.4 -5.4
v 3.7 8.2 -5.4
v 3.7 8.3 -5.4
v 3.7 8.4 -5.4
v 3.7 8.5 -5.4
v 3.7 8.7 -5.4
v 3.7 8.8 -5.4
v 3.8 6.4 -5.4
v 3.8 6.6 -5.4
v 3.8 7.2 -5.4
v 3.8 7.4 -5.4
v 3.8 8.2 -5.4
v 3.8 8.3 -5.4
v 3.8 8.4 -5.4
v 3.8 8.5 -5.4
v 3.8 8.7 -5.4
v 3.8 8.8 -5.4
v 3.9 6.3 -5.4
v 3.9 6.4 -5.4
v 3.9 6.6 -5.4
v 3.9 6.7 -5.4
v 3.9 6.8 -5.4
v 4 6.6 -5.4
v 4 6.7 -5.4
v 4 7.4 -5.4
v 4 7.5 -5.4
v 4 8.2 -5.4
v 4 8.4 -5.4
v 4 10.7 -5.4
v 4 11.2 -5.4
v 4 11.3 -5.4
v 4 11.9 -5.4
v 4 12 -5.4
v 4.1 6.3 -5.4
v 4.1 6.4 -5.4
v 4.1 6.9 -5.4
v 4.1 7 -5.4
v 4.1 7.1 -5.4
v 4.1 7.2 -5.4
v 4.2 6.3 -5.4
v 4.2 6.4 -5.4
v 4.3 6.3 -5.4
v 4.3 7.7 -5.4
v 4.3 9.5 -5.4
v 4.3 10.2 -5.4
v 4.4 6.3 -5.4
v 4.4 7.7 -5.4
v 4.4 9.2 -5.4
v 4.4 9.3 -5.4
v 4.4 9.5 -5.4
v 4.4 10.2 -5.4
v 4.5 6.3 -5.4
v 4.5 6.4 -5.4
v 4.5 9 -5.4
v 4.5 9.1 -5.4
v 4.5 9.2 -5.4
v 4.5 9.3 -5.4
v 4.6 6.3 -5.4
v 4.6 6.4 -5.4
v 4.6 6.6 -5.4
v 4.6 6.7 -5.4
v 4.6 9 -5.4
v 4.6 9.1 -5.4
v 4.7 6.6 -5.4
v 4.7 6.7 -5.4
v 4.7 6.8 -5.4
v 4.7 9.5 -5.4
v 4.7 10.2 -5.4
v 4.7 10.3 -5.4
v 4.7 10.7 -5.4
v 4.7 11.2 -5.4
v 4.7 11.3 -5.4
v 4.7 11.9 -5.4
v 4.7 12 -5.4
v 4.8 6.7 -5.4
v 4.8 6.8 -5.4
v 4.8 6.9 -5.4
v 4.8 7.3 -5.4
v 4.8 7.4 -5.4
v 4.8 9.7 -5.4
v 4.8 9.8 -5.4
v 4.8 10.4 -5.4
v 4.8 10.5 -5.4
v 4.8 10.6 -5.4
v 4.8 11.4 -5.4
v 4.8 11.5 -5.4
v 4.9 6.8 -5.4
v 4.9 6.9 -5.4
v 4.9 7 -5.4
v 4.9 8.4 -5.4
v 4.9 8.5 -5.4
v 4.9 9.7 -5.4
v 4.9 9.8 -5.4
v 4.9 10.5 -5.4
v 4.9 10.6 -5.4
v 4.9 11.4 -5.4
v 4.9 11.5 -5.4
v 5 6.3 -5.4
v 5 6.4 -5.4
v 5 6.9 -5.4
v 5 7 -5.4
v 5 7.1 -5.4
v 5 8.4 -5.4
v 5 8.5 -5.4
v 5 11.3 -5.4
v 5 12.1 -5.4
v 5.1 6.4 -5.4
v 5.1 6.5 -5.4
v 5.1 7 -5.4
v 5.1 7.1 -5.4
v 5.1 7.2 -5.4
v 5.1 7.4 -5.4
v 5.1 7.6 -5.4
v 5.1 8.9 -5.4
v 5.1 9 -5.4
v 5.1 10.4 -5.4
v 5.1 10.5 -5.4
v 5.2 6.3 -5.4
v 5.2 6.5 -5.4
v 5.2 6.9 -5.4
v 5.2 7.1 -5.4
v 5.2 7.2 -5.4
v 5.2 7.3 -5.4
v 5.2 7.4 -5.4
v 5.2 7.6 -5.4
v 5.2 8.9 -5.4
v 5.2 9 -5.4
v 5.2 10.4 -5.4
v 5.2 10.5 -5.4
v 5.3 6.6 -5.4
v 5.3 6.9 -5.4
v 5.3 7.3 -5.4
v 5.4 6.6 -5.4
v 5.4 6.9 -5.4
v 5.4 8.6 -5.4
v 5.4 9.3 -5.4
v 5.4 9.4 -5.4
v 5.4 10.4 -5.4
v 5.4 10.7 -5.4
v 5.4 10.8 -5.4
v 5.5 6.3 -5.4
v 5.5 6.4 -5.4
v 5.5 6.8 -5.4
v 5.5 7.2 -5.4
v 5.5 9.3 -5.4
v 5.5 9.4 -5.4
v 5.6 6.8 -5.4
v 5.6 7.2 -5.4
v 5.6 10.7 -5.4
v 5.6 10.8 -5.4
v 5.7 6.3 -5.4
v 5.7 6.4 -5.4
v 5.7 6.6 -5.4
v 5.7 7.1 -5.4
v 5.7 10.4 -5.4
v 5.7 10.6 -5.4
v 5.7 10.7 -5.4
v 5.7 11.3 -5.4
v 5.8 6.6 -5.4
v 5.8 7.1 -5.4
v 5.8 7.3 -5.4
v 5.8 7.4 -5.4
v 5.8 9.3 -5.4
v 5.8 9.4 -5.4
v 5.9 6.3 -5.4
v 5.9 7.7 -5.4
v 5.9 8.5 -5.4
v 5.9 9.3 -5.4
v 5.9 9.4 -5.4
v 5.9 10.6 -5.4
v 5.9 10.7 -5.4
v 5.9 11.3 -5.4
v 6 5.1 -5.4
v 6 7.3 -5.4
v 6 8.2 -5.4
v 6 8.9 -5.4
v 6 9 -5.4
v 6 10.4 -5.4
v 6 10.5 -5.4
v 6.1 7.3 -5.4
v 6.1 8.2 -5.4
v 6.1 8.9 -5.4
v 6.1 9 -5.4
v 6.1 10.4 -5.4
v 6.1 10.5 -5.4
v 6.2 6.7 -5.4
v 6.2 6.8 -5.4
v 6.2 7.9 -5.4
v 6.2 8 -5.4
v 6.2 8.6 -5.4
v 6.2 11.3 -5.4
v 6.3 6.6 -5.4
v 6.3 6.7 -5.4
v 6.3 6.8 -5.4
v 6.3 7.4 -5.4
v 6.3 7.7 -5.4
v 6.3 7.9 -5.4
v 6.3 8 -5.4
v 6.3 8.4 -5.4
v 6.3 8.5 -5.4
v 6.3 8.6 -5.4
v 6.3 10 -5.4
v 6.3 10.1 -5.4
v 6.3 11.3 -5.4
v 6.4 6.6 -5.4
v 6.4 6.7 -5.4
v 6.4 7.4 -5.4
v 6.4 7.5 -5.4
v 6.4 7.7 -5.4
v 6.4 7.9 -5.4
v 6.4 8 -5.4
v 6.4 8.1 -5.4
v 6.5 6.5 -5.4
v 6.5 6.6 -5.4
v 6.5 6.8 -5.4
v 6.5 6.9 -5.4
v 6.5 7.1 -5.4
v 6.5 7.2 -5.4
v 6.5 7.7 -5.4
v 6.5 7.9 -5.4
v 6.5 8 -5.4
v 6.5 8.1 -5.4
v 6.5 9 -5.4
v 6.5 9.7 -5.4
v 6.5 9.8 -5.4
v 6.5 10.1 -5.4
v 6.5 10.2 -5.4
v 6.5 10.4 -5.4
v 6.5 11 -5.4
v 6.5 11.1 -5.4
v 6.6 6.5 -5.4
v 6.6 6.6 -5.4
v 6.6 6.8 -5.4
v 6.6 6.9 -5.4
v 6.6 7.1 -5.4
v 6.6 7.2 -5.4
v 6.6 10.1 -5.4
v 6.6 10.2 -5.4
v 6.6 11.2 -5.4
v 6.6 11.3 -5.4
v 6.6 11.4 -5.4
v 6.7 6.6 -5.4
v 6.7 6.7 -5.4
v 6.7 7.5 -5.4
v 6.7 7.7 -5.4
v 6.7 7.9 -5.4
v 6.7 8 -5.4
v 6.7 11.2 -5.4
v 6.7 11.3 -5.4
v 6.8 6.6 -5.4
v 6.8 6.7 -5.4
v 6.8 6.8 -5.4
v 6.8 7.6 -5.4
v 6.8 7.7 -5.4
v 6.8 7.8 -5.4
v 6.8 7.9 -5.4
v 6.9 5.1 -5.4
v 6.9 5.2 -5.4
v 6.9 6.7 -5.4
v 6.9 6.8 -5.4
v 6.9 7.5 -5.4
v 7 8.4 -5.4
v 7 8.5 -5.4
v 7 11.2 -5.4
v 7 11.3 -5.4
v 7.1 5.2 -5.4
v 7.1 6.1 -5.4
v 7.1 6.3 -5.4
v 7.1 6.4 -5.4
v 7.1 6.6 -5.4
v 7.1 7.4 -5.4
v 7.1 7.5 -5.4
v 7.1 7.6 -5.4
v 7.1 7.8 -5.4
v 7.1 7.9 -5.4
v 7.1 8 -5.4
v 7.1 11.2 -5.4
v 7.1 11.3 -5.4
v 7.1 11.4 -5.4
v 7.2 6.3 -5.4
v 7.2 6.4 -5.4
v 7.2 7.6 -5.4
v 7.2 7.7 -5.4
v 7.2 8.4 -5.4
v 7.2 8.5 -5.4
v 7.3 6.1 -5.4
v 7.3 6.6 -5.4
v 7.3 7.5 -5.4
v 7.3 7.6 -5.4
v 7.3 7.7 -5.4
v 7.3 7.9 -5.4
v 7.3 8 -5.4
v 7.3 8.1 -5.4
v 7.3 8.2 -5.4
v 7.3 8.3 -5.4
v 7.3 8.4 -5.4
v 7.3 8.5 -5.4
v 7.3 8.7 -5.4
v 7.3 8.8 -5.4
v 7.4 7.5 -5.4
v 7.4 7.7 -5.4
v 7.4 7.8 -5.4
v 7.4 7.9 -5.4
v 7.4 8 -5.4
v 7.4 8.1 -5.4
v 7.4 8.2 -5.4
v 7.4 8.3 -5.4
v 7.4 8.4 -5.4
v 7.4 8.5 -5.4
v 7.4 8.7 -5.4
v 7.4 8.8 -5.4
v 7.5 7.9 -5.4
v 7.5 8 -5.4
v 7.6 7.7 -5.4
v 7.6 7.8 -5.4
v 7.6 7.9 -5.4
v 7.6 9 -5.4
v 7.6 9.7 -5.4
v 7.6 10.4 -5.4
v 7.6 11 -5.4
v 7.7 7.5 -5.4
v 7.7 7.8 -5.4
v 7.7 7.9 -5.4
v 7.7 9 -5.4
v 7.7 9.7 -5.4
v 7.7 10.4 -5.4
v 7.7 11 -5.4
v 7.8 7.5 -5.4
v 7.8 7.8 -5.4
v 7.9 7.5 -5.4
v 7.9 7.8 -5.4
v 7.9 7.9 -5.4
v 7.9 8 -5.4
v 8 7.6 -5.4
v 8 7.8 -5.4
v 8 11.3 -5.4
v 8 11.4 -5.4
v 8.1 11.2 -5.4
v 8.1 11.3 -5.4
v 8.2 11.2 -5.4
v 8.2 11.3 -5.4
v 8.3 5.5 -5.4
v 8.3 5.7 -5.4
v 8.3 6.8 -5.4
v 8.3 7 -5.4
v 8.3 7.9 -5.4
v 8.3 8 -5.4
v 8.3 8.1 -5.4
v 8.4 5.2 -5.4
v 8.4 5.5 -5.4
v 8.4 5.7 -5.4
v 8.4 6.8 -5.4
v 8.4 7 -5.4
v 8.4 7.4 -5.4
v 8.4 7.5 -5.4
v 8.4 7.6 -5.4
v 8.4 7.9 -5.4
v 8.4 8 -5.4
v 8.4 8.1 -5.4
v 8.4 8.2 -5.4
v 8.5 5.5 -5.4
v 8.5 5.7 -5.4
v 8.5 6.8 -5.4
v 8.5 7 -5.4
v 8.5 7.9 -5.4
v 8.5 8 -5.4
v 8.5 8.1 -5.4
v 8.5 8.2 -5.4
v 8.5 11.2 -5.4
v 8.5 11.3 -5.4
v 8.6 5.2 -5.4
v 8.6 7.5 -5.4
v 8.6 8 -5.4
v 8.6 8.1 -5.4
v 8.6 10.1 -5.4
v 8.6 10.2 -5.4
v 8.6 11.2 -5.4
v 8.6 11.3 -5.4
v 8.6 11.4 -5.4
v 8.7 5.1 -5.4
v 8.7 5.2 -5.4
v 8.7 8.4 -5.4
v 8.7 8.5 -5.4
v 8.7 9 -5.4
v 8.7 9.7 -5.4
v 8.7 10.1 -5.4
v 8.7 10.2 -5.4
v 8.7 10.4 -5.4
v 8.7 11 -5.4
v 8.7 11.1 -5.4
v 8.8 9.7 -5.4
v 8.8 9.8 -5.4
v 8.9 8.4 -5.4
v 8.9 8.5 -5.4
v 9 5.1 -5.4
v 9 7.5 -5.4
v 9 9 -5.4
v 9 9.3 -5.4
v 9 10 -5.4
v 9 10.1 -5.4
v 9 11.3 -5.4
v 9.1 5.1 -5.4
v 9.1 5.2 -5.4
v 9.1 9.3 -5.4
v 9.1 11.8 -5.4
v 9.1 11.9 -5.4
v 9.1 13.8 -5.4
v 9.1 13.9 -5.4
v 9.1 14 -5.4
v 9.2 5.1 -5.4
v 9.2 5.2 -5.4
v 9.3 10.8 -5.4
v 9.3 11.7 -5.4
v 9.3 12.1 -5.4
v 9.3 12.7 -5.4
v 9.3 12.8 -5.4
v 9.4 9.4 -5.4
v 9.4 10.3 -5.4
v 9.4 10.8 -5.4
v 9.4 11.2 -5.4
v 9.4 12.8 -5.4
v 9.4 13.4 -5.4
v 9.4 13.5 -5.4
v 9.6 9.1 -5.4
v 9.6 9.2 -5.4
v 9.8 9.1 -5.4
v 9.8 9.2 -5.4
v 10.1 12.1 -5.4
v 10.2 12.1 -5.4
v 10.3 12.1 -5.4
v 10.3 12.2 -5.4
v 10.3 12.3 -5.4
v 10.3 12.4 -5.4
v 10.3 13.4 -5.4
v 10.4 9.4 -5.4
v 10.4 10.3 -5.4
v 10.4 12.1 -5.4
v 10.4 12.2 -5.4
v 10.4 12.3 -5.4
v 10.4 12.4 -5.4
v 10.4 12.8 -5.4
v 10.4 12.9 -5.4
v 10.4 13.4 -5.4
v 10.5 9.4 -5.4
v 10.5 9.7 -5.4
v 10.5 9.8 -5.4
v 10.5 9.9 -5.4
v 10.5 10 -5.4
v 10.5 10.3 -5.4
v 10.5 12.1 -5.4
v 10.7 12.1 -5.4
v 10.8 9.1 -5.4
v 10.8 9.2 -5.4
v 10.9 11.9 -5.4
v 10.9 12.1 -5.4
v 10.9 12.2 -5.4
v 11 9.1 -5.4
v 11 9.2 -5.4
v 11.1 9 -5.4
v 11.1 11.9 -5.4
v 11.1 12.1 -5.4
v 11.1 12.2 -5.4
v 11.2 9.1 -5.4
v 11.2 9.2 -5.4
v 11.2 9.4 -5.4
v 11.2 9.5 -5.4
v 11.2 12.1 -5.4
v 11.2 12.8 -5.4
v 11.2 12.9 -5.4
v 11.2 13.4 -5.4
v 11.2 13.5 -5.4
v 11.3 8.8 -5.4
v 11.3 8.9 -5.4
v 11.3 9 -5.4
v 11.3 9.1 -5.4
v 11.3 9.2 -5.4
v 11.3 9.4 -5.4
v 11.3 9.5 -5.4
v 11.4 8.8 -5.4
v 11.4 8.9 -5.4
v 11.5 10.8 -5.4
v 11.5 11.2 -5.4
v 11.6 10.8 -5.4
v 11.6 11.2 -5.4
v 11.6 11.6 -5.4
v 11.6 11.7 -5.4
v 11.6 12 -5.4
v 11.6 12.8 -5.4
v 11.6 12.9 -5.4
v 11.6 13.4 -5.4
v 11.6 13.5 -5.4
v 11.7 9.6 -5.4
v 11.7 9.7 -5.4
v 11.7 9.8 -5.4
v 11.7 9.9 -5.4
v 11.7 10 -5.4
v 11.7 11.2 -5.4
v 11.7 11.7 -5.4
v 11.7 11.8 -5.4
v 11.7 11.9 -5.4
v 11.7 12 -5.4
v 11.7 12.1 -5.4
v 11.8 9.6 -5.4
v 11.8 9.7 -5.4
v 11.8 9.8 -5.4
v 11.8 11.4 -5.4
v 11.8 11.6 -5.4
v 11.8 11.7 -5.4
v 11.8 11.8 -5.4
v 11.8 11.9 -5.4
v 11.8 12 -5.4
v 11.8 12.1 -5.4
v 11.9 9 -5.4
v 11.9 9.3 -5.4
v 11.9 9.6 -5.4
v 11.9 9.7 -5.4
v 11.9 9.8 -5.4
v 11.9 10.5 -5.4
v 11.9 10.6 -5.4
v 11.9 11 -5.4
v 11.9 11.1 -5.4
v 11.9 11.2 -5.4
v 11.9 11.3 -5.4
v 11.9 11.4 -5.4
v 11.9 11.6 -5.4
v 11.9 11.7 -5.4
v 12 9.7 -5.4
v 12 10.3 -5.4
v 12 10.5 -5.4
v 12 10.6 -5.4
v 12 10.8 -5.4
v 12 10.9 -5.4
v 12 11.2 -5.4
v 12 11.3 -5.4
v 12 11.6 -5.4
v 12.1 9.8 -5.4
v 12.1 10.3 -5.4
v 12.1 10.5 -5.4
v 12.1 10.6 -5.4
v 12.1 10.7 -5.4
v 12.1 11.2 -5.4
v 12.1 11.3 -5.4
v 12.1 11.5 -5.4
v 12.1 11.6 -5.4
v 12.2 9.8 -5.4
v 12.2 10 -5.4
v 12.2 10.6 -5.4
v 12.2 10.7 -5.4
v 12.2 10.8 -5.4
v 12.2 10.9 -5.4
v 12.2 11 -5.4
v 12.2 11.2 -5.4
v 12.2 11.4 -5.4
v 12.3 9.1 -5.4
v 12.3 9.2 -5.4
v 12.3 9.7 -5.4
v 12.3 10 -5.4
v 12.3 10.2 -5.4
v 12.3 10.3 -5.4
v 12.3 10.6 -5.4
v 12.3 10.7 -5.4
v 12.3 10.8 -5.4
v 12.3 10.9 -5.4
v 12.3 11 -5.4
v 12.3 11.2 -5.4
v 12.3 11.4 -5.4
v 12.3 11.5 -5.4
v 12.3 11.6 -5.4
v 12.3 12 -5.4
v 12.3 12.8 -5.4
v 12.3 12.9 -5.4
v 12.3 13.4 -5.4
v 12.3 13.5 -5.4
v 12.4 10.1 -5.4
v 12.4 10.2 -5.4
v 12.4 10.3 -5.4
v 12.4 10.5 -5.4
v 12.4 10.6 -5.4
v 12.4 10.7 -5.4
v 12.4 11.2 -5.4
v 12.4 11.4 -5.4
v 12.4 11.5 -5.4
v 12.4 11.6 -5.4
v 12.5 5.1 -5.4
v 12.5 8.9 -5.4
v 12.5 9.1 -5.4
v 12.5 9.2 -5.4
v 12.5 9.8 -5.4
v 12.5 10.1 -5.4
v 12.5 10.2 -5.4
v 12.5 10.8 -5.4
v 12.5 10.9 -5.4
v 12.5 11.3 -5.4
v 12.5 11.4 -5.4
v 12.6 5.1 -5.4
v 12.6 8.9 -5.4
v 12.6 9 -5.4
v 12.6 9.8 -5.4
v 12.6 10.1 -5.4
v 12.6 10.5 -5.4
v 12.6 10.6 -5.4
v 12.6 11 -5.4
v 12.6 11.1 -5.4
v 12.6 11.3 -5.4
v 12.6 11.5 -5.4
v 12.6 11.8 -5.4
v 12.6 11.9 -5.4
v 12.6 13.8 -5.4
v 12.6 13.9 -5.4
v 12.6 14 -5.4
v 0 8.7 -5.5
v 0 8.8 -5.5
v 0.4 5.9 -5.5
v 0.4 6 -5.5
v 0.5 6 -5.5
v 0.6 5.9 -5.5
v 0.6 6 -5.5
v 0.6 6.1 -5.5
v 0.6 6.2 -5.5
v 0.7 5.1 -5.5
v 0.7 5.2 -5.5
v 0.7 6.2 -5.5
v 0.7 6.4 -5.5
v 0.8 5.1 -5.5
v 0.8 5.2 -5.5
v 0.8 6.3 -5.5
v 0.8 6.4 -5.5
v 0.8 8.7 -5.5
v 0.8 8.8 -5.5
v 0.9 8.7 -5.5
v 0.9 8.8 -5.5
v 1 6.3 -5.5
v 1 6.5 -5.5
v 1.1 6.1 -5.5
v 1.1 6.3 -5.5
v 1.1 6.5 -5.5
v 2.3 5.9 -5.5
v 2.3 6 -5.5
v 2.6 5.1 -5.5
v 2.6 5.2 -5.5
v 2.6 8.7 -5.5
v 2.6 8.8 -5.5
v 2.6 12.2 -5.5
v 2.6 12.3 -5.5
v 2.7 5.1 -5.5
v 2.7 5.2 -5.5
v 2.7 10.4 -5.5
v 2.7 10.5 -5.5
v 2.9 9.5 -5.5
v 2.9 10.2 -5.5
v 2.9 10.7 -5.5
v 2.9 11.2 -5.5
v 2.9 11.3 -5.5
v 2.9 11.9 -5.5
v 3 5.9 -5.5
v 3 6 -5.5
v 3.6 10.7 -5.5
v 3.6 11.2 -5.5
v 3.6 11.3 -5.5
v 3.6 11.9 -5.5
v 4 10.7 -5.5
v 4 11.2 -5.5
v 4 11.3 -5.5
v 4 11.9 -5.5
v 4.3 5.9 -5.5
v 4.3 6 -5.5
v 4.3 9.5 -5.5
v 4.3 10.2 -5.5
v 4.4 6.1 -5.5
v 4.4 6.3 -5.5
v 4.4 9.5 -5.5
v 4.4 10.2 -5.5
v 4.5 6.3 -5.5
v 4.5 6.4 -5.5
v 4.6 5.1 -5.5
v 4.6 5.2 -5.5
v 4.6 6.3 -5.5
v 4.6 6.4 -5.5
v 4.7 5.1 -5.5
v 4.7 5.2 -5.5
v 4.7 9.5 -5.5
v 4.7 10.2 -5.5
v 4.7 10.7 -5.5
v 4.7 11.2 -5.5
v 4.7 11.3 -5.5
v 4.7 11.9 -5.5
v 4.8 10.4 -5.5
v 4.8 10.5 -5.5
v 4.9 6.1 -5.5
v 4.9 6.3 -5.5
v 5 5.9 -5.5
v 5 6 -5.5
v 5 11.3 -5.5
v 5 12.1 -5.5
v 5 12.2 -5.5
v 5 12.3 -5.5
v 5.1 11.3 -5.5
v 5.1 11.4 -5.5
v 5.1 12.1 -5.5
v 5.4 11.3 -5.5
v 5.4 11.4 -5.5
v 5.7 11.3 -5.5
v 5.9 11.3 -5.5
v 5.9 11.4 -5.5
v 6.2 8.6 -5.5
v 6.2 11.3 -5.5
v 6.3 8.6 -5.5
v 6.3 10 -5.5
v 6.3 10.1 -5.5
v 6.3 11.3 -5.5
v 6.4 10 -5.5
v 6.4 10.1 -5.5
v 6.5 9 -5.5
v 6.5 9.7 -5.5
v 6.5 10.4 -5.5
v 6.5 11 -5.5
v 6.6 11.3 -5.5
v 6.6 11.4 -5.5
v 7.1 5.2 -5.5
v 7.1 6.1 -5.5
v 7.1 6.6 -5.5
v 7.1 7.4 -5.5
v 7.1 11.3 -5.5
v 7.1 11.4 -5.5
v 7.3 6.1 -5.5
v 7.3 6.6 -5.5
v 7.6 9 -5.5
v 7.6 9.7 -5.5
v 7.6 10.4 -5.5
v 7.6 11 -5.5
v 7.7 9 -5.5
v 7.7 9.7 -5.5
v 7.7 10.4 -5.5
v 7.7 11 -5.5
v 8 11.3 -5.5
v 8 11.4 -5.5
v 8.3 5.5 -5.5
v 8.3 5.7 -5.5
v 8.3 6.8 -5.5
v 8.3 7 -5.5
v 8.4 5.2 -5.5
v 8.4 5.5 -5.5
v 8.4 5.7 -5.5
v 8.4 6.8 -5.5
v 8.4 7 -5.5
v 8.4 7.4 -5.5
v 8.6 11.3 -5.5
v 8.6 11.4 -5.5
v 8.7 9 -5.5
v 8.7 9.7 -5.5
v 8.7 10 -5.5
v 8.7 10.1 -5.5
v 8.7 10.4 -5.5
v 8.7 11 -5.5
v 9 9.3 -5.5
v 9 10 -5.5
v 9 10.1 -5.5
v 9 11.3 -5.5
v 9 11.4 -5.5
v 9 13.8 -5.5
v 9.1 5.2 -5.5
v 9.1 5.5 -5.5
v 9.1 5.7 -5.5
v 9.1 6.3 -5.5
v 9.1 6.4 -5.5
v 9.1 7 -5.5
v 9.1 7.1 -5.5
v 9.1 7.8 -5.5
v 9.1 7.9 -5.5
v 9.1 8.4 -5.5
v 9.1 8.5 -5.5
v 9.1 8.9 -5.5
v 9.1 9.3 -5.5
v 9.1 11.8 -5.5
v 9.1 11.9 -5.5
v 9.1 13.8 -5.5
v 9.2 5.1 -5.5
v 9.2 5.2 -5.5
v 9.2 14 -5.5
v 9.2 14.1 -5.5
v 9.4 12.8 -5.5
v 9.4 13.4 -5.5
v 10.2 12.1 -5.5
v 10.2 12.2 -5.5
v 10.2 12.3 -5.5
v 10.2 12.4 -5.5
v 10.2 12.8 -5.5
v 10.3 12.1 -5.5
v 10.3 12.2 -5.5
v 10.3 12.3 -5.5
v 10.3 12.4 -5.5
v 10.3 13.4 -5.5
v 10.4 5.1 -5.5
v 10.4 5.3 -5.5
v 10.4 12.9 -5.5
v 10.4 13.4 -5.5
v 10.5 12.4 -5.5
v 10.5 12.5 -5.5
v 10.6 12.4 -5.5
v 10.6 12.5 -5.5
v 10.6 12.7 -5.5
v 10.7 12.5 -5.5
v 10.7 12.6 -5.5
v 10.9 5.1 -5.5
v 10.9 5.3 -5.5
v 10.9 11.9 -5.5
v 10.9 12.4 -5.5
v 10.9 12.6 -5.5
v 10.9 12.7 -5.5
v 11 12.2 -5.5
v 11 12.3 -5.5
v 11 12.4 -5.5
v 11 12.6 -5.5
v 11.1 11.9 -5.5
v 11.1 12.2 -5.5
v 11.1 12.3 -5.5
v 11.2 12.9 -5.5
v 11.2 13.4 -5.5
v 11.3 8.8 -5.5
v 11.3 8.9 -5.5
v 11.4 8.8 -5.5
v 11.4 8.9 -5.5
v 11.6 12 -5.5
v 11.6 12.8 -5.5
v 11.6 12.9 -5.5
v 11.6 13.4 -5.5
v 11.7 11.8 -5.5
v 11.7 11.9 -5.5
v 11.7 12 -5.5
v 11.7 12.1 -5.5
v 11.8 11.8 -5.5
v 11.8 11.9 -5.5
v 11.8 12 -5.5
v 11.8 12.1 -5.5
v 12.3 12 -5.5
v 12.3 12.8 -5.5
v 12.3 12.9 -5.5
v 12.3 13.4 -5.5
v 12.4 5.1 -5.5
v 12.4 5.5 -5.5
v 12.4 5.7 -5.5
v 12.4 6.3 -5.5
v 12.4 6.4 -5.5
v 12.4 7 -5.5
v 12.4 7.1 -5.5
v 12.4 7.8 -5.5
v 12.4 7.9 -5.5
v 12.4 8.4 -5.5
v 12.4 8.5 -5.5
v 12.4 8.9 -5.5
v 12.5 11.8 -5.5
v 12.5 11.9 -5.5
v 12.6 11.8 -5.5
v 12.6 11.9 -5.5
v 12.6 14 -5.5
v 12.6 14.1 -5.5
v 0 8.8 -5.6
v 0 8.9 -5.6
v 0.3 5.9 -5.6
v 0.3 6 -5.6
v 0.4 5.9 -5.6
v 0.4 6 -5.6
v 0.6 6.2 -5.6
v 0.6 6.8 -5.6
v 0.7 6.2 -5.6
v 0.7 6.8 -5.6
v 2.2 5.9 -5.6
v 2.2 6 -5.6
v 2.3 5.9 -5.6
v 2.3 6 -5.6
v 2.4 6 -5.6
v 2.4 6.1 -5.6
v 2.6 8.7 -5.6
v 2.6 8.8 -5.6
v 2.6 8.9 -5.6
v 2.7 8.7 -5.6
v 2.7 8.8 -5.6
v 2.7 12.3 -5.6
v 2.7 12.4 -5.6
v 2.9 6 -5.6
v 2.9 6.1 -5.6
v 3 5.9 -5.6
v 3 6 -5.6
v 3.1 5.9 -5.6
v 3.1 6 -5.6
v 4.2 5.9 -5.6
v 4.2 6 -5.6
v 4.3 5.9 -5.6
v 4.3 6 -5.6
v 4.4 6 -5.6
v 4.4 6.1 -5.6
v 4.9 6 -5.6
v 4.9 6.1 -5.6
v 4.9 12.3 -5.6
v 4.9 12.4 -5.6
v 5 5.9 -5.6
v 5 6 -5.6
v 5.1 5.9 -5.6
v 5.1 6 -5.6
v 5.1 11.4 -5.6
v 5.1 11.5 -5.6
v 5.1 11.6 -5.6
v 5.1 11.7 -5.6
v 5.4 11.4 -5.6
v 5.4 11.5 -5.6
v 5.4 11.6 -5.6
v 5.4 11.7 -5.6
v 6 11.5 -5.6
v 6 11.6 -5.6
v 9 11.5 -5.6
v 9 11.6 -5.6
v 9.1 6.3 -5.6
v 9.1 6.4 -5.6
v 9.1 7 -5.6
v 9.1 7.1 -5.6
v 9.1 7.8 -5.6
v 9.1 7.9 -5.6
v 9.1 8.4 -5.6
v 9.1 8.5 -5.6
v 10.4 5.1 -5.6
v 10.4 5.3 -5.6
v 10.4 12.4 -5.6
v 10.4 12.5 -5.6
v 10.5 12.2 -5.6
v 10.5 12.3 -5.6
v 10.5 12.4 -5.6
v 10.5 12.5 -5.6
v 10.5 12.7 -5.6
v 10.6 12.4 -5.6
v 10.6 12.5 -5.6
v 10.6 12.7 -5.6
v 10.6 12.8 -5.6
v 10.7 12.1 -5.6
v 10.7 12.2 -5.6
v 10.7 12.5 -5.6
v 10.7 12.6 -5.6
v 10.9 5.1 -5.6
v 10.9 5.3 -5.6
v 10.9 12.1 -5.6
v 10.9 12.2 -5.6
v 10.9 12.4 -5.6
v 10.9 12.6 -5.6
v 10.9 12.7 -5.6
v 10.9 12.8 -5.6
v 11 12.2 -5.6
v 11 12.3 -5.6
v 11 12.4 -5.6
v 11 12.5 -5.6
v 11 12.6 -5.6
v 11 12.7 -5.6
v 11.1 12.4 -5.6
v 11.1 12.5 -5.6
v 12.4 6.3 -5.6
v 12.4 6.4 -5.6
v 12.4 7 -5.6
v 12.4 7.1 -5.6
v 12.4 7.8 -5.6
v 12.4 7.9 -5.6
v 12.4 8.4 -5.6
v 12.4 8.5 -5.6
v 0 8.9 -5.7
v 0 9 -5.7
v 0.3 6.1 -5.7
v 0.3 6.8 -5.7
v 0.4 6 -5.7
v 0.4 6.1 -5.7
v 0.5 6 -5.7
v 0.5 6.1 -5.7
v 0.6 6.1 -5.7
v 0.6 6.8 -5.7
v 1 6 -5.7
v 1 6.1 -5.7
v 1.1 6 -5.7
v 1.1 6.1 -5.7
v 2.3 6 -5.7
v 2.3 6.1 -5.7
v 2.4 6 -5.7
v 2.4 6.1 -5.7
v 2.6 8.9 -5.7
v 2.6 9 -5.7
v 2.9 6 -5.7
v 2.9 6.1 -5.7
v 3 6 -5.7
v 3 6.1 -5.7
v 4.3 6 -5.7
v 4.3 6.1 -5.7
v 4.4 6 -5.7
v 4.4 6.1 -5.7
v 4.9 6 -5.7
v 4.9 6.1 -5.7
v 5 6 -5.7
v 5 6.1 -5.7
v 5.1 11.5 -5.7
v 5.1 11.6 -5.7
v 5.4 11.5 -5.7
v 5.4 11.6 -5.7
v 6 11.4 -5.7
v 6 11.5 -5.7
v 6 11.6 -5.7
v 6 11.7 -5.7
v 9 11.4 -5.7
v 9 11.5 -5.7
v 9 11.6 -5.7
v 9 11.7 -5.7
v 9.1 5.5 -5.7
v 9.1 5.7 -5.7
v 9.1 14 -5.7
v 9.1 14.1 -5.7
v 9.2 14 -5.7
v 9.2 14.1 -5.7
v 10.7 12.3 -5.7
v 10.7 12.4 -5.7
v 10.9 12.3 -5.7
v 10.9 12.4 -5.7
v 12.4 5.5 -5.7
v 12.4 5.7 -5.7
v 0.4 5.1 -5.8
v 0.4 5.2 -5.8
v 0.7 5.1 -5.8
v 0.7 5.2 -5.8
v 0.7 5.9 -5.8
v 0.8 5.1 -5.8
v 0.8 5.2 -5.8
v 0.8 5.9 -5.8
v 1.1 5.1 -5.8
v 1.1 5.2 -5.8
v 2.3 5.1 -5.8
v 2.3 5.2 -5.8
v 2.6 5.1 -5.8
v 2.6 5.2 -5.8
v 2.6 5.9 -5.8
v 2.7 5.1 -5.8
v 2.7 5.2 -5.8
v 2.7 5.9 -5.8
v 3 5.1 -5.8
v 3 5.2 -5.8
v 4.3 5.1 -5.8
v 4.3 5.2 -5.8
v 4.3 6.1 -5.8
v 4.3 6.8 -5.8
v 4.4 6.1 -5.8
v 4.4 6.8 -5.8
v 4.6 5.1 -5.8
v 4.6 5.2 -5.8
v 4.6 5.9 -5.8
v 4.7 5.1 -5.8
v 4.7 5.2 -5.8
v 4.7 5.9 -5.8
v 5 5.1 -5.8
v 5 5.2 -5.8
v 1.2 5.9 -5.9
v 1.2 6 -5.9
v 1.3 5.9 -5.9
v 1.3 6 -5.9
v 4.8 5.3 -5.9
v 4.8 5.4 -5.9
v 4.9 6.1 -5.9
v 4.9 6.8 -5.9
v 5 5.3 -5.9
v 5 5.4 -5.9
v 5 6.1 -5.9
v 5 6.8 -5.9
v 1 6.1 -6
v 1 6.8 -6
v 1.1 5.8 -6
v 1.1 5.9 -6
v 1.1 6.1 -6
v 1.1 6.8 -6
v 1.2 5.8 -6
v 1.2 5.9 -6
v 2.9 10.7 -6
v 2.9 11.9 -6
v 4.4 5.3 -6
v 4.4 5.4 -6
v 4.6 5.3 -6
v 4.6 5.4 -6
v 4.7 10.7 -6
v 4.7 11.9 -6
v 4.8 5.4 -6
v 4.8 5.5 -6
v 4.8 5.7 -6
v 4.8 5.8 -6
v 4.8 5.9 -6
v 4.9 5.4 -6
v 4.9 5.5 -6
v 4.9 5.6 -6
v 4.9 5.7 -6
v 4.9 5.8 -6
v 5 5.3 -6
v 5 5.4 -6
v 5 5.5 -6
v 5 5.6 -6
v 5 5.9 -6
v 5.1 5.3 -6
v 5.1 5.4 -6
v 1 5.4 -6.1
v 1 5.5 -6.1
v 1.1 5.5 -6.1
v 1.1 5.8 -6.1
v 1.2 5.8 -6.1
v 1.2 5.9 -6.1
v 1.3 5.5 -6.1
v 1.3 5.9 -6.1
v 1.5 5.4 -6.1
v 1.5 5.5 -6.1
v 4.3 5.3 -6.1
v 4.3 5.4 -6.1
v 4.4 5.3 -6.1
v 4.4 5.4 -6.1
v 4.4 5.5 -6.1
v 4.4 5.6 -6.1
v 4.4 5.7 -6.1
v 4.4 5.8 -6.1
v 4.4 5.9 -6.1
v 4.5 5.4 -6.1
v 4.5 5.5 -6.1
v 4.5 5.6 -6.1
v 4.5 5.7 -6.1
v 4.5 5.8 -6.1
v 4.5 5.9 -6.1
v 4.6 5.4 -6.1
v 4.6 5.5 -6.1
v 4.6 5.8 -6.1
v 4.6 5.9 -6.1
v 10.4 12.1 -6.1
v 10.4 13.4 -6.1
v 11.2 12.1 -6.1
v 11.2 13.4 -6.1
v 5.2 11.4 -6.2
v 5.2 11.6 -6.2
v 5.3 11.4 -6.2
v 5.3 11.5 -6.2
v 5.3 11.6 -6.2
v 5.3 11.7 -6.2
v 5.4 11.5 -6.2
v 5.4 11.6 -6.2
v 5.6 11.6 -6.2
v 5.7 11.6 -6.2
v 5.9 11.6 -6.2
v 6 11.5 -6.2
v 6 11.6 -6.2
v 6.1 11.4 -6.2
v 6.1 11.5 -6.2
v 6.1 11.6 -6.2
v 6.1 11.7 -6.2
v 6.2 11.4 -6.2
v 6.2 11.6 -6.2
v 0 5.1 -6.3
v 0 7.3 -6.3
v 0.1 5.2 -6.3
v 0.1 5.9 -6.3
v 0.1 6.1 -6.3
v 0.1 7.3 -6.3
v 0.4 5.9 -6.3
v 0.4 6 -6.3
v 0.7 6.1 -6.3
v 1 6 -6.3
v 1 6.1 -6.3
v 1.2 6 -6.3
v 1.2 6.1 -6.3
v 1.3 5.9 -6.3
v 1.3 6 -6.3
v 2.3 5.9 -6.3
v 2.3 6 -6.3
v 2.8 5.9 -6.3
v 2.8 6 -6.3
v 4.3 5.9 -6.3
v 4.3 6 -6.3
v 5 5.9 -6.3
v 5 6 -6.3
v 6 5.1 -6.3
v 6 5.2 -6.3
v 6 5.9 -6.3
v 6 6.1 -6.3
v 8.9 11.4 -6.3
v 8.9 13.8 -6.3
v 9 11.4 -6.3
v 9 13.8 -6.3
v 0.1 5.2 -6.4
v 0.1 5.9 -6.4
v 0.4 5.9 -6.4
v 1.1 5.4 -6.4
v 1.1 5.5 -6.4
v 1.2 5.5 -6.4
v 1.2 5.7 -6.4
v 1.3 5.4 -6.4
v 1.3 5.5 -6.4
v 1.3 5.7 -6.4
v 1.3 5.9 -6.4
v 2.3 5.9 -6.4
v 2.8 5.9 -6.4
v 4.3 5.3 -6.4
v 4.3 5.4 -6.4
v 4.3 5.9 -6.4
v 4.6 5.3 -6.4
v 4.6 5.4 -6.4
v 5 5.9 -6.4
v 5.6 6.1 -6.4
v 5.6 6.6 -6.4
v 5.7 6.6 -6.4
v 5.7 7.1 -6.4
v 5.8 7.1 -6.4
v 5.8 7.6 -6.4
v 5.9 7.6 -6.4
v 5.9 7.7 -6.4
v 6 5.2 -6.4
v 6 5.9 -6.4
v 6 6.1 -6.4
v 6 7.7 -6.4
v 0 11.4 -6.5
v 0 11.5 -6.5
v 2.6 11.4 -6.5
v 2.6 11.5 -6.5
v 6.9 11.4 -6.5
v 6.9 11.7 -6.5
v 7 11.4 -6.5
v 7 11.7 -6.5
v 7.3 11.4 -6.5
v 7.3 11.7 -6.5
v 7.4 11.4 -6.5
v 7.4 11.7 -6.5
v 7.9 11.4 -6.5
v 7.9 11.7 -6.5
v 8 11.4 -6.5
v 8 11.7 -6.5
v 8.9 11.4 -6.5
v 8.9 13.8 -6.5
v 9 11.4 -6.5
v 9 13.8 -6.5
v 0 11.5 -6.6
v 0 11.6 -6.6
v 1.9 9.5 -6.6
v 1.9 11.4 -6.6
v 1.9 11.5 -6.6
v 1.9 11.6 -6.6
v 2 9.5 -6.6
v 2 11.4 -6.6
v 6.7 11.6 -6.6
v 6.7 11.7 -6.6
v 6.9 11.6 -6.6
v 6.9 11.7 -6.6
v 7 11.6 -6.6
v 7 11.7 -6.6
v 7.3 11.6 -6.6
v 7.3 11.7 -6.6
v 7.4 11.6 -6.6
v 7.4 11.7 -6.6
v 7.9 11.6 -6.6
v 7.9 11.7 -6.6
v 8 11.6 -6.6
v 8 11.7 -6.6
v 8.2 11.6 -6.6
v 8.2 11.7 -6.6
v 0 9.5 -6.7
v 0 11.4 -6.7
v 0.1 9.7 -6.7
v 0.1 10.1 -6.7
v 0.2 9.7 -6.7
v 0.2 10.1 -6.7
v 0.2 10.7 -6.7
v 0.3 10.1 -6.7
v 0.3 10.7 -6.7
v 0.3 11.1 -6.7
v 0.4 10.7 -6.7
v 0.4 11.1 -6.7
v 0.6 10.9 -6.7
v 0.6 11.1 -6.7
v 0.7 10.7 -6.7
v 0.7 10.9 -6.7
v 0.7 11.1 -6.7
v 0.8 10.4 -6.7
v 0.8 10.7 -6.7
v 0.8 10.9 -6.7
v 0.8 11.1 -6.7
v 0.8 11.2 -6.7
v 0.9 10.2 -6.7
v 0.9 10.4 -6.7
v 0.9 10.7 -6.7
v 0.9 11 -6.7
v 0.9 11.1 -6.7
v 0.9 11.2 -6.7
v 0.9 11.3 -6.7
v 1 10 -6.7
v 1 10.2 -6.7
v 1 10.4 -6.7
v 1 11 -6.7
v 1 11.1 -6.7
v 1 11.2 -6.7
v 1 11.3 -6.7
v 1.1 9.8 -6.7
v 1.1 10 -6.7
v 1.1 10.2 -6.7
v 1.1 11.1 -6.7
v 1.1 11.2 -6.7
v 1.2 9.8 -6.7
v 1.2 10 -6.7
v 1.2 10.6 -6.7
v 1.2 10.7 -6.7
v 1.4 9.7 -6.7
v 1.4 10.1 -6.7
v 1.4 10.6 -6.7
v 1.4 10.7 -6.7
v 1.4 11.1 -6.7
v 1.5 9.7 -6.7
v 1.5 10.1 -6.7
v 1.5 10.7 -6.7
v 1.5 10.8 -6.7
v 1.5 11.1 -6.7
v 1.6 9.7 -6.7
v 1.6 9.8 -6.7
v 1.6 10.1 -6.7
v 1.6 10.7 -6.7
v 1.7 10.7 -6.7
v 1.7 10.8 -6.7
v 1.7 10.9 -6.7
v 1.8 9.8 -6.7
v 1.8 10.8 -6.7
v 1.9 9.5 -6.7
v 1.9 9.7 -6.7
v 1.9 10.9 -6.7
v 1.9 11.4 -6.7
v 2 9.5 -6.7
v 2 9.6 -6.7
v 2 10.1 -6.7
v 2 10.2 -6.7
v 2 10.6 -6.7
v 2 10.7 -6.7
v 2 11.3 -6.7
v 2 11.4 -6.7
v 2.6 9.5 -6.7
v 2.6 9.6 -6.7
v 2.6 10.1 -6.7
v 2.6 10.2 -6.7
v 2.6 10.6 -6.7
v 2.6 10.7 -6.7
v 2.6 11.3 -6.7
v 2.6 11.4 -6.7
v 6.8 11.7 -6.7
v 6.8 12.3 -6.7
v 6.8 12.4 -6.7
v 8.1 11.7 -6.7
v 8.1 12.3 -6.7
v 8.1 12.4 -6.7
v 8.9 13.1 -6.7
v 8.9 13.2 -6.7
v 9 13.1 -6.7
v 9 13.2 -6.7
v 8.9 13 -6.8
v 8.9 13.1 -6.8
v 8.9 13.2 -6.8
v 8.9 13.3 -6.8
v 9 13 -6.8
v 9 13.1 -6.8
v 9 13.2 -6.8
v 9 13.3 -6.8
v 8.9 12.9 -6.9
v 8.9 13 -6.9
v 8.9 13.1 -6.9
v 8.9 13.2 -6.9
v 8.9 13.3 -6.9
v 8.9 13.4 -6.9
v 8.9 13.5 -6.9
v 8.9 13.7 -6.9
v 9 12.9 -6.9
v 9 13 -6.9
v 9 13.1 -6.9
v 9 13.2 -6.9
v 9 13.3 -6.9
v 9 13.4 -6.9
v 9 13.5 -6.9
v 9 13.7 -6.9
v 5.5 11.4 -7
v 5.5 11.5 -7
v 5.6 11.4 -7
v 5.6 11.5 -7
v 5.8 11.4 -7
v 5.8 11.5 -7
v 5.9 11.4 -7
v 5.9 11.5 -7
v 6.6 11.4 -7
v 6.6 11.7 -7
v 6.7 11.4 -7
v 6.7 11.6 -7
v 6.7 11.7 -7
v 6.9 12.2 -7
v 6.9 12.3 -7
v 7.2 11.7 -7
v 7.2 12 -7
v 7.2 12.1 -7
v 7.7 11.7 -7
v 7.7 12 -7
v 7.7 12.1 -7
v 8 12.2 -7
v 8 12.3 -7
v 8.9 12.8 -7
v 8.9 12.9 -7
v 8.9 13.4 -7
v 8.9 13.5 -7
v 9 12.8 -7
v 9 12.9 -7
v 9 13.4 -7
v 9 13.5 -7
v 7.1 11.7 -7.1
v 7.1 12 -7.1
v 7.1 12.1 -7.1
v 7.2 11.7 -7.1
v 7.2 12 -7.1
v 7.2 12.1 -7.1
v 7.7 11.7 -7.1
v 7.7 12 -7.1
v 7.7 12.1 -7.1
v 7.8 11.7 -7.1
v 7.8 12 -7.1
v 7.8 12.1 -7.1
v 8.2 11.4 -7.1
v 8.2 11.6 -7.1
v 8.2 11.7 -7.1
v 8.3 11.4 -7.1
v 8.3 11.7 -7.1
v 8.9 12.9 -7.1
v 8.9 13.1 -7.1
v 9 12.9 -7.1
v 9 13.1 -7.1
v 0.6 7.2 -7.2
v 0.6 7.5 -7.2
v 5.3 7.2 -7.2
v 5.3 7.5 -7.2
v 5.5 6.1 -7.2
v 5.5 6.2 -7.2
v 5.6 6.1 -7.2
v 5.6 6.2 -7.2
v 5.6 6.6 -7.2
v 5.6 6.7 -7.2
v 5.7 6.6 -7.2
v 5.7 6.7 -7.2
v 5.7 7.1 -7.2
v 5.7 7.2 -7.2
v 5.8 7.1 -7.2
v 5.8 7.2 -7.2
v 5.8 7.6 -7.2
v 5.8 7.7 -7.2
v 5.9 7.6 -7.2
v 5.9 7.7 -7.2
v 6.9 12.2 -7.2
v 6.9 12.3 -7.2
v 7 11.7 -7.2
v 7 12 -7.2
v 7 12.1 -7.2
v 7.1 11.7 -7.2
v 7.1 12 -7.2
v 7.1 12.1 -7.2
v 7.8 11.7 -7.2
v 7.8 12 -7.2
v 7.8 12.1 -7.2
v 7.9 11.7 -7.2
v 7.9 12 -7.2
v 7.9 12.1 -7.2
v 8 12.2 -7.2
v 8 12.3 -7.2
v 8.9 13.3 -7.2
v 8.9 13.4 -7.2
v 9 13.3 -7.2
v 9 13.4 -7.2
v 0.1 6.1 -7.3
v 0.1 7.7 -7.3
v 0.6 7.2 -7.3
v 0.6 7.5 -7.3
v 5.3 7.2 -7.3
v 5.3 7.5 -7.3
v 5.5 6.1 -7.3
v 5.5 6.2 -7.3
v 5.6 6.2 -7.3
v 5.6 6.7 -7.3
v 5.7 6.7 -7.3
v 5.7 7.2 -7.3
v 5.8 7.2 -7.3
v 5.8 7.7 -7.3
v 8.9 13.2 -7.3
v 8.9 13.3 -7.3
v 9 13.2 -7.3
v 9 13.3 -7.3
v 6.9 12.2 -7.4
v 6.9 12.3 -7.4
v 8 12.2 -7.4
v 8 12.3 -7.4
v 6.6 11.4 -7.5
v 6.6 11.7 -7.5
v 6.7 11.4 -7.5
v 6.7 11.6 -7.5
v 6.7 11.7 -7.5
v 7.4 11.7 -7.5
v 7.4 12 -7.5
v 7.4 12.1 -7.5
v 7.5 11.7 -7.5
v 7.5 12 -7.5
v 7.5 12.1 -7.5
v 6.8 12.4 -7.6
v 6.8 12.5 -7.6
v 6.9 12.2 -7.6
v 6.9 12.3 -7.6
v 6.9 12.4 -7.6
v 6.9 12.5 -7.6
v 8 12.2 -7.6
v 8 12.3 -7.6
v 8.2 11.4 -7.7
v 8.2 11.6 -7.7
v 8.2 11.7 -7.7
v 8.3 11.4 -7.7
v 8.3 11.7 -7.7
v 5.2 11.4 -7.8
v 5.2 11.6 -7.8
v 5.3 11.4 -7.8
v 5.3 11.5 -7.8
v 5.3 11.6 -7.8
v 5.3 11.7 -7.8
v 5.4 11.5 -7.8
v 5.4 11.6 -7.8
v 5.6 11.6 -7.8
v 5.7 11.6 -7.8
v 5.9 11.6 -7.8
v 6 11.5 -7.8
v 6 11.6 -7.8
v 6.1 11.4 -7.8
v 6.1 11.5 -7.8
v 6.1 11.6 -7.8
v 6.1 11.7 -7.8
v 6.2 11.4 -7.8
v 6.2 11.6 -7.8
v 6.9 12.2 -7.8
v 6.9 12.3 -7.8
v 8 12.2 -7.8
v 8 12.3 -7.8
v 8.9 12.9 -7.9
v 8.9 13 -7.9
v 8.9 13.4 -7.9
v 8.9 13.5 -7.9
v 9 12.9 -7.9
v 9 13 -7.9
v 9 13.4 -7.9
v 9 13.5 -7.9
v 6.9 11.7 -8
v 6.9 12.3 -8
v 6.9 12.4 -8
v 8 11.7 -8
v 8 12.3 -8
v 8 12.4 -8
v 8.9 13 -8
v 8.9 13.1 -8
v 8.9 13.5 -8
v 8.9 13.6 -8
v 9 13 -8
v 9 13.1 -8
v 9 13.5 -8
v 9 13.6 -8
v 8.9 12.9 -8.1
v 8.9 13 -8.1
v 8.9 13.1 -8.1
v 8.9 13.3 -8.1
v 9 12.9 -8.1
v 9 13 -8.1
v 9 13.1 -8.1
v 9 13.3 -8.1
v 7 11.4 -8.2
v 7 11.6 -8.2
v 7.1 11.4 -8.2
v 7.1 11.6 -8.2
v 7.4 11.4 -8.2
v 7.4 11.6 -8.2
v 7.5 11.4 -8.2
v 7.5 11.6 -8.2
v 7.8 11.4 -8.2
v 7.8 11.6 -8.2
v 7.9 11.4 -8.2
v 7.9 11.6 -8.2
v 8.9 13.4 -8.2
v 8.9 13.5 -8.2
v 9 13.4 -8.2
v 9 13.5 -8.2
v 8.9 13 -8.3
v 8.9 13.1 -8.3
v 8.9 13.3 -8.3
v 8.9 13.4 -8.3
v 9 13 -8.3
v 9 13.1 -8.3
v 9 13.3 -8.3
v 9 13.4 -8.3
v 8.9 13.4 -8.4
v 8.9 13.6 -8.4
v 9 13.4 -8.4
v 9 13.6 -8.4
v 5.5 11.4 -8.5
v 5.5 11.5 -8.5
v 5.6 11.4 -8.5
v 5.6 11.5 -8.5
v 5.8 11.4 -8.5
v 5.8 11.5 -8.5
v 5.9 11.4 -8.5
v 5.9 11.5 -8.5
v 8.9 12.9 -8.5
v 8.9 13.3 -8.5
v 9 12.9 -8.5
v 9 13.3 -8.5
v 8.9 13.4 -8.6
v 8.9 13.5 -8.6
v 9 13.4 -8.6
v 9 13.5 -8.6
v 8.9 12.9 -8.8
v 8.9 13 -8.8
v 9 12.9 -8.8
v 9 13 -8.8
v 7.3 11.4 -8.9
v 7.3 11.7 -8.9
v 7.4 11.4 -8.9
v 7.4 11.7 -8.9
v 7.9 11.4 -8.9
v 7.9 11.7 -8.9
v 8 11.4 -8.9
v 8 11.7 -8.9
v 8.3 11.4 -8.9
v 8.3 11.7 -8.9
v 8.4 11.4 -8.9
v 8.4 11.7 -8.9
v 8.9 13.5 -8.9
v 8.9 13.6 -8.9
v 9 13.5 -8.9
v 9 13.6 -8.9
v 7.1 11.6 -9
v 7.1 11.7 -9
v 7.3 11.6 -9
v 7.3 11.7 -9
v 7.4 11.6 -9
v 7.4 11.7 -9
v 7.9 11.6 -9
v 7.9 11.7 -9
v 8 11.6 -9
v 8 11.7 -9
v 8.3 11.6 -9
v 8.3 11.7 -9
v 8.4 11.6 -9
v 8.4 11.7 -9
v 8.6 11.6 -9
v 8.6 11.7 -9
v 8.9 13 -9
v 8.9 13.1 -9
v 9 13 -9
v 9 13.1 -9
v 7.2 11.7 -9.1
v 7.2 12.3 -9.1
v 7.2 12.4 -9.1
v 8.5 11.7 -9.1
v 8.5 12.3 -9.1
v 8.5 12.4 -9.1
v 8.9 13 -9.2
v 8.9 13.1 -9.2
v 9 13 -9.2
v 9 13.1 -9.2
v 8.9 12.9 -9.3
v 8.9 13 -9.3
v 8.9 13.3 -9.3
v 8.9 13.7 -9.3
v 9 12.9 -9.3
v 9 13 -9.3
v 9 13.3 -9.3
v 9 13.7 -9.3
v 7.3 12.2 -9.4
v 7.3 12.3 -9.4
v 7.6 11.7 -9.4
v 7.6 12 -9.4
v 7.6 12.1 -9.4
v 8.1 11.7 -9.4
v 8.1 12 -9.4
v 8.1 12.1 -9.4
v 8.4 12.2 -9.4
v 8.4 12.3 -9.4
v 8.6 11.4 -9.4
v 8.6 11.6 -9.4
v 8.6 11.7 -9.4
v 8.7 11.4 -9.4
v 8.7 11.7 -9.4
v 8.9 13 -9.4
v 8.9 13.3 -9.4
v 9 13 -9.4
v 9 13.3 -9.4
v 7 11.4 -9.5
v 7 11.7 -9.5
v 7.1 11.4 -9.5
v 7.1 11.6 -9.5
v 7.1 11.7 -9.5
v 7.5 11.7 -9.5
v 7.5 12 -9.5
v 7.5 12.1 -9.5
v 7.6 11.7 -9.5
v 7.6 12 -9.5
v 7.6 12.1 -9.5
v 8.1 11.7 -9.5
v 8.1 12 -9.5
v 8.1 12.1 -9.5
v 8.2 11.7 -9.5
v 8.2 12 -9.5
v 8.2 12.1 -9.5
v 8.9 13.4 -9.5
v 8.9 13.5 -9.5
v 9 13.4 -9.5
v 9 13.5 -9.5
v 6.5 5.3 0.3
v 6.5 5.4 0.3
v 6.6 5.3 0.3
v 6.6 5.4 0.3
v 0 5.1 0.2
v 0 5.2 0.2
v 2.5 5.1 0.2
v 2.5 5.2 0.2
v 2.5 5.5 0.1
v 2.5 5.6 0.1
v 2.6 5.5 0.1
v 5.6 5.5 0.1
v 5.6 5.6 0.1
v 5.7 5.5 0.1
v 5.7 5.6 0.1
v 6.4 5.5 0.1
v 6.4 5.6 0.1
v 6.6 5.1 0.1
v 6.6 5.2 0.1
v 12.5 5.1 0.1
v 12.5 5.2 0.1
v 12.6 5.1 0.1
v 12.6 5.2 0.1
v 2.2 5.5 -0.3
v 2.2 5.6 -0.3
v 2.5 5.1 -0.3
v 2.5 5.5 -0.3
v 2.6 5.1 -0.3
v 2.6 5.5 -0.3
v 2.6 5.6 -0.3
v 2.8 5.5 -0.3
v 2.8 5.6 -0.3
v 3 5.5 -0.3
v 3 5.6 -0.3
v 3.6 5.5 -0.3
v 3.6 5.6 -0.3
v 3.7 5.5 -0.3
v 3.7 5.6 -0.3
v 4.1 5.5 -0.3
v 4.1 5.6 -0.3
v 4.3 5.5 -0.3
v 4.3 5.6 -0.3
v 4.5 5.5 -0.3
v 4.5 5.6 -0.3
v 4.9 5.5 -0.3
v 4.9 5.6 -0.3
v 5.1 5.5 -0.3
v 5.1 5.6 -0.3
v 5.2 5.5 -0.3
v 5.2 5.6 -0.3
v 5.4 5.5 -0.3
v 5.4 5.6 -0.3
v 5.5 5.5 -0.3
v 5.5 5.6 -0.3
v 5.8 5.5 -0.3
v 5.8 5.6 -0.3
v 6 5.5 -0.3
v 6 5.6 -0.3
v 6.1 5.5 -0.3
v 6.1 5.6 -0.3
v 6.4 5.5 -0.3
v 6.4 5.6 -0.3
v 6.5 5.1 -0.3
v 6.5 5.5 -0.3
v 6.6 5.1 -0.3
v 6.6 5.5 -0.3
v 6.7 5.5 -0.3
v 6.7 5.6 -0.3
v 6.8 5.5 -0.3
v 6.8 5.6 -0.3
v 8.8 5 -2.6
v 8.8 5.1 -2.6
v 8.9 5 -2.6
v 8.9 5.1 -2.6
v 9.3 5 -2.6
v 9.3 5.1 -2.6
v 9.4 5 -2.6
v 9.4 5.1 -2.6
v 5.2 4.8 -3.7
v 5.2 5 -3.7
v 5.2 5.1 -3.7
v 6.2 4.8 -3.7
v 6.2 5 -3.7
v 6.2 5.1 -3.7
v 4.8 9.8 -4.1
v 4.8 11 -4.1
v 4.8 11.1 -4.1
v 4.8 11.4 -4.1
v 4.9 9.8 -4.1
v 4.9 11 -4.1
v 4.9 11.1 -4.1
v 4.9 11.4 -4.1
v 11.7 9.4 -4.1
v 11.7 11.6 -4.1
v 11.8 9.4 -4.1
v 11.8 11.6 -4.1
v 11.9 9.4 -4.1
v 11.9 11.6 -4.1
v 12 9.4 -4.1
v 12 11.6 -4.1
v 0.1 7.3 -4.2
v 0.1 7.4 -4.2
v 0.4 7.3 -4.2
v 0.4 7.4 -4.2
v 0.5 7.3 -4.2
v 0.5 7.4 -4.2
v 1 7.4 -4.2
v 1.2 7.4 -4.2
v 1.6 7.4 -4.2
v 1.7 7.4 -4.2
v 2 7.4 -4.2
v 2.1 7.4 -4.2
v 2.5 7.4 -4.2
v 2.6 7.4 -4.2
v 3.1 7.4 -4.2
v 3.6 7.4 -4.2
v 4.3 7.4 -4.2
v 4.6 7.4 -4.2
v 6 7.3 -4.2
v 6 7.4 -4.2
v 4.8 9.9 -4.3
v 4.8 10 -4.3
v 4.8 10.8 -4.3
v 4.8 11 -4.3
v 4.8 11.1 -4.3
v 4.8 11.2 -4.3
v 5 9.9 -4.3
v 5 10 -4.3
v 5 10.8 -4.3
v 5 11 -4.3
v 5 11.1 -4.3
v 5 11.2 -4.3
v 0.1 7.4 -4.4
v 0.1 7.5 -4.4
v 0.5 7.4 -4.4
v 0.5 7.5 -4.4
v 0.6 7.4 -4.4
v 0.6 7.5 -4.4
v 0.7 7.5 -4.4
v 0.8 7.5 -4.4
v 0.9 7.4 -4.4
v 0.9 7.5 -4.4
v 1 7.4 -4.4
v 1 7.5 -4.4
v 1.7 7.4 -4.4
v 1.7 7.5 -4.4
v 1.8 7.4 -4.4
v 1.8 7.5 -4.4
v 1.9 7.5 -4.4
v 2 7.4 -4.4
v 2 7.5 -4.4
v 2.1 7.4 -4.4
v 2.1 7.5 -4.4
v 2.2 7.5 -4.4
v 2.4 7.4 -4.4
v 2.4 7.5 -4.4
v 2.5 7.4 -4.4
v 2.5 7.5 -4.4
v 3.1 7.4 -4.4
v 3.1 7.5 -4.4
v 3.2 7.4 -4.4
v 3.2 7.5 -4.4
v 3.6 7.4 -4.4
v 3.6 7.5 -4.4
v 3.7 7.4 -4.4
v 3.7 7.5 -4.4
v 4.3 7.4 -4.4
v 4.3 7.5 -4.4
v 4.4 7.4 -4.4
v 4.4 7.5 -4.4
v 4.6 7.4 -4.4
v 4.6 7.5 -4.4
v 4.7 7.5 -4.4
v 4.8 7.4 -4.4
v 4.8 7.5 -4.4
v 4.8 11.2 -4.4
v 4.8 11.3 -4.4
v 4.9 7.5 -4.4
v 5 11.2 -4.4
v 5 11.3 -4.4
v 5.3 7.5 -4.4
v 5.4 7.5 -4.4
v 6 7.4 -4.4
v 6 7.5 -4.4
v 1.8 7.7 -4.5
v 1.8 7.8 -4.5
v 1.9 7.7 -4.5
v 1.9 7.8 -4.5
v 1.9 7.9 -4.5
v 2 7.7 -4.5
v 2 7.9 -4.5
v 2 8 -4.5
v 2.1 7.9 -4.5
v 2.1 8 -4.5
v 2.4 7.7 -4.5
v 2.4 7.8 -4.5
v 2.5 7.8 -4.5
v 2.5 7.9 -4.5
v 2.6 7.7 -4.5
v 2.6 7.9 -4.5
v 2.6 8 -4.5
v 2.7 7.9 -4.5
v 2.7 8 -4.5
v 2.7 8.4 -4.5
v 2.7 8.5 -4.5
v 2.8 8.4 -4.5
v 2.8 8.5 -4.5
v 0.1 7.5 -4.6
v 0.1 7.6 -4.6
v 2 8 -4.6
v 2 8.1 -4.6
v 2 8.2 -4.6
v 2.1 8 -4.6
v 2.1 8.1 -4.6
v 2.1 8.2 -4.6
v 4.8 10.1 -4.6
v 4.8 10.3 -4.6
v 4.8 10.4 -4.6
v 4.8 10.5 -4.6
v 4.8 11.1 -4.6
v 4.8 11.3 -4.6
v 4.8 11.4 -4.6
v 4.9 11.3 -4.6
v 4.9 11.4 -4.6
v 5 10.1 -4.6
v 5 10.3 -4.6
v 5 10.4 -4.6
v 5 10.5 -4.6
v 5 11.1 -4.6
v 5 11.3 -4.6
v 6 7.5 -4.6
v 6 7.6 -4.6
v 9.4 10.8 -4.6
v 9.4 10.9 -4.6
v 9.9 10.9 -4.6
v 10 10.9 -4.6
v 10.1 10.9 -4.6
v 10.2 10.9 -4.6
v 10.6 10.9 -4.6
v 10.7 10.9 -4.6
v 11.1 10.9 -4.6
v 11.2 10.9 -4.6
v 11.5 10.8 -4.6
v 11.5 10.9 -4.6
v 0.1 7.6 -4.7
v 0.1 7.7 -4.7
v 0.7 7.7 -4.7
v 0.8 7.7 -4.7
v 1.4 7.7 -4.7
v 1.5 7.9 -4.7
v 1.5 8 -4.7
v 1.6 7.7 -4.7
v 1.6 7.9 -4.7
v 1.6 8 -4.7
v 1.6 8.1 -4.7
v 1.7 8 -4.7
v 1.7 8.1 -4.7
v 1.7 8.2 -4.7
v 2 7.7 -4.7
v 2 8.1 -4.7
v 2 8.2 -4.7
v 2.1 7.7 -4.7
v 2.1 8.1 -4.7
v 2.1 8.2 -4.7
v 2.2 7.9 -4.7
v 2.2 8 -4.7
v 2.3 7.9 -4.7
v 2.3 8 -4.7
v 2.3 8.1 -4.7
v 2.6 8.1 -4.7
v 2.6 8.2 -4.7
v 2.6 8.4 -4.7
v 2.7 7.9 -4.7
v 2.7 8 -4.7
v 2.7 8.2 -4.7
v 2.7 8.3 -4.7
v 2.7 8.4 -4.7
v 2.8 7.8 -4.7
v 2.8 7.9 -4.7
v 2.8 8 -4.7
v 2.8 8.2 -4.7
v 2.8 8.3 -4.7
v 2.8 8.4 -4.7
v 2.9 7.8 -4.7
v 2.9 8 -4.7
v 2.9 8.2 -4.7
v 2.9 8.3 -4.7
v 3.1 7.7 -4.7
v 3.2 7.7 -4.7
v 4.4 7.7 -4.7
v 4.5 7.7 -4.7
v 4.8 7.7 -4.7
v 4.8 9.8 -4.7
v 4.8 10 -4.7
v 4.9 7.7 -4.7
v 4.9 9.8 -4.7
v 4.9 10 -4.7
v 5.4 7.7 -4.7
v 5.5 7.7 -4.7
v 6 7.6 -4.7
v 6 7.7 -4.7
v 6.4 5.4 -4.7
v 6.4 5.5 -4.7
v 6.4 5.6 -4.7
v 6.4 5.8 -4.7
v 6.4 5.9 -4.7
v 6.4 6.2 -4.7
v 6.4 6.3 -4.7
v 6.5 5.4 -4.7
v 6.5 5.5 -4.7
v 6.5 5.8 -4.7
v 6.5 5.9 -4.7
v 6.5 6 -4.7
v 6.6 5.4 -4.7
v 6.6 5.5 -4.7
v 6.6 5.8 -4.7
v 6.6 5.9 -4.7
v 6.6 6 -4.7
v 6.7 5.4 -4.7
v 6.7 5.5 -4.7
v 6.7 5.6 -4.7
v 6.7 5.7 -4.7
v 6.7 5.8 -4.7
v 6.7 5.9 -4.7
v 6.7 6.2 -4.7
v 6.7 6.3 -4.7
v 9.3 8.8 -4.7
v 9.3 8.9 -4.7
v 9.4 8.8 -4.7
v 9.4 8.9 -4.7
v 9.4 10.9 -4.7
v 9.4 11 -4.7
v 9.5 11 -4.7
v 9.8 11 -4.7
v 9.9 10.9 -4.7
v 9.9 11 -4.7
v 10 10.9 -4.7
v 10 11 -4.7
v 10.1 10.9 -4.7
v 10.1 11 -4.7
v 10.2 10.9 -4.7
v 10.2 11 -4.7
v 10.6 10.9 -4.7
v 10.6 11 -4.7
v 10.7 10.9 -4.7
v 10.7 11 -4.7
v 11.1 10.9 -4.7
v 11.1 11 -4.7
v 11.2 10.9 -4.7
v 11.2 11 -4.7
v 11.3 11 -4.7
v 11.5 10.9 -4.7
v 11.5 11 -4.7
v 12.2 8.8 -4.7
v 12.2 8.9 -4.7
v 12.3 8.8 -4.7
v 12.3 8.9 -4.7
v 2.1 8 -4.8
v 2.1 8.1 -4.8
v 2.3 8 -4.8
v 2.3 8.1 -4.8
v 2.7 8.2 -4.8
v 2.7 8.3 -4.8
v 2.7 8.4 -4.8
v 2.7 8.5 -4.8
v 2.8 8.2 -4.8
v 2.8 8.3 -4.8
v 2.8 8.4 -4.8
v 2.8 8.5 -4.8
v 4.8 10.5 -4.8
v 4.8 10.7 -4.8
v 5 10.5 -4.8
v 5 10.7 -4.8
v 6.7 5.4 -4.8
v 6.7 5.5 -4.8
v 6.7 5.6 -4.8
v 6.7 5.7 -4.8
v 6.7 6.2 -4.8
v 6.7 6.3 -4.8
v 6.8 5.4 -4.8
v 6.8 5.5 -4.8
v 6.8 5.6 -4.8
v 6.8 5.7 -4.8
v 6.8 6.2 -4.8
v 6.8 6.3 -4.8
v 9.4 11 -4.8
v 9.4 11.1 -4.8
v 9.5 11 -4.8
v 9.5 11.1 -4.8
v 9.6 11.1 -4.8
v 9.7 11.1 -4.8
v 9.8 11 -4.8
v 9.8 11.1 -4.8
v 9.9 11 -4.8
v 9.9 11.1 -4.8
v 10.1 11 -4.8
v 10.1 11.1 -4.8
v 10.2 11 -4.8
v 10.2 11.1 -4.8
v 10.4 11.1 -4.8
v 10.5 11.1 -4.8
v 10.6 11 -4.8
v 10.6 11.1 -4.8
v 10.7 11 -4.8
v 10.7 11.1 -4.8
v 10.8 11.1 -4.8
v 11.1 11 -4.8
v 11.1 11.1 -4.8
v 11.2 11.1 -4.8
v 11.3 11 -4.8
v 11.3 11.1 -4.8
v 11.5 11 -4.8
v 11.5 11.1 -4.8
v 4.8 10 -4.9
v 4.8 10.1 -4.9
v 4.8 10.7 -4.9
v 4.8 10.9 -4.9
v 5 10 -4.9
v 5 10.1 -4.9
v 5 10.7 -4.9
v 5 10.9 -4.9
v 6.3 5.4 -4.9
v 6.3 6.2 -4.9
v 6.3 6.3 -4.9
v 6.4 5.4 -4.9
v 6.4 6.2 -4.9
v 6.4 6.3 -4.9
v 6.5 5.1 -4.9
v 6.5 5.4 -4.9
v 6.6 5.1 -4.9
v 6.6 5.4 -4.9
v 6.6 11.2 -4.9
v 6.6 11.3 -4.9
v 8.6 11.2 -4.9
v 8.6 11.3 -4.9
v 9.4 11.1 -4.9
v 9.4 11.2 -4.9
v 9.6 11.1 -4.9
v 9.6 11.2 -4.9
v 9.7 11.1 -4.9
v 9.7 11.2 -4.9
v 9.8 11.1 -4.9
v 9.8 11.2 -4.9
v 10.1 11.1 -4.9
v 10.1 11.2 -4.9
v 10.2 11.1 -4.9
v 10.2 11.2 -4.9
v 10.4 11.1 -4.9
v 10.4 11.2 -4.9
v 10.5 11.1 -4.9
v 10.5 11.2 -4.9
v 10.6 11.1 -4.9
v 10.6 11.2 -4.9
v 10.7 11.2 -4.9
v 10.8 11.1 -4.9
v 10.8 11.2 -4.9
v 10.9 11.2 -4.9
v 11.2 11.1 -4.9
v 11.2 11.2 -4.9
v 11.3 11.1 -4.9
v 11.3 11.2 -4.9
v 11.4 11.2 -4.9
v 11.5 11.1 -4.9
v 11.5 11.2 -4.9
v 0 13.4 -5
v 0 13.5 -5
v 0.1 13.4 -5
v 0.1 13.5 -5
v 4.8 9.9 -5
v 4.8 10 -5
v 4.8 10.1 -5
v 4.8 10.2 -5
v 4.8 10.9 -5
v 4.8 11 -5
v 4.9 11 -5
v 4.9 11.1 -5
v 5 9.9 -5
v 5 10 -5
v 5 10.1 -5
v 5 10.2 -5
v 5 10.9 -5
v 5 11.1 -5
v 6.6 11.4 -5
v 6.6 11.5 -5
v 8.6 11.4 -5
v 8.6 11.5 -5
v 9.3 9 -5
v 9.3 9.1 -5
v 9.4 9 -5
v 9.4 9.1 -5
v 9.5 9.5 -5
v 9.5 9.6 -5
v 9.5 9.7 -5
v 9.5 9.8 -5
v 9.5 9.9 -5
v 9.5 10 -5
v 9.5 10.1 -5
v 9.5 10.2 -5
v 9.6 9.5 -5
v 9.8 9.5 -5
v 10.1 9.5 -5
v 10.1 9.6 -5
v 10.1 9.7 -5
v 10.1 9.8 -5
v 10.1 9.9 -5
v 10.1 10 -5
v 10.1 10.1 -5
v 10.1 10.2 -5
v 11.7 9.3 -5
v 11.7 11.7 -5
v 11.8 9.3 -5
v 11.8 9.4 -5
v 11.8 9.7 -5
v 11.8 9.8 -5
v 11.8 11.5 -5
v 11.8 11.6 -5
v 11.8 11.7 -5
v 11.9 9.3 -5
v 11.9 9.4 -5
v 11.9 9.7 -5
v 11.9 9.8 -5
v 11.9 11.5 -5
v 11.9 11.6 -5
v 11.9 11.7 -5
v 12 9.3 -5
v 12 11.7 -5
v 12.2 9 -5
v 12.2 9.1 -5
v 12.3 9 -5
v 12.3 9.1 -5
v 6.2 5.2 -5.1
v 6.2 6.2 -5.1
v 6.2 6.3 -5.1
v 6.3 5.2 -5.1
v 6.3 6.2 -5.1
v 6.3 6.3 -5.1
v 6.4 9.8 -5.1
v 6.4 10.4 -5.1
v 6.5 10.1 -5.1
v 6.5 10.2 -5.1
v 6.5 11.2 -5.1
v 6.5 11.4 -5.1
v 6.6 9.8 -5.1
v 6.6 10.1 -5.1
v 6.6 10.2 -5.1
v 6.6 10.4 -5.1
v 6.7 9.9 -5.1
v 6.7 10.1 -5.1
v 6.7 10.2 -5.1
v 6.7 10.4 -5.1
v 6.8 5.2 -5.1
v 6.8 6.2 -5.1
v 6.8 6.3 -5.1
v 6.8 10 -5.1
v 6.8 10.1 -5.1
v 6.8 11.2 -5.1
v 6.8 11.3 -5.1
v 6.9 5.2 -5.1
v 6.9 6.2 -5.1
v 6.9 6.3 -5.1
v 6.9 10 -5.1
v 6.9 10.1 -5.1
v 6.9 11.2 -5.1
v 6.9 11.3 -5.1
v 7 9.8 -5.1
v 7 9.9 -5.1
v 7 10.3 -5.1
v 7 10.4 -5.1
v 7.1 10.2 -5.1
v 7.1 10.3 -5.1
v 7.1 10.4 -5.1
v 7.2 10.2 -5.1
v 7.2 10.3 -5.1
v 7.2 10.4 -5.1
v 7.3 9.8 -5.1
v 7.3 10 -5.1
v 7.3 10.2 -5.1
v 7.3 10.3 -5.1
v 7.3 10.4 -5.1
v 7.4 9.8 -5.1
v 7.4 10 -5.1
v 7.4 10.1 -5.1
v 7.4 10.2 -5.1
v 7.4 10.3 -5.1
v 7.5 10 -5.1
v 7.5 10.1 -5.1
v 7.5 10.2 -5.1
v 7.5 10.4 -5.1
v 7.6 10.2 -5.1
v 7.6 10.4 -5.1
v 7.7 9.8 -5.1
v 7.7 9.9 -5.1
v 7.8 10.2 -5.1
v 7.8 10.4 -5.1
v 7.9 9.8 -5.1
v 7.9 9.9 -5.1
v 7.9 10.1 -5.1
v 7.9 10.3 -5.1
v 7.9 10.4 -5.1
v 8 9.9 -5.1
v 8 10.1 -5.1
v 8.1 10.2 -5.1
v 8.1 10.3 -5.1
v 8.3 9.8 -5.1
v 8.3 9.9 -5.1
v 8.3 10.3 -5.1
v 8.3 10.4 -5.1
v 8.3 11.2 -5.1
v 8.3 11.3 -5.1
v 8.4 9.8 -5.1
v 8.4 9.9 -5.1
v 8.4 10 -5.1
v 8.4 11.2 -5.1
v 8.4 11.3 -5.1
v 8.5 9.9 -5.1
v 8.5 10 -5.1
v 8.5 10.1 -5.1
v 8.6 9.9 -5.1
v 8.6 10 -5.1
v 8.6 10.1 -5.1
v 8.6 10.2 -5.1
v 8.6 10.3 -5.1
v 8.7 9.8 -5.1
v 8.7 9.9 -5.1
v 8.7 10 -5.1
v 8.7 10.1 -5.1
v 8.7 10.2 -5.1
v 8.7 10.4 -5.1
v 8.7 11.2 -5.1
v 8.7 11.4 -5.1
v 8.8 9.8 -5.1
v 8.8 9.9 -5.1
v 8.8 10.4 -5.1
v 9.2 8.8 -5.1
v 9.2 9 -5.1
v 9.3 8.9 -5.1
v 9.3 9 -5.1
v 9.4 8.9 -5.1
v 9.4 9 -5.1
v 9.5 8.8 -5.1
v 9.5 9 -5.1
v 9.6 10.3 -5.1
v 9.6 10.4 -5.1
v 9.7 10.3 -5.1
v 9.7 10.4 -5.1
v 12.1 8.8 -5.1
v 12.1 9 -5.1
v 12.2 8.9 -5.1
v 12.2 9 -5.1
v 12.3 8.9 -5.1
v 12.3 9 -5.1
v 12.4 8.8 -5.1
v 12.4 9 -5.1
v 0.8 8.3 -5.2
v 0.8 8.4 -5.2
v 0.8 8.5 -5.2
v 0.8 8.6 -5.2
v 0.9 8.3 -5.2
v 0.9 8.4 -5.2
v 0.9 8.5 -5.2
v 0.9 8.6 -5.2
v 3.7 8.3 -5.2
v 3.7 8.4 -5.2
v 3.7 8.5 -5.2
v 3.7 8.6 -5.2
v 3.8 8.3 -5.2
v 3.8 8.4 -5.2
v 3.8 8.5 -5.2
v 3.8 8.6 -5.2
v 4.8 9.8 -5.2
v 4.8 10.5 -5.2
v 4.8 10.6 -5.2
v 4.8 11.4 -5.2
v 4.9 9.8 -5.2
v 4.9 10.5 -5.2
v 4.9 10.6 -5.2
v 4.9 11.4 -5.2
v 5.3 8.9 -5.2
v 5.3 9 -5.2
v 5.3 10.4 -5.2
v 5.3 10.5 -5.2
v 5.4 8.9 -5.2
v 5.4 9 -5.2
v 5.4 10.4 -5.2
v 5.4 10.5 -5.2
v 5.6 8.9 -5.2
v 5.6 9 -5.2
v 5.6 10.4 -5.2
v 5.6 10.5 -5.2
v 5.7 8.9 -5.2
v 5.7 9 -5.2
v 5.7 10.4 -5.2
v 5.7 10.5 -5.2
v 6.3 5.1 -5.2
v 6.3 5.2 -5.2
v 6.3 6.2 -5.2
v 6.3 6.3 -5.2
v 6.4 5.1 -5.2
v 6.4 5.2 -5.2
v 6.4 6.2 -5.2
v 6.4 6.3 -5.2
v 6.6 10.1 -5.2
v 6.6 10.2 -5.2
v 6.7 5.1 -5.2
v 6.7 5.2 -5.2
v 6.7 6.2 -5.2
v 6.7 6.3 -5.2
v 6.8 5.1 -5.2
v 6.8 5.2 -5.2
v 6.8 6.2 -5.2
v 6.8 6.3 -5.2
v 7.3 8.3 -5.2
v 7.3 8.4 -5.2
v 7.4 8.3 -5.2
v 7.4 8.4 -5.2
v 8.6 10.1 -5.2
v 8.6 10.2 -5.2
v 9.4 12.3 -5.2
v 9.4 12.4 -5.2
v 9.4 12.5 -5.2
v 9.4 12.6 -5.2
v 9.9 12.3 -5.2
v 9.9 12.4 -5.2
v 9.9 12.5 -5.2
v 9.9 12.6 -5.2
v 11.2 9 -5.2
v 11.2 9.1 -5.2
v 11.3 9 -5.2
v 11.3 9.1 -5.2
v 0.1 8.4 -5.3
v 0.1 8.5 -5.3
v 0.1 8.6 -5.3
v 0.1 8.7 -5.3
v 0.4 8.4 -5.3
v 0.4 8.5 -5.3
v 0.5 8.4 -5.3
v 0.5 8.5 -5.3
v 0.6 8.6 -5.3
v 0.6 8.7 -5.3
v 0.7 8.6 -5.3
v 0.7 8.7 -5.3
v 0.8 8.4 -5.3
v 0.8 8.5 -5.3
v 0.8 8.6 -5.3
v 0.8 8.7 -5.3
v 0.9 8.4 -5.3
v 0.9 8.5 -5.3
v 0.9 8.6 -5.3
v 0.9 8.7 -5.3
v 1.1 8.6 -5.3
v 1.1 8.7 -5.3
v 1.2 8.6 -5.3
v 1.2 8.7 -5.3
v 1.6 8.4 -5.3
v 1.6 8.5 -5.3
v 1.7 8.4 -5.3
v 1.7 8.5 -5.3
v 1.9 8.6 -5.3
v 1.9 8.7 -5.3
v 2 8.6 -5.3
v 2 8.7 -5.3
v 2.1 8.4 -5.3
v 2.1 8.5 -5.3
v 2.2 8.6 -5.3
v 2.2 8.7 -5.3
v 2.4 8.4 -5.3
v 2.4 8.5 -5.3
v 2.4 8.6 -5.3
v 2.4 8.7 -5.3
v 2.5 8.4 -5.3
v 2.5 8.5 -5.3
v 2.8 9 -5.3
v 2.8 9.1 -5.3
v 2.8 9.2 -5.3
v 2.8 9.3 -5.3
v 3 8.6 -5.3
v 3 8.7 -5.3
v 3.1 8.4 -5.3
v 3.1 8.5 -5.3
v 3.1 9 -5.3
v 3.1 9.1 -5.3
v 3.1 9.2 -5.3
v 3.1 9.3 -5.3
v 3.2 8.4 -5.3
v 3.2 8.5 -5.3
v 3.2 8.6 -5.3
v 3.2 8.7 -5.3
v 3.2 9 -5.3
v 3.2 9.1 -5.3
v 3.2 9.2 -5.3
v 3.2 9.3 -5.3
v 3.4 8.6 -5.3
v 3.4 8.7 -5.3
v 3.5 8.6 -5.3
v 3.5 8.7 -5.3
v 3.7 8.4 -5.3
v 3.7 8.5 -5.3
v 3.7 8.6 -5.3
v 3.7 8.7 -5.3
v 3.8 8.4 -5.3
v 3.8 8.5 -5.3
v 3.8 8.6 -5.3
v 3.8 8.7 -5.3
v 4 8.4 -5.3
v 4 8.5 -5.3
v 4.3 8.4 -5.3
v 4.3 8.5 -5.3
v 4.4 8.6 -5.3
v 4.4 8.7 -5.3
v 4.4 9.2 -5.3
v 4.4 9.3 -5.3
v 4.5 8.6 -5.3
v 4.5 8.7 -5.3
v 4.5 9 -5.3
v 4.5 9.1 -5.3
v 4.5 9.2 -5.3
v 4.5 9.3 -5.3
v 4.6 9 -5.3
v 4.6 9.1 -5.3
v 4.9 8.4 -5.3
v 4.9 8.5 -5.3
v 5 8.4 -5.3
v 5 8.5 -5.3
v 5 8.6 -5.3
v 5 8.7 -5.3
v 5 9 -5.3
v 5 9.1 -5.3
v 5 9.2 -5.3
v 5 9.3 -5.3
v 5.1 8.6 -5.3
v 5.1 8.7 -5.3
v 5.2 8.4 -5.3
v 5.2 8.5 -5.3
v 5.2 8.9 -5.3
v 5.2 9 -5.3
v 5.2 10.4 -5.3
v 5.2 10.5 -5.3
v 5.3 8.9 -5.3
v 5.3 9 -5.3
v 5.3 10.4 -5.3
v 5.3 10.5 -5.3
v 5.4 8.7 -5.3
v 5.4 8.9 -5.3
v 5.4 9 -5.3
v 5.4 9.1 -5.3
v 5.4 9.2 -5.3
v 5.4 9.3 -5.3
v 5.4 9.4 -5.3
v 5.4 9.6 -5.3
v 5.4 9.8 -5.3
v 5.4 10.4 -5.3
v 5.4 10.5 -5.3
v 5.4 10.7 -5.3
v 5.4 10.8 -5.3
v 5.4 11.1 -5.3
v 5.4 11.5 -5.3
v 5.5 9.1 -5.3
v 5.5 9.2 -5.3
v 5.5 9.3 -5.3
v 5.5 9.4 -5.3
v 5.5 9.6 -5.3
v 5.5 9.8 -5.3
v 5.5 10.5 -5.3
v 5.5 10.7 -5.3
v 5.5 11.1 -5.3
v 5.5 11.5 -5.3
v 5.6 8.6 -5.3
v 5.6 8.9 -5.3
v 5.6 9 -5.3
v 5.6 9.3 -5.3
v 5.6 9.6 -5.3
v 5.6 10.4 -5.3
v 5.6 10.5 -5.3
v 5.6 10.7 -5.3
v 5.6 10.8 -5.3
v 5.6 11.5 -5.3
v 5.7 8.5 -5.3
v 5.7 8.9 -5.3
v 5.7 9 -5.3
v 5.7 9.3 -5.3
v 5.7 9.4 -5.3
v 5.7 9.9 -5.3
v 5.7 10 -5.3
v 5.7 10.4 -5.3
v 5.7 10.5 -5.3
v 5.7 10.6 -5.3
v 5.7 10.7 -5.3
v 5.7 11.4 -5.3
v 5.8 8.4 -5.3
v 5.8 8.5 -5.3
v 5.8 9.3 -5.3
v 5.8 9.4 -5.3
v 5.8 9.5 -5.3
v 5.8 9.8 -5.3
v 5.8 9.9 -5.3
v 5.8 10 -5.3
v 5.8 10.2 -5.3
v 5.8 10.8 -5.3
v 5.8 11.1 -5.3
v 5.9 8.6 -5.3
v 5.9 8.9 -5.3
v 5.9 9 -5.3
v 5.9 9.3 -5.3
v 5.9 9.4 -5.3
v 5.9 9.5 -5.3
v 5.9 9.8 -5.3
v 5.9 9.9 -5.3
v 5.9 10 -5.3
v 5.9 10.2 -5.3
v 5.9 10.4 -5.3
v 5.9 10.5 -5.3
v 5.9 10.6 -5.3
v 5.9 10.7 -5.3
v 5.9 10.8 -5.3
v 5.9 11.1 -5.3
v 5.9 11.4 -5.3
v 6 8.5 -5.3
v 6 8.6 -5.3
v 6 8.9 -5.3
v 6 9 -5.3
v 6 10.4 -5.3
v 6 10.5 -5.3
v 6.2 8.4 -5.3
v 6.2 8.5 -5.3
v 6.2 8.6 -5.3
v 6.3 8.4 -5.3
v 6.3 8.5 -5.3
v 6.4 5.1 -5.3
v 6.4 5.2 -5.3
v 6.4 6.2 -5.3
v 6.4 6.3 -5.3
v 6.5 5.1 -5.3
v 6.5 5.2 -5.3
v 6.5 6.2 -5.3
v 6.6 5.1 -5.3
v 6.6 5.2 -5.3
v 6.6 6.2 -5.3
v 6.6 8.4 -5.3
v 6.6 8.5 -5.3
v 6.7 5.1 -5.3
v 6.7 5.2 -5.3
v 6.7 6.2 -5.3
v 6.7 6.3 -5.3
v 6.7 11.2 -5.3
v 6.7 11.3 -5.3
v 6.8 8.4 -5.3
v 6.8 8.5 -5.3
v 6.9 8.5 -5.3
v 6.9 8.6 -5.3
v 7 8.4 -5.3
v 7 8.5 -5.3
v 7 11.2 -5.3
v 7 11.3 -5.3
v 7.1 8.5 -5.3
v 7.1 8.6 -5.3
v 7.2 6.3 -5.3
v 7.2 6.4 -5.3
v 7.2 8.4 -5.3
v 7.2 8.5 -5.3
v 7.3 8.4 -5.3
v 7.3 8.5 -5.3
v 7.3 8.6 -5.3
v 7.3 8.7 -5.3
v 7.4 6.3 -5.3
v 7.4 6.4 -5.3
v 7.4 8.4 -5.3
v 7.4 8.5 -5.3
v 7.4 8.6 -5.3
v 7.4 8.7 -5.3
v 7.9 8.4 -5.3
v 7.9 8.5 -5.3
v 8 8.4 -5.3
v 8 8.5 -5.3
v 8.2 8.5 -5.3
v 8.2 8.6 -5.3
v 8.2 11.2 -5.3
v 8.2 11.3 -5.3
v 8.4 8.4 -5.3
v 8.4 8.5 -5.3
v 8.4 8.6 -5.3
v 8.5 8.4 -5.3
v 8.5 8.5 -5.3
v 8.5 11.2 -5.3
v 8.5 11.3 -5.3
v 8.7 8.4 -5.3
v 8.7 8.5 -5.3
v 8.8 8.6 -5.3
v 8.8 8.7 -5.3
v 8.8 9 -5.3
v 8.8 9.3 -5.3
v 8.9 8.4 -5.3
v 8.9 8.5 -5.3
v 8.9 8.7 -5.3
v 8.9 9 -5.3
v 8.9 9.1 -5.3
v 9 8.4 -5.3
v 9 9 -5.3
v 9 9.1 -5.3
v 9 9.2 -5.3
v 9 9.3 -5.3
v 9.1 9.2 -5.3
v 9.1 9.3 -5.3
v 9.5 10.7 -5.3
v 9.5 10.8 -5.3
v 9.6 9.1 -5.3
v 9.6 9.2 -5.3
v 9.6 10.5 -5.3
v 9.6 10.6 -5.3
v 9.6 10.7 -5.3
v 9.6 10.8 -5.3
v 9.7 9.2 -5.3
v 9.7 9.3 -5.3
v 9.7 10.3 -5.3
v 9.7 10.5 -5.3
v 9.7 10.6 -5.3
v 9.7 10.7 -5.3
v 9.8 9.1 -5.3
v 9.8 9.2 -5.3
v 9.8 10.4 -5.3
v 9.8 10.5 -5.3
v 9.8 10.6 -5.3
v 9.8 10.7 -5.3
v 9.9 9.1 -5.3
v 9.9 9.2 -5.3
v 9.9 9.3 -5.3
v 9.9 10.3 -5.3
v 9.9 10.4 -5.3
v 9.9 10.5 -5.3
v 9.9 10.6 -5.3
v 9.9 10.7 -5.3
v 9.9 10.8 -5.3
v 10 9.1 -5.3
v 10 9.2 -5.3
v 10 10.4 -5.3
v 10 10.5 -5.3
v 10 10.7 -5.3
v 10 10.8 -5.3
v 10.3 10.3 -5.3
v 10.3 10.4 -5.3
v 10.4 9.2 -5.3
v 10.4 9.3 -5.3
v 10.4 10.3 -5.3
v 10.4 10.4 -5.3
v 10.4 10.5 -5.3
v 10.5 9.1 -5.3
v 10.5 9.2 -5.3
v 10.5 9.3 -5.3
v 10.5 10.3 -5.3
v 10.5 10.4 -5.3
v 10.6 9.1 -5.3
v 10.6 9.2 -5.3
v 10.8 9.1 -5.3
v 10.8 9.2 -5.3
v 10.8 9.3 -5.3
v 11 9.1 -5.3
v 11 9.2 -5.3
v 11.1 9.1 -5.3
v 11.1 9.3 -5.3
v 11.2 8.8 -5.3
v 11.2 8.9 -5.3
v 11.2 9.1 -5.3
v 11.2 9.2 -5.3
v 11.2 9.3 -5.3
v 11.2 9.4 -5.3
v 11.3 8.8 -5.3
v 11.3 8.9 -5.3
v 11.3 9.1 -5.3
v 11.3 9.2 -5.3
v 11.3 9.3 -5.3
v 11.3 9.4 -5.3
v 11.5 9.2 -5.3
v 11.5 9.3 -5.3
v 11.6 9.1 -5.3
v 11.6 9.2 -5.3
v 11.6 9.3 -5.3
v 11.8 9.1 -5.3
v 11.8 9.2 -5.3
v 12.3 9.1 -5.3
v 12.3 9.2 -5.3
v 12.5 9.1 -5.3
v 12.5 9.2 -5.3
v 12.5 9.3 -5.3
v 12.6 9.1 -5.3
v 12.6 9.3 -5.3
v 5.7 11.4 -5.4
v 5.7 11.5 -5.4
v 5.9 11.4 -5.4
v 5.9 11.5 -5.4
v 11.7 11.8 -5.4
v 11.7 11.9 -5.4
v 11.8 11.8 -5.4
v 11.8 11.9 -5.4
v 0.1 6.3 -5.5
v 0.1 7.3 -5.5
v 0.1 7.7 -5.5
v 0.2 6.3 -5.5
v 0.2 6.4 -5.5
v 0.2 6.6 -5.5
v 0.2 6.7 -5.5
v 0.3 6.4 -5.5
v 0.3 6.5 -5.5
v 0.3 6.6 -5.5
v 0.3 6.7 -5.5
v 0.3 6.8 -5.5
v 0.3 7.2 -5.5
v 0.3 7.6 -5.5
v 0.4 6.3 -5.5
v 0.4 6.5 -5.5
v 0.4 6.7 -5.5
v 0.4 6.8 -5.5
v 0.4 6.9 -5.5
v 0.4 7.1 -5.5
v 0.4 7.2 -5.5
v 0.4 7.6 -5.5
v 0.5 6.8 -5.5
v 0.5 6.9 -5.5
v 0.5 7 -5.5
v 0.5 7.1 -5.5
v 0.5 7.2 -5.5
v 0.6 6.3 -5.5
v 0.6 6.4 -5.5
v 0.6 6.9 -5.5
v 0.6 7 -5.5
v 0.6 7.6 -5.5
v 0.7 6.4 -5.5
v 0.7 6.8 -5.5
v 0.7 6.9 -5.5
v 0.7 7 -5.5
v 0.7 7.6 -5.5
v 0.8 6.8 -5.5
v 0.8 6.9 -5.5
v 0.8 7 -5.5
v 0.8 7.1 -5.5
v 0.8 7.3 -5.5
v 0.9 6.8 -5.5
v 0.9 6.9 -5.5
v 0.9 7.1 -5.5
v 0.9 7.2 -5.5
v 0.9 7.3 -5.5
v 0.9 7.6 -5.5
v 1 6.8 -5.5
v 1 7.2 -5.5
v 1 7.6 -5.5
v 1.1 6.3 -5.5
v 1.1 6.8 -5.5
v 1.2 6.3 -5.5
v 1.2 7.7 -5.5
v 1.3 6.3 -5.5
v 1.3 7.7 -5.5
v 1.5 7.4 -5.5
v 1.5 7.5 -5.5
v 1.6 6.3 -5.5
v 1.6 6.4 -5.5
v 1.6 7.2 -5.5
v 1.6 7.4 -5.5
v 1.6 7.5 -5.5
v 1.7 6.4 -5.5
v 1.7 6.5 -5.5
v 1.7 6.6 -5.5
v 1.7 6.8 -5.5
v 1.7 7.3 -5.5
v 1.7 7.4 -5.5
v 1.8 6.4 -5.5
v 1.8 6.5 -5.5
v 1.8 6.7 -5.5
v 1.8 6.8 -5.5
v 1.8 7.2 -5.5
v 1.9 6.3 -5.5
v 1.9 6.4 -5.5
v 1.9 6.8 -5.5
v 1.9 7.2 -5.5
v 1.9 7.3 -5.5
v 1.9 7.6 -5.5
v 2 7.3 -5.5
v 2 7.6 -5.5
v 2.1 6.8 -5.5
v 2.1 7.1 -5.5
v 2.2 6.3 -5.5
v 2.2 6.4 -5.5
v 2.2 6.8 -5.5
v 2.2 7.1 -5.5
v 2.4 6.6 -5.5
v 2.4 6.7 -5.5
v 2.4 6.9 -5.5
v 2.4 7.2 -5.5
v 2.4 7.3 -5.5
v 2.4 7.4 -5.5
v 2.5 6.3 -5.5
v 2.5 6.4 -5.5
v 2.5 6.7 -5.5
v 2.5 6.9 -5.5
v 2.5 7.3 -5.5
v 2.5 7.4 -5.5
v 2.7 6.3 -5.5
v 2.7 7.7 -5.5
v 2.8 6.3 -5.5
v 2.8 7.7 -5.5
v 2.9 6.3 -5.5
v 2.9 6.4 -5.5
v 2.9 6.9 -5.5
v 2.9 7 -5.5
v 2.9 7.1 -5.5
v 2.9 7.2 -5.5
v 3.1 6.3 -5.5
v 3.1 6.4 -5.5
v 3.1 6.6 -5.5
v 3.1 6.7 -5.5
v 3.1 7.4 -5.5
v 3.1 7.5 -5.5
v 3.2 6.3 -5.5
v 3.2 6.5 -5.5
v 3.2 6.6 -5.5
v 3.2 6.7 -5.5
v 3.2 6.8 -5.5
v 3.3 6.4 -5.5
v 3.3 6.5 -5.5
v 3.3 7.2 -5.5
v 3.3 7.4 -5.5
v 3.4 6.7 -5.5
v 3.4 6.8 -5.5
v 3.4 6.9 -5.5
v 3.4 7.2 -5.5
v 3.4 7.4 -5.5
v 3.5 6.3 -5.5
v 3.5 6.4 -5.5
v 3.5 6.8 -5.5
v 3.5 6.9 -5.5
v 3.5 7 -5.5
v 3.5 7.1 -5.5
v 3.5 7.5 -5.5
v 3.5 7.7 -5.5
v 3.6 6.8 -5.5
v 3.6 6.9 -5.5
v 3.6 7 -5.5
v 3.6 7.1 -5.5
v 3.6 7.5 -5.5
v 3.6 7.7 -5.5
v 3.6 10.7 -5.5
v 3.6 11.9 -5.5
v 3.7 6.3 -5.5
v 3.7 6.6 -5.5
v 3.7 6.7 -5.5
v 3.7 6.8 -5.5
v 3.7 6.9 -5.5
v 3.7 7.2 -5.5
v 3.7 7.4 -5.5
v 3.8 6.4 -5.5
v 3.8 6.6 -5.5
v 3.8 7.2 -5.5
v 3.8 7.4 -5.5
v 3.9 6.3 -5.5
v 3.9 6.4 -5.5
v 3.9 6.6 -5.5
v 3.9 6.7 -5.5
v 3.9 6.8 -5.5
v 4 6.6 -5.5
v 4 6.7 -5.5
v 4 7.4 -5.5
v 4 7.5 -5.5
v 4 10.7 -5.5
v 4 11.9 -5.5
v 4.1 6.3 -5.5
v 4.1 6.4 -5.5
v 4.1 6.9 -5.5
v 4.1 7 -5.5
v 4.1 7.1 -5.5
v 4.1 7.2 -5.5
v 4.2 6.3 -5.5
v 4.2 6.4 -5.5
v 4.3 6.3 -5.5
v 4.3 7.7 -5.5
v 4.4 6.8 -5.5
v 4.4 7.7 -5.5
v 4.5 6.8 -5.5
v 4.8 6.8 -5.5
v 4.8 6.9 -5.5
v 4.8 7.3 -5.5
v 4.8 7.4 -5.5
v 4.9 6.3 -5.5
v 4.9 6.8 -5.5
v 4.9 6.9 -5.5
v 4.9 7 -5.5
v 5 6.3 -5.5
v 5 6.4 -5.5
v 5 6.9 -5.5
v 5 7 -5.5
v 5 7.1 -5.5
v 5.1 6.4 -5.5
v 5.1 6.5 -5.5
v 5.1 7 -5.5
v 5.1 7.1 -5.5
v 5.1 7.2 -5.5
v 5.1 7.4 -5.5
v 5.1 7.6 -5.5
v 5.2 6.3 -5.5
v 5.2 6.5 -5.5
v 5.2 6.9 -5.5
v 5.2 7.1 -5.5
v 5.2 7.2 -5.5
v 5.2 7.3 -5.5
v 5.2 7.4 -5.5
v 5.2 7.6 -5.5
v 5.3 6.6 -5.5
v 5.3 6.9 -5.5
v 5.3 7.3 -5.5
v 5.4 6.6 -5.5
v 5.4 6.9 -5.5
v 5.5 6.3 -5.5
v 5.5 6.4 -5.5
v 5.5 6.8 -5.5
v 5.5 7.2 -5.5
v 5.6 6.8 -5.5
v 5.6 7.2 -5.5
v 5.7 6.3 -5.5
v 5.7 6.4 -5.5
v 5.7 6.6 -5.5
v 5.7 7.1 -5.5
v 5.8 6.6 -5.5
v 5.8 7.1 -5.5
v 5.8 7.3 -5.5
v 5.8 7.4 -5.5
v 5.9 6.3 -5.5
v 5.9 7.7 -5.5
v 10.4 12.8 -5.5
v 10.4 12.9 -5.5
v 11.2 12.8 -5.5
v 11.2 12.9 -5.5
v 1 5.4 -5.6
v 1 5.5 -5.6
v 1 6 -5.6
v 1 6.1 -5.6
v 1.1 5.5 -5.6
v 1.1 5.9 -5.6
v 1.1 6 -5.6
v 1.1 6.1 -5.6
v 1.2 5.5 -5.6
v 1.2 5.9 -5.6
v 1.3 5.5 -5.6
v 1.3 5.9 -5.6
v 1.5 5.4 -5.6
v 1.5 5.5 -5.6
v 2.9 10.7 -5.6
v 2.9 11.9 -5.6
v 3.6 10.7 -5.6
v 3.6 11.9 -5.6
v 4 10.7 -5.6
v 4 11.9 -5.6
v 4.7 10.7 -5.6
v 4.7 11.9 -5.6
v 9.3 13.9 -5.6
v 9.3 14 -5.6
v 9.3 14.1 -5.6
v 10.4 12.9 -5.6
v 10.4 13.4 -5.6
v 11.2 12.9 -5.6
v 11.2 13.4 -5.6
v 12.5 13.9 -5.6
v 12.5 14 -5.6
v 12.6 13.9 -5.6
v 12.6 14 -5.6
v 12.6 14.1 -5.6
v 1 6.1 -5.7
v 1 6.8 -5.7
v 1.1 6.1 -5.7
v 1.1 6.8 -5.7
v 2.8 12.2 -5.7
v 2.8 12.3 -5.7
v 2.8 12.4 -5.7
v 4.8 12.2 -5.7
v 4.8 12.3 -5.7
v 4.8 12.4 -5.7
v 10.4 12.4 -5.7
v 10.4 12.5 -5.7
v 10.5 12.2 -5.7
v 10.5 12.3 -5.7
v 10.5 12.5 -5.7
v 10.6 12.2 -5.7
v 10.6 12.3 -5.7
v 10.6 12.4 -5.7
v 10.6 12.5 -5.7
v 0 8.8 -5.8
v 0 8.9 -5.8
v 0 9 -5.8
v 0.1 8.8 -5.8
v 0.1 8.9 -5.8
v 1.2 5.9 -5.8
v 1.2 6 -5.8
v 1.3 5.9 -5.8
v 1.3 6 -5.8
v 2.6 8.8 -5.8
v 2.6 8.9 -5.8
v 2.6 9 -5.8
v 10.5 12.1 -5.8
v 10.5 12.2 -5.8
v 10.5 12.5 -5.8
v 10.5 12.7 -5.8
v 10.6 12.1 -5.8
v 10.6 12.2 -5.8
v 10.6 12.3 -5.8
v 10.6 12.4 -5.8
v 10.6 12.5 -5.8
v 10.6 12.7 -5.8
v 10.6 12.8 -5.8
v 10.7 12.2 -5.8
v 10.7 12.3 -5.8
v 10.7 12.4 -5.8
v 10.7 12.7 -5.8
v 10.7 12.8 -5.8
v 10.8 12.7 -5.8
v 10.8 12.8 -5.8
v 10.9 12.2 -5.8
v 10.9 12.3 -5.8
v 10.9 12.4 -5.8
v 10.9 12.7 -5.8
v 10.9 12.8 -5.8
v 11 12.1 -5.8
v 11 12.2 -5.8
v 11 12.5 -5.8
v 11 12.7 -5.8
v 11.1 12.1 -5.8
v 11.1 12.3 -5.8
v 11.1 12.4 -5.8
v 11.1 12.5 -5.8
v 0.4 5.1 -5.9
v 0.4 5.2 -5.9
v 0.7 5.1 -5.9
v 0.7 5.2 -5.9
v 0.7 5.9 -5.9
v 0.8 5.1 -5.9
v 0.8 5.2 -5.9
v 0.8 5.9 -5.9
v 1.1 5.1 -5.9
v 1.1 5.2 -5.9
v 2.3 5.1 -5.9
v 2.3 5.2 -5.9
v 2.6 5.1 -5.9
v 2.6 5.2 -5.9
v 2.6 5.9 -5.9
v 2.7 5.1 -5.9
v 2.7 5.2 -5.9
v 2.7 5.9 -5.9
v 3 5.1 -5.9
v 3 5.2 -5.9
v 4.3 5.1 -5.9
v 4.3 5.2 -5.9
v 4.6 5.1 -5.9
v 4.6 5.2 -5.9
v 4.6 5.9 -5.9
v 4.7 5.1 -5.9
v 4.7 5.2 -5.9
v 4.7 5.9 -5.9
v 5 5.1 -5.9
v 5 5.2 -5.9
v 5.1 11.4 -5.9
v 5.1 11.6 -5.9
v 5.1 11.7 -5.9
v 5.4 11.4 -5.9
v 5.4 11.5 -5.9
v 5.4 11.6 -5.9
v 5.4 11.7 -5.9
v 6 11.4 -5.9
v 6 11.6 -5.9
v 6 11.7 -5.9
v 9 11.4 -5.9
v 9 11.6 -5.9
v 9 11.7 -5.9
v 0.3 6.1 -6.1
v 0.3 6.8 -6.1
v 0.4 6 -6.1
v 0.4 6.1 -6.1
v 0.5 6 -6.1
v 0.5 6.1 -6.1
v 0.7 6.1 -6.1
v 0.7 6.8 -6.1
v 2.3 6 -6.1
v 2.3 6.1 -6.1
v 2.4 6 -6.1
v 2.4 6.1 -6.1
v 2.9 6 -6.1
v 2.9 6.1 -6.1
v 3 6 -6.1
v 3 6.1 -6.1
v 4.3 6 -6.1
v 4.3 6.1 -6.1
v 4.4 6 -6.1
v 4.4 6.1 -6.1
v 4.9 6 -6.1
v 4.9 6.1 -6.1
v 5 6 -6.1
v 5 6.1 -6.1
v 0.3 5.9 -6.2
v 0.3 6 -6.2
v 0.4 5.9 -6.2
v 0.4 6 -6.2
v 0.5 6 -6.2
v 0.5 6.1 -6.2
v 0.7 5.1 -6.2
v 0.7 5.2 -6.2
v 0.7 6 -6.2
v 0.7 6.1 -6.2
v 0.8 5.1 -6.2
v 0.8 5.2 -6.2
v 1 6 -6.2
v 1 6.1 -6.2
v 1 6.8 -6.2
v 1.1 6.1 -6.2
v 1.1 6.8 -6.2
v 2.2 5.9 -6.2
v 2.2 6 -6.2
v 2.3 5.9 -6.2
v 2.3 6 -6.2
v 2.4 6 -6.2
v 2.4 6.1 -6.2
v 2.6 5.1 -6.2
v 2.6 5.2 -6.2
v 2.7 5.1 -6.2
v 2.7 5.2 -6.2
v 2.8 5.9 -6.2
v 2.8 6 -6.2
v 2.9 6 -6.2
v 2.9 6.1 -6.2
v 3 5.9 -6.2
v 3 6 -6.2
v 3.1 5.9 -6.2
v 3.1 6 -6.2
v 4.2 5.9 -6.2
v 4.2 6 -6.2
v 4.3 5.9 -6.2
v 4.3 6 -6.2
v 4.3 6.1 -6.2
v 4.3 6.8 -6.2
v 4.4 6 -6.2
v 4.4 6.1 -6.2
v 4.4 6.8 -6.2
v 4.6 5.1 -6.2
v 4.6 5.2 -6.2
v 4.7 5.1 -6.2
v 4.7 5.2 -6.2
v 4.8 5.4 -6.2
v 4.8 5.9 -6.2
v 4.9 6 -6.2
v 4.9 6.1 -6.2
v 4.9 6.8 -6.2
v 5 5.3 -6.2
v 5 5.4 -6.2
v 5 5.9 -6.2
v 5 6 -6.2
v 5 6.1 -6.2
v 5 6.8 -6.2
v 5.1 5.3 -6.2
v 5.1 5.4 -6.2
v 5.1 5.9 -6.2
v 5.1 6 -6.2
v 0.7 6.1 -6.3
v 0.7 6.8 -6.3
v 1 5.4 -6.3
v 1 5.5 -6.3
v 1 6.1 -6.3
v 1 6.8 -6.3
v 1.1 5.4 -6.3
v 1.1 5.5 -6.3
v 1.1 5.9 -6.3
v 1.2 5.5 -6.3
v 1.2 5.9 -6.3
v 1.3 5.4 -6.3
v 1.3 5.5 -6.3
v 1.3 5.9 -6.3
v 1.5 5.4 -6.3
v 1.5 5.5 -6.3
v 4.4 5.4 -6.3
v 4.4 5.6 -6.3
v 4.4 5.7 -6.3
v 4.4 5.9 -6.3
v 4.5 5.4 -6.3
v 4.5 5.6 -6.3
v 4.5 5.7 -6.3
v 4.5 5.9 -6.3
v 4.6 5.4 -6.3
v 4.6 5.9 -6.3
v 4.8 5.3 -6.3
v 4.8 5.4 -6.3
v 5 5.3 -6.3
v 5 5.4 -6.3
v 5.2 11.4 -6.3
v 5.2 11.6 -6.3
v 5.3 11.4 -6.3
v 5.3 11.5 -6.3
v 5.3 11.6 -6.3
v 5.3 11.7 -6.3
v 5.4 11.5 -6.3
v 5.4 11.6 -6.3
v 5.6 11.6 -6.3
v 5.7 11.6 -6.3
v 5.9 11.6 -6.3
v 6 11.5 -6.3
v 6 11.6 -6.3
v 6.1 11.4 -6.3
v 6.1 11.5 -6.3
v 6.1 11.6 -6.3
v 6.1 11.7 -6.3
v 6.2 11.4 -6.3
v 6.2 11.6 -6.3
v 8.9 11.4 -6.4
v 8.9 13.8 -6.4
v 9 11.4 -6.4
v 9 13.8 -6.4
v 6.9 11.4 -6.6
v 6.9 11.6 -6.6
v 7 11.4 -6.6
v 7 11.6 -6.6
v 7.3 11.4 -6.6
v 7.3 11.6 -6.6
v 7.4 11.4 -6.6
v 7.4 11.6 -6.6
v 7.9 11.4 -6.6
v 7.9 11.6 -6.6
v 8 11.4 -6.6
v 8 11.6 -6.6
v 8.9 11.4 -6.6
v 8.9 12.7 -6.6
v 8.9 12.8 -6.6
v 8.9 13.8 -6.6
v 9 11.4 -6.6
v 9 12.7 -6.6
v 9 12.8 -6.6
v 9 13.8 -6.6
v 0 11.5 -6.7
v 0 11.6 -6.7
v 1.9 11.5 -6.7
v 1.9 11.6 -6.7
v 0 9.5 -6.8
v 0 11.4 -6.8
v 0 11.5 -6.8
v 0.1 9.7 -6.8
v 0.1 10.1 -6.8
v 0.2 9.7 -6.8
v 0.2 10.1 -6.8
v 0.2 10.7 -6.8
v 0.3 10.1 -6.8
v 0.3 10.7 -6.8
v 0.3 11.1 -6.8
v 0.4 10.7 -6.8
v 0.4 11.1 -6.8
v 0.6 10.9 -6.8
v 0.6 11.1 -6.8
v 0.7 10.7 -6.8
v 0.7 10.9 -6.8
v 0.7 11.1 -6.8
v 0.8 10.4 -6.8
v 0.8 10.7 -6.8
v 0.8 10.9 -6.8
v 0.8 11.1 -6.8
v 0.8 11.2 -6.8
v 0.9 10.2 -6.8
v 0.9 10.4 -6.8
v 0.9 10.7 -6.8
v 0.9 11 -6.8
v 0.9 11.1 -6.8
v 0.9 11.2 -6.8
v 0.9 11.3 -6.8
v 1 10 -6.8
v 1 10.2 -6.8
v 1 10.4 -6.8
v 1 11 -6.8
v 1 11.1 -6.8
v 1 11.2 -6.8
v 1 11.3 -6.8
v 1.1 9.8 -6.8
v 1.1 10 -6.8
v 1.1 10.2 -6.8
v 1.1 11.1 -6.8
v 1.1 11.2 -6.8
v 1.2 9.8 -6.8
v 1.2 10 -6.8
v 1.2 10.6 -6.8
v 1.2 10.7 -6.8
v 1.4 9.7 -6.8
v 1.4 10.1 -6.8
v 1.4 10.6 -6.8
v 1.4 10.7 -6.8
v 1.4 11.1 -6.8
v 1.5 9.7 -6.8
v 1.5 10.1 -6.8
v 1.5 10.7 -6.8
v 1.5 10.8 -6.8
v 1.5 11.1 -6.8
v 1.6 9.7 -6.8
v 1.6 9.8 -6.8
v 1.6 10.1 -6.8
v 1.6 10.7 -6.8
v 1.7 10.7 -6.8
v 1.7 10.8 -6.8
v 1.7 10.9 -6.8
v 1.8 9.8 -6.8
v 1.8 10.8 -6.8
v 1.9 9.5 -6.8
v 1.9 9.7 -6.8
v 1.9 10.9 -6.8
v 1.9 11.4 -6.8
v 2 9.5 -6.8
v 2 9.6 -6.8
v 2 10.1 -6.8
v 2 10.2 -6.8
v 2 10.6 -6.8
v 2 10.7 -6.8
v 2 11.3 -6.8
v 2 11.4 -6.8
v 2.6 9.5 -6.8
v 2.6 9.6 -6.8
v 2.6 10.1 -6.8
v 2.6 10.2 -6.8
v 2.6 10.6 -6.8
v 2.6 10.7 -6.8
v 2.6 11.3 -6.8
v 2.6 11.5 -6.8
v 6.9 11.7 -6.8
v 6.9 12.3 -6.8
v 6.9 12.4 -6.8
v 8 11.7 -6.8
v 8 12.3 -6.8
v 8 12.4 -6.8
v 8.9 13.1 -6.8
v 8.9 13.2 -6.8
v 9 13.1 -6.8
v 9 13.2 -6.8
v 8.9 13.2 -6.9
v 8.9 13.3 -6.9
v 9 13.2 -6.9
v 9 13.3 -6.9
v 8.9 12.9 -7
v 8.9 13.1 -7
v 8.9 13.5 -7
v 8.9 13.6 -7
v 9 12.9 -7
v 9 13.1 -7
v 9 13.5 -7
v 9 13.6 -7
v 5.5 11.4 -7.1
v 5.5 11.5 -7.1
v 5.6 11.4 -7.1
v 5.6 11.5 -7.1
v 5.8 11.4 -7.1
v 5.8 11.5 -7.1
v 5.9 11.4 -7.1
v 5.9 11.5 -7.1
v 6.6 11.4 -7.1
v 6.6 11.7 -7.1
v 6.7 11.4 -7.1
v 6.7 11.6 -7.1
v 6.7 11.7 -7.1
v 6.9 12.2 -7.1
v 6.9 12.3 -7.1
v 8 12.2 -7.1
v 8 12.3 -7.1
v 8.9 12.8 -7.1
v 8.9 12.9 -7.1
v 8.9 13.1 -7.1
v 8.9 13.2 -7.1
v 8.9 13.3 -7.1
v 8.9 13.4 -7.1
v 9 12.8 -7.1
v 9 12.9 -7.1
v 9 13.1 -7.1
v 9 13.2 -7.1
v 9 13.3 -7.1
v 9 13.4 -7.1
v 8.2 11.4 -7.2
v 8.2 11.6 -7.2
v 8.2 11.7 -7.2
v 8.3 11.4 -7.2
v 8.3 11.7 -7.2
v 8.9 12.9 -7.2
v 8.9 13 -7.2
v 8.9 13.4 -7.2
v 8.9 13.5 -7.2
v 9 12.9 -7.2
v 9 13 -7.2
v 9 13.4 -7.2
v 9 13.5 -7.2
v 6.9 12.2 -7.3
v 6.9 12.3 -7.3
v 8 12.2 -7.3
v 8 12.3 -7.3
v 8.9 13 -7.3
v 8.9 13.1 -7.3
v 8.9 13.3 -7.3
v 8.9 13.4 -7.3
v 9 13 -7.3
v 9 13.1 -7.3
v 9 13.3 -7.3
v 9 13.4 -7.3
v 7.4 11.7 -7.4
v 7.4 12 -7.4
v 7.4 12.1 -7.4
v 7.5 11.7 -7.4
v 7.5 12 -7.4
v 7.5 12.1 -7.4
v 8.9 13.2 -7.4
v 8.9 13.3 -7.4
v 9 13.2 -7.4
v 9 13.3 -7.4
v 6.9 12.2 -7.5
v 6.9 12.3 -7.5
v 8 12.2 -7.5
v 8 12.3 -7.5
v 6.6 11.4 -7.6
v 6.6 11.7 -7.6
v 6.7 11.4 -7.6
v 6.7 11.6 -7.6
v 6.7 11.7 -7.6
v 8.9 13.6 -7.6
v 8.9 13.7 -7.6
v 9 13.6 -7.6
v 9 13.7 -7.6
v 6.8 12.4 -7.7
v 6.8 12.5 -7.7
v 6.9 12.2 -7.7
v 6.9 12.3 -7.7
v 6.9 12.4 -7.7
v 6.9 12.5 -7.7
v 7 11.7 -7.7
v 7 12 -7.7
v 7 12.1 -7.7
v 7.1 11.7 -7.7
v 7.1 12 -7.7
v 7.1 12.1 -7.7
v 7.8 11.7 -7.7
v 7.8 12 -7.7
v 7.8 12.1 -7.7
v 7.9 11.7 -7.7
v 7.9 12 -7.7
v 7.9 12.1 -7.7
v 8 12.2 -7.7
v 8 12.3 -7.7
v 7.1 11.7 -7.8
v 7.1 12 -7.8
v 7.1 12.1 -7.8
v 7.2 11.7 -7.8
v 7.2 12 -7.8
v 7.2 12.1 -7.8
v 7.7 11.7 -7.8
v 7.7 12 -7.8
v 7.7 12.1 -7.8
v 7.8 11.7 -7.8
v 7.8 12 -7.8
v 7.8 12.1 -7.8
v 8.2 11.4 -7.8
v 8.2 11.6 -7.8
v 8.2 11.7 -7.8
v 8.3 11.4 -7.8
v 8.3 11.7 -7.8
v 5.2 11.4 -7.9
v 5.2 11.6 -7.9
v 5.3 11.4 -7.9
v 5.3 11.5 -7.9
v 5.3 11.6 -7.9
v 5.3 11.7 -7.9
v 5.4 11.5 -7.9
v 5.4 11.6 -7.9
v 5.6 11.6 -7.9
v 5.7 11.6 -7.9
v 5.9 11.6 -7.9
v 6 11.5 -7.9
v 6 11.6 -7.9
v 6.1 11.4 -7.9
v 6.1 11.5 -7.9
v 6.1 11.6 -7.9
v 6.1 11.7 -7.9
v 6.2 11.4 -7.9
v 6.2 11.6 -7.9
v 6.9 12.2 -7.9
v 6.9 12.3 -7.9
v 7.2 11.7 -7.9
v 7.2 12 -7.9
v 7.2 12.1 -7.9
v 7.7 11.7 -7.9
v 7.7 12 -7.9
v 7.7 12.1 -7.9
v 8 12.2 -7.9
v 8 12.3 -7.9
v 8.9 12.9 -8
v 8.9 13 -8
v 8.9 13.4 -8
v 8.9 13.5 -8
v 9 12.9 -8
v 9 13 -8
v 9 13.4 -8
v 9 13.5 -8
v 6.8 11.7 -8.1
v 6.8 12.3 -8.1
v 6.8 12.4 -8.1
v 8.1 11.7 -8.1
v 8.1 12.3 -8.1
v 8.1 12.4 -8.1
v 8.9 13.5 -8.1
v 8.9 13.6 -8.1
v 9 13.5 -8.1
v 9 13.6 -8.1
v 6.7 11.6 -8.2
v 6.7 11.7 -8.2
v 7 11.6 -8.2
v 7 11.7 -8.2
v 7.1 11.6 -8.2
v 7.1 11.7 -8.2
v 7.4 11.6 -8.2
v 7.4 11.7 -8.2
v 7.5 11.6 -8.2
v 7.5 11.7 -8.2
v 7.8 11.6 -8.2
v 7.8 11.7 -8.2
v 7.9 11.6 -8.2
v 7.9 11.7 -8.2
v 8.2 11.6 -8.2
v 8.2 11.7 -8.2
v 8.9 13 -8.2
v 8.9 13.1 -8.2
v 8.9 13.2 -8.2
v 8.9 13.3 -8.2
v 9 13 -8.2
v 9 13.1 -8.2
v 9 13.2 -8.2
v 9 13.3 -8.2
v 7 11.4 -8.3
v 7 11.7 -8.3
v 7.1 11.4 -8.3
v 7.1 11.7 -8.3
v 7.4 11.4 -8.3
v 7.4 11.7 -8.3
v 7.5 11.4 -8.3
v 7.5 11.7 -8.3
v 7.8 11.4 -8.3
v 7.8 11.7 -8.3
v 7.9 11.4 -8.3
v 7.9 11.7 -8.3
v 8.9 13.1 -8.3
v 8.9 13.2 -8.3
v 8.9 13.4 -8.3
v 8.9 13.5 -8.3
v 9 13.1 -8.3
v 9 13.2 -8.3
v 9 13.4 -8.3
v 9 13.5 -8.3
v 9.1 14 -8.3
v 9.1 14.1 -8.3
v 9.2 14 -8.3
v 9.2 14.1 -8.3
v 8.9 12.9 -8.4
v 8.9 13.1 -8.4
v 9 12.9 -8.4
v 9 13.1 -8.4
v 8.9 13.4 -8.5
v 8.9 13.6 -8.5
v 9 13.4 -8.5
v 9 13.6 -8.5
v 5.5 11.4 -8.6
v 5.5 11.5 -8.6
v 5.6 11.4 -8.6
v 5.6 11.5 -8.6
v 5.8 11.4 -8.6
v 5.8 11.5 -8.6
v 5.9 11.4 -8.6
v 5.9 11.5 -8.6
v 8.9 12.9 -8.6
v 8.9 13.4 -8.6
v 9 12.9 -8.6
v 9 13.4 -8.6
v 8.9 13.4 -8.7
v 8.9 13.5 -8.7
v 9 13.4 -8.7
v 9 13.5 -8.7
v 7.3 11.4 -9
v 7.3 11.6 -9
v 7.4 11.4 -9
v 7.4 11.6 -9
v 7.9 11.4 -9
v 7.9 11.6 -9
v 8 11.4 -9
v 8 11.6 -9
v 8.3 11.4 -9
v 8.3 11.6 -9
v 8.4 11.4 -9
v 8.4 11.6 -9
v 8.9 12.9 -9.1
v 8.9 13.1 -9.1
v 9 12.9 -9.1
v 9 13.1 -9.1
v 7.3 11.7 -9.2
v 7.3 12.3 -9.2
v 7.3 12.4 -9.2
v 8.4 11.7 -9.2
v 8.4 12.3 -9.2
v 8.4 12.4 -9.2
v 8.9 13.5 -9.2
v 8.9 13.6 -9.2
v 9 13.5 -9.2
v 9 13.6 -9.2
v 8.9 13 -9.3
v 8.9 13.1 -9.3
v 9 13 -9.3
v 9 13.1 -9.3
v 8.9 13.3 -9.4
v 8.9 13.7 -9.4
v 9 13.3 -9.4
v 9 13.7 -9.4
v 7.3 12.2 -9.5
v 7.3 12.3 -9.5
v 8.4 12.2 -9.5
v 8.4 12.3 -9.5
v 8.6 11.4 -9.5
v 8.6 11.6 -9.5
v 8.6 11.7 -9.5
v 8.7 11.4 -9.5
v 8.7 11.7 -9.5
v 8.9 12.9 -9.5
v 8.9 13.3 -9.5
v 9 12.9 -9.5
v 9 13.3 -9.5
v 0 4.8 -9.6
v 0 8.8 -9.6
v 0.1 4.8 -9.6
v 0.1 8.7 -9.6
v 2.5 12.1 -9.6
v 2.5 12.2 -9.6
v 2.6 8.7 -9.6
v 2.6 8.8 -9.6
v 2.6 10.4 -9.6
v 2.6 10.5 -9.6
v 2.6 12.1 -9.6
v 2.6 12.2 -9.6
v 2.6 12.3 -9.6
v 2.7 8.8 -9.6
v 2.7 10.4 -9.6
v 2.7 10.5 -9.6
v 2.7 12.1 -9.6
v 2.7 12.2 -9.6
v 2.7 12.3 -9.6
v 2.7 12.4 -9.6
v 2.8 12.1 -9.6
v 2.8 12.2 -9.6
v 2.8 12.3 -9.6
v 2.8 12.4 -9.6
v 4.8 12.1 -9.6
v 4.8 12.2 -9.6
v 4.8 12.3 -9.6
v 4.8 12.4 -9.6
v 4.9 12.2 -9.6
v 4.9 12.3 -9.6
v 4.9 12.4 -9.6
v 5 12.1 -9.6
v 5 12.2 -9.6
v 5 12.3 -9.6
v 5.1 11.4 -9.6
v 5.1 12.1 -9.6
v 5.2 12.1 -9.6
v 5.2 12.2 -9.6
v 5.4 11.5 -9.6
v 5.4 11.6 -9.6
v 5.6 11.5 -9.6
v 5.6 11.6 -9.6
v 5.7 11.5 -9.6
v 5.7 11.6 -9.6
v 5.9 11.5 -9.6
v 5.9 11.6 -9.6
v 7 11.4 -9.6
v 7 11.7 -9.6
v 7.1 11.4 -9.6
v 7.1 11.6 -9.6
v 7.2 11.6 -9.6
v 7.2 11.7 -9.6
v 7.2 12.3 -9.6
v 7.2 12.4 -9.6
v 7.3 11.7 -9.6
v 7.3 12.3 -9.6
v 7.3 12.4 -9.6
v 7.5 11.7 -9.6
v 7.5 12 -9.6
v 7.5 12.1 -9.6
v 8.2 11.7 -9.6
v 8.2 12 -9.6
v 8.2 12.1 -9.6
v 8.4 11.7 -9.6
v 8.4 12.3 -9.6
v 8.4 12.4 -9.6
v 8.5 11.6 -9.6
v 8.5 11.7 -9.6
v 8.5 12.3 -9.6
v 8.5 12.4 -9.6
v 8.6 11.6 -9.6
v 8.6 11.7 -9.6
v 8.9 12.7 -9.6
v 8.9 12.8 -9.6
v 8.9 13.4 -9.6
v 8.9 13.5 -9.6
v 8.9 13.8 -9.6
v 8.9 13.9 -9.6
v 9 11.4 -9.6
v 9 12.7 -9.6
v 9 12.8 -9.6
v 9 13.4 -9.6
v 9 13.5 -9.6
v 9 13.8 -9.6
v 9 13.9 -9.6
v 9.1 11.4 -9.6
v 9.1 12.7 -9.6
v 9.1 12.8 -9.6
v 9.1 13.4 -9.6
v 9.1 13.5 -9.6
v 9.1 13.8 -9.6
v 9.1 13.9 -9.6
v 9.1 14 -9.6
v 9.2 14 -9.6
v 9.2 14.1 -9.6
v 9.3 13.8 -9.6
v 9.3 13.9 -9.6
v 9.3 14.1 -9.6
v 12.5 4.8 -9.6
v 12.5 13.8 -9.6
v 12.6 4.8 -9.6
v 12.6 13.9 -9.6
v 0 4.8 0.4
v 0.1 4.8 0.4
v 12.5 4.8 0.4
v 12.6 4.8 0.4
v 12.5 4.8 0.1
v 12.6 4.8 0.1
v 5.2 4.8 -3.7
v 6.2 4.8 -3.7
v 5.2 4.8 -3.8
v 6.2 4.8 -3.8
v 12.5 4.8 -5.4
v 12.6 4.8 -5.4
v 0 4.8 -6.3
v 0.1 4.8 -6.3
v 0 4.8 -9.6
v 0.1 4.8 -9.6
v 12.5 4.8 -9.6
v 12.6 4.8 -9.6
v 6.4 5.2 -4.6
v 6.7 5.2 -4.6
v 6.3 5.2 -4.7
v 6.4 5.2 -4.7
v 6.7 5.2 -4.7
v 6.8 5.2 -4.7
v 6.2 5.2 -4.8
v 6.3 5.2 -4.8
v 6.4 5.2 -4.8
v 6.7 5.2 -4.8
v 6.8 5.2 -4.8
v 6.9 5.2 -4.8
v 6.2 5.2 -5.1
v 6.3 5.2 -5.1
v 6.8 5.2 -5.1
v 6.9 5.2 -5.1
v 10.4 5.3 -5.5
v 10.9 5.3 -5.5
v 10.4 5.3 -5.6
v 10.9 5.3 -5.6
v 4.8 5.3 -5.9
v 5 5.3 -5.9
v 4.4 5.3 -6
v 4.6 5.3 -6
v 5 5.3 -6
v 5.1 5.3 -6
v 4.3 5.3 -6.1
v 4.4 5.3 -6.1
v 5 5.3 -6.2
v 5.1 5.3 -6.2
v 4.8 5.3 -6.3
v 5 5.3 -6.3
v 4.3 5.3 -6.4
v 4.6 5.3 -6.4
v 6.5 5.4 0.3
v 6.6 5.4 0.3
v 6.5 5.4 0.2
v 6.6 5.4 0.2
v 1.1 5.4 -5.3
v 1.3 5.4 -5.3
v 1 5.4 -5.4
v 1.1 5.4 -5.4
v 1.3 5.4 -5.4
v 1.5 5.4 -5.4
v 1.1 5.4 -5.5
v 1.3 5.4 -5.5
v 1 5.4 -5.6
v 1.5 5.4 -5.6
v 1 5.4 -6.1
v 1.5 5.4 -6.1
v 1.1 5.4 -6.2
v 1.3 5.4 -6.2
v 1 5.4 -6.3
v 1.1 5.4 -6.3
v 1.3 5.4 -6.3
v 1.5 5.4 -6.3
v 1.1 5.4 -6.4
v 1.3 5.4 -6.4
v 2.2 5.5 0.4
v 2.3 5.5 0.4
v 2.5 5.5 0.4
v 2.6 5.5 0.4
v 2.7 5.5 0.4
v 2.8 5.5 0.4
v 3.1 5.5 0.4
v 3.8 5.5 0.4
v 4.4 5.5 0.4
v 4.5 5.5 0.4
v 5.1 5.5 0.4
v 5.7 5.5 0.4
v 5.9 5.5 0.4
v 6 5.5 0.4
v 6.5 5.5 0.4
v 6.6 5.5 0.4
v 6.7 5.5 0.4
v 6.8 5.5 0.4
v 2.7 5.5 0.3
v 2.8 5.5 0.3
v 3.1 5.5 0.3
v 3.4 5.5 0.3
v 3.5 5.5 0.3
v 3.8 5.5 0.3
v 4.2 5.5 0.3
v 4.3 5.5 0.3
v 4.5 5.5 0.3
v 4.6 5.5 0.3
v 5.1 5.5 0.3
v 5.3 5.5 0.3
v 5.5 5.5 0.3
v 5.7 5.5 0.3
v 6 5.5 0.3
v 6.1 5.5 0.3
v 6.6 5.5 0.3
v 6.7 5.5 0.3
v 6.8 5.5 0.3
v 2.3 5.5 0.2
v 2.4 5.5 0.2
v 3.4 5.5 0.2
v 3.5 5.5 0.2
v 4.2 5.5 0.2
v 4.3 5.5 0.2
v 4.4 5.5 0.2
v 4.6 5.5 0.2
v 5.3 5.5 0.2
v 5.5 5.5 0.2
v 5.6 5.5 0.2
v 5.7 5.5 0.2
v 5.9 5.5 0.2
v 6.1 5.5 0.2
v 6.6 5.5 0.2
v 6.7 5.5 0.2
v 6.8 5.5 0.2
v 2.2 5.5 0.1
v 2.4 5.5 0.1
v 2.6 5.5 0.1
v 5.6 5.5 0.1
v 5.7 5.5 0.1
v 6.4 5.5 0.1
v 6.6 5.5 0.1
v 6.7 5.5 0.1
v 2.2 5.5 0
v 2.3 5.5 0
v 2.6 5.5 0
v 3.1 5.5 0
v 3.2 5.5 0
v 6.4 5.5 0
v 6.6 5.5 0
v 6.8 5.5 0
v 2.3 5.5 -0.1
v 2.4 5.5 -0.1
v 3 5.5 -0.1
v 3.1 5.5 -0.1
v 3.2 5.5 -0.1
v 3.5 5.5 -0.1
v 3.6 5.5 -0.1
v 4.5 5.5 -0.1
v 4.7 5.5 -0.1
v 5.8 5.5 -0.1
v 5.9 5.5 -0.1
v 6.2 5.5 -0.1
v 6.3 5.5 -0.1
v 6.6 5.5 -0.1
v 6.8 5.5 -0.1
v 2.4 5.5 -0.2
v 2.5 5.5 -0.2
v 2.8 5.5 -0.2
v 3 5.5 -0.2
v 3.1 5.5 -0.2
v 3.5 5.5 -0.2
v 3.6 5.5 -0.2
v 3.7 5.5 -0.2
v 4.1 5.5 -0.2
v 4.3 5.5 -0.2
v 4.7 5.5 -0.2
v 4.9 5.5 -0.2
v 5.1 5.5 -0.2
v 5.2 5.5 -0.2
v 5.4 5.5 -0.2
v 5.5 5.5 -0.2
v 5.9 5.5 -0.2
v 6 5.5 -0.2
v 6.1 5.5 -0.2
v 6.2 5.5 -0.2
v 6.3 5.5 -0.2
v 6.4 5.5 -0.2
v 6.6 5.5 -0.2
v 6.7 5.5 -0.2
v 2.2 5.5 -0.3
v 2.5 5.5 -0.3
v 2.6 5.5 -0.3
v 2.8 5.5 -0.3
v 3 5.5 -0.3
v 3.6 5.5 -0.3
v 3.7 5.5 -0.3
v 4.1 5.5 -0.3
v 4.3 5.5 -0.3
v 4.5 5.5 -0.3
v 4.9 5.5 -0.3
v 5.1 5.5 -0.3
v 5.2 5.5 -0.3
v 5.4 5.5 -0.3
v 5.5 5.5 -0.3
v 5.8 5.5 -0.3
v 6 5.5 -0.3
v 6.1 5.5 -0.3
v 6.4 5.5 -0.3
v 6.5 5.5 -0.3
v 6.6 5.5 -0.3
v 6.7 5.5 -0.3
v 6.8 5.5 -0.3
v 8.4 5.5 -5.3
v 8.5 5.5 -5.3
v 8.3 5.5 -5.4
v 8.4 5.5 -5.4
v 8.5 5.5 -5.4
v 8.3 5.5 -5.5
v 8.4 5.5 -5.5
v 9.1 5.7 -5.5
v 12.4 5.7 -5.5
v 9.1 5.7 -5.6
v 12.4 5.7 -5.6
v 9.1 5.7 -5.7
v 12.4 5.7 -5.7
v 1.1 5.8 -6
v 1.2 5.8 -6
v 1.1 5.8 -6.1
v 1.2 5.8 -6.1
v 0.6 5.9 -5.4
v 1.1 5.9 -5.4
v 0.4 5.9 -5.5
v 0.6 5.9 -5.5
v 1.1 5.9 -5.5
v 2.3 5.9 -5.5
v 3 5.9 -5.5
v 4.3 5.9 -5.5
v 5 5.9 -5.5
v 0.3 5.9 -5.6
v 0.4 5.9 -5.6
v 0.6 5.9 -5.6
v 1.1 5.9 -5.6
v 1.2 5.9 -5.6
v 1.3 5.9 -5.6
v 2.2 5.9 -5.6
v 2.3 5.9 -5.6
v 2.4 5.9 -5.6
v 2.9 5.9 -5.6
v 3 5.9 -5.6
v 3.1 5.9 -5.6
v 4.2 5.9 -5.6
v 4.3 5.9 -5.6
v 4.4 5.9 -5.6
v 4.9 5.9 -5.6
v 5 5.9 -5.6
v 5.1 5.9 -5.6
v 2.3 5.9 -5.7
v 2.4 5.9 -5.7
v 2.9 5.9 -5.7
v 3 5.9 -5.7
v 4.3 5.9 -5.7
v 4.4 5.9 -5.7
v 4.9 5.9 -5.7
v 5 5.9 -5.7
v 0.7 5.9 -5.8
v 0.8 5.9 -5.8
v 1.1 5.9 -5.8
v 1.2 5.9 -5.8
v 1.3 5.9 -5.8
v 2.6 5.9 -5.8
v 2.7 5.9 -5.8
v 4.6 5.9 -5.8
v 4.7 5.9 -5.8
v 0.7 5.9 -5.9
v 0.8 5.9 -5.9
v 1.1 5.9 -5.9
v 1.2 5.9 -5.9
v 1.3 5.9 -5.9
v 2.6 5.9 -5.9
v 2.7 5.9 -5.9
v 4.6 5.9 -5.9
v 4.7 5.9 -5.9
v 1.1 5.9 -6
v 1.2 5.9 -6
v 4.8 5.9 -6
v 5 5.9 -6
v 0.4 5.9 -6.1
v 0.5 5.9 -6.1
v 1.1 5.9 -6.1
v 1.2 5.9 -6.1
v 1.3 5.9 -6.1
v 4.4 5.9 -6.1
v 4.5 5.9 -6.1
v 4.6 5.9 -6.1
v 0.3 5.9 -6.2
v 0.4 5.9 -6.2
v 0.5 5.9 -6.2
v 1 5.9 -6.2
v 2.2 5.9 -6.2
v 2.3 5.9 -6.2
v 2.8 5.9 -6.2
v 3 5.9 -6.2
v 3.1 5.9 -6.2
v 4.2 5.9 -6.2
v 4.3 5.9 -6.2
v 4.6 5.9 -6.2
v 4.8 5.9 -6.2
v 5 5.9 -6.2
v 5.1 5.9 -6.2
v 0.1 5.9 -6.3
v 0.4 5.9 -6.3
v 1 5.9 -6.3
v 1.1 5.9 -6.3
v 1.2 5.9 -6.3
v 1.3 5.9 -6.3
v 2.3 5.9 -6.3
v 2.8 5.9 -6.3
v 4.3 5.9 -6.3
v 4.4 5.9 -6.3
v 4.5 5.9 -6.3
v 4.6 5.9 -6.3
v 5 5.9 -6.3
v 6 5.9 -6.3
v 0.1 5.9 -6.4
v 0.4 5.9 -6.4
v 1.3 5.9 -6.4
v 2.3 5.9 -6.4
v 2.8 5.9 -6.4
v 4.3 5.9 -6.4
v 5 5.9 -6.4
v 6 5.9 -6.4
v 0.5 6 -5.4
v 0.6 6 -5.4
v 0.5 6 -5.5
v 0.6 6 -5.5
v 7.1 6.1 -5.4
v 7.3 6.1 -5.4
v 4.4 6.1 -5.5
v 4.9 6.1 -5.5
v 7.1 6.1 -5.5
v 7.3 6.1 -5.5
v 1 6.1 -5.6
v 1.1 6.1 -5.6
v 4.4 6.1 -5.6
v 4.9 6.1 -5.6
v 0.3 6.1 -5.7
v 0.4 6.1 -5.7
v 1 6.1 -5.7
v 1.1 6.1 -5.7
v 0.3 6.1 -5.8
v 0.4 6.1 -5.8
v 0.3 6.1 -5.9
v 0.4 6.1 -5.9
v 0.3 6.1 -6.1
v 0.4 6.1 -6.1
v 4.3 6.1 -6.1
v 4.4 6.1 -6.1
v 4.9 6.1 -6.1
v 5 6.1 -6.1
v 0.7 6.1 -6.2
v 1 6.1 -6.2
v 4.3 6.1 -6.2
v 4.4 6.1 -6.2
v 4.9 6.1 -6.2
v 5 6.1 -6.2
v 0.7 6.1 -6.3
v 1 6.1 -6.3
v 7.1 6.3 -5.2
v 7.4 6.3 -5.2
v 7.1 6.3 -5.3
v 7.2 6.3 -5.3
v 7.4 6.3 -5.3
v 0.1 6.3 -5.4
v 0.2 6.3 -5.4
v 0.4 6.3 -5.4
v 0.6 6.3 -5.4
v 0.8 6.3 -5.4
v 1 6.3 -5.4
v 1.1 6.3 -5.4
v 1.2 6.3 -5.4
v 1.3 6.3 -5.4
v 1.6 6.3 -5.4
v 1.9 6.3 -5.4
v 2.2 6.3 -5.4
v 2.5 6.3 -5.4
v 2.7 6.3 -5.4
v 2.8 6.3 -5.4
v 2.9 6.3 -5.4
v 3.1 6.3 -5.4
v 3.2 6.3 -5.4
v 3.5 6.3 -5.4
v 3.7 6.3 -5.4
v 3.9 6.3 -5.4
v 4.1 6.3 -5.4
v 4.2 6.3 -5.4
v 4.3 6.3 -5.4
v 4.4 6.3 -5.4
v 4.5 6.3 -5.4
v 4.6 6.3 -5.4
v 5 6.3 -5.4
v 5.2 6.3 -5.4
v 5.5 6.3 -5.4
v 5.7 6.3 -5.4
v 5.9 6.3 -5.4
v 7.1 6.3 -5.4
v 7.2 6.3 -5.4
v 0.1 6.3 -5.5
v 0.2 6.3 -5.5
v 0.4 6.3 -5.5
v 0.6 6.3 -5.5
v 0.8 6.3 -5.5
v 1 6.3 -5.5
v 1.1 6.3 -5.5
v 1.2 6.3 -5.5
v 1.3 6.3 -5.5
v 1.6 6.3 -5.5
v 1.9 6.3 -5.5
v 2.2 6.3 -5.5
v 2.5 6.3 -5.5
v 2.7 6.3 -5.5
v 2.8 6.3 -5.5
v 2.9 6.3 -5.5
v 3.1 6.3 -5.5
v 3.2 6.3 -5.5
v 3.5 6.3 -5.5
v 3.7 6.3 -5.5
v 3.9 6.3 -5.5
v 4.1 6.3 -5.5
v 4.2 6.3 -5.5
v 4.3 6.3 -5.5
v 4.4 6.3 -5.5
v 4.5 6.3 -5.5
v 4.6 6.3 -5.5
v 4.9 6.3 -5.5
v 5 6.3 -5.5
v 5.2 6.3 -5.5
v 5.5 6.3 -5.5
v 5.7 6.3 -5.5
v 5.9 6.3 -5.5
v 0.2 6.4 -5.4
v 0.3 6.4 -5.4
v 0.6 6.4 -5.4
v 0.8 6.4 -5.4
v 1.6 6.4 -5.4
v 1.7 6.4 -5.4
v 1.8 6.4 -5.4
v 1.9 6.4 -5.4
v 2.2 6.4 -5.4
v 2.5 6.4 -5.4
v 2.9 6.4 -5.4
v 3.1 6.4 -5.4
v 3.3 6.4 -5.4
v 3.5 6.4 -5.4
v 3.8 6.4 -5.4
v 3.9 6.4 -5.4
v 4.1 6.4 -5.4
v 4.2 6.4 -5.4
v 4.5 6.4 -5.4
v 4.6 6.4 -5.4
v 5 6.4 -5.4
v 5.1 6.4 -5.4
v 5.5 6.4 -5.4
v 5.7 6.4 -5.4
v 0.2 6.4 -5.5
v 0.3 6.4 -5.5
v 0.6 6.4 -5.5
v 0.7 6.4 -5.5
v 0.8 6.4 -5.5
v 1.6 6.4 -5.5
v 1.7 6.4 -5.5
v 1.8 6.4 -5.5
v 1.9 6.4 -5.5
v 2.2 6.4 -5.5
v 2.5 6.4 -5.5
v 2.9 6.4 -5.5
v 3.1 6.4 -5.5
v 3.3 6.4 -5.5
v 3.5 6.4 -5.5
v 3.8 6.4 -5.5
v 3.9 6.4 -5.5
v 4.1 6.4 -5.5
v 4.2 6.4 -5.5
v 4.5 6.4 -5.5
v 4.6 6.4 -5.5
v 5 6.4 -5.5
v 5.1 6.4 -5.5
v 5.5 6.4 -5.5
v 5.7 6.4 -5.5
v 9.1 6.4 -5.5
v 12.4 6.4 -5.5
v 9.1 6.4 -5.6
v 12.4 6.4 -5.6
v 6.5 6.5 -5.3
v 6.6 6.5 -5.3
v 0.3 6.5 -5.4
v 0.4 6.5 -5.4
v 1 6.5 -5.4
v 1.1 6.5 -5.4
v 1.7 6.5 -5.4
v 1.8 6.5 -5.4
v 3.2 6.5 -5.4
v 3.3 6.5 -5.4
v 5.1 6.5 -5.4
v 5.2 6.5 -5.4
v 6.5 6.5 -5.4
v 6.6 6.5 -5.4
v 0.3 6.5 -5.5
v 0.4 6.5 -5.5
v 1 6.5 -5.5
v 1.1 6.5 -5.5
v 1.7 6.5 -5.5
v 1.8 6.5 -5.5
v 3.2 6.5 -5.5
v 3.3 6.5 -5.5
v 5.1 6.5 -5.5
v 5.2 6.5 -5.5
v 6.3 6.6 -5.3
v 6.4 6.6 -5.3
v 6.7 6.6 -5.3
v 6.8 6.6 -5.3
v 3.7 6.6 -5.4
v 3.8 6.6 -5.4
v 6.3 6.6 -5.4
v 6.4 6.6 -5.4
v 6.7 6.6 -5.4
v 6.8 6.6 -5.4
v 3.7 6.6 -5.5
v 3.8 6.6 -5.5
v 6.2 6.7 -5.3
v 6.3 6.7 -5.3
v 6.8 6.7 -5.3
v 6.9 6.7 -5.3
v 6.2 6.7 -5.4
v 6.3 6.7 -5.4
v 6.8 6.7 -5.4
v 6.9 6.7 -5.4
v 6.5 6.8 -5.3
v 6.6 6.8 -5.3
v 8.4 6.8 -5.3
v 8.5 6.8 -5.3
v 6.5 6.8 -5.4
v 6.6 6.8 -5.4
v 8.3 6.8 -5.4
v 8.4 6.8 -5.4
v 8.5 6.8 -5.4
v 8.3 6.8 -5.5
v 8.4 6.8 -5.5
v 6.5 7.1 -5.3
v 6.6 7.1 -5.3
v 6.5 7.1 -5.4
v 6.6 7.1 -5.4
v 9.1 7.1 -5.5
v 12.4 7.1 -5.5
v 9.1 7.1 -5.6
v 12.4 7.1 -5.6
v 0.6 7.2 -7.2
v 5.3 7.2 -7.2
v 0.6 7.2 -7.3
v 5.3 7.2 -7.3
v 0 7.3 -4.1
v 0.4 7.3 -4.1
v 0.5 7.3 -4.1
v 6 7.3 -4.1
v 0.1 7.3 -4.2
v 0.4 7.3 -4.2
v 0.5 7.3 -4.2
v 6 7.3 -4.2
v 6.1 7.3 -4.2
v 0 7.3 -5.4
v 0.1 7.3 -5.4
v 6 7.3 -5.4
v 6.1 7.3 -5.4
v 0.1 7.3 -5.5
v 0 7.3 -6.3
v 0.1 7.3 -6.3
v 0.1 7.4 -4.2
v 0.4 7.4 -4.2
v 0.5 7.4 -4.2
v 1 7.4 -4.2
v 1.2 7.4 -4.2
v 1.6 7.4 -4.2
v 1.7 7.4 -4.2
v 2 7.4 -4.2
v 2.1 7.4 -4.2
v 2.5 7.4 -4.2
v 2.6 7.4 -4.2
v 3.1 7.4 -4.2
v 3.6 7.4 -4.2
v 4.3 7.4 -4.2
v 4.6 7.4 -4.2
v 6 7.4 -4.2
v 0.4 7.4 -4.3
v 0.5 7.4 -4.3
v 0.6 7.4 -4.3
v 0.9 7.4 -4.3
v 1 7.4 -4.3
v 1.2 7.4 -4.3
v 1.6 7.4 -4.3
v 1.7 7.4 -4.3
v 1.8 7.4 -4.3
v 2.4 7.4 -4.3
v 2.5 7.4 -4.3
v 2.6 7.4 -4.3
v 3.2 7.4 -4.3
v 3.6 7.4 -4.3
v 3.7 7.4 -4.3
v 4.4 7.4 -4.3
v 4.6 7.4 -4.3
v 4.8 7.4 -4.3
v 0.1 7.4 -4.4
v 0.5 7.4 -4.4
v 0.6 7.4 -4.4
v 0.9 7.4 -4.4
v 1 7.4 -4.4
v 1.7 7.4 -4.4
v 1.8 7.4 -4.4
v 2 7.4 -4.4
v 2.1 7.4 -4.4
v 2.4 7.4 -4.4
v 2.5 7.4 -4.4
v 3.1 7.4 -4.4
v 3.2 7.4 -4.4
v 3.6 7.4 -4.4
v 3.7 7.4 -4.4
v 4.3 7.4 -4.4
v 4.4 7.4 -4.4
v 4.6 7.4 -4.4
v 4.8 7.4 -4.4
v 6 7.4 -4.4
v 6.3 7.4 -5.3
v 6.4 7.4 -5.3
v 6.3 7.4 -5.4
v 6.4 7.4 -5.4
v 7.1 7.4 -5.4
v 8.4 7.4 -5.4
v 7.1 7.4 -5.5
v 8.4 7.4 -5.5
v 0.1 7.5 -4.4
v 0.5 7.5 -4.4
v 0.6 7.5 -4.4
v 0.7 7.5 -4.4
v 0.8 7.5 -4.4
v 0.9 7.5 -4.4
v 1 7.5 -4.4
v 1.7 7.5 -4.4
v 1.8 7.5 -4.4
v 1.9 7.5 -4.4
v 2 7.5 -4.4
v 2.1 7.5 -4.4
v 2.2 7.5 -4.4
v 2.4 7.5 -4.4
v 2.5 7.5 -4.4
v 3.1 7.5 -4.4
v 3.2 7.5 -4.4
v 3.6 7.5 -4.4
v 3.7 7.5 -4.4
v 4.3 7.5 -4.4
v 4.4 7.5 -4.4
v 4.6 7.5 -4.4
v 4.7 7.5 -4.4
v 4.8 7.5 -4.4
v 4.9 7.5 -4.4
v 5.3 7.5 -4.4
v 5.4 7.5 -4.4
v 6 7.5 -4.4
v 0.1 7.5 -4.5
v 0.5 7.5 -4.5
v 0.7 7.5 -4.5
v 0.8 7.5 -4.5
v 1 7.5 -4.5
v 1.8 7.5 -4.5
v 1.9 7.5 -4.5
v 2 7.5 -4.5
v 2.1 7.5 -4.5
v 2.2 7.5 -4.5
v 2.5 7.5 -4.5
v 3.1 7.5 -4.5
v 3.2 7.5 -4.5
v 3.6 7.5 -4.5
v 3.7 7.5 -4.5
v 4.3 7.5 -4.5
v 4.4 7.5 -4.5
v 4.7 7.5 -4.5
v 4.9 7.5 -4.5
v 5.3 7.5 -4.5
v 5.4 7.5 -4.5
v 6 7.5 -4.5
v 0.1 7.5 -4.6
v 6 7.5 -4.6
v 6.7 7.5 -5.3
v 7.1 7.5 -5.3
v 7.3 7.5 -5.3
v 7.4 7.5 -5.3
v 7.7 7.5 -5.3
v 7.8 7.5 -5.3
v 7.9 7.5 -5.3
v 8.4 7.5 -5.3
v 6.7 7.5 -5.4
v 6.9 7.5 -5.4
v 7.1 7.5 -5.4
v 7.3 7.5 -5.4
v 7.4 7.5 -5.4
v 7.7 7.5 -5.4
v 7.8 7.5 -5.4
v 7.9 7.5 -5.4
v 8.4 7.5 -5.4
v 0.1 7.6 -4.6
v 6 7.6 -4.6
v 0.1 7.6 -4.7
v 6 7.6 -4.7
v 7.2 7.6 -5.3
v 7.3 7.6 -5.3
v 7.2 7.6 -5.4
v 7.3 7.6 -5.4
v 1.8 7.7 -4.4
v 2 7.7 -4.4
v 2.4 7.7 -4.4
v 2.6 7.7 -4.4
v 1.8 7.7 -4.5
v 1.9 7.7 -4.5
v 2 7.7 -4.5
v 2.4 7.7 -4.5
v 2.6 7.7 -4.5
v 0.1 7.7 -4.7
v 0.7 7.7 -4.7
v 0.8 7.7 -4.7
v 1.4 7.7 -4.7
v 1.6 7.7 -4.7
v 2 7.7 -4.7
v 2.1 7.7 -4.7
v 3.1 7.7 -4.7
v 3.2 7.7 -4.7
v 4.4 7.7 -4.7
v 4.5 7.7 -4.7
v 4.8 7.7 -4.7
v 4.9 7.7 -4.7
v 5.4 7.7 -4.7
v 5.5 7.7 -4.7
v 6 7.7 -4.7
v 0.1 7.7 -4.8
v 0.7 7.7 -4.8
v 0.8 7.7 -4.8
v 1.4 7.7 -4.8
v 1.6 7.7 -4.8
v 2 7.7 -4.8
v 2.1 7.7 -4.8
v 3.1 7.7 -4.8
v 3.2 7.7 -4.8
v 4.4 7.7 -4.8
v 4.5 7.7 -4.8
v 4.8 7.7 -4.8
v 4.9 7.7 -4.8
v 5.4 7.7 -4.8
v 5.5 7.7 -4.8
v 6 7.7 -4.8
v 6.4 7.7 -5.3
v 6.5 7.7 -5.3
v 7.4 7.7 -5.3
v 7.6 7.7 -5.3
v 0.1 7.7 -5.4
v 1.2 7.7 -5.4
v 1.3 7.7 -5.4
v 2.7 7.7 -5.4
v 2.8 7.7 -5.4
v 3.5 7.7 -5.4
v 3.6 7.7 -5.4
v 4.3 7.7 -5.4
v 4.4 7.7 -5.4
v 5.9 7.7 -5.4
v 6 7.7 -5.4
v 6.4 7.7 -5.4
v 6.5 7.7 -5.4
v 7.4 7.7 -5.4
v 7.6 7.7 -5.4
v 0.1 7.7 -5.5
v 1.2 7.7 -5.5
v 1.3 7.7 -5.5
v 2.7 7.7 -5.5
v 2.8 7.7 -5.5
v 3.5 7.7 -5.5
v 3.6 7.7 -5.5
v 4.3 7.7 -5.5
v 4.4 7.7 -5.5
v 5.9 7.7 -5.5
v 5.9 7.7 -6.4
v 6 7.7 -6.4
v 5.8 7.7 -7.2
v 5.9 7.7 -7.2
v 0.1 7.7 -7.3
v 5.8 7.7 -7.3
v 6.8 7.8 -5.3
v 7.1 7.8 -5.3
v 7.6 7.8 -5.3
v 7.7 7.8 -5.3
v 6.8 7.8 -5.4
v 7.1 7.8 -5.4
v 7.6 7.8 -5.4
v 7.7 7.8 -5.4
v 2 7.9 -4.4
v 2.1 7.9 -4.4
v 2.6 7.9 -4.4
v 2.7 7.9 -4.4
v 2 7.9 -4.5
v 2.1 7.9 -4.5
v 2.6 7.9 -4.5
v 2.7 7.9 -4.5
v 1.5 7.9 -4.6
v 1.6 7.9 -4.6
v 2.2 7.9 -4.6
v 2.3 7.9 -4.6
v 2.7 7.9 -4.6
v 2.8 7.9 -4.6
v 1.5 7.9 -4.7
v 1.6 7.9 -4.7
v 2.2 7.9 -4.7
v 2.3 7.9 -4.7
v 2.7 7.9 -4.7
v 2.8 7.9 -4.7
v 6.2 7.9 -5.3
v 6.4 7.9 -5.3
v 6.5 7.9 -5.3
v 6.7 7.9 -5.3
v 7.1 7.9 -5.3
v 7.3 7.9 -5.3
v 7.4 7.9 -5.3
v 7.5 7.9 -5.3
v 7.9 7.9 -5.3
v 8.3 7.9 -5.3
v 8.4 7.9 -5.3
v 8.5 7.9 -5.3
v 6.2 7.9 -5.4
v 6.3 7.9 -5.4
v 6.4 7.9 -5.4
v 6.5 7.9 -5.4
v 6.7 7.9 -5.4
v 7.1 7.9 -5.4
v 7.3 7.9 -5.4
v 7.4 7.9 -5.4
v 7.5 7.9 -5.4
v 7.9 7.9 -5.4
v 8.3 7.9 -5.4
v 8.4 7.9 -5.4
v 8.5 7.9 -5.4
v 9.1 7.9 -5.5
v 12.4 7.9 -5.5
v 9.1 7.9 -5.6
v 12.4 7.9 -5.6
v 2.1 8 -4.4
v 2.2 8 -4.4
v 2.5 8 -4.4
v 2.6 8 -4.4
v 2 8 -4.5
v 2.1 8 -4.5
v 2.2 8 -4.5
v 2.5 8 -4.5
v 2.6 8 -4.5
v 2.7 8 -4.5
v 1.6 8 -4.6
v 1.7 8 -4.6
v 2 8 -4.6
v 2.1 8 -4.6
v 2.2 8 -4.6
v 2.3 8 -4.6
v 2.5 8 -4.6
v 2.7 8 -4.6
v 1.6 8 -4.7
v 1.7 8 -4.7
v 2.2 8 -4.7
v 2.3 8 -4.7
v 2.7 8 -4.7
v 2.1 8 -4.8
v 2.3 8 -4.8
v 8.3 8 -5.3
v 8.4 8 -5.3
v 8.5 8 -5.3
v 8.6 8 -5.3
v 8.3 8 -5.4
v 8.4 8 -5.4
v 8.5 8 -5.4
v 8.6 8 -5.4
v 1.9 8.1 -4.5
v 2 8.1 -4.5
v 2.7 8.1 -4.5
v 2.8 8.1 -4.5
v 1.7 8.1 -4.6
v 1.9 8.1 -4.6
v 2 8.1 -4.6
v 2.7 8.1 -4.6
v 2.8 8.1 -4.6
v 1.7 8.1 -4.7
v 2 8.1 -4.7
v 8.4 8.1 -5.3
v 8.5 8.1 -5.3
v 8.4 8.1 -5.4
v 8.5 8.1 -5.4
v 2.7 8.2 -4.4
v 2.8 8.2 -4.4
v 2.7 8.2 -4.5
v 2.8 8.2 -4.5
v 2.9 8.2 -4.5
v 2.8 8.2 -4.6
v 2.7 8.2 -4.7
v 2.8 8.2 -4.7
v 2.9 8.2 -4.7
v 2.7 8.2 -4.8
v 2.8 8.2 -4.8
v 7.3 8.2 -5.2
v 7.4 8.2 -5.2
v 7.3 8.2 -5.4
v 7.4 8.2 -5.4
v 0.8 8.3 -5.1
v 0.9 8.3 -5.1
v 3.7 8.3 -5.1
v 3.8 8.3 -5.1
v 7.3 8.3 -5.1
v 7.4 8.3 -5.1
v 0.8 8.3 -5.2
v 0.9 8.3 -5.2
v 3.7 8.3 -5.2
v 3.8 8.3 -5.2
v 7.3 8.3 -5.2
v 7.4 8.3 -5.2
v 2.7 8.4 -4.4
v 2.8 8.4 -4.4
v 2.7 8.4 -4.5
v 2.8 8.4 -4.5
v 2.7 8.4 -4.7
v 2.8 8.4 -4.7
v 2.7 8.4 -4.8
v 2.8 8.4 -4.8
v 0 8.4 -5.2
v 0.4 8.4 -5.2
v 0.5 8.4 -5.2
v 0.8 8.4 -5.2
v 0.9 8.4 -5.2
v 1.6 8.4 -5.2
v 1.7 8.4 -5.2
v 2.1 8.4 -5.2
v 2.5 8.4 -5.2
v 3.1 8.4 -5.2
v 3.2 8.4 -5.2
v 3.7 8.4 -5.2
v 3.8 8.4 -5.2
v 4 8.4 -5.2
v 4.3 8.4 -5.2
v 5.2 8.4 -5.2
v 5.8 8.4 -5.2
v 6.2 8.4 -5.2
v 6.3 8.4 -5.2
v 6.6 8.4 -5.2
v 6.8 8.4 -5.2
v 7.3 8.4 -5.2
v 7.4 8.4 -5.2
v 7.9 8.4 -5.2
v 8 8.4 -5.2
v 8.4 8.4 -5.2
v 8.5 8.4 -5.2
v 8.7 8.4 -5.2
v 8.8 8.4 -5.2
v 9 8.4 -5.2
v 0 8.4 -5.3
v 0.1 8.4 -5.3
v 0.4 8.4 -5.3
v 0.5 8.4 -5.3
v 0.8 8.4 -5.3
v 0.9 8.4 -5.3
v 1.6 8.4 -5.3
v 1.7 8.4 -5.3
v 2.1 8.4 -5.3
v 2.4 8.4 -5.3
v 2.5 8.4 -5.3
v 3.1 8.4 -5.3
v 3.2 8.4 -5.3
v 3.7 8.4 -5.3
v 3.8 8.4 -5.3
v 4 8.4 -5.3
v 4.3 8.4 -5.3
v 4.9 8.4 -5.3
v 5 8.4 -5.3
v 5.2 8.4 -5.3
v 5.8 8.4 -5.3
v 6.2 8.4 -5.3
v 6.3 8.4 -5.3
v 6.6 8.4 -5.3
v 6.8 8.4 -5.3
v 7 8.4 -5.3
v 7.2 8.4 -5.3
v 7.3 8.4 -5.3
v 7.4 8.4 -5.3
v 7.9 8.4 -5.3
v 8 8.4 -5.3
v 8.4 8.4 -5.3
v 8.5 8.4 -5.3
v 8.7 8.4 -5.3
v 8.8 8.4 -5.3
v 8.9 8.4 -5.3
v 9 8.4 -5.3
v 0 8.4 -5.4
v 0.1 8.4 -5.4
v 0.8 8.4 -5.4
v 0.9 8.4 -5.4
v 2.4 8.4 -5.4
v 2.5 8.4 -5.4
v 3.7 8.4 -5.4
v 3.8 8.4 -5.4
v 4.9 8.4 -5.4
v 5 8.4 -5.4
v 7 8.4 -5.4
v 7.2 8.4 -5.4
v 7.3 8.4 -5.4
v 7.4 8.4 -5.4
v 8.7 8.4 -5.4
v 8.9 8.4 -5.4
v 9.1 8.5 -5.5
v 12.4 8.5 -5.5
v 9.1 8.5 -5.6
v 12.4 8.5 -5.6
v 0 8.6 -5.2
v 0.1 8.6 -5.2
v 0.8 8.6 -5.2
v 0.9 8.6 -5.2
v 1.1 8.6 -5.2
v 1.2 8.6 -5.2
v 1.9 8.6 -5.2
v 2 8.6 -5.2
v 2.2 8.6 -5.2
v 2.4 8.6 -5.2
v 3 8.6 -5.2
v 3.2 8.6 -5.2
v 3.4 8.6 -5.2
v 3.5 8.6 -5.2
v 3.7 8.6 -5.2
v 3.8 8.6 -5.2
v 4.4 8.6 -5.2
v 4.5 8.6 -5.2
v 5 8.6 -5.2
v 5.1 8.6 -5.2
v 5.6 8.6 -5.2
v 0 8.6 -5.3
v 0.1 8.6 -5.3
v 0.6 8.6 -5.3
v 0.7 8.6 -5.3
v 0.8 8.6 -5.3
v 0.9 8.6 -5.3
v 1.1 8.6 -5.3
v 1.2 8.6 -5.3
v 1.9 8.6 -5.3
v 2 8.6 -5.3
v 2.2 8.6 -5.3
v 2.4 8.6 -5.3
v 3 8.6 -5.3
v 3.2 8.6 -5.3
v 3.4 8.6 -5.3
v 3.5 8.6 -5.3
v 3.7 8.6 -5.3
v 3.8 8.6 -5.3
v 4.4 8.6 -5.3
v 4.5 8.6 -5.3
v 5 8.6 -5.3
v 5.1 8.6 -5.3
v 5.6 8.6 -5.3
v 0 8.6 -5.4
v 0.1 8.6 -5.4
v 0.6 8.6 -5.4
v 0.7 8.6 -5.4
v 0.8 8.7 -5.3
v 0.9 8.7 -5.3
v 3.7 8.7 -5.3
v 3.8 8.7 -5.3
v 7.3 8.7 -5.3
v 7.4 8.7 -5.3
v 0.8 8.7 -5.4
v 0.9 8.7 -5.4
v 3.7 8.7 -5.4
v 3.8 8.7 -5.4
v 7.3 8.7 -5.4
v 7.4 8.7 -5.4
v 9.2 8.8 -4.6
v 9.5 8.8 -4.6
v 12.1 8.8 -4.6
v 12.4 8.8 -4.6
v 9.3 8.8 -4.7
v 9.4 8.8 -4.7
v 12.2 8.8 -4.7
v 12.3 8.8 -4.7
v 9.3 8.8 -5
v 9.4 8.8 -5
v 12.2 8.8 -5
v 12.3 8.8 -5
v 9.2 8.8 -5.1
v 9.5 8.8 -5.1
v 12.1 8.8 -5.1
v 12.4 8.8 -5.1
v 11.2 8.8 -5.2
v 11.3 8.8 -5.2
v 11.2 8.8 -5.3
v 11.3 8.8 -5.3
v 2.6 8.8 -5.4
v 2.7 8.8 -5.4
v 11.3 8.8 -5.4
v 11.4 8.8 -5.4
v 2.6 8.8 -5.5
v 2.7 8.8 -5.5
v 11.3 8.8 -5.5
v 11.4 8.8 -5.5
v 2.6 8.8 -5.6
v 2.7 8.8 -5.6
v 9.3 8.9 -4.7
v 9.4 8.9 -4.7
v 12.2 8.9 -4.7
v 12.3 8.9 -4.7
v 9.3 8.9 -5
v 9.4 8.9 -5
v 12.2 8.9 -5
v 12.3 8.9 -5
v 5.2 8.9 -5.1
v 6 8.9 -5.1
v 9.3 8.9 -5.1
v 9.4 8.9 -5.1
v 12.2 8.9 -5.1
v 12.3 8.9 -5.1
v 5.1 8.9 -5.2
v 5.2 8.9 -5.2
v 5.3 8.9 -5.2
v 5.4 8.9 -5.2
v 5.6 8.9 -5.2
v 5.7 8.9 -5.2
v 5.9 8.9 -5.2
v 6 8.9 -5.2
v 6.1 8.9 -5.2
v 11.1 8.9 -5.2
v 11.2 8.9 -5.2
v 5.2 8.9 -5.3
v 5.3 8.9 -5.3
v 5.9 8.9 -5.3
v 6 8.9 -5.3
v 9.1 8.9 -5.3
v 9.3 8.9 -5.3
v 9.4 8.9 -5.3
v 11.1 8.9 -5.3
v 11.2 8.9 -5.3
v 11.3 8.9 -5.3
v 12.2 8.9 -5.3
v 12.3 8.9 -5.3
v 12.4 8.9 -5.3
v 12.5 8.9 -5.3
v 12.6 8.9 -5.3
v 5.1 8.9 -5.4
v 5.2 8.9 -5.4
v 6 8.9 -5.4
v 6.1 8.9 -5.4
v 9.1 8.9 -5.4
v 11.1 8.9 -5.4
v 11.3 8.9 -5.4
v 11.4 8.9 -5.4
v 12.4 8.9 -5.4
v 12.5 8.9 -5.4
v 12.6 8.9 -5.4
v 9.1 8.9 -5.5
v 11.3 8.9 -5.5
v 11.4 8.9 -5.5
v 12.4 8.9 -5.5
v 11.2 9 -5.1
v 11.3 9 -5.1
v 2.8 9 -5.2
v 5 9 -5.2
v 11.2 9 -5.2
v 11.3 9 -5.2
v 2.8 9 -5.3
v 3.1 9 -5.3
v 3.2 9 -5.3
v 4.5 9 -5.3
v 4.6 9 -5.3
v 5 9 -5.3
v 3.1 9 -5.4
v 3.2 9 -5.4
v 4.5 9 -5.4
v 4.6 9 -5.4
v 9 9.1 -5.2
v 9.9 9.1 -5.2
v 10 9.1 -5.2
v 10.5 9.1 -5.2
v 10.6 9.1 -5.2
v 11 9.1 -5.2
v 11.1 9.1 -5.2
v 11.2 9.1 -5.2
v 11.3 9.1 -5.2
v 11.6 9.1 -5.2
v 11.8 9.1 -5.2
v 12.3 9.1 -5.2
v 12.6 9.1 -5.2
v 9 9.1 -5.3
v 9.6 9.1 -5.3
v 9.8 9.1 -5.3
v 9.9 9.1 -5.3
v 10 9.1 -5.3
v 10.5 9.1 -5.3
v 10.6 9.1 -5.3
v 10.8 9.1 -5.3
v 11 9.1 -5.3
v 11.1 9.1 -5.3
v 11.2 9.1 -5.3
v 11.3 9.1 -5.3
v 11.6 9.1 -5.3
v 11.8 9.1 -5.3
v 12.3 9.1 -5.3
v 12.5 9.1 -5.3
v 12.6 9.1 -5.3
v 9.6 9.1 -5.4
v 9.8 9.1 -5.4
v 10.8 9.1 -5.4
v 11 9.1 -5.4
v 11.2 9.1 -5.4
v 11.3 9.1 -5.4
v 12.3 9.1 -5.4
v 12.5 9.1 -5.4
v 2.8 9.2 -5.2
v 5 9.2 -5.2
v 2.8 9.2 -5.3
v 3.1 9.2 -5.3
v 3.2 9.2 -5.3
v 4.4 9.2 -5.3
v 4.5 9.2 -5.3
v 5 9.2 -5.3
v 3.1 9.2 -5.4
v 3.2 9.2 -5.4
v 4.4 9.2 -5.4
v 4.5 9.2 -5.4
v 11.7 9.3 -4
v 11.8 9.3 -4
v 11.9 9.3 -4
v 12 9.3 -4
v 11.7 9.3 -5
v 11.8 9.3 -5
v 11.9 9.3 -5
v 12 9.3 -5
v 5.4 9.3 -5.3
v 5.5 9.3 -5.3
v 5.8 9.3 -5.3
v 5.9 9.3 -5.3
v 5.4 9.3 -5.4
v 5.5 9.3 -5.4
v 5.8 9.3 -5.4
v 5.9 9.3 -5.4
v 11.8 9.4 -4.1
v 11.9 9.4 -4.1
v 11.8 9.4 -4.9
v 11.9 9.4 -4.9
v 9.4 9.4 -5
v 9.6 9.4 -5
v 9.8 9.4 -5
v 10.1 9.4 -5
v 10.2 9.4 -5
v 10.5 9.4 -5
v 11.8 9.4 -5
v 11.9 9.4 -5
v 9.4 9.4 -5.1
v 9.6 9.4 -5.1
v 9.8 9.4 -5.1
v 10.1 9.4 -5.1
v 10.2 9.4 -5.1
v 10.4 9.4 -5.1
v 10.5 9.4 -5.1
v 11.2 9.4 -5.3
v 11.3 9.4 -5.3
v 9.4 9.4 -5.4
v 10.4 9.4 -5.4
v 10.5 9.4 -5.4
v 11.2 9.4 -5.4
v 11.3 9.4 -5.4
v 9.5 9.5 -4.9
v 10.1 9.5 -4.9
v 9.5 9.5 -5
v 9.6 9.5 -5
v 9.8 9.5 -5
v 10.1 9.5 -5
v 1.9 9.5 -6.6
v 2 9.5 -6.6
v 0 9.5 -6.7
v 1.9 9.5 -6.7
v 2 9.5 -6.7
v 2.6 9.5 -6.7
v 0 9.5 -6.8
v 1.9 9.5 -6.8
v 2 9.5 -6.8
v 2.6 9.5 -6.8
v 11.8 9.6 -5.3
v 11.9 9.6 -5.3
v 11.8 9.6 -5.4
v 11.9 9.6 -5.4
v 4.8 9.7 -4
v 4.9 9.7 -4
v 9.5 9.7 -4.9
v 10.1 9.7 -4.9
v 9.5 9.7 -5
v 10.1 9.7 -5
v 11.8 9.7 -5
v 11.9 9.7 -5
v 6.5 9.7 -5.3
v 8.8 9.7 -5.3
v 10.5 9.7 -5.3
v 11.8 9.7 -5.3
v 11.9 9.7 -5.3
v 12 9.7 -5.3
v 12.3 9.7 -5.3
v 4.8 9.7 -5.4
v 4.9 9.7 -5.4
v 6.5 9.7 -5.4
v 7.6 9.7 -5.4
v 7.7 9.7 -5.4
v 8.7 9.7 -5.4
v 8.8 9.7 -5.4
v 10.5 9.7 -5.4
v 11.7 9.7 -5.4
v 11.8 9.7 -5.4
v 12 9.7 -5.4
v 12.3 9.7 -5.4
v 6.5 9.7 -5.5
v 7.6 9.7 -5.5
v 7.7 9.7 -5.5
v 8.7 9.7 -5.5
v 10.4 9.8 -4.9
v 10.5 9.8 -4.9
v 6.4 9.8 -5
v 6.6 9.8 -5
v 7 9.8 -5
v 7.3 9.8 -5
v 7.4 9.8 -5
v 7.7 9.8 -5
v 7.9 9.8 -5
v 8.3 9.8 -5
v 8.4 9.8 -5
v 8.7 9.8 -5
v 8.8 9.8 -5
v 10.4 9.8 -5
v 10.5 9.8 -5
v 6.4 9.8 -5.1
v 6.6 9.8 -5.1
v 7 9.8 -5.1
v 7.3 9.8 -5.1
v 7.4 9.8 -5.1
v 7.7 9.8 -5.1
v 7.9 9.8 -5.1
v 8.3 9.8 -5.1
v 8.4 9.8 -5.1
v 8.7 9.8 -5.1
v 8.8 9.8 -5.1
v 12.5 9.8 -5.3
v 12.6 9.8 -5.3
v 12.5 9.8 -5.4
v 12.6 9.8 -5.4
v 4.8 9.9 -4.2
v 5 9.9 -4.2
v 4.8 9.9 -4.3
v 5 9.9 -4.3
v 4.8 9.9 -4.9
v 5 9.9 -4.9
v 9.5 9.9 -4.9
v 10.1 9.9 -4.9
v 10.3 9.9 -4.9
v 10.4 9.9 -4.9
v 4.8 9.9 -5
v 5 9.9 -5
v 9.5 9.9 -5
v 10.1 9.9 -5
v 10.3 9.9 -5
v 10.4 9.9 -5
v 10.5 9.9 -5.3
v 11.7 9.9 -5.3
v 10.5 9.9 -5.4
v 11.7 9.9 -5.4
v 4.8 10 -4.3
v 5 10 -4.3
v 4.8 10 -4.6
v 4.9 10 -4.6
v 4.8 10 -4.7
v 4.9 10 -4.7
v 4.8 10 -4.9
v 5 10 -4.9
v 4.8 10.1 -4.9
v 5 10.1 -4.9
v 9.5 10.1 -4.9
v 10.1 10.1 -4.9
v 4.8 10.1 -5
v 5 10.1 -5
v 9.5 10.1 -5
v 10.1 10.1 -5
v 6.5 10.1 -5.1
v 6.6 10.1 -5.1
v 6.7 10.1 -5.1
v 6.8 10.1 -5.1
v 6.9 10.1 -5.1
v 7.4 10.1 -5.1
v 7.5 10.1 -5.1
v 7.9 10.1 -5.1
v 8 10.1 -5.1
v 8.5 10.1 -5.1
v 8.6 10.1 -5.1
v 8.7 10.1 -5.1
v 6.6 10.1 -5.2
v 8.6 10.1 -5.2
v 12.4 10.1 -5.3
v 12.5 10.1 -5.3
v 6.3 10.1 -5.4
v 6.5 10.1 -5.4
v 6.6 10.1 -5.4
v 8.6 10.1 -5.4
v 8.7 10.1 -5.4
v 9 10.1 -5.4
v 12.4 10.1 -5.4
v 12.5 10.1 -5.4
v 6.3 10.1 -5.5
v 6.4 10.1 -5.5
v 8.7 10.1 -5.5
v 9 10.1 -5.5
v 2 10.1 -6.7
v 2.6 10.1 -6.7
v 2 10.1 -6.8
v 2.6 10.1 -6.8
v 10.4 10.2 -4.9
v 10.5 10.2 -4.9
v 9.5 10.2 -5
v 10.1 10.2 -5
v 10.4 10.2 -5
v 10.5 10.2 -5
v 9.5 10.2 -5.1
v 10.1 10.2 -5.1
v 2.9 10.2 -5.3
v 4.7 10.2 -5.3
v 12.3 10.2 -5.3
v 12.4 10.2 -5.3
v 2.9 10.2 -5.4
v 4.3 10.2 -5.4
v 4.4 10.2 -5.4
v 4.7 10.2 -5.4
v 12.3 10.2 -5.4
v 12.4 10.2 -5.4
v 2.9 10.2 -5.5
v 4.3 10.2 -5.5
v 4.4 10.2 -5.5
v 4.7 10.2 -5.5
v 4.8 10.4 -4.5
v 5 10.4 -4.5
v 4.8 10.4 -4.6
v 5 10.4 -4.6
v 5.2 10.4 -5.1
v 6 10.4 -5.1
v 5.1 10.4 -5.2
v 5.2 10.4 -5.2
v 5.3 10.4 -5.2
v 5.4 10.4 -5.2
v 5.6 10.4 -5.2
v 5.7 10.4 -5.2
v 5.9 10.4 -5.2
v 6 10.4 -5.2
v 6.1 10.4 -5.2
v 10.3 10.4 -5.2
v 10.4 10.4 -5.2
v 5.2 10.4 -5.3
v 5.3 10.4 -5.3
v 5.9 10.4 -5.3
v 6 10.4 -5.3
v 10.3 10.4 -5.3
v 10.4 10.4 -5.3
v 5.1 10.4 -5.4
v 5.2 10.4 -5.4
v 6 10.4 -5.4
v 6.1 10.4 -5.4
v 4.8 10.5 -4.6
v 5 10.5 -4.6
v 4.8 10.5 -4.8
v 5 10.5 -4.8
v 9.7 10.5 -5
v 9.8 10.5 -5
v 9.6 10.5 -5.1
v 9.7 10.5 -5.1
v 9.8 10.5 -5.1
v 9.9 10.5 -5.1
v 4.8 10.5 -5.2
v 4.9 10.5 -5.2
v 9.6 10.5 -5.2
v 9.7 10.5 -5.2
v 9.8 10.5 -5.2
v 9.9 10.5 -5.2
v 9.6 10.5 -5.3
v 9.7 10.5 -5.3
v 9.8 10.5 -5.3
v 9.9 10.5 -5.3
v 11.9 10.5 -5.3
v 12 10.5 -5.3
v 12.1 10.5 -5.3
v 12.4 10.5 -5.3
v 12.6 10.5 -5.3
v 2.6 10.5 -5.4
v 4.8 10.5 -5.4
v 4.9 10.5 -5.4
v 11.9 10.5 -5.4
v 12 10.5 -5.4
v 12.1 10.5 -5.4
v 12.4 10.5 -5.4
v 12.6 10.5 -5.4
v 2.6 10.5 -5.5
v 2.7 10.5 -5.5
v 4.8 10.5 -5.5
v 2.6 10.5 -9.6
v 2.7 10.5 -9.6
v 5.7 10.6 -5.3
v 5.9 10.6 -5.3
v 12.1 10.6 -5.3
v 12.2 10.6 -5.3
v 12.3 10.6 -5.3
v 12.4 10.6 -5.3
v 5.7 10.6 -5.4
v 5.9 10.6 -5.4
v 12.1 10.6 -5.4
v 12.2 10.6 -5.4
v 12.3 10.6 -5.4
v 12.4 10.6 -5.4
v 2 10.6 -6.7
v 2.6 10.6 -6.7
v 2 10.6 -6.8
v 2.6 10.6 -6.8
v 4.8 10.7 -4.8
v 5 10.7 -4.8
v 4.8 10.7 -4.9
v 5 10.7 -4.9
v 9.5 10.7 -5.2
v 9.6 10.7 -5.2
v 9.9 10.7 -5.2
v 10 10.7 -5.2
v 5.4 10.7 -5.3
v 5.5 10.7 -5.3
v 5.6 10.7 -5.3
v 9.5 10.7 -5.3
v 9.6 10.7 -5.3
v 9.9 10.7 -5.3
v 10 10.7 -5.3
v 12.2 10.7 -5.3
v 12.3 10.7 -5.3
v 5.4 10.7 -5.4
v 5.6 10.7 -5.4
v 12.2 10.7 -5.4
v 12.3 10.7 -5.4
v 4.8 10.8 -4.2
v 5 10.8 -4.2
v 4.8 10.8 -4.3
v 5 10.8 -4.3
v 9.3 10.8 -4.5
v 11.6 10.8 -4.5
v 9.4 10.8 -4.6
v 11.5 10.8 -4.6
v 11.6 10.8 -4.6
v 12 10.8 -5.3
v 12.2 10.8 -5.3
v 12.3 10.8 -5.3
v 12.5 10.8 -5.3
v 9.3 10.8 -5.4
v 9.4 10.8 -5.4
v 11.5 10.8 -5.4
v 11.6 10.8 -5.4
v 12 10.8 -5.4
v 12.2 10.8 -5.4
v 12.3 10.8 -5.4
v 12.5 10.8 -5.4
v 9.4 10.9 -4.6
v 9.9 10.9 -4.6
v 10 10.9 -4.6
v 10.1 10.9 -4.6
v 10.2 10.9 -4.6
v 10.6 10.9 -4.6
v 10.7 10.9 -4.6
v 11.1 10.9 -4.6
v 11.2 10.9 -4.6
v 11.5 10.9 -4.6
v 9.4 10.9 -4.7
v 9.9 10.9 -4.7
v 10 10.9 -4.7
v 10.1 10.9 -4.7
v 10.2 10.9 -4.7
v 10.6 10.9 -4.7
v 10.7 10.9 -4.7
v 11.1 10.9 -4.7
v 11.2 10.9 -4.7
v 11.5 10.9 -4.7
v 4.8 10.9 -4.9
v 5 10.9 -4.9
v 4.8 10.9 -5
v 5 10.9 -5
v 4.8 11 -4.1
v 4.9 11 -4.1
v 4.8 11 -4.2
v 4.9 11 -4.2
v 4.8 11 -4.3
v 5 11 -4.3
v 9.4 11 -4.7
v 9.5 11 -4.7
v 9.8 11 -4.7
v 9.9 11 -4.7
v 10 11 -4.7
v 10.1 11 -4.7
v 10.2 11 -4.7
v 10.6 11 -4.7
v 10.7 11 -4.7
v 11.1 11 -4.7
v 11.2 11 -4.7
v 11.3 11 -4.7
v 11.5 11 -4.7
v 4.8 11 -4.8
v 5 11 -4.8
v 9.4 11 -4.8
v 9.5 11 -4.8
v 9.8 11 -4.8
v 9.9 11 -4.8
v 10.1 11 -4.8
v 10.2 11 -4.8
v 10.6 11 -4.8
v 10.7 11 -4.8
v 11.1 11 -4.8
v 11.3 11 -4.8
v 11.5 11 -4.8
v 4.8 11 -5
v 4.9 11 -5
v 4.8 11 -5.1
v 4.9 11 -5.1
v 6.5 11 -5.3
v 8.7 11 -5.3
v 11.9 11 -5.3
v 12.2 11 -5.3
v 12.3 11 -5.3
v 12.6 11 -5.3
v 6.5 11 -5.4
v 7.6 11 -5.4
v 7.7 11 -5.4
v 8.7 11 -5.4
v 11.9 11 -5.4
v 12.2 11 -5.4
v 12.3 11 -5.4
v 12.6 11 -5.4
v 6.5 11 -5.5
v 7.6 11 -5.5
v 7.7 11 -5.5
v 8.7 11 -5.5
v 9.4 11.1 -4.8
v 9.5 11.1 -4.8
v 9.6 11.1 -4.8
v 9.7 11.1 -4.8
v 9.8 11.1 -4.8
v 9.9 11.1 -4.8
v 10.1 11.1 -4.8
v 10.2 11.1 -4.8
v 10.4 11.1 -4.8
v 10.5 11.1 -4.8
v 10.6 11.1 -4.8
v 10.7 11.1 -4.8
v 10.8 11.1 -4.8
v 11.1 11.1 -4.8
v 11.2 11.1 -4.8
v 11.3 11.1 -4.8
v 11.5 11.1 -4.8
v 9.4 11.1 -4.9
v 9.6 11.1 -4.9
v 9.7 11.1 -4.9
v 9.8 11.1 -4.9
v 10.1 11.1 -4.9
v 10.2 11.1 -4.9
v 10.4 11.1 -4.9
v 10.5 11.1 -4.9
v 10.6 11.1 -4.9
v 10.8 11.1 -4.9
v 11.2 11.1 -4.9
v 11.3 11.1 -4.9
v 11.5 11.1 -4.9
v 4.8 11.2 -4.3
v 5 11.2 -4.3
v 4.8 11.2 -4.4
v 5 11.2 -4.4
v 6.5 11.2 -4.8
v 8.7 11.2 -4.8
v 6.6 11.2 -4.9
v 8.6 11.2 -4.9
v 9.4 11.2 -4.9
v 9.6 11.2 -4.9
v 9.7 11.2 -4.9
v 9.8 11.2 -4.9
v 10.1 11.2 -4.9
v 10.2 11.2 -4.9
v 10.4 11.2 -4.9
v 10.5 11.2 -4.9
v 10.6 11.2 -4.9
v 10.7 11.2 -4.9
v 10.8 11.2 -4.9
v 10.9 11.2 -4.9
v 11.2 11.2 -4.9
v 11.3 11.2 -4.9
v 11.4 11.2 -4.9
v 11.5 11.2 -4.9
v 6.6 11.2 -5
v 8.6 11.2 -5
v 9.4 11.2 -5
v 9.6 11.2 -5
v 9.8 11.2 -5
v 10.1 11.2 -5
v 10.4 11.2 -5
v 10.7 11.2 -5
v 10.9 11.2 -5
v 11.2 11.2 -5
v 11.4 11.2 -5
v 11.5 11.2 -5
v 6.5 11.2 -5.1
v 6.8 11.2 -5.1
v 6.9 11.2 -5.1
v 8.3 11.2 -5.1
v 8.4 11.2 -5.1
v 8.7 11.2 -5.1
v 6.6 11.2 -5.2
v 6.8 11.2 -5.2
v 6.9 11.2 -5.2
v 7.1 11.2 -5.2
v 8.1 11.2 -5.2
v 8.3 11.2 -5.2
v 8.4 11.2 -5.2
v 8.6 11.2 -5.2
v 6.7 11.2 -5.3
v 7 11.2 -5.3
v 8.2 11.2 -5.3
v 8.5 11.2 -5.3
v 11.9 11.2 -5.3
v 12 11.2 -5.3
v 12.1 11.2 -5.3
v 12.2 11.2 -5.3
v 12.3 11.2 -5.3
v 12.4 11.2 -5.3
v 2.9 11.2 -5.4
v 3.6 11.2 -5.4
v 4 11.2 -5.4
v 4.7 11.2 -5.4
v 6.6 11.2 -5.4
v 6.7 11.2 -5.4
v 7 11.2 -5.4
v 7.1 11.2 -5.4
v 8.1 11.2 -5.4
v 8.2 11.2 -5.4
v 8.5 11.2 -5.4
v 8.6 11.2 -5.4
v 9.4 11.2 -5.4
v 11.5 11.2 -5.4
v 11.9 11.2 -5.4
v 12 11.2 -5.4
v 12.1 11.2 -5.4
v 12.2 11.2 -5.4
v 12.3 11.2 -5.4
v 12.4 11.2 -5.4
v 2.9 11.2 -5.5
v 3.6 11.2 -5.5
v 4 11.2 -5.5
v 4.7 11.2 -5.5
v 6.6 11.3 -4.9
v 8.6 11.3 -4.9
v 6.6 11.3 -5
v 8.6 11.3 -5
v 12 11.3 -5.3
v 12.1 11.3 -5.3
v 12.5 11.3 -5.3
v 12.6 11.3 -5.3
v 12 11.3 -5.4
v 12.1 11.3 -5.4
v 12.5 11.3 -5.4
v 12.6 11.3 -5.4
v 2 11.3 -6.7
v 2.6 11.3 -6.7
v 2 11.3 -6.8
v 2.6 11.3 -6.8
v 4.8 11.4 -4.1
v 4.9 11.4 -4.1
v 4.8 11.4 -4.5
v 4.9 11.4 -4.5
v 4.8 11.4 -4.6
v 4.9 11.4 -4.6
v 4.8 11.4 -5.1
v 4.9 11.4 -5.1
v 4.8 11.4 -5.2
v 4.9 11.4 -5.2
v 5.7 11.4 -5.3
v 5.9 11.4 -5.3
v 11.8 11.4 -5.3
v 11.9 11.4 -5.3
v 12.2 11.4 -5.3
v 12.3 11.4 -5.3
v 12.4 11.4 -5.3
v 12.5 11.4 -5.3
v 4.8 11.4 -5.4
v 4.9 11.4 -5.4
v 5.7 11.4 -5.4
v 5.9 11.4 -5.4
v 11.8 11.4 -5.4
v 11.9 11.4 -5.4
v 12.2 11.4 -5.4
v 12.3 11.4 -5.4
v 12.4 11.4 -5.4
v 12.5 11.4 -5.4
v 0 11.4 -6.5
v 2.6 11.4 -6.5
v 0 11.4 -6.6
v 1.9 11.4 -6.6
v 2 11.4 -6.6
v 0 11.4 -6.7
v 1.9 11.4 -6.7
v 2 11.4 -6.7
v 2.6 11.4 -6.7
v 11.8 11.5 -5
v 11.9 11.5 -5
v 5.4 11.5 -5.3
v 5.5 11.5 -5.3
v 5.6 11.5 -5.3
v 11.8 11.5 -5.3
v 11.9 11.5 -5.3
v 5.7 11.5 -5.4
v 5.9 11.5 -5.4
v 5.4 11.5 -5.6
v 6 11.5 -5.6
v 9 11.5 -5.6
v 5.4 11.5 -5.7
v 6 11.5 -5.7
v 9 11.5 -5.7
v 5.4 11.5 -5.9
v 5.3 11.5 -6.2
v 5.4 11.5 -6.2
v 5.6 11.5 -6.2
v 5.7 11.5 -6.2
v 5.9 11.5 -6.2
v 6 11.5 -6.2
v 6.1 11.5 -6.2
v 5.3 11.5 -6.3
v 5.4 11.5 -6.3
v 5.6 11.5 -6.3
v 5.7 11.5 -6.3
v 5.9 11.5 -6.3
v 6 11.5 -6.3
v 6.1 11.5 -6.3
v 5.5 11.5 -7
v 5.6 11.5 -7
v 5.8 11.5 -7
v 5.9 11.5 -7
v 5.5 11.5 -7.1
v 5.6 11.5 -7.1
v 5.8 11.5 -7.1
v 5.9 11.5 -7.1
v 5.3 11.5 -7.8
v 5.4 11.5 -7.8
v 5.6 11.5 -7.8
v 5.7 11.5 -7.8
v 5.9 11.5 -7.8
v 6 11.5 -7.8
v 6.1 11.5 -7.8
v 5.3 11.5 -7.9
v 5.4 11.5 -7.9
v 5.6 11.5 -7.9
v 5.7 11.5 -7.9
v 5.9 11.5 -7.9
v 6 11.5 -7.9
v 6.1 11.5 -7.9
v 5.5 11.5 -8.5
v 5.6 11.5 -8.5
v 5.8 11.5 -8.5
v 5.9 11.5 -8.5
v 5.5 11.5 -8.6
v 5.6 11.5 -8.6
v 5.8 11.5 -8.6
v 5.9 11.5 -8.6
v 5.4 11.5 -9.6
v 5.6 11.5 -9.6
v 5.7 11.5 -9.6
v 5.9 11.5 -9.6
v 11.7 11.6 -4.1
v 11.8 11.6 -4.1
v 11.9 11.6 -4.1
v 12 11.6 -4.1
v 11.7 11.6 -4.9
v 11.8 11.6 -4.9
v 11.9 11.6 -4.9
v 12 11.6 -4.9
v 5.1 11.6 -5.6
v 5.4 11.6 -5.6
v 5.1 11.6 -5.7
v 5.4 11.6 -5.7
v 5.6 11.6 -6.2
v 5.7 11.6 -6.2
v 5.9 11.6 -6.2
v 6 11.6 -6.2
v 5.6 11.6 -6.3
v 5.7 11.6 -6.3
v 5.9 11.6 -6.3
v 6 11.6 -6.3
v 6.7 11.6 -6.6
v 6.9 11.6 -6.6
v 7 11.6 -6.6
v 7.3 11.6 -6.6
v 7.4 11.6 -6.6
v 7.9 11.6 -6.6
v 8 11.6 -6.6
v 8.2 11.6 -6.6
v 6.8 11.6 -6.7
v 8.1 11.6 -6.7
v 6.7 11.6 -7
v 6.7 11.6 -7.1
v 8.2 11.6 -7.1
v 8.2 11.6 -7.2
v 6.7 11.6 -7.5
v 6.7 11.6 -7.6
v 8.2 11.6 -7.7
v 5.6 11.6 -7.8
v 5.7 11.6 -7.8
v 5.9 11.6 -7.8
v 6 11.6 -7.8
v 8.2 11.6 -7.8
v 5.6 11.6 -7.9
v 5.7 11.6 -7.9
v 5.9 11.6 -7.9
v 6 11.6 -7.9
v 6.8 11.6 -8.1
v 8.1 11.6 -8.1
v 6.7 11.6 -8.2
v 7 11.6 -8.2
v 7.1 11.6 -8.2
v 7.4 11.6 -8.2
v 7.5 11.6 -8.2
v 7.8 11.6 -8.2
v 7.9 11.6 -8.2
v 8.2 11.6 -8.2
v 7.1 11.6 -9
v 7.3 11.6 -9
v 7.4 11.6 -9
v 7.9 11.6 -9
v 8 11.6 -9
v 8.3 11.6 -9
v 8.4 11.6 -9
v 8.6 11.6 -9
v 7.2 11.6 -9.1
v 8.5 11.6 -9.1
v 8.6 11.6 -9.4
v 7.1 11.6 -9.5
v 8.6 11.6 -9.5
v 7.1 11.6 -9.6
v 7.2 11.6 -9.6
v 8.5 11.6 -9.6
v 8.6 11.6 -9.6
v 2.9 11.9 -5.3
v 3.6 11.9 -5.3
v 4 11.9 -5.3
v 4.7 11.9 -5.3
v 10.9 11.9 -5.3
v 11.1 11.9 -5.3
v 2.9 11.9 -5.4
v 3.6 11.9 -5.4
v 4 11.9 -5.4
v 4.7 11.9 -5.4
v 9.1 11.9 -5.4
v 10.9 11.9 -5.4
v 11.1 11.9 -5.4
v 11.7 11.9 -5.4
v 11.8 11.9 -5.4
v 12.6 11.9 -5.4
v 2.9 11.9 -5.5
v 3.6 11.9 -5.5
v 4 11.9 -5.5
v 4.7 11.9 -5.5
v 9.1 11.9 -5.5
v 10.9 11.9 -5.5
v 11.1 11.9 -5.5
v 11.7 11.9 -5.5
v 11.8 11.9 -5.5
v 12.5 11.9 -5.5
v 12.6 11.9 -5.5
v 2.9 11.9 -5.6
v 3.6 11.9 -5.6
v 4 11.9 -5.6
v 4.7 11.9 -5.6
v 2.9 11.9 -6
v 4.7 11.9 -6
v 9.3 12.1 -5.2
v 9.4 12.1 -5.2
v 9.6 12.1 -5.2
v 9.7 12.1 -5.2
v 9.9 12.1 -5.2
v 10.1 12.1 -5.2
v 10.2 12.1 -5.2
v 10.5 12.1 -5.2
v 10.7 12.1 -5.2
v 2.6 12.1 -5.3
v 5.2 12.1 -5.3
v 9.3 12.1 -5.3
v 9.4 12.1 -5.3
v 9.6 12.1 -5.3
v 9.7 12.1 -5.3
v 9.9 12.1 -5.3
v 10.1 12.1 -5.3
v 10.5 12.1 -5.3
v 10.7 12.1 -5.3
v 2.5 12.1 -5.4
v 2.6 12.1 -5.4
v 5 12.1 -5.4
v 9.3 12.1 -5.4
v 10.1 12.1 -5.4
v 10.2 12.1 -5.4
v 10.5 12.1 -5.4
v 10.7 12.1 -5.4
v 2.6 12.1 -5.5
v 5 12.1 -5.5
v 5.1 12.1 -5.5
v 2.5 12.1 -9.6
v 2.6 12.1 -9.6
v 5.1 12.1 -9.6
v 5.2 12.1 -9.6
v 6.9 12.2 -7
v 8 12.2 -7
v 6.9 12.2 -7.1
v 8 12.2 -7.1
v 6.9 12.2 -7.2
v 8 12.2 -7.2
v 6.9 12.2 -7.3
v 8 12.2 -7.3
v 6.9 12.2 -7.4
v 8 12.2 -7.4
v 6.9 12.2 -7.5
v 8 12.2 -7.5
v 6.9 12.2 -7.6
v 8 12.2 -7.6
v 6.9 12.2 -7.7
v 8 12.2 -7.7
v 6.9 12.2 -7.8
v 8 12.2 -7.8
v 6.9 12.2 -7.9
v 8 12.2 -7.9
v 7.3 12.2 -9.4
v 8.4 12.2 -9.4
v 7.3 12.2 -9.5
v 8.4 12.2 -9.5
v 9.4 12.3 -5.1
v 9.9 12.3 -5.1
v 9.4 12.3 -5.2
v 9.9 12.3 -5.2
v 10 12.4 -5.2
v 10.2 12.4 -5.2
v 10 12.4 -5.3
v 10.1 12.4 -5.3
v 10.2 12.4 -5.3
v 10.5 12.4 -5.5
v 10.6 12.4 -5.5
v 10.9 12.4 -5.5
v 11 12.4 -5.5
v 10.4 12.4 -5.6
v 10.5 12.4 -5.6
v 10.6 12.4 -5.6
v 10.9 12.4 -5.6
v 11 12.4 -5.6
v 11.1 12.4 -5.6
v 10.4 12.4 -5.7
v 10.6 12.4 -5.7
v 10.7 12.4 -5.7
v 10.9 12.4 -5.7
v 10.6 12.4 -5.8
v 10.7 12.4 -5.8
v 10.9 12.4 -5.8
v 11.1 12.4 -5.8
v 9.4 12.5 -5.1
v 9.9 12.5 -5.1
v 9.4 12.5 -5.2
v 9.9 12.5 -5.2
v 10.6 12.5 -5.5
v 10.7 12.5 -5.5
v 10.6 12.5 -5.6
v 10.7 12.5 -5.6
v 10.5 12.5 -5.7
v 10.6 12.5 -5.7
v 10.5 12.5 -5.8
v 10.6 12.5 -5.8
v 10.7 12.6 -5.5
v 10.9 12.6 -5.5
v 10.7 12.6 -5.6
v 10.9 12.6 -5.6
v 9.4 12.7 -5.2
v 9.9 12.7 -5.2
v 10 12.7 -5.2
v 10.2 12.7 -5.2
v 9.4 12.7 -5.3
v 9.6 12.7 -5.3
v 9.7 12.7 -5.3
v 9.9 12.7 -5.3
v 10 12.7 -5.3
v 10.1 12.7 -5.3
v 10.2 12.7 -5.3
v 8.9 12.7 -6.6
v 9 12.7 -6.6
v 8.9 12.7 -9.6
v 9 12.7 -9.6
v 10.4 12.8 -5.4
v 11.2 12.8 -5.4
v 11.6 12.8 -5.4
v 12.3 12.8 -5.4
v 10.4 12.8 -5.5
v 11.2 12.8 -5.5
v 11.6 12.8 -5.5
v 12.3 12.8 -5.5
v 10.4 12.9 -5.5
v 11.2 12.9 -5.5
v 10.4 12.9 -5.6
v 11.2 12.9 -5.6
v 8.9 12.9 -6.9
v 9 12.9 -6.9
v 8.9 12.9 -7
v 9 12.9 -7
v 8.9 12.9 -7.1
v 9 12.9 -7.1
v 8.9 12.9 -7.2
v 9 12.9 -7.2
v 8.9 12.9 -7.9
v 9 12.9 -7.9
v 8.9 12.9 -8
v 9 12.9 -8
v 8.9 12.9 -8.1
v 9 12.9 -8.1
v 8.9 12.9 -8.4
v 9 12.9 -8.4
v 8.9 12.9 -8.5
v 9 12.9 -8.5
v 8.9 12.9 -8.6
v 9 12.9 -8.6
v 8.9 12.9 -8.8
v 9 12.9 -8.8
v 8.9 12.9 -9.1
v 9 12.9 -9.1
v 8.9 12.9 -9.3
v 9 12.9 -9.3
v 8.9 12.9 -9.5
v 9 12.9 -9.5
v 8.9 13 -6.8
v 9 13 -6.8
v 8.9 13 -6.9
v 9 13 -6.9
v 8.9 13 -7.2
v 9 13 -7.2
v 8.9 13 -7.3
v 9 13 -7.3
v 8.9 13 -8
v 9 13 -8
v 8.9 13 -8.1
v 9 13 -8.1
v 8.9 13 -9.2
v 9 13 -9.2
v 8.9 13 -9.3
v 9 13 -9.3
v 8.9 13.1 -6.7
v 9 13.1 -6.7
v 8.9 13.1 -6.8
v 9 13.1 -6.8
v 8.9 13.1 -7
v 9 13.1 -7
v 8.9 13.1 -7.1
v 9 13.1 -7.1
v 8.9 13.1 -8.2
v 9 13.1 -8.2
v 8.9 13.1 -8.3
v 9 13.1 -8.3
v 8.9 13.2 -6.8
v 9 13.2 -6.8
v 8.9 13.2 -6.9
v 9 13.2 -6.9
v 8.9 13.2 -7.3
v 9 13.2 -7.3
v 8.9 13.2 -7.4
v 9 13.2 -7.4
v 8.9 13.3 -6.9
v 9 13.3 -6.9
v 8.9 13.3 -7.1
v 9 13.3 -7.1
v 8.9 13.3 -7.2
v 9 13.3 -7.2
v 8.9 13.3 -7.3
v 9 13.3 -7.3
v 8.9 13.3 -8.3
v 9 13.3 -8.3
v 8.9 13.3 -8.5
v 9 13.3 -8.5
v 8.9 13.3 -9.3
v 9 13.3 -9.3
v 8.9 13.3 -9.4
v 9 13.3 -9.4
v 0 13.4 -4.9
v 0.1 13.4 -4.9
v 0 13.4 -5
v 0.1 13.4 -5
v 9.4 13.4 -5.3
v 11.2 13.4 -5.3
v 11.6 13.4 -5.3
v 12.3 13.4 -5.3
v 9.4 13.4 -5.4
v 10.3 13.4 -5.4
v 10.4 13.4 -5.4
v 11.2 13.4 -5.4
v 11.6 13.4 -5.4
v 12.3 13.4 -5.4
v 9.4 13.4 -5.5
v 10.3 13.4 -5.5
v 10.4 13.4 -5.5
v 11.2 13.4 -5.5
v 11.6 13.4 -5.5
v 12.3 13.4 -5.5
v 10.4 13.4 -5.6
v 11.2 13.4 -5.6
v 10.4 13.4 -6.1
v 11.2 13.4 -6.1
v 8.9 13.4 -7.1
v 9 13.4 -7.1
v 8.9 13.4 -7.2
v 9 13.4 -7.2
v 8.9 13.4 -7.9
v 9 13.4 -7.9
v 8.9 13.4 -8
v 9 13.4 -8
v 8.9 13.4 -8.2
v 9 13.4 -8.2
v 8.9 13.4 -8.3
v 9 13.4 -8.3
v 8.9 13.4 -8.6
v 9 13.4 -8.6
v 8.9 13.4 -8.7
v 9 13.4 -8.7
v 8.9 13.4 -9.5
v 9 13.4 -9.5
v 8.9 13.4 -9.6
v 9 13.4 -9.6
v 8.9 13.5 -6.9
v 9 13.5 -6.9
v 8.9 13.5 -7
v 9 13.5 -7
v 8.9 13.5 -8
v 9 13.5 -8
v 8.9 13.5 -8.1
v 9 13.5 -8.1
v 8.9 13.5 -8.9
v 9 13.5 -8.9
v 8.9 13.5 -9.2
v 9 13.5 -9.2
v 8.9 13.6 -7
v 9 13.6 -7
v 8.9 13.6 -7.6
v 9 13.6 -7.6
v 8.9 13.8 -5.3
v 9 13.8 -5.3
v 12.6 13.8 -5.3
v 9.1 13.8 -5.4
v 12.6 13.8 -5.4
v 9 13.8 -5.5
v 9.1 13.8 -5.5
v 8.9 13.8 -6.3
v 9 13.8 -6.3
v 8.9 13.8 -6.4
v 9 13.8 -6.4
v 8.9 13.8 -6.5
v 9 13.8 -6.5
v 8.9 13.8 -6.6
v 9 13.8 -6.6
v 8.9 13.8 -9.6
v 9 13.8 -9.6
v 8.8 5 -2.6
v 8.9 5 -2.6
v 9.3 5 -2.6
v 9.4 5 -2.6
v 8.8 5 -2.7
v 8.9 5 -2.7
v 9.3 5 -2.7
v 9.4 5 -2.7
v 2.6 5.1 0.4
v 6.5 5.1 0.4
v 0 5.1 0.2
v 2.5 5.1 0.2
v 6.6 5.1 0.1
v 12.5 5.1 0.1
v 12.6 5.1 0.1
v 2.5 5.1 -0.3
v 2.6 5.1 -0.3
v 6.5 5.1 -0.3
v 6.6 5.1 -0.3
v 9.3 5.1 -1
v 9.6 5.1 -1
v 9.1 5.1 -1.1
v 9.3 5.1 -1.1
v 9 5.1 -1.2
v 9.1 5.1 -1.2
v 9.5 5.1 -1.2
v 9.6 5.1 -1.2
v 2.8 5.1 -1.3
v 3.1 5.1 -1.3
v 8.8 5.1 -1.3
v 9 5.1 -1.3
v 9.3 5.1 -1.3
v 9.5 5.1 -1.3
v 1 5.1 -1.4
v 1.1 5.1 -1.4
v 1.2 5.1 -1.4
v 2.8 5.1 -1.4
v 5.2 5.1 -1.4
v 6.1 5.1 -1.4
v 7.2 5.1 -1.4
v 7.5 5.1 -1.4
v 8.7 5.1 -1.4
v 8.8 5.1 -1.4
v 9.2 5.1 -1.4
v 9.3 5.1 -1.4
v 1.1 5.1 -1.5
v 1.2 5.1 -1.5
v 4 5.1 -1.5
v 4.3 5.1 -1.5
v 4.6 5.1 -1.5
v 4.9 5.1 -1.5
v 5.1 5.1 -1.5
v 5.2 5.1 -1.5
v 8.6 5.1 -1.5
v 8.7 5.1 -1.5
v 9 5.1 -1.5
v 9.2 5.1 -1.5
v 5 5.1 -1.6
v 5.1 5.1 -1.6
v 5.3 5.1 -1.6
v 5.5 5.1 -1.6
v 8.4 5.1 -1.6
v 8.6 5.1 -1.6
v 8.9 5.1 -1.6
v 9 5.1 -1.6
v 1 5.1 -1.7
v 1.2 5.1 -1.7
v 5.5 5.1 -1.7
v 6 5.1 -1.7
v 6.1 5.1 -1.7
v 6.5 5.1 -1.7
v 8.3 5.1 -1.7
v 8.4 5.1 -1.7
v 8.7 5.1 -1.7
v 8.9 5.1 -1.7
v 1.2 5.1 -1.8
v 2.8 5.1 -1.8
v 7.1 5.1 -1.8
v 7.2 5.1 -1.8
v 7.5 5.1 -1.8
v 8.3 5.1 -1.8
v 8.7 5.1 -1.8
v 9.4 5.1 -1.8
v 3.7 5.1 -2
v 4 5.1 -2
v 4.3 5.1 -2
v 4.6 5.1 -2
v 4.9 5.1 -2
v 5 5.1 -2
v 5.3 5.1 -2
v 6 5.1 -2
v 1 5.1 -2.2
v 2.8 5.1 -2.2
v 7.1 5.1 -2.2
v 7.2 5.1 -2.2
v 7.5 5.1 -2.2
v 9.4 5.1 -2.2
v 0.9 5.1 -2.3
v 1 5.1 -2.3
v 3.7 5.1 -2.3
v 4 5.1 -2.3
v 4.3 5.1 -2.3
v 4.6 5.1 -2.3
v 4.9 5.1 -2.3
v 5 5.1 -2.3
v 5.3 5.1 -2.3
v 6.5 5.1 -2.3
v 0.8 5.1 -2.4
v 0.9 5.1 -2.4
v 0.7 5.1 -2.5
v 0.8 5.1 -2.5
v 1 5.1 -2.5
v 2.8 5.1 -2.5
v 7.8 5.1 -2.5
v 9.3 5.1 -2.5
v 0.6 5.1 -2.6
v 0.7 5.1 -2.6
v 0.9 5.1 -2.6
v 1 5.1 -2.6
v 5 5.1 -2.6
v 5.3 5.1 -2.6
v 7 5.1 -2.6
v 7.2 5.1 -2.6
v 7.5 5.1 -2.6
v 7.8 5.1 -2.6
v 8.8 5.1 -2.6
v 8.9 5.1 -2.6
v 9.3 5.1 -2.6
v 9.4 5.1 -2.6
v 0.8 5.1 -2.7
v 0.9 5.1 -2.7
v 8.8 5.1 -2.7
v 8.9 5.1 -2.7
v 9.3 5.1 -2.7
v 9.4 5.1 -2.7
v 0.6 5.1 -2.8
v 0.8 5.1 -2.8
v 4 5.1 -2.8
v 4.3 5.1 -2.8
v 4.6 5.1 -2.8
v 4.9 5.1 -2.8
v 7.8 5.1 -2.8
v 9.3 5.1 -2.8
v 2.8 5.1 -2.9
v 3.1 5.1 -2.9
v 7 5.1 -2.9
v 7.8 5.1 -2.9
v 5.2 5.1 -3.7
v 6.2 5.1 -3.7
v 5.2 5.1 -3.8
v 6.2 5.1 -3.8
v 0 5.1 -4.3
v 12.6 5.1 -4.3
v 0 5.1 -4.6
v 12.6 5.1 -4.6
v 6.4 5.1 -4.7
v 6.7 5.1 -4.7
v 6.9 5.1 -4.7
v 8.7 5.1 -4.7
v 6.3 5.1 -4.8
v 6.4 5.1 -4.8
v 6.7 5.1 -4.8
v 6.8 5.1 -4.8
v 6.5 5.1 -4.9
v 6.6 5.1 -4.9
v 6.5 5.1 -5.1
v 6.6 5.1 -5.1
v 6.3 5.1 -5.2
v 6.4 5.1 -5.2
v 6.7 5.1 -5.2
v 6.8 5.1 -5.2
v 6.4 5.1 -5.3
v 6.5 5.1 -5.3
v 6.6 5.1 -5.3
v 6.7 5.1 -5.3
v 8.7 5.1 -5.3
v 9 5.1 -5.3
v 9.1 5.1 -5.3
v 12.4 5.1 -5.3
v 12.5 5.1 -5.3
v 6 5.1 -5.4
v 6.9 5.1 -5.4
v 8.7 5.1 -5.4
v 9 5.1 -5.4
v 9.1 5.1 -5.4
v 9.2 5.1 -5.4
v 12.4 5.1 -5.4
v 12.5 5.1 -5.4
v 12.6 5.1 -5.4
v 0.7 5.1 -5.5
v 0.8 5.1 -5.5
v 2.6 5.1 -5.5
v 2.7 5.1 -5.5
v 4.6 5.1 -5.5
v 4.7 5.1 -5.5
v 6 5.1 -5.5
v 9.2 5.1 -5.5
v 10.4 5.1 -5.5
v 10.9 5.1 -5.5
v 12.4 5.1 -5.5
v 10.4 5.1 -5.6
v 10.9 5.1 -5.6
v 0.4 5.1 -5.8
v 0.7 5.1 -5.8
v 0.8 5.1 -5.8
v 1.1 5.1 -5.8
v 2.3 5.1 -5.8
v 2.6 5.1 -5.8
v 2.7 5.1 -5.8
v 3 5.1 -5.8
v 4.3 5.1 -5.8
v 4.6 5.1 -5.8
v 4.7 5.1 -5.8
v 5 5.1 -5.8
v 0.4 5.1 -5.9
v 0.7 5.1 -5.9
v 0.8 5.1 -5.9
v 1.1 5.1 -5.9
v 2.3 5.1 -5.9
v 2.6 5.1 -5.9
v 2.7 5.1 -5.9
v 3 5.1 -5.9
v 4.3 5.1 -5.9
v 4.6 5.1 -5.9
v 4.7 5.1 -5.9
v 5 5.1 -5.9
v 0.7 5.1 -6.2
v 0.8 5.1 -6.2
v 2.6 5.1 -6.2
v 2.7 5.1 -6.2
v 4.6 5.1 -6.2
v 4.7 5.1 -6.2
v 0 5.1 -6.3
v 6 5.1 -6.3
v 0 5.2 0.4
v 2.5 5.2 0.4
v 6.6 5.2 0.4
v 12.5 5.2 0.4
v 12.6 5.2 0.4
v 0 5.2 0.2
v 2.5 5.2 0.2
v 6.6 5.2 0.1
v 12.5 5.2 0.1
v 12.6 5.2 0.1
v 6.9 5.2 -4.7
v 8.7 5.2 -4.7
v 6.9 5.2 -4.8
v 6.9 5.2 -5.1
v 8.6 5.2 -5.3
v 8.7 5.2 -5.3
v 6.9 5.2 -5.4
v 7.1 5.2 -5.4
v 8.4 5.2 -5.4
v 8.6 5.2 -5.4
v 8.7 5.2 -5.4
v 9.1 5.2 -5.4
v 9.2 5.2 -5.4
v 0.7 5.2 -5.5
v 0.8 5.2 -5.5
v 2.6 5.2 -5.5
v 2.7 5.2 -5.5
v 4.6 5.2 -5.5
v 4.7 5.2 -5.5
v 7.1 5.2 -5.5
v 8.4 5.2 -5.5
v 9.1 5.2 -5.5
v 9.2 5.2 -5.5
v 0.4 5.2 -5.8
v 0.7 5.2 -5.8
v 0.8 5.2 -5.8
v 1.1 5.2 -5.8
v 2.3 5.2 -5.8
v 2.6 5.2 -5.8
v 2.7 5.2 -5.8
v 3 5.2 -5.8
v 4.3 5.2 -5.8
v 4.6 5.2 -5.8
v 4.7 5.2 -5.8
v 5 5.2 -5.8
v 0.4 5.2 -5.9
v 0.7 5.2 -5.9
v 0.8 5.2 -5.9
v 1.1 5.2 -5.9
v 2.3 5.2 -5.9
v 2.6 5.2 -5.9
v 2.7 5.2 -5.9
v 3 5.2 -5.9
v 4.3 5.2 -5.9
v 4.6 5.2 -5.9
v 4.7 5.2 -5.9
v 5 5.2 -5.9
v 0.7 5.2 -6.2
v 0.8 5.2 -6.2
v 2.6 5.2 -6.2
v 2.7 5.2 -6.2
v 4.6 5.2 -6.2
v 4.7 5.2 -6.2
v 0.1 5.2 -6.3
v 6 5.2 -6.3
v 0.1 5.2 -6.4
v 6 5.2 -6.4
v 6.5 5.3 0.3
v 6.6 5.3 0.3
v 6.5 5.3 0.2
v 6.6 5.3 0.2
v 6.4 5.4 -4.7
v 6.5 5.4 -4.7
v 6.6 5.4 -4.7
v 6.7 5.4 -4.7
v 6.4 5.4 -4.8
v 6.7 5.4 -4.8
v 6.8 5.4 -4.8
v 6.3 5.4 -4.9
v 6.4 5.4 -4.9
v 6.5 5.4 -4.9
v 6.6 5.4 -4.9
v 6.8 5.4 -4.9
v 6.3 5.4 -5.1
v 6.4 5.4 -5.1
v 6.5 5.4 -5.1
v 6.6 5.4 -5.1
v 6.7 5.4 -5.1
v 6.8 5.4 -5.1
v 6.4 5.4 -5.2
v 6.5 5.4 -5.2
v 6.6 5.4 -5.2
v 6.7 5.4 -5.2
v 4.8 5.4 -5.9
v 5 5.4 -5.9
v 4.4 5.4 -6
v 4.6 5.4 -6
v 4.8 5.4 -6
v 4.9 5.4 -6
v 5 5.4 -6
v 5.1 5.4 -6
v 4.3 5.4 -6.1
v 4.4 5.4 -6.1
v 4.5 5.4 -6.1
v 4.6 5.4 -6.1
v 4.8 5.4 -6.2
v 5 5.4 -6.2
v 5.1 5.4 -6.2
v 4.4 5.4 -6.3
v 4.5 5.4 -6.3
v 4.6 5.4 -6.3
v 4.8 5.4 -6.3
v 5 5.4 -6.3
v 4.3 5.4 -6.4
v 4.6 5.4 -6.4
v 2.5 5.5 0.1
v 2.6 5.5 0.1
v 2.5 5.5 0
v 2.6 5.5 0
v 1.1 5.5 -5.3
v 1.3 5.5 -5.3
v 1 5.5 -5.4
v 1.1 5.5 -5.4
v 1.3 5.5 -5.4
v 1.5 5.5 -5.4
v 1.1 5.5 -5.5
v 9.1 5.5 -5.5
v 12.4 5.5 -5.5
v 1 5.5 -5.6
v 1.1 5.5 -5.6
v 1.3 5.5 -5.6
v 1.5 5.5 -5.6
v 9.1 5.5 -5.6
v 12.4 5.5 -5.6
v 9.1 5.5 -5.7
v 12.4 5.5 -5.7
v 1 5.5 -6.1
v 1.1 5.5 -6.1
v 1.3 5.5 -6.1
v 1.5 5.5 -6.1
v 1.1 5.5 -6.2
v 1 5.5 -6.3
v 1.1 5.5 -6.3
v 1.2 5.5 -6.3
v 1.3 5.5 -6.3
v 1.5 5.5 -6.3
v 1.1 5.5 -6.4
v 1.2 5.5 -6.4
v 1.3 5.5 -6.4
v 2.2 5.6 0.4
v 2.3 5.6 0.4
v 2.7 5.6 0.4
v 2.8 5.6 0.4
v 3.1 5.6 0.4
v 3.8 5.6 0.4
v 4.4 5.6 0.4
v 4.5 5.6 0.4
v 5.1 5.6 0.4
v 5.7 5.6 0.4
v 5.9 5.6 0.4
v 6 5.6 0.4
v 6.7 5.6 0.4
v 6.8 5.6 0.4
v 2.7 5.6 0.3
v 2.8 5.6 0.3
v 3.1 5.6 0.3
v 3.4 5.6 0.3
v 3.5 5.6 0.3
v 3.8 5.6 0.3
v 4.2 5.6 0.3
v 4.3 5.6 0.3
v 4.5 5.6 0.3
v 4.6 5.6 0.3
v 5.1 5.6 0.3
v 5.3 5.6 0.3
v 5.5 5.6 0.3
v 5.7 5.6 0.3
v 6 5.6 0.3
v 6.1 5.6 0.3
v 6.6 5.6 0.3
v 6.7 5.6 0.3
v 6.8 5.6 0.3
v 2.3 5.6 0.2
v 2.4 5.6 0.2
v 3.4 5.6 0.2
v 3.5 5.6 0.2
v 4.2 5.6 0.2
v 4.3 5.6 0.2
v 4.4 5.6 0.2
v 4.6 5.6 0.2
v 5.3 5.6 0.2
v 5.5 5.6 0.2
v 5.6 5.6 0.2
v 5.7 5.6 0.2
v 5.9 5.6 0.2
v 6.1 5.6 0.2
v 6.6 5.6 0.2
v 6.7 5.6 0.2
v 6.8 5.6 0.2
v 2.2 5.6 0.1
v 2.4 5.6 0.1
v 2.5 5.6 0.1
v 5.6 5.6 0.1
v 5.7 5.6 0.1
v 6.4 5.6 0.1
v 6.6 5.6 0.1
v 6.7 5.6 0.1
v 2.2 5.6 0
v 2.3 5.6 0
v 2.5 5.6 0
v 3.1 5.6 0
v 3.2 5.6 0
v 6.4 5.6 0
v 6.6 5.6 0
v 6.8 5.6 0
v 2.3 5.6 -0.1
v 2.4 5.6 -0.1
v 3 5.6 -0.1
v 3.1 5.6 -0.1
v 3.2 5.6 -0.1
v 3.5 5.6 -0.1
v 3.6 5.6 -0.1
v 4.5 5.6 -0.1
v 4.7 5.6 -0.1
v 5.8 5.6 -0.1
v 5.9 5.6 -0.1
v 6.2 5.6 -0.1
v 6.3 5.6 -0.1
v 6.5 5.6 -0.1
v 6.8 5.6 -0.1
v 2.4 5.6 -0.2
v 2.6 5.6 -0.2
v 2.8 5.6 -0.2
v 3 5.6 -0.2
v 3.1 5.6 -0.2
v 3.5 5.6 -0.2
v 3.6 5.6 -0.2
v 3.7 5.6 -0.2
v 4.1 5.6 -0.2
v 4.3 5.6 -0.2
v 4.7 5.6 -0.2
v 4.9 5.6 -0.2
v 5.1 5.6 -0.2
v 5.2 5.6 -0.2
v 5.4 5.6 -0.2
v 5.5 5.6 -0.2
v 5.9 5.6 -0.2
v 6 5.6 -0.2
v 6.1 5.6 -0.2
v 6.2 5.6 -0.2
v 6.3 5.6 -0.2
v 6.4 5.6 -0.2
v 6.5 5.6 -0.2
v 6.7 5.6 -0.2
v 2.2 5.6 -0.3
v 2.6 5.6 -0.3
v 2.8 5.6 -0.3
v 3 5.6 -0.3
v 3.6 5.6 -0.3
v 3.7 5.6 -0.3
v 4.1 5.6 -0.3
v 4.3 5.6 -0.3
v 4.5 5.6 -0.3
v 4.9 5.6 -0.3
v 5.1 5.6 -0.3
v 5.2 5.6 -0.3
v 5.4 5.6 -0.3
v 5.5 5.6 -0.3
v 5.8 5.6 -0.3
v 6 5.6 -0.3
v 6.1 5.6 -0.3
v 6.4 5.6 -0.3
v 6.7 5.6 -0.3
v 6.8 5.6 -0.3
v 8.4 5.7 -5.3
v 8.5 5.7 -5.3
v 8.3 5.7 -5.4
v 8.4 5.7 -5.4
v 8.5 5.7 -5.4
v 8.3 5.7 -5.5
v 8.4 5.7 -5.5
v 1.2 6 -5.4
v 1.3 6 -5.4
v 0.4 6 -5.5
v 0.5 6 -5.5
v 2.3 6 -5.5
v 3 6 -5.5
v 4.3 6 -5.5
v 5 6 -5.5
v 0.3 6 -5.6
v 0.4 6 -5.6
v 0.5 6 -5.6
v 1 6 -5.6
v 1.1 6 -5.6
v 2.2 6 -5.6
v 2.3 6 -5.6
v 2.4 6 -5.6
v 2.9 6 -5.6
v 3 6 -5.6
v 3.1 6 -5.6
v 4.2 6 -5.6
v 4.3 6 -5.6
v 4.4 6 -5.6
v 4.9 6 -5.6
v 5 6 -5.6
v 5.1 6 -5.6
v 0.4 6 -5.7
v 0.5 6 -5.7
v 1 6 -5.7
v 1.1 6 -5.7
v 2.3 6 -5.7
v 2.4 6 -5.7
v 2.9 6 -5.7
v 3 6 -5.7
v 4.3 6 -5.7
v 4.4 6 -5.7
v 4.9 6 -5.7
v 5 6 -5.7
v 1.2 6 -5.8
v 1.3 6 -5.8
v 1.2 6 -5.9
v 1.3 6 -5.9
v 0.4 6 -6.1
v 0.5 6 -6.1
v 2.3 6 -6.1
v 2.4 6 -6.1
v 2.9 6 -6.1
v 3 6 -6.1
v 4.3 6 -6.1
v 4.4 6 -6.1
v 4.9 6 -6.1
v 5 6 -6.1
v 0.3 6 -6.2
v 0.4 6 -6.2
v 0.5 6 -6.2
v 0.7 6 -6.2
v 1 6 -6.2
v 2.2 6 -6.2
v 2.3 6 -6.2
v 2.4 6 -6.2
v 2.8 6 -6.2
v 2.9 6 -6.2
v 3 6 -6.2
v 3.1 6 -6.2
v 4.2 6 -6.2
v 4.3 6 -6.2
v 4.4 6 -6.2
v 4.9 6 -6.2
v 5 6 -6.2
v 5.1 6 -6.2
v 0.4 6 -6.3
v 1 6 -6.3
v 1.2 6 -6.3
v 1.3 6 -6.3
v 2.3 6 -6.3
v 2.8 6 -6.3
v 4.3 6 -6.3
v 5 6 -6.3
v 0.5 6.1 -5.4
v 1.2 6.1 -5.4
v 0.6 6.1 -5.5
v 1.1 6.1 -5.5
v 2.4 6.1 -5.6
v 2.9 6.1 -5.6
v 0.5 6.1 -5.7
v 0.6 6.1 -5.7
v 1 6.1 -5.7
v 1.1 6.1 -5.7
v 2.3 6.1 -5.7
v 2.4 6.1 -5.7
v 2.9 6.1 -5.7
v 3 6.1 -5.7
v 4.3 6.1 -5.7
v 4.4 6.1 -5.7
v 4.9 6.1 -5.7
v 5 6.1 -5.7
v 4.3 6.1 -5.8
v 4.4 6.1 -5.8
v 4.9 6.1 -5.9
v 5 6.1 -5.9
v 1 6.1 -6
v 1.1 6.1 -6
v 0.5 6.1 -6.1
v 0.7 6.1 -6.1
v 2.3 6.1 -6.1
v 2.4 6.1 -6.1
v 2.9 6.1 -6.1
v 3 6.1 -6.1
v 0.5 6.1 -6.2
v 0.7 6.1 -6.2
v 1 6.1 -6.2
v 1.1 6.1 -6.2
v 2.4 6.1 -6.2
v 2.9 6.1 -6.2
v 0.1 6.1 -6.3
v 0.7 6.1 -6.3
v 1 6.1 -6.3
v 1.1 6.1 -6.3
v 1.2 6.1 -6.3
v 6 6.1 -6.3
v 0.1 6.1 -6.4
v 1 6.1 -6.4
v 1.2 6.1 -6.4
v 5.6 6.1 -6.4
v 6 6.1 -6.4
v 5.5 6.1 -7.2
v 5.6 6.1 -7.2
v 0.1 6.1 -7.3
v 5.5 6.1 -7.3
v 0.6 6.2 -5.5
v 0.7 6.2 -5.5
v 0.6 6.2 -5.6
v 0.7 6.2 -5.6
v 5.5 6.2 -7.2
v 5.6 6.2 -7.2
v 5.5 6.2 -7.3
v 5.6 6.2 -7.3
v 6.4 6.3 -4.6
v 6.7 6.3 -4.6
v 6.3 6.3 -4.7
v 6.4 6.3 -4.7
v 6.7 6.3 -4.7
v 6.8 6.3 -4.7
v 6.2 6.3 -4.8
v 6.3 6.3 -4.8
v 6.7 6.3 -4.8
v 6.8 6.3 -4.8
v 6.9 6.3 -4.8
v 6.3 6.3 -4.9
v 6.4 6.3 -4.9
v 6.2 6.3 -5.1
v 6.3 6.3 -5.1
v 6.4 6.3 -5.1
v 6.7 6.3 -5.1
v 6.8 6.3 -5.1
v 6.9 6.3 -5.1
v 6.3 6.3 -5.2
v 6.4 6.3 -5.2
v 6.7 6.3 -5.2
v 6.8 6.3 -5.2
v 6.4 6.3 -5.3
v 6.7 6.3 -5.3
v 9.1 6.3 -5.5
v 12.4 6.3 -5.5
v 9.1 6.3 -5.6
v 12.4 6.3 -5.6
v 7.1 6.4 -5.2
v 7.4 6.4 -5.2
v 7.1 6.4 -5.3
v 7.2 6.4 -5.3
v 7.4 6.4 -5.3
v 7.1 6.4 -5.4
v 7.2 6.4 -5.4
v 6.5 6.6 -5.3
v 6.6 6.6 -5.3
v 6.5 6.6 -5.4
v 6.6 6.6 -5.4
v 7.1 6.6 -5.4
v 7.3 6.6 -5.4
v 7.1 6.6 -5.5
v 7.3 6.6 -5.5
v 5.6 6.6 -6.4
v 5.7 6.6 -6.4
v 5.6 6.6 -7.2
v 5.7 6.6 -7.2
v 6.3 6.7 -5.3
v 6.4 6.7 -5.3
v 6.7 6.7 -5.3
v 6.8 6.7 -5.3
v 6.3 6.7 -5.4
v 6.4 6.7 -5.4
v 6.7 6.7 -5.4
v 6.8 6.7 -5.4
v 5.6 6.7 -7.2
v 5.7 6.7 -7.2
v 5.6 6.7 -7.3
v 5.7 6.7 -7.3
v 6.2 6.8 -5.3
v 6.3 6.8 -5.3
v 6.8 6.8 -5.3
v 6.9 6.8 -5.3
v 6.2 6.8 -5.4
v 6.3 6.8 -5.4
v 6.8 6.8 -5.4
v 6.9 6.8 -5.4
v 0.7 6.8 -5.5
v 0.8 6.8 -5.5
v 0.9 6.8 -5.5
v 1 6.8 -5.5
v 1.1 6.8 -5.5
v 4.4 6.8 -5.5
v 4.5 6.8 -5.5
v 4.8 6.8 -5.5
v 4.9 6.8 -5.5
v 0.6 6.8 -5.6
v 0.7 6.8 -5.6
v 0.8 6.8 -5.6
v 0.3 6.8 -5.7
v 0.6 6.8 -5.7
v 0.7 6.8 -5.7
v 0.9 6.8 -5.7
v 1 6.8 -5.7
v 1.1 6.8 -5.7
v 0.4 6.8 -5.8
v 0.6 6.8 -5.8
v 4.3 6.8 -5.8
v 4.4 6.8 -5.8
v 4.5 6.8 -5.8
v 4.8 6.8 -5.9
v 4.9 6.8 -5.9
v 5 6.8 -5.9
v 0.4 6.8 -6
v 0.7 6.8 -6
v 0.9 6.8 -6
v 1 6.8 -6
v 1.1 6.8 -6
v 0.3 6.8 -6.1
v 0.7 6.8 -6.1
v 1 6.8 -6.2
v 1.1 6.8 -6.2
v 4.3 6.8 -6.2
v 4.4 6.8 -6.2
v 4.9 6.8 -6.2
v 5 6.8 -6.2
v 0.7 6.8 -6.3
v 1 6.8 -6.3
v 6.5 6.9 -5.3
v 6.6 6.9 -5.3
v 6.5 6.9 -5.4
v 6.6 6.9 -5.4
v 8.4 7 -5.3
v 8.5 7 -5.3
v 8.3 7 -5.4
v 8.4 7 -5.4
v 8.5 7 -5.4
v 8.3 7 -5.5
v 8.4 7 -5.5
v 9.1 7 -5.5
v 12.4 7 -5.5
v 9.1 7 -5.6
v 12.4 7 -5.6
v 5.7 7.1 -6.4
v 5.8 7.1 -6.4
v 5.7 7.1 -7.2
v 5.8 7.1 -7.2
v 6.5 7.2 -5.3
v 6.6 7.2 -5.3
v 6.5 7.2 -5.4
v 6.6 7.2 -5.4
v 5.7 7.2 -7.2
v 5.8 7.2 -7.2
v 5.7 7.2 -7.3
v 5.8 7.2 -7.3
v 0 7.4 -4.1
v 0.4 7.4 -4.1
v 0.5 7.4 -4.1
v 6 7.4 -4.1
v 0 7.4 -4.2
v 0.4 7.4 -4.2
v 0.5 7.4 -4.2
v 1 7.4 -4.2
v 1.2 7.4 -4.2
v 1.6 7.4 -4.2
v 1.7 7.4 -4.2
v 2 7.4 -4.2
v 2.1 7.4 -4.2
v 2.5 7.4 -4.2
v 2.6 7.4 -4.2
v 3.1 7.4 -4.2
v 3.6 7.4 -4.2
v 4.3 7.4 -4.2
v 4.6 7.4 -4.2
v 6 7.4 -4.2
v 6.1 7.4 -4.2
v 6 7.4 -4.4
v 6.1 7.4 -4.4
v 0 7.5 -4.2
v 0.4 7.5 -4.2
v 0.5 7.5 -4.2
v 1 7.5 -4.2
v 1.2 7.5 -4.2
v 1.6 7.5 -4.2
v 1.7 7.5 -4.2
v 2 7.5 -4.2
v 2.1 7.5 -4.2
v 2.5 7.5 -4.2
v 2.6 7.5 -4.2
v 3.1 7.5 -4.2
v 3.6 7.5 -4.2
v 4.3 7.5 -4.2
v 4.6 7.5 -4.2
v 6 7.5 -4.2
v 0.4 7.5 -4.3
v 0.5 7.5 -4.3
v 0.6 7.5 -4.3
v 0.9 7.5 -4.3
v 1 7.5 -4.3
v 1.2 7.5 -4.3
v 1.6 7.5 -4.3
v 1.7 7.5 -4.3
v 1.8 7.5 -4.3
v 2.4 7.5 -4.3
v 2.5 7.5 -4.3
v 2.6 7.5 -4.3
v 3.2 7.5 -4.3
v 3.6 7.5 -4.3
v 3.7 7.5 -4.3
v 4.4 7.5 -4.3
v 4.6 7.5 -4.3
v 4.8 7.5 -4.3
v 0 7.5 -4.4
v 0.5 7.5 -4.4
v 0.6 7.5 -4.4
v 0.7 7.5 -4.4
v 0.8 7.5 -4.4
v 0.9 7.5 -4.4
v 1 7.5 -4.4
v 1.7 7.5 -4.4
v 1.8 7.5 -4.4
v 1.9 7.5 -4.4
v 2 7.5 -4.4
v 2.1 7.5 -4.4
v 2.2 7.5 -4.4
v 2.4 7.5 -4.4
v 2.5 7.5 -4.4
v 3.1 7.5 -4.4
v 3.2 7.5 -4.4
v 3.6 7.5 -4.4
v 3.7 7.5 -4.4
v 4.3 7.5 -4.4
v 4.4 7.5 -4.4
v 4.6 7.5 -4.4
v 4.7 7.5 -4.4
v 4.8 7.5 -4.4
v 4.9 7.5 -4.4
v 5.3 7.5 -4.4
v 5.4 7.5 -4.4
v 6 7.5 -4.4
v 6.1 7.5 -4.4
v 6 7.5 -4.5
v 6.1 7.5 -4.5
v 0.6 7.5 -7.2
v 5.3 7.5 -7.2
v 0.6 7.5 -7.3
v 5.3 7.5 -7.3
v 0 7.6 -4.4
v 0.5 7.6 -4.4
v 0.7 7.6 -4.4
v 0.8 7.6 -4.4
v 1 7.6 -4.4
v 1.8 7.6 -4.4
v 1.9 7.6 -4.4
v 2 7.6 -4.4
v 2.1 7.6 -4.4
v 2.2 7.6 -4.4
v 2.5 7.6 -4.4
v 3.1 7.6 -4.4
v 3.2 7.6 -4.4
v 3.6 7.6 -4.4
v 3.7 7.6 -4.4
v 4.3 7.6 -4.4
v 4.4 7.6 -4.4
v 4.7 7.6 -4.4
v 4.9 7.6 -4.4
v 5.3 7.6 -4.4
v 5.4 7.6 -4.4
v 6 7.6 -4.4
v 0 7.6 -4.5
v 0.5 7.6 -4.5
v 0.7 7.6 -4.5
v 0.8 7.6 -4.5
v 0.9 7.6 -4.5
v 1 7.6 -4.5
v 1.8 7.6 -4.5
v 1.9 7.6 -4.5
v 2 7.6 -4.5
v 2.1 7.6 -4.5
v 2.2 7.6 -4.5
v 2.3 7.6 -4.5
v 2.5 7.6 -4.5
v 3.1 7.6 -4.5
v 3.2 7.6 -4.5
v 3.6 7.6 -4.5
v 3.7 7.6 -4.5
v 4.3 7.6 -4.5
v 4.4 7.6 -4.5
v 4.7 7.6 -4.5
v 4.8 7.6 -4.5
v 4.9 7.6 -4.5
v 5.3 7.6 -4.5
v 5.4 7.6 -4.5
v 5.5 7.6 -4.5
v 6 7.6 -4.5
v 6.1 7.6 -4.5
v 6 7.6 -4.6
v 6.1 7.6 -4.6
v 6.8 7.6 -5.3
v 7.1 7.6 -5.3
v 8 7.6 -5.3
v 8.4 7.6 -5.3
v 6.8 7.6 -5.4
v 7.1 7.6 -5.4
v 8 7.6 -5.4
v 8.4 7.6 -5.4
v 5.8 7.6 -6.4
v 5.9 7.6 -6.4
v 5.8 7.6 -7.2
v 5.9 7.6 -7.2
v 0 7.7 -4.5
v 0.7 7.7 -4.5
v 0.9 7.7 -4.5
v 1.8 7.7 -4.5
v 1.9 7.7 -4.5
v 2 7.7 -4.5
v 2.3 7.7 -4.5
v 2.4 7.7 -4.5
v 2.6 7.7 -4.5
v 3.1 7.7 -4.5
v 3.2 7.7 -4.5
v 3.6 7.7 -4.5
v 3.7 7.7 -4.5
v 4.3 7.7 -4.5
v 4.4 7.7 -4.5
v 4.8 7.7 -4.5
v 4.9 7.7 -4.5
v 5.3 7.7 -4.5
v 5.5 7.7 -4.5
v 6 7.7 -4.5
v 0 7.7 -4.6
v 0.2 7.7 -4.6
v 0.7 7.7 -4.6
v 0.9 7.7 -4.6
v 1.3 7.7 -4.6
v 1.4 7.7 -4.6
v 1.6 7.7 -4.6
v 1.9 7.7 -4.6
v 2 7.7 -4.6
v 2.1 7.7 -4.6
v 2.3 7.7 -4.6
v 3.1 7.7 -4.6
v 3.2 7.7 -4.6
v 3.6 7.7 -4.6
v 3.7 7.7 -4.6
v 4.3 7.7 -4.6
v 4.4 7.7 -4.6
v 4.5 7.7 -4.6
v 4.8 7.7 -4.6
v 4.9 7.7 -4.6
v 5.3 7.7 -4.6
v 5.4 7.7 -4.6
v 5.5 7.7 -4.6
v 5.6 7.7 -4.6
v 6 7.7 -4.6
v 6.1 7.7 -4.6
v 6 7.7 -4.8
v 6.1 7.7 -4.8
v 6.3 7.7 -5.3
v 6.4 7.7 -5.3
v 6.7 7.7 -5.3
v 6.8 7.7 -5.3
v 7.2 7.7 -5.3
v 7.3 7.7 -5.3
v 6.3 7.7 -5.4
v 6.4 7.7 -5.4
v 6.7 7.7 -5.4
v 6.8 7.7 -5.4
v 7.2 7.7 -5.4
v 7.3 7.7 -5.4
v 1.8 7.8 -4.4
v 1.9 7.8 -4.4
v 2.4 7.8 -4.4
v 2.5 7.8 -4.4
v 1.8 7.8 -4.5
v 1.9 7.8 -4.5
v 2.4 7.8 -4.5
v 2.5 7.8 -4.5
v 0 7.8 -4.6
v 0.2 7.8 -4.6
v 1.3 7.8 -4.6
v 1.4 7.8 -4.6
v 1.6 7.8 -4.6
v 2 7.8 -4.6
v 2.1 7.8 -4.6
v 2.8 7.8 -4.6
v 2.9 7.8 -4.6
v 3.1 7.8 -4.6
v 3.2 7.8 -4.6
v 3.6 7.8 -4.6
v 3.7 7.8 -4.6
v 4.3 7.8 -4.6
v 4.5 7.8 -4.6
v 4.8 7.8 -4.6
v 4.9 7.8 -4.6
v 5.4 7.8 -4.6
v 5.6 7.8 -4.6
v 6 7.8 -4.6
v 0.2 7.8 -4.7
v 0.7 7.8 -4.7
v 0.8 7.8 -4.7
v 1.3 7.8 -4.7
v 2.8 7.8 -4.7
v 2.9 7.8 -4.7
v 3.6 7.8 -4.7
v 3.7 7.8 -4.7
v 4.3 7.8 -4.7
v 4.4 7.8 -4.7
v 5.5 7.8 -4.7
v 5.6 7.8 -4.7
v 0 7.8 -4.8
v 0.3 7.8 -4.8
v 0.7 7.8 -4.8
v 0.8 7.8 -4.8
v 1.2 7.8 -4.8
v 1.3 7.8 -4.8
v 1.4 7.8 -4.8
v 1.5 7.8 -4.8
v 1.6 7.8 -4.8
v 1.7 7.8 -4.8
v 2 7.8 -4.8
v 2.1 7.8 -4.8
v 2.4 7.8 -4.8
v 3.1 7.8 -4.8
v 3.2 7.8 -4.8
v 3.3 7.8 -4.8
v 4.4 7.8 -4.8
v 4.5 7.8 -4.8
v 4.8 7.8 -4.8
v 4.9 7.8 -4.8
v 5.3 7.8 -4.8
v 5.4 7.8 -4.8
v 5.5 7.8 -4.8
v 6 7.8 -4.8
v 6.1 7.8 -4.8
v 6 7.8 -4.9
v 6.1 7.8 -4.9
v 7.4 7.8 -5.3
v 7.6 7.8 -5.3
v 7.7 7.8 -5.3
v 7.8 7.8 -5.3
v 7.9 7.8 -5.3
v 8 7.8 -5.3
v 7.4 7.8 -5.4
v 7.6 7.8 -5.4
v 7.7 7.8 -5.4
v 7.8 7.8 -5.4
v 7.9 7.8 -5.4
v 8 7.8 -5.4
v 9.1 7.8 -5.5
v 12.4 7.8 -5.5
v 9.1 7.8 -5.6
v 12.4 7.8 -5.6
v 1.9 7.9 -4.4
v 2 7.9 -4.4
v 2.5 7.9 -4.4
v 2.6 7.9 -4.4
v 1.9 7.9 -4.5
v 2 7.9 -4.5
v 2.5 7.9 -4.5
v 2.6 7.9 -4.5
v 0 7.9 -4.8
v 0.3 7.9 -4.8
v 1.2 7.9 -4.8
v 1.3 7.9 -4.8
v 1.4 7.9 -4.8
v 1.5 7.9 -4.8
v 1.6 7.9 -4.8
v 1.7 7.9 -4.8
v 2.4 7.9 -4.8
v 3.1 7.9 -4.8
v 3.3 7.9 -4.8
v 4.4 7.9 -4.8
v 4.5 7.9 -4.8
v 5.3 7.9 -4.8
v 5.5 7.9 -4.8
v 6 7.9 -4.8
v 0 7.9 -4.9
v 0.3 7.9 -4.9
v 0.7 7.9 -4.9
v 0.8 7.9 -4.9
v 1.2 7.9 -4.9
v 1.3 7.9 -4.9
v 1.4 7.9 -4.9
v 1.5 7.9 -4.9
v 1.6 7.9 -4.9
v 1.7 7.9 -4.9
v 2 7.9 -4.9
v 2.1 7.9 -4.9
v 2.4 7.9 -4.9
v 3.1 7.9 -4.9
v 3.2 7.9 -4.9
v 3.3 7.9 -4.9
v 4.4 7.9 -4.9
v 4.5 7.9 -4.9
v 5.2 7.9 -4.9
v 5.3 7.9 -4.9
v 5.4 7.9 -4.9
v 5.5 7.9 -4.9
v 6 7.9 -4.9
v 6.1 7.9 -4.9
v 6 7.9 -5
v 6.1 7.9 -5
v 6.8 7.9 -5.3
v 7.1 7.9 -5.3
v 7.6 7.9 -5.3
v 7.7 7.9 -5.3
v 6.8 7.9 -5.4
v 7.1 7.9 -5.4
v 7.6 7.9 -5.4
v 7.7 7.9 -5.4
v 1.5 8 -4.6
v 1.6 8 -4.6
v 2.8 8 -4.6
v 2.9 8 -4.6
v 1.5 8 -4.7
v 1.6 8 -4.7
v 2.8 8 -4.7
v 2.9 8 -4.7
v 0 8 -4.9
v 0.7 8 -4.9
v 0.8 8 -4.9
v 1.3 8 -4.9
v 1.4 8 -4.9
v 1.5 8 -4.9
v 1.6 8 -4.9
v 2 8 -4.9
v 2.1 8 -4.9
v 3.2 8 -4.9
v 3.3 8 -4.9
v 4.4 8 -4.9
v 4.5 8 -4.9
v 5.2 8 -4.9
v 5.4 8 -4.9
v 6 8 -4.9
v 0 8 -5
v 0.3 8 -5
v 0.7 8 -5
v 0.8 8 -5
v 1.1 8 -5
v 1.3 8 -5
v 1.4 8 -5
v 1.5 8 -5
v 1.6 8 -5
v 1.8 8 -5
v 2 8 -5
v 2.1 8 -5
v 2.3 8 -5
v 3.2 8 -5
v 3.3 8 -5
v 4.4 8 -5
v 4.5 8 -5
v 5.1 8 -5
v 5.2 8 -5
v 5.3 8 -5
v 5.4 8 -5
v 6 8 -5
v 6.1 8 -5
v 6 8 -5.2
v 6.1 8 -5.2
v 6.2 8 -5.3
v 6.4 8 -5.3
v 6.5 8 -5.3
v 6.7 8 -5.3
v 7.1 8 -5.3
v 7.3 8 -5.3
v 7.4 8 -5.3
v 7.5 8 -5.3
v 7.9 8 -5.3
v 8.3 8 -5.3
v 8.4 8 -5.3
v 8.5 8 -5.3
v 6.2 8 -5.4
v 6.3 8 -5.4
v 6.4 8 -5.4
v 6.5 8 -5.4
v 6.7 8 -5.4
v 7.1 8 -5.4
v 7.3 8 -5.4
v 7.4 8 -5.4
v 7.5 8 -5.4
v 7.9 8 -5.4
v 8.3 8 -5.4
v 8.4 8 -5.4
v 8.5 8 -5.4
v 2 8.1 -4.4
v 2.2 8.1 -4.4
v 2.5 8.1 -4.4
v 2.7 8.1 -4.4
v 2 8.1 -4.5
v 2.2 8.1 -4.5
v 2.5 8.1 -4.5
v 2.7 8.1 -4.5
v 1.6 8.1 -4.6
v 1.7 8.1 -4.6
v 1.6 8.1 -4.7
v 1.7 8.1 -4.7
v 2.1 8.1 -4.7
v 2.3 8.1 -4.7
v 2.1 8.1 -4.8
v 2.3 8.1 -4.8
v 0 8.1 -5
v 0.3 8.1 -5
v 1.1 8.1 -5
v 1.3 8.1 -5
v 1.6 8.1 -5
v 1.8 8.1 -5
v 2.3 8.1 -5
v 3.2 8.1 -5
v 3.3 8.1 -5
v 4.4 8.1 -5
v 4.5 8.1 -5
v 5.1 8.1 -5
v 5.3 8.1 -5
v 6 8.1 -5
v 0.3 8.1 -5.1
v 0.7 8.1 -5.1
v 0.8 8.1 -5.1
v 1.1 8.1 -5.1
v 1.3 8.1 -5.1
v 1.6 8.1 -5.1
v 1.8 8.1 -5.1
v 2 8.1 -5.1
v 2.1 8.1 -5.1
v 2.3 8.1 -5.1
v 3.2 8.1 -5.1
v 3.3 8.1 -5.1
v 4.4 8.1 -5.1
v 4.5 8.1 -5.1
v 5.1 8.1 -5.1
v 5.3 8.1 -5.1
v 0 8.1 -5.2
v 0.7 8.1 -5.2
v 0.8 8.1 -5.2
v 2 8.1 -5.2
v 2.1 8.1 -5.2
v 6 8.1 -5.2
v 6.1 8.1 -5.2
v 6 8.1 -5.3
v 6.1 8.1 -5.3
v 6.4 8.1 -5.3
v 6.5 8.1 -5.3
v 7.3 8.1 -5.3
v 7.4 8.1 -5.3
v 8.3 8.1 -5.3
v 8.4 8.1 -5.3
v 8.5 8.1 -5.3
v 8.6 8.1 -5.3
v 6.4 8.1 -5.4
v 6.5 8.1 -5.4
v 7.3 8.1 -5.4
v 7.4 8.1 -5.4
v 8.3 8.1 -5.4
v 8.4 8.1 -5.4
v 8.5 8.1 -5.4
v 8.6 8.1 -5.4
v 1.9 8.2 -4.5
v 2.6 8.2 -4.5
v 1.7 8.2 -4.6
v 1.9 8.2 -4.6
v 2 8.2 -4.6
v 2.1 8.2 -4.6
v 2.6 8.2 -4.6
v 1.7 8.2 -4.7
v 2 8.2 -4.7
v 2.1 8.2 -4.7
v 2.6 8.2 -4.7
v 0 8.2 -5.2
v 0.8 8.2 -5.2
v 0.9 8.2 -5.2
v 3.7 8.2 -5.2
v 3.8 8.2 -5.2
v 6 8.2 -5.2
v 0.1 8.2 -5.3
v 0.8 8.2 -5.3
v 0.9 8.2 -5.3
v 3.7 8.2 -5.3
v 3.8 8.2 -5.3
v 6 8.2 -5.3
v 6.1 8.2 -5.3
v 8.4 8.2 -5.3
v 8.5 8.2 -5.3
v 0 8.2 -5.4
v 0.1 8.2 -5.4
v 0.8 8.2 -5.4
v 0.9 8.2 -5.4
v 3.7 8.2 -5.4
v 3.8 8.2 -5.4
v 4 8.2 -5.4
v 6 8.2 -5.4
v 6.1 8.2 -5.4
v 8.4 8.2 -5.4
v 8.5 8.2 -5.4
v 2.7 8.3 -4.4
v 2.8 8.3 -4.4
v 2.7 8.3 -4.5
v 2.8 8.3 -4.5
v 2.9 8.3 -4.5
v 2.8 8.3 -4.6
v 2.7 8.3 -4.7
v 2.8 8.3 -4.7
v 2.9 8.3 -4.7
v 2.7 8.3 -4.8
v 2.8 8.3 -4.8
v 0.8 8.3 -5.2
v 0.9 8.3 -5.2
v 3.7 8.3 -5.2
v 3.8 8.3 -5.2
v 7.3 8.3 -5.2
v 7.4 8.3 -5.2
v 0.8 8.3 -5.4
v 0.9 8.3 -5.4
v 3.7 8.3 -5.4
v 3.8 8.3 -5.4
v 7.3 8.3 -5.4
v 7.4 8.3 -5.4
v 2.6 8.4 -4.5
v 2.7 8.4 -4.5
v 2.8 8.4 -4.5
v 2.6 8.4 -4.6
v 2.8 8.4 -4.6
v 2.6 8.4 -4.7
v 2.7 8.4 -4.7
v 2.8 8.4 -4.7
v 9.1 8.4 -5.5
v 12.4 8.4 -5.5
v 9.1 8.4 -5.6
v 12.4 8.4 -5.6
v 2.7 8.5 -4.4
v 2.8 8.5 -4.4
v 2.7 8.5 -4.5
v 2.8 8.5 -4.5
v 2.7 8.5 -4.7
v 2.8 8.5 -4.7
v 2.7 8.5 -4.8
v 2.8 8.5 -4.8
v 0 8.5 -5.2
v 0.4 8.5 -5.2
v 0.5 8.5 -5.2
v 0.8 8.5 -5.2
v 0.9 8.5 -5.2
v 1.6 8.5 -5.2
v 1.7 8.5 -5.2
v 2.1 8.5 -5.2
v 2.5 8.5 -5.2
v 3.1 8.5 -5.2
v 3.2 8.5 -5.2
v 3.7 8.5 -5.2
v 3.8 8.5 -5.2
v 4 8.5 -5.2
v 4.3 8.5 -5.2
v 5.2 8.5 -5.2
v 5.7 8.5 -5.2
v 0 8.5 -5.3
v 0.1 8.5 -5.3
v 0.4 8.5 -5.3
v 0.5 8.5 -5.3
v 0.8 8.5 -5.3
v 0.9 8.5 -5.3
v 1.6 8.5 -5.3
v 1.7 8.5 -5.3
v 2.1 8.5 -5.3
v 2.4 8.5 -5.3
v 2.5 8.5 -5.3
v 3.1 8.5 -5.3
v 3.2 8.5 -5.3
v 3.7 8.5 -5.3
v 3.8 8.5 -5.3
v 4 8.5 -5.3
v 4.3 8.5 -5.3
v 4.9 8.5 -5.3
v 5 8.5 -5.3
v 5.2 8.5 -5.3
v 5.7 8.5 -5.3
v 7 8.5 -5.3
v 7.1 8.5 -5.3
v 7.2 8.5 -5.3
v 7.3 8.5 -5.3
v 7.4 8.5 -5.3
v 8.7 8.5 -5.3
v 8.9 8.5 -5.3
v 0 8.5 -5.4
v 0.1 8.5 -5.4
v 0.8 8.5 -5.4
v 0.9 8.5 -5.4
v 2.4 8.5 -5.4
v 2.5 8.5 -5.4
v 3.7 8.5 -5.4
v 3.8 8.5 -5.4
v 4.9 8.5 -5.4
v 5 8.5 -5.4
v 7 8.5 -5.4
v 7.2 8.5 -5.4
v 7.3 8.5 -5.4
v 7.4 8.5 -5.4
v 8.7 8.5 -5.4
v 8.9 8.5 -5.4
v 5.9 8.6 -5.2
v 6 8.6 -5.2
v 6.2 8.6 -5.2
v 6.9 8.6 -5.2
v 7.1 8.6 -5.2
v 7.3 8.6 -5.2
v 7.4 8.6 -5.2
v 8.2 8.6 -5.2
v 8.4 8.6 -5.2
v 8.8 8.6 -5.2
v 5.9 8.6 -5.3
v 6 8.6 -5.3
v 6.2 8.6 -5.3
v 6.9 8.6 -5.3
v 7.1 8.6 -5.3
v 7.3 8.6 -5.3
v 7.4 8.6 -5.3
v 8.2 8.6 -5.3
v 8.4 8.6 -5.3
v 8.8 8.6 -5.3
v 6.2 8.6 -5.4
v 6.3 8.6 -5.4
v 6.2 8.6 -5.5
v 6.3 8.6 -5.5
v 0.8 8.7 -5.1
v 0.9 8.7 -5.1
v 3.7 8.7 -5.1
v 3.8 8.7 -5.1
v 7.3 8.7 -5.1
v 7.4 8.7 -5.1
v 0 8.7 -5.2
v 0.1 8.7 -5.2
v 0.8 8.7 -5.2
v 0.9 8.7 -5.2
v 1.1 8.7 -5.2
v 1.2 8.7 -5.2
v 1.9 8.7 -5.2
v 2 8.7 -5.2
v 2.2 8.7 -5.2
v 2.4 8.7 -5.2
v 3 8.7 -5.2
v 3.2 8.7 -5.2
v 3.4 8.7 -5.2
v 3.5 8.7 -5.2
v 3.7 8.7 -5.2
v 3.8 8.7 -5.2
v 4.4 8.7 -5.2
v 4.5 8.7 -5.2
v 5 8.7 -5.2
v 5.1 8.7 -5.2
v 5.4 8.7 -5.2
v 7.3 8.7 -5.2
v 7.4 8.7 -5.2
v 0 8.7 -5.3
v 0.1 8.7 -5.3
v 0.6 8.7 -5.3
v 0.7 8.7 -5.3
v 0.8 8.7 -5.3
v 0.9 8.7 -5.3
v 1.1 8.7 -5.3
v 1.2 8.7 -5.3
v 1.9 8.7 -5.3
v 2 8.7 -5.3
v 2.2 8.7 -5.3
v 2.4 8.7 -5.3
v 3 8.7 -5.3
v 3.2 8.7 -5.3
v 3.4 8.7 -5.3
v 3.5 8.7 -5.3
v 3.7 8.7 -5.3
v 3.8 8.7 -5.3
v 4.4 8.7 -5.3
v 4.5 8.7 -5.3
v 5 8.7 -5.3
v 5.1 8.7 -5.3
v 5.4 8.7 -5.3
v 0.1 8.7 -5.4
v 0.6 8.7 -5.4
v 0.7 8.7 -5.4
v 0.8 8.7 -5.4
v 0.9 8.7 -5.4
v 2.6 8.7 -5.4
v 2.7 8.7 -5.4
v 0 8.7 -5.5
v 0.8 8.7 -5.5
v 0.9 8.7 -5.5
v 2.6 8.7 -5.5
v 2.7 8.7 -5.5
v 2.6 8.7 -5.6
v 2.7 8.7 -5.6
v 0.8 8.8 -5.2
v 0.9 8.8 -5.2
v 3.7 8.8 -5.2
v 3.8 8.8 -5.2
v 7.3 8.8 -5.2
v 7.4 8.8 -5.2
v 3.7 8.8 -5.4
v 3.8 8.8 -5.4
v 7.3 8.8 -5.4
v 7.4 8.8 -5.4
v 0 8.8 -5.5
v 0.8 8.8 -5.5
v 0.9 8.8 -5.5
v 2.6 8.8 -5.5
v 0 8.8 -5.6
v 2.6 8.8 -5.6
v 0 8.8 -5.8
v 0.1 8.8 -5.8
v 2.6 8.8 -5.8
v 0 8.8 -9.6
v 2.6 8.8 -9.6
v 0 8.9 -5.6
v 2.6 8.9 -5.6
v 0 8.9 -5.7
v 2.6 8.9 -5.7
v 9.2 9 -4.6
v 9.5 9 -4.6
v 12.1 9 -4.6
v 12.4 9 -4.6
v 9.3 9 -4.7
v 9.4 9 -4.7
v 12.2 9 -4.7
v 12.3 9 -4.7
v 9.3 9 -5
v 9.4 9 -5
v 12.2 9 -5
v 12.3 9 -5
v 5.2 9 -5.1
v 6 9 -5.1
v 9.2 9 -5.1
v 9.3 9 -5.1
v 9.4 9 -5.1
v 9.5 9 -5.1
v 12.1 9 -5.1
v 12.2 9 -5.1
v 12.3 9 -5.1
v 12.4 9 -5.1
v 5.1 9 -5.2
v 5.2 9 -5.2
v 5.3 9 -5.2
v 5.4 9 -5.2
v 5.6 9 -5.2
v 5.7 9 -5.2
v 5.9 9 -5.2
v 6 9 -5.2
v 6.1 9 -5.2
v 11.1 9 -5.2
v 11.2 9 -5.2
v 11.3 9 -5.2
v 5.2 9 -5.3
v 5.3 9 -5.3
v 5.9 9 -5.3
v 6 9 -5.3
v 9 9 -5.3
v 9.3 9 -5.3
v 9.4 9 -5.3
v 11.1 9 -5.3
v 11.3 9 -5.3
v 12.2 9 -5.3
v 12.3 9 -5.3
v 12.6 9 -5.3
v 5.1 9 -5.4
v 5.2 9 -5.4
v 6 9 -5.4
v 6.1 9 -5.4
v 6.5 9 -5.4
v 7.6 9 -5.4
v 7.7 9 -5.4
v 8.7 9 -5.4
v 9 9 -5.4
v 11.1 9 -5.4
v 11.3 9 -5.4
v 11.9 9 -5.4
v 12.6 9 -5.4
v 6.5 9 -5.5
v 7.6 9 -5.5
v 7.7 9 -5.5
v 8.7 9 -5.5
v 0 9 -5.7
v 2.6 9 -5.7
v 0 9 -5.8
v 2.6 9 -5.8
v 9.3 9.1 -4.7
v 9.4 9.1 -4.7
v 12.2 9.1 -4.7
v 12.3 9.1 -4.7
v 9.3 9.1 -5
v 9.4 9.1 -5
v 12.2 9.1 -5
v 12.3 9.1 -5
v 2.8 9.1 -5.2
v 5 9.1 -5.2
v 2.8 9.1 -5.3
v 3.1 9.1 -5.3
v 3.2 9.1 -5.3
v 4.5 9.1 -5.3
v 4.6 9.1 -5.3
v 5 9.1 -5.3
v 3.1 9.1 -5.4
v 3.2 9.1 -5.4
v 4.5 9.1 -5.4
v 4.6 9.1 -5.4
v 9.6 9.2 -5.3
v 9.7 9.2 -5.3
v 9.8 9.2 -5.3
v 10.8 9.2 -5.3
v 11 9.2 -5.3
v 11.2 9.2 -5.3
v 11.3 9.2 -5.3
v 12.3 9.2 -5.3
v 12.5 9.2 -5.3
v 9.6 9.2 -5.4
v 9.8 9.2 -5.4
v 10.8 9.2 -5.4
v 11 9.2 -5.4
v 11.2 9.2 -5.4
v 11.3 9.2 -5.4
v 12.3 9.2 -5.4
v 12.5 9.2 -5.4
v 2.8 9.3 -5.2
v 5 9.3 -5.2
v 8.8 9.3 -5.2
v 9 9.3 -5.2
v 9.1 9.3 -5.2
v 9.7 9.3 -5.2
v 9.9 9.3 -5.2
v 10.4 9.3 -5.2
v 10.5 9.3 -5.2
v 10.8 9.3 -5.2
v 11.1 9.3 -5.2
v 11.2 9.3 -5.2
v 11.3 9.3 -5.2
v 11.5 9.3 -5.2
v 11.6 9.3 -5.2
v 12.5 9.3 -5.2
v 12.6 9.3 -5.2
v 2.8 9.3 -5.3
v 3.1 9.3 -5.3
v 3.2 9.3 -5.3
v 4.4 9.3 -5.3
v 4.5 9.3 -5.3
v 5 9.3 -5.3
v 8.8 9.3 -5.3
v 9 9.3 -5.3
v 9.1 9.3 -5.3
v 9.7 9.3 -5.3
v 9.9 9.3 -5.3
v 10.4 9.3 -5.3
v 10.5 9.3 -5.3
v 10.8 9.3 -5.3
v 11.1 9.3 -5.3
v 11.2 9.3 -5.3
v 11.3 9.3 -5.3
v 11.5 9.3 -5.3
v 11.6 9.3 -5.3
v 12.5 9.3 -5.3
v 12.6 9.3 -5.3
v 3.1 9.3 -5.4
v 3.2 9.3 -5.4
v 4.4 9.3 -5.4
v 4.5 9.3 -5.4
v 9 9.3 -5.4
v 9.1 9.3 -5.4
v 9 9.3 -5.5
v 9.1 9.3 -5.5
v 11.7 9.4 -4.1
v 11.8 9.4 -4.1
v 11.9 9.4 -4.1
v 12 9.4 -4.1
v 11.7 9.4 -4.9
v 11.8 9.4 -4.9
v 11.9 9.4 -4.9
v 12 9.4 -4.9
v 11.2 9.4 -5.1
v 11.3 9.4 -5.1
v 11.2 9.4 -5.2
v 11.3 9.4 -5.2
v 5.4 9.4 -5.3
v 5.5 9.4 -5.3
v 5.8 9.4 -5.3
v 5.9 9.4 -5.3
v 5.4 9.4 -5.4
v 5.5 9.4 -5.4
v 5.8 9.4 -5.4
v 5.9 9.4 -5.4
v 9.5 9.5 -5
v 9.6 9.5 -5
v 9.8 9.5 -5
v 10.1 9.5 -5
v 9.5 9.5 -5.1
v 9.6 9.5 -5.1
v 9.8 9.5 -5.1
v 10.1 9.5 -5.1
v 11.2 9.5 -5.2
v 11.3 9.5 -5.2
v 2.9 9.5 -5.4
v 4.3 9.5 -5.4
v 4.4 9.5 -5.4
v 4.7 9.5 -5.4
v 11.2 9.5 -5.4
v 11.3 9.5 -5.4
v 2.9 9.5 -5.5
v 4.3 9.5 -5.5
v 4.4 9.5 -5.5
v 4.7 9.5 -5.5
v 9.5 9.6 -4.9
v 10.1 9.6 -4.9
v 9.5 9.6 -5
v 10.1 9.6 -5
v 2 9.6 -6.7
v 2.6 9.6 -6.7
v 2 9.6 -6.8
v 2.6 9.6 -6.8
v 4.8 9.8 -4.1
v 4.9 9.8 -4.1
v 4.8 9.8 -4.6
v 4.9 9.8 -4.6
v 4.8 9.8 -4.7
v 4.9 9.8 -4.7
v 9.5 9.8 -4.9
v 10.1 9.8 -4.9
v 9.5 9.8 -5
v 10.1 9.8 -5
v 11.8 9.8 -5
v 11.9 9.8 -5
v 4.8 9.8 -5.1
v 4.9 9.8 -5.1
v 4.8 9.8 -5.2
v 4.9 9.8 -5.2
v 6.5 9.8 -5.3
v 8.8 9.8 -5.3
v 10.5 9.8 -5.3
v 11.7 9.8 -5.3
v 11.8 9.8 -5.3
v 12.1 9.8 -5.3
v 12.2 9.8 -5.3
v 4.8 9.8 -5.4
v 4.9 9.8 -5.4
v 6.5 9.8 -5.4
v 8.8 9.8 -5.4
v 10.5 9.8 -5.4
v 11.7 9.8 -5.4
v 11.8 9.8 -5.4
v 11.9 9.8 -5.4
v 12.1 9.8 -5.4
v 12.2 9.8 -5.4
v 10.4 9.9 -4.9
v 10.5 9.9 -4.9
v 10.4 9.9 -5
v 10.5 9.9 -5
v 4.8 10 -4.9
v 5 10 -4.9
v 9.5 10 -4.9
v 10.1 10 -4.9
v 4.8 10 -5
v 5 10 -5
v 9.5 10 -5
v 10.1 10 -5
v 10.5 10 -5.3
v 11.7 10 -5.3
v 12.2 10 -5.3
v 12.3 10 -5.3
v 6.3 10 -5.4
v 9 10 -5.4
v 10.5 10 -5.4
v 11.7 10 -5.4
v 12.2 10 -5.4
v 12.3 10 -5.4
v 6.3 10 -5.5
v 6.4 10 -5.5
v 8.7 10 -5.5
v 9 10 -5.5
v 4.8 10.1 -4.2
v 5 10.1 -4.2
v 4.8 10.1 -4.5
v 5 10.1 -4.5
v 4.8 10.1 -4.6
v 5 10.1 -4.6
v 4.8 10.1 -4.9
v 5 10.1 -4.9
v 12.5 10.1 -5.3
v 12.6 10.1 -5.3
v 12.5 10.1 -5.4
v 12.6 10.1 -5.4
v 4.8 10.2 -4.9
v 5 10.2 -4.9
v 9.5 10.2 -4.9
v 10.1 10.2 -4.9
v 10.3 10.2 -4.9
v 10.4 10.2 -4.9
v 4.8 10.2 -5
v 5 10.2 -5
v 9.5 10.2 -5
v 10.1 10.2 -5
v 10.3 10.2 -5
v 10.4 10.2 -5
v 6.5 10.2 -5.1
v 6.6 10.2 -5.1
v 6.7 10.2 -5.1
v 7.1 10.2 -5.1
v 7.2 10.2 -5.1
v 7.3 10.2 -5.1
v 7.4 10.2 -5.1
v 7.5 10.2 -5.1
v 7.6 10.2 -5.1
v 7.8 10.2 -5.1
v 8.1 10.2 -5.1
v 8.6 10.2 -5.1
v 8.7 10.2 -5.1
v 6.6 10.2 -5.2
v 8.6 10.2 -5.2
v 12.4 10.2 -5.3
v 12.5 10.2 -5.3
v 6.5 10.2 -5.4
v 6.6 10.2 -5.4
v 8.6 10.2 -5.4
v 8.7 10.2 -5.4
v 12.4 10.2 -5.4
v 12.5 10.2 -5.4
v 2 10.2 -6.7
v 2.6 10.2 -6.7
v 2 10.2 -6.8
v 2.6 10.2 -6.8
v 4.8 10.3 -4.5
v 5 10.3 -4.5
v 4.8 10.3 -4.6
v 5 10.3 -4.6
v 10.4 10.3 -4.9
v 10.5 10.3 -4.9
v 9.4 10.3 -5
v 9.6 10.3 -5
v 9.9 10.3 -5
v 10.1 10.3 -5
v 10.3 10.3 -5
v 10.4 10.3 -5
v 10.5 10.3 -5
v 9.4 10.3 -5.1
v 9.6 10.3 -5.1
v 9.7 10.3 -5.1
v 9.9 10.3 -5.1
v 10.1 10.3 -5.1
v 10.3 10.3 -5.1
v 10.4 10.3 -5.1
v 10.3 10.3 -5.2
v 2.9 10.3 -5.3
v 4.7 10.3 -5.3
v 9.7 10.3 -5.3
v 9.9 10.3 -5.3
v 10.3 10.3 -5.3
v 10.4 10.3 -5.3
v 10.5 10.3 -5.3
v 12 10.3 -5.3
v 12.1 10.3 -5.3
v 12.3 10.3 -5.3
v 12.4 10.3 -5.3
v 2.9 10.3 -5.4
v 4.7 10.3 -5.4
v 9.4 10.3 -5.4
v 10.4 10.3 -5.4
v 10.5 10.3 -5.4
v 12 10.3 -5.4
v 12.1 10.3 -5.4
v 12.3 10.3 -5.4
v 12.4 10.3 -5.4
v 6.4 10.4 -5
v 6.6 10.4 -5
v 6.7 10.4 -5
v 7 10.4 -5
v 7.1 10.4 -5
v 7.2 10.4 -5
v 7.3 10.4 -5
v 7.5 10.4 -5
v 7.6 10.4 -5
v 7.8 10.4 -5
v 7.9 10.4 -5
v 8.3 10.4 -5
v 8.7 10.4 -5
v 8.8 10.4 -5
v 9.6 10.4 -5
v 9.9 10.4 -5
v 10.1 10.4 -5
v 10.3 10.4 -5
v 10.4 10.4 -5
v 10.5 10.4 -5
v 6.4 10.4 -5.1
v 6.6 10.4 -5.1
v 6.7 10.4 -5.1
v 7 10.4 -5.1
v 7.1 10.4 -5.1
v 7.2 10.4 -5.1
v 7.3 10.4 -5.1
v 7.5 10.4 -5.1
v 7.6 10.4 -5.1
v 7.8 10.4 -5.1
v 7.9 10.4 -5.1
v 8.3 10.4 -5.1
v 8.7 10.4 -5.1
v 8.8 10.4 -5.1
v 9.6 10.4 -5.1
v 9.7 10.4 -5.1
v 9.8 10.4 -5.1
v 9.9 10.4 -5.1
v 10.1 10.4 -5.1
v 10.3 10.4 -5.1
v 9.9 10.4 -5.2
v 10 10.4 -5.2
v 10.3 10.4 -5.2
v 10.4 10.4 -5.2
v 9.8 10.4 -5.3
v 9.9 10.4 -5.3
v 10.4 10.4 -5.3
v 10.5 10.4 -5.3
v 2.6 10.4 -5.4
v 4.8 10.4 -5.4
v 6.5 10.4 -5.4
v 7.6 10.4 -5.4
v 7.7 10.4 -5.4
v 8.7 10.4 -5.4
v 2.7 10.4 -5.5
v 4.8 10.4 -5.5
v 6.5 10.4 -5.5
v 7.6 10.4 -5.5
v 7.7 10.4 -5.5
v 8.7 10.4 -5.5
v 2.6 10.4 -9.6
v 2.7 10.4 -9.6
v 4.8 10.5 -4.5
v 5 10.5 -4.5
v 4.8 10.5 -4.6
v 5 10.5 -4.6
v 5.2 10.5 -5.1
v 6 10.5 -5.1
v 5.1 10.5 -5.2
v 5.2 10.5 -5.2
v 5.3 10.5 -5.2
v 5.4 10.5 -5.2
v 5.5 10.5 -5.2
v 5.6 10.5 -5.2
v 5.7 10.5 -5.2
v 5.9 10.5 -5.2
v 6 10.5 -5.2
v 6.1 10.5 -5.2
v 9.9 10.5 -5.2
v 10 10.5 -5.2
v 10.4 10.5 -5.2
v 5.2 10.5 -5.3
v 5.3 10.5 -5.3
v 5.9 10.5 -5.3
v 6 10.5 -5.3
v 9.9 10.5 -5.3
v 10 10.5 -5.3
v 10.4 10.5 -5.3
v 5.1 10.5 -5.4
v 5.2 10.5 -5.4
v 6 10.5 -5.4
v 6.1 10.5 -5.4
v 4.8 10.6 -4.6
v 5 10.6 -4.6
v 4.8 10.6 -4.7
v 5 10.6 -4.7
v 9.7 10.6 -5
v 9.8 10.6 -5
v 9.6 10.6 -5.1
v 9.7 10.6 -5.1
v 9.8 10.6 -5.1
v 9.9 10.6 -5.1
v 4.8 10.6 -5.2
v 4.9 10.6 -5.2
v 9.6 10.6 -5.2
v 9.7 10.6 -5.2
v 9.8 10.6 -5.2
v 9.9 10.6 -5.2
v 11.9 10.6 -5.3
v 12 10.6 -5.3
v 12.1 10.6 -5.3
v 12.4 10.6 -5.3
v 12.6 10.6 -5.3
v 4.8 10.6 -5.4
v 4.9 10.6 -5.4
v 11.9 10.6 -5.4
v 12 10.6 -5.4
v 12.1 10.6 -5.4
v 12.4 10.6 -5.4
v 12.6 10.6 -5.4
v 9.6 10.7 -5.2
v 9.7 10.7 -5.2
v 9.8 10.7 -5.2
v 9.9 10.7 -5.2
v 5.7 10.7 -5.3
v 5.9 10.7 -5.3
v 9.6 10.7 -5.3
v 9.7 10.7 -5.3
v 9.8 10.7 -5.3
v 9.9 10.7 -5.3
v 12.1 10.7 -5.3
v 12.2 10.7 -5.3
v 12.3 10.7 -5.3
v 12.4 10.7 -5.3
v 2.9 10.7 -5.4
v 3.6 10.7 -5.4
v 4 10.7 -5.4
v 4.7 10.7 -5.4
v 5.7 10.7 -5.4
v 5.9 10.7 -5.4
v 12.1 10.7 -5.4
v 12.2 10.7 -5.4
v 12.3 10.7 -5.4
v 12.4 10.7 -5.4
v 2.9 10.7 -5.5
v 3.6 10.7 -5.5
v 4 10.7 -5.5
v 4.7 10.7 -5.5
v 2.9 10.7 -5.6
v 3.6 10.7 -5.6
v 4 10.7 -5.6
v 4.7 10.7 -5.6
v 2.9 10.7 -6
v 4.7 10.7 -6
v 2 10.7 -6.7
v 2.6 10.7 -6.7
v 2 10.7 -6.8
v 2.6 10.7 -6.8
v 4.8 10.8 -4.7
v 5 10.8 -4.7
v 4.8 10.8 -4.8
v 5 10.8 -4.8
v 9.5 10.8 -5.2
v 9.6 10.8 -5.2
v 9.9 10.8 -5.2
v 10 10.8 -5.2
v 5.4 10.8 -5.3
v 5.6 10.8 -5.3
v 9.5 10.8 -5.3
v 9.6 10.8 -5.3
v 9.9 10.8 -5.3
v 10 10.8 -5.3
v 5.4 10.8 -5.4
v 5.6 10.8 -5.4
v 9.3 10.9 -4.5
v 11.6 10.9 -4.5
v 9.3 10.9 -4.6
v 9.9 10.9 -4.6
v 10 10.9 -4.6
v 10.1 10.9 -4.6
v 10.2 10.9 -4.6
v 10.6 10.9 -4.6
v 10.7 10.9 -4.6
v 11.1 10.9 -4.6
v 11.2 10.9 -4.6
v 11.6 10.9 -4.6
v 12 10.9 -5.3
v 12.2 10.9 -5.3
v 12.3 10.9 -5.3
v 12.5 10.9 -5.3
v 12 10.9 -5.4
v 12.2 10.9 -5.4
v 12.3 10.9 -5.4
v 12.5 10.9 -5.4
v 9.3 11 -4.6
v 9.9 11 -4.6
v 10 11 -4.6
v 10.1 11 -4.6
v 10.2 11 -4.6
v 10.6 11 -4.6
v 10.7 11 -4.6
v 11.1 11 -4.6
v 11.2 11 -4.6
v 11.6 11 -4.6
v 9.3 11 -4.7
v 9.4 11 -4.7
v 9.5 11 -4.7
v 9.8 11 -4.7
v 9.9 11 -4.7
v 10 11 -4.7
v 10.1 11 -4.7
v 10.2 11 -4.7
v 10.6 11 -4.7
v 10.7 11 -4.7
v 11.1 11 -4.7
v 11.2 11 -4.7
v 11.3 11 -4.7
v 11.6 11 -4.7
v 4.8 11.1 -4.1
v 4.9 11.1 -4.1
v 4.8 11.1 -4.2
v 4.9 11.1 -4.2
v 4.8 11.1 -4.3
v 5 11.1 -4.3
v 4.8 11.1 -4.5
v 5 11.1 -4.5
v 4.8 11.1 -4.6
v 5 11.1 -4.6
v 9.3 11.1 -4.7
v 9.4 11.1 -4.7
v 9.5 11.1 -4.7
v 9.8 11.1 -4.7
v 9.9 11.1 -4.7
v 10.1 11.1 -4.7
v 10.2 11.1 -4.7
v 10.6 11.1 -4.7
v 10.7 11.1 -4.7
v 11.1 11.1 -4.7
v 11.3 11.1 -4.7
v 11.6 11.1 -4.7
v 9.3 11.1 -4.8
v 9.4 11.1 -4.8
v 9.5 11.1 -4.8
v 9.6 11.1 -4.8
v 9.7 11.1 -4.8
v 9.8 11.1 -4.8
v 9.9 11.1 -4.8
v 10.1 11.1 -4.8
v 10.2 11.1 -4.8
v 10.4 11.1 -4.8
v 10.5 11.1 -4.8
v 10.6 11.1 -4.8
v 10.7 11.1 -4.8
v 10.8 11.1 -4.8
v 11.1 11.1 -4.8
v 11.2 11.1 -4.8
v 11.3 11.1 -4.8
v 11.6 11.1 -4.8
v 4.8 11.1 -5
v 4.9 11.1 -5
v 5 11.1 -5
v 4.8 11.1 -5.1
v 4.9 11.1 -5.1
v 6.5 11.1 -5.3
v 8.7 11.1 -5.3
v 11.9 11.1 -5.3
v 12.6 11.1 -5.3
v 6.5 11.1 -5.4
v 8.7 11.1 -5.4
v 11.9 11.1 -5.4
v 12.6 11.1 -5.4
v 9.3 11.2 -4.8
v 9.4 11.2 -4.8
v 9.6 11.2 -4.8
v 9.7 11.2 -4.8
v 9.8 11.2 -4.8
v 10.1 11.2 -4.8
v 10.2 11.2 -4.8
v 10.4 11.2 -4.8
v 10.5 11.2 -4.8
v 10.6 11.2 -4.8
v 10.8 11.2 -4.8
v 11.2 11.2 -4.8
v 11.3 11.2 -4.8
v 11.6 11.2 -4.8
v 9.3 11.2 -4.9
v 9.4 11.2 -4.9
v 9.6 11.2 -4.9
v 9.7 11.2 -4.9
v 9.8 11.2 -4.9
v 10.1 11.2 -4.9
v 10.2 11.2 -4.9
v 10.4 11.2 -4.9
v 10.5 11.2 -4.9
v 10.6 11.2 -4.9
v 10.7 11.2 -4.9
v 10.8 11.2 -4.9
v 10.9 11.2 -4.9
v 11.2 11.2 -4.9
v 11.3 11.2 -4.9
v 11.4 11.2 -4.9
v 11.6 11.2 -4.9
v 4.8 11.3 -4.2
v 5 11.3 -4.2
v 4.8 11.3 -4.4
v 5 11.3 -4.4
v 4.9 11.3 -4.5
v 5 11.3 -4.5
v 4.9 11.3 -4.6
v 5 11.3 -4.6
v 6.5 11.3 -4.8
v 6.6 11.3 -4.8
v 8.6 11.3 -4.8
v 8.7 11.3 -4.8
v 6.5 11.3 -4.9
v 6.6 11.3 -4.9
v 8.6 11.3 -4.9
v 8.7 11.3 -4.9
v 9.3 11.3 -4.9
v 9.6 11.3 -4.9
v 9.8 11.3 -4.9
v 10.1 11.3 -4.9
v 10.4 11.3 -4.9
v 10.7 11.3 -4.9
v 10.9 11.3 -4.9
v 11.2 11.3 -4.9
v 11.4 11.3 -4.9
v 11.6 11.3 -4.9
v 9.3 11.3 -5
v 9.6 11.3 -5
v 9.7 11.3 -5
v 9.8 11.3 -5
v 9.9 11.3 -5
v 10.1 11.3 -5
v 10.2 11.3 -5
v 10.4 11.3 -5
v 10.7 11.3 -5
v 10.8 11.3 -5
v 10.9 11.3 -5
v 11.2 11.3 -5
v 11.3 11.3 -5
v 11.4 11.3 -5
v 11.6 11.3 -5
v 6.8 11.3 -5.1
v 6.9 11.3 -5.1
v 8.3 11.3 -5.1
v 8.4 11.3 -5.1
v 6.6 11.3 -5.2
v 6.8 11.3 -5.2
v 6.9 11.3 -5.2
v 7.1 11.3 -5.2
v 8.1 11.3 -5.2
v 8.3 11.3 -5.2
v 8.4 11.3 -5.2
v 8.6 11.3 -5.2
v 6.7 11.3 -5.3
v 7 11.3 -5.3
v 8.2 11.3 -5.3
v 8.5 11.3 -5.3
v 11.9 11.3 -5.3
v 12 11.3 -5.3
v 2.9 11.3 -5.4
v 3.6 11.3 -5.4
v 4 11.3 -5.4
v 4.7 11.3 -5.4
v 5 11.3 -5.4
v 5.7 11.3 -5.4
v 5.9 11.3 -5.4
v 6.2 11.3 -5.4
v 6.3 11.3 -5.4
v 6.6 11.3 -5.4
v 6.7 11.3 -5.4
v 7 11.3 -5.4
v 7.1 11.3 -5.4
v 8 11.3 -5.4
v 8.1 11.3 -5.4
v 8.2 11.3 -5.4
v 8.5 11.3 -5.4
v 8.6 11.3 -5.4
v 9 11.3 -5.4
v 11.9 11.3 -5.4
v 12 11.3 -5.4
v 2.9 11.3 -5.5
v 3.6 11.3 -5.5
v 4 11.3 -5.5
v 4.7 11.3 -5.5
v 5 11.3 -5.5
v 5.1 11.3 -5.5
v 5.4 11.3 -5.5
v 5.7 11.3 -5.5
v 5.9 11.3 -5.5
v 6.2 11.3 -5.5
v 6.3 11.3 -5.5
v 6.6 11.3 -5.5
v 7.1 11.3 -5.5
v 8 11.3 -5.5
v 8.6 11.3 -5.5
v 9 11.3 -5.5
v 6.6 11.4 -4.8
v 8.6 11.4 -4.8
v 6.5 11.4 -4.9
v 6.6 11.4 -4.9
v 8.6 11.4 -4.9
v 8.7 11.4 -4.9
v 6.6 11.4 -5
v 8.6 11.4 -5
v 9.3 11.4 -5
v 9.7 11.4 -5
v 9.9 11.4 -5
v 10.1 11.4 -5
v 10.2 11.4 -5
v 10.8 11.4 -5
v 10.9 11.4 -5
v 11.3 11.4 -5
v 11.4 11.4 -5
v 11.6 11.4 -5
v 6.5 11.4 -5.1
v 8.7 11.4 -5.1
v 9.3 11.4 -5.1
v 9.7 11.4 -5.1
v 9.8 11.4 -5.1
v 9.9 11.4 -5.1
v 10 11.4 -5.1
v 10.1 11.4 -5.1
v 10.2 11.4 -5.1
v 10.3 11.4 -5.1
v 10.5 11.4 -5.1
v 10.6 11.4 -5.1
v 10.7 11.4 -5.1
v 10.8 11.4 -5.1
v 10.9 11.4 -5.1
v 11 11.4 -5.1
v 11.3 11.4 -5.1
v 11.4 11.4 -5.1
v 11.5 11.4 -5.1
v 11.6 11.4 -5.1
v 6.6 11.4 -5.4
v 7.1 11.4 -5.4
v 8 11.4 -5.4
v 8.6 11.4 -5.4
v 5.1 11.4 -5.5
v 5.4 11.4 -5.5
v 5.9 11.4 -5.5
v 6.6 11.4 -5.5
v 7.1 11.4 -5.5
v 8 11.4 -5.5
v 8.6 11.4 -5.5
v 9 11.4 -5.5
v 5.1 11.4 -5.6
v 5.4 11.4 -5.6
v 9 11.4 -5.6
v 5.4 11.4 -5.7
v 5.9 11.4 -5.7
v 6 11.4 -5.7
v 9 11.4 -5.7
v 5.1 11.4 -5.9
v 5.4 11.4 -5.9
v 6 11.4 -5.9
v 9 11.4 -5.9
v 5.2 11.4 -6.2
v 5.3 11.4 -6.2
v 6.1 11.4 -6.2
v 6.2 11.4 -6.2
v 5.2 11.4 -6.3
v 5.3 11.4 -6.3
v 6.1 11.4 -6.3
v 6.2 11.4 -6.3
v 8.9 11.4 -6.3
v 9 11.4 -6.3
v 8.9 11.4 -6.4
v 9 11.4 -6.4
v 6.9 11.4 -6.5
v 7 11.4 -6.5
v 7.3 11.4 -6.5
v 7.4 11.4 -6.5
v 7.9 11.4 -6.5
v 8 11.4 -6.5
v 8.9 11.4 -6.5
v 9 11.4 -6.5
v 6.9 11.4 -6.6
v 7 11.4 -6.6
v 7.3 11.4 -6.6
v 7.4 11.4 -6.6
v 7.9 11.4 -6.6
v 8 11.4 -6.6
v 8.9 11.4 -6.6
v 9 11.4 -6.6
v 5.5 11.4 -7
v 5.6 11.4 -7
v 5.8 11.4 -7
v 5.9 11.4 -7
v 6.6 11.4 -7
v 6.7 11.4 -7
v 5.5 11.4 -7.1
v 5.6 11.4 -7.1
v 5.8 11.4 -7.1
v 5.9 11.4 -7.1
v 6.6 11.4 -7.1
v 6.7 11.4 -7.1
v 8.2 11.4 -7.1
v 8.3 11.4 -7.1
v 8.2 11.4 -7.2
v 8.3 11.4 -7.2
v 6.6 11.4 -7.5
v 6.7 11.4 -7.5
v 6.6 11.4 -7.6
v 6.7 11.4 -7.6
v 8.2 11.4 -7.7
v 8.3 11.4 -7.7
v 5.2 11.4 -7.8
v 5.3 11.4 -7.8
v 6.1 11.4 -7.8
v 6.2 11.4 -7.8
v 8.2 11.4 -7.8
v 8.3 11.4 -7.8
v 5.2 11.4 -7.9
v 5.3 11.4 -7.9
v 6.1 11.4 -7.9
v 6.2 11.4 -7.9
v 7 11.4 -8.2
v 7.1 11.4 -8.2
v 7.4 11.4 -8.2
v 7.5 11.4 -8.2
v 7.8 11.4 -8.2
v 7.9 11.4 -8.2
v 7 11.4 -8.3
v 7.1 11.4 -8.3
v 7.4 11.4 -8.3
v 7.5 11.4 -8.3
v 7.8 11.4 -8.3
v 7.9 11.4 -8.3
v 5.5 11.4 -8.5
v 5.6 11.4 -8.5
v 5.8 11.4 -8.5
v 5.9 11.4 -8.5
v 5.5 11.4 -8.6
v 5.6 11.4 -8.6
v 5.8 11.4 -8.6
v 5.9 11.4 -8.6
v 7.3 11.4 -8.9
v 7.4 11.4 -8.9
v 7.9 11.4 -8.9
v 8 11.4 -8.9
v 8.3 11.4 -8.9
v 8.4 11.4 -8.9
v 7.3 11.4 -9
v 7.4 11.4 -9
v 7.9 11.4 -9
v 8 11.4 -9
v 8.3 11.4 -9
v 8.4 11.4 -9
v 8.6 11.4 -9.4
v 8.7 11.4 -9.4
v 7 11.4 -9.5
v 7.1 11.4 -9.5
v 8.6 11.4 -9.5
v 8.7 11.4 -9.5
v 5.1 11.4 -9.6
v 7 11.4 -9.6
v 7.1 11.4 -9.6
v 9 11.4 -9.6
v 4.8 11.5 -4
v 4.9 11.5 -4
v 6.6 11.5 -4.9
v 8.6 11.5 -4.9
v 6.6 11.5 -5
v 8.6 11.5 -5
v 9.3 11.5 -5.1
v 9.8 11.5 -5.1
v 10 11.5 -5.1
v 10.1 11.5 -5.1
v 10.2 11.5 -5.1
v 10.3 11.5 -5.1
v 10.5 11.5 -5.1
v 10.6 11.5 -5.1
v 10.7 11.5 -5.1
v 10.8 11.5 -5.1
v 11 11.5 -5.1
v 11.3 11.5 -5.1
v 11.5 11.5 -5.1
v 11.6 11.5 -5.1
v 5.4 11.5 -5.2
v 5.5 11.5 -5.2
v 5.6 11.5 -5.2
v 5.7 11.5 -5.2
v 5.9 11.5 -5.2
v 9.3 11.5 -5.2
v 9.4 11.5 -5.2
v 9.8 11.5 -5.2
v 10 11.5 -5.2
v 10.1 11.5 -5.2
v 10.2 11.5 -5.2
v 10.3 11.5 -5.2
v 10.4 11.5 -5.2
v 10.5 11.5 -5.2
v 10.6 11.5 -5.2
v 10.7 11.5 -5.2
v 10.8 11.5 -5.2
v 10.9 11.5 -5.2
v 11 11.5 -5.2
v 11.1 11.5 -5.2
v 11.3 11.5 -5.2
v 11.5 11.5 -5.2
v 11.6 11.5 -5.2
v 5.4 11.5 -5.3
v 5.5 11.5 -5.3
v 5.6 11.5 -5.3
v 5.7 11.5 -5.3
v 5.9 11.5 -5.3
v 12.1 11.5 -5.3
v 12.3 11.5 -5.3
v 12.4 11.5 -5.3
v 12.6 11.5 -5.3
v 4.8 11.5 -5.4
v 4.9 11.5 -5.4
v 12.1 11.5 -5.4
v 12.3 11.5 -5.4
v 12.4 11.5 -5.4
v 12.6 11.5 -5.4
v 5.1 11.5 -5.6
v 5.4 11.5 -5.6
v 5.1 11.5 -5.7
v 5.4 11.5 -5.7
v 0 11.5 -6.5
v 2.6 11.5 -6.5
v 0 11.5 -6.6
v 1.9 11.5 -6.6
v 0 11.5 -6.7
v 1.9 11.5 -6.7
v 0 11.5 -6.8
v 2.6 11.5 -6.8
v 11.8 11.6 -4.1
v 11.9 11.6 -4.1
v 11.8 11.6 -4.9
v 11.9 11.6 -4.9
v 11.8 11.6 -5
v 11.9 11.6 -5
v 9.3 11.6 -5.2
v 9.4 11.6 -5.2
v 10 11.6 -5.2
v 10.1 11.6 -5.2
v 10.2 11.6 -5.2
v 10.4 11.6 -5.2
v 10.5 11.6 -5.2
v 10.6 11.6 -5.2
v 10.7 11.6 -5.2
v 10.9 11.6 -5.2
v 11 11.6 -5.2
v 11.1 11.6 -5.2
v 11.5 11.6 -5.2
v 11.6 11.6 -5.2
v 5.4 11.6 -5.3
v 5.6 11.6 -5.3
v 5.7 11.6 -5.3
v 5.9 11.6 -5.3
v 9.3 11.6 -5.3
v 9.4 11.6 -5.3
v 10 11.6 -5.3
v 10.1 11.6 -5.3
v 10.2 11.6 -5.3
v 10.4 11.6 -5.3
v 10.5 11.6 -5.3
v 10.6 11.6 -5.3
v 10.7 11.6 -5.3
v 10.9 11.6 -5.3
v 11 11.6 -5.3
v 11.1 11.6 -5.3
v 11.5 11.6 -5.3
v 11.6 11.6 -5.3
v 11.8 11.6 -5.3
v 12 11.6 -5.3
v 12.1 11.6 -5.3
v 12.3 11.6 -5.3
v 12.4 11.6 -5.3
v 11.8 11.6 -5.4
v 11.9 11.6 -5.4
v 12 11.6 -5.4
v 12.1 11.6 -5.4
v 12.3 11.6 -5.4
v 12.4 11.6 -5.4
v 5.4 11.6 -5.6
v 6 11.6 -5.6
v 9 11.6 -5.6
v 6 11.6 -5.7
v 9 11.6 -5.7
v 5.4 11.6 -5.9
v 5.2 11.6 -6.2
v 5.3 11.6 -6.2
v 5.4 11.6 -6.2
v 5.6 11.6 -6.2
v 5.7 11.6 -6.2
v 5.9 11.6 -6.2
v 6.1 11.6 -6.2
v 6.2 11.6 -6.2
v 5.2 11.6 -6.3
v 5.3 11.6 -6.3
v 5.4 11.6 -6.3
v 5.6 11.6 -6.3
v 5.7 11.6 -6.3
v 5.9 11.6 -6.3
v 6.1 11.6 -6.3
v 6.2 11.6 -6.3
v 0 11.6 -6.6
v 1.9 11.6 -6.6
v 0 11.6 -6.7
v 1.9 11.6 -6.7
v 5.2 11.6 -7.8
v 5.3 11.6 -7.8
v 5.4 11.6 -7.8
v 5.6 11.6 -7.8
v 5.7 11.6 -7.8
v 5.9 11.6 -7.8
v 6.1 11.6 -7.8
v 6.2 11.6 -7.8
v 5.2 11.6 -7.9
v 5.3 11.6 -7.9
v 5.4 11.6 -7.9
v 5.6 11.6 -7.9
v 5.7 11.6 -7.9
v 5.9 11.6 -7.9
v 6.1 11.6 -7.9
v 6.2 11.6 -7.9
v 5.4 11.6 -9.6
v 5.6 11.6 -9.6
v 5.7 11.6 -9.6
v 5.9 11.6 -9.6
v 11.7 11.7 -4
v 11.8 11.7 -4
v 11.9 11.7 -4
v 12 11.7 -4
v 11.7 11.7 -5
v 11.8 11.7 -5
v 11.9 11.7 -5
v 12 11.7 -5
v 9.3 11.7 -5.3
v 11.6 11.7 -5.3
v 9.3 11.7 -5.4
v 11.6 11.7 -5.4
v 5.1 11.7 -5.6
v 5.4 11.7 -5.6
v 6 11.7 -5.7
v 9 11.7 -5.7
v 5.1 11.7 -5.9
v 5.4 11.7 -5.9
v 6 11.7 -5.9
v 9 11.7 -5.9
v 5.3 11.7 -6.2
v 6.1 11.7 -6.2
v 5.3 11.7 -6.3
v 6.1 11.7 -6.3
v 6.9 11.7 -6.5
v 7 11.7 -6.5
v 7.3 11.7 -6.5
v 7.4 11.7 -6.5
v 7.9 11.7 -6.5
v 8 11.7 -6.5
v 6.7 11.7 -6.6
v 6.9 11.7 -6.6
v 7 11.7 -6.6
v 7.3 11.7 -6.6
v 7.4 11.7 -6.6
v 7.9 11.7 -6.6
v 8 11.7 -6.6
v 8.2 11.7 -6.6
v 6.8 11.7 -6.7
v 8.1 11.7 -6.7
v 6.9 11.7 -6.8
v 8 11.7 -6.8
v 6.6 11.7 -7
v 6.7 11.7 -7
v 7.2 11.7 -7
v 7.7 11.7 -7
v 6.6 11.7 -7.1
v 6.7 11.7 -7.1
v 7.1 11.7 -7.1
v 7.2 11.7 -7.1
v 7.7 11.7 -7.1
v 7.8 11.7 -7.1
v 8.2 11.7 -7.1
v 8.3 11.7 -7.1
v 7 11.7 -7.2
v 7.1 11.7 -7.2
v 7.8 11.7 -7.2
v 7.9 11.7 -7.2
v 8.2 11.7 -7.2
v 8.3 11.7 -7.2
v 7.4 11.7 -7.4
v 7.5 11.7 -7.4
v 6.6 11.7 -7.5
v 6.7 11.7 -7.5
v 7.4 11.7 -7.5
v 7.5 11.7 -7.5
v 6.6 11.7 -7.6
v 6.7 11.7 -7.6
v 7 11.7 -7.7
v 7.1 11.7 -7.7
v 7.8 11.7 -7.7
v 7.9 11.7 -7.7
v 8.2 11.7 -7.7
v 8.3 11.7 -7.7
v 5.3 11.7 -7.8
v 6.1 11.7 -7.8
v 7.1 11.7 -7.8
v 7.2 11.7 -7.8
v 7.7 11.7 -7.8
v 7.8 11.7 -7.8
v 8.2 11.7 -7.8
v 8.3 11.7 -7.8
v 5.3 11.7 -7.9
v 6.1 11.7 -7.9
v 7.2 11.7 -7.9
v 7.7 11.7 -7.9
v 6.9 11.7 -8
v 8 11.7 -8
v 6.8 11.7 -8.1
v 8.1 11.7 -8.1
v 6.7 11.7 -8.2
v 7 11.7 -8.2
v 7.1 11.7 -8.2
v 7.4 11.7 -8.2
v 7.5 11.7 -8.2
v 7.8 11.7 -8.2
v 7.9 11.7 -8.2
v 8.2 11.7 -8.2
v 7 11.7 -8.3
v 7.1 11.7 -8.3
v 7.4 11.7 -8.3
v 7.5 11.7 -8.3
v 7.8 11.7 -8.3
v 7.9 11.7 -8.3
v 7.3 11.7 -8.9
v 7.4 11.7 -8.9
v 7.9 11.7 -8.9
v 8 11.7 -8.9
v 8.3 11.7 -8.9
v 8.4 11.7 -8.9
v 7.1 11.7 -9
v 7.3 11.7 -9
v 7.4 11.7 -9
v 7.9 11.7 -9
v 8 11.7 -9
v 8.3 11.7 -9
v 8.4 11.7 -9
v 8.6 11.7 -9
v 7.2 11.7 -9.1
v 8.5 11.7 -9.1
v 7.3 11.7 -9.2
v 8.4 11.7 -9.2
v 7.6 11.7 -9.4
v 8.1 11.7 -9.4
v 8.6 11.7 -9.4
v 8.7 11.7 -9.4
v 7 11.7 -9.5
v 7.1 11.7 -9.5
v 7.5 11.7 -9.5
v 7.6 11.7 -9.5
v 8.1 11.7 -9.5
v 8.2 11.7 -9.5
v 8.6 11.7 -9.5
v 8.7 11.7 -9.5
v 7 11.7 -9.6
v 7.2 11.7 -9.6
v 7.3 11.7 -9.6
v 7.5 11.7 -9.6
v 8.2 11.7 -9.6
v 8.4 11.7 -9.6
v 8.5 11.7 -9.6
v 8.6 11.7 -9.6
v 9.1 11.8 -5.4
v 11.7 11.8 -5.4
v 11.8 11.8 -5.4
v 12.6 11.8 -5.4
v 9.1 11.8 -5.5
v 11.7 11.8 -5.5
v 11.8 11.8 -5.5
v 12.5 11.8 -5.5
v 12.6 11.8 -5.5
v 2.9 12 -5.3
v 3.6 12 -5.3
v 4 12 -5.3
v 4.7 12 -5.3
v 11.7 12 -5.3
v 11.8 12 -5.3
v 2.9 12 -5.4
v 3.6 12 -5.4
v 4 12 -5.4
v 4.7 12 -5.4
v 11.6 12 -5.4
v 11.7 12 -5.4
v 11.8 12 -5.4
v 12.3 12 -5.4
v 11.6 12 -5.5
v 11.7 12 -5.5
v 11.8 12 -5.5
v 12.3 12 -5.5
v 10.9 12.1 -5.3
v 11.1 12.1 -5.3
v 10.2 12.1 -5.4
v 10.3 12.1 -5.4
v 10.4 12.1 -5.4
v 10.5 12.1 -5.4
v 10.7 12.1 -5.4
v 10.9 12.1 -5.4
v 11.1 12.1 -5.4
v 11.2 12.1 -5.4
v 11.7 12.1 -5.4
v 11.8 12.1 -5.4
v 10.2 12.1 -5.5
v 10.3 12.1 -5.5
v 10.4 12.1 -5.5
v 10.5 12.1 -5.5
v 10.7 12.1 -5.5
v 10.9 12.1 -5.5
v 11.1 12.1 -5.5
v 11.2 12.1 -5.5
v 11.7 12.1 -5.5
v 11.8 12.1 -5.5
v 10.7 12.1 -5.6
v 10.9 12.1 -5.6
v 10.4 12.1 -5.7
v 10.5 12.1 -5.8
v 10.6 12.1 -5.8
v 11 12.1 -5.8
v 11.1 12.1 -5.8
v 10.4 12.1 -6.1
v 11.2 12.1 -6.1
v 7.2 12.1 -7
v 7.7 12.1 -7
v 7.1 12.1 -7.1
v 7.2 12.1 -7.1
v 7.7 12.1 -7.1
v 7.8 12.1 -7.1
v 7 12.1 -7.2
v 7.1 12.1 -7.2
v 7.8 12.1 -7.2
v 7.9 12.1 -7.2
v 7.4 12.1 -7.4
v 7.5 12.1 -7.4
v 7.4 12.1 -7.5
v 7.5 12.1 -7.5
v 7 12.1 -7.7
v 7.1 12.1 -7.7
v 7.8 12.1 -7.7
v 7.9 12.1 -7.7
v 7.1 12.1 -7.8
v 7.2 12.1 -7.8
v 7.7 12.1 -7.8
v 7.8 12.1 -7.8
v 7.2 12.1 -7.9
v 7.7 12.1 -7.9
v 7.6 12.1 -9.4
v 8.1 12.1 -9.4
v 7.5 12.1 -9.5
v 7.6 12.1 -9.5
v 8.1 12.1 -9.5
v 8.2 12.1 -9.5
v 7.5 12.1 -9.6
v 8.2 12.1 -9.6
v 9.4 12.2 -5.2
v 9.6 12.2 -5.2
v 9.7 12.2 -5.2
v 9.9 12.2 -5.2
v 10.5 12.2 -5.2
v 10.7 12.2 -5.2
v 2.6 12.2 -5.3
v 5.2 12.2 -5.3
v 9.4 12.2 -5.3
v 9.6 12.2 -5.3
v 9.7 12.2 -5.3
v 9.9 12.2 -5.3
v 10.5 12.2 -5.3
v 10.7 12.2 -5.3
v 2.5 12.2 -5.4
v 2.6 12.2 -5.4
v 10.9 12.2 -5.4
v 11.1 12.2 -5.4
v 2.6 12.2 -5.5
v 5 12.2 -5.5
v 10.5 12.2 -5.5
v 10.7 12.2 -5.5
v 11 12.2 -5.5
v 11.1 12.2 -5.5
v 10.5 12.2 -5.6
v 10.7 12.2 -5.6
v 10.9 12.2 -5.6
v 11 12.2 -5.6
v 2.8 12.2 -5.7
v 4.8 12.2 -5.7
v 10.5 12.2 -5.7
v 10.6 12.2 -5.7
v 10.5 12.2 -5.8
v 10.6 12.2 -5.8
v 2.5 12.2 -9.6
v 2.6 12.2 -9.6
v 2.8 12.2 -9.6
v 4.8 12.2 -9.6
v 5 12.2 -9.6
v 5.2 12.2 -9.6
v 10 12.3 -5.2
v 10.1 12.3 -5.2
v 10.2 12.3 -5.2
v 10 12.3 -5.3
v 10.1 12.3 -5.3
v 10.2 12.3 -5.3
v 2.6 12.3 -5.5
v 5 12.3 -5.5
v 11 12.3 -5.5
v 11.1 12.3 -5.5
v 2.7 12.3 -5.6
v 4.9 12.3 -5.6
v 10.5 12.3 -5.6
v 11 12.3 -5.6
v 10.5 12.3 -5.7
v 10.6 12.3 -5.7
v 10.7 12.3 -5.7
v 10.9 12.3 -5.7
v 10.6 12.3 -5.8
v 10.7 12.3 -5.8
v 10.9 12.3 -5.8
v 11.1 12.3 -5.8
v 6.9 12.3 -7
v 8 12.3 -7
v 6.9 12.3 -7.1
v 8 12.3 -7.1
v 6.9 12.3 -7.2
v 8 12.3 -7.2
v 6.9 12.3 -7.3
v 8 12.3 -7.3
v 6.9 12.3 -7.4
v 8 12.3 -7.4
v 6.9 12.3 -7.5
v 8 12.3 -7.5
v 6.9 12.3 -7.6
v 8 12.3 -7.6
v 6.9 12.3 -7.7
v 8 12.3 -7.7
v 6.9 12.3 -7.8
v 8 12.3 -7.8
v 6.9 12.3 -7.9
v 8 12.3 -7.9
v 7.3 12.3 -9.4
v 8.4 12.3 -9.4
v 7.3 12.3 -9.5
v 8.4 12.3 -9.5
v 2.6 12.3 -9.6
v 2.7 12.3 -9.6
v 4.9 12.3 -9.6
v 5 12.3 -9.6
v 9.4 12.4 -5.1
v 9.9 12.4 -5.1
v 9.4 12.4 -5.2
v 9.9 12.4 -5.2
v 2.7 12.4 -5.6
v 4.9 12.4 -5.6
v 2.8 12.4 -5.7
v 4.8 12.4 -5.7
v 6.8 12.4 -6.7
v 8.1 12.4 -6.7
v 6.9 12.4 -6.8
v 8 12.4 -6.8
v 6.8 12.4 -7.6
v 6.9 12.4 -7.6
v 6.8 12.4 -7.7
v 6.9 12.4 -7.7
v 6.9 12.4 -8
v 8 12.4 -8
v 6.8 12.4 -8.1
v 8.1 12.4 -8.1
v 7.2 12.4 -9.1
v 8.5 12.4 -9.1
v 7.3 12.4 -9.2
v 8.4 12.4 -9.2
v 2.7 12.4 -9.6
v 2.8 12.4 -9.6
v 4.8 12.4 -9.6
v 4.9 12.4 -9.6
v 7.2 12.4 -9.6
v 7.3 12.4 -9.6
v 8.4 12.4 -9.6
v 8.5 12.4 -9.6
v 10.5 12.5 -5.5
v 10.6 12.5 -5.5
v 10.4 12.5 -5.6
v 10.5 12.5 -5.6
v 10.6 12.5 -5.6
v 11 12.5 -5.6
v 11.1 12.5 -5.6
v 10.4 12.5 -5.7
v 10.5 12.5 -5.7
v 11 12.5 -5.8
v 11.1 12.5 -5.8
v 6.8 12.5 -7.6
v 6.9 12.5 -7.6
v 6.8 12.5 -7.7
v 6.9 12.5 -7.7
v 9.4 12.6 -5.1
v 9.9 12.6 -5.1
v 9.4 12.6 -5.2
v 9.9 12.6 -5.2
v 10 12.6 -5.2
v 10.2 12.6 -5.2
v 10 12.6 -5.3
v 10.1 12.6 -5.3
v 10.2 12.6 -5.3
v 10.9 12.6 -5.5
v 11 12.6 -5.5
v 10.9 12.6 -5.6
v 11 12.6 -5.6
v 10.6 12.7 -5.5
v 10.9 12.7 -5.5
v 10.5 12.7 -5.6
v 10.6 12.7 -5.6
v 10.9 12.7 -5.6
v 11 12.7 -5.6
v 10.5 12.7 -5.8
v 10.6 12.7 -5.8
v 10.9 12.7 -5.8
v 11 12.7 -5.8
v 9.3 12.8 -5.2
v 10.2 12.8 -5.2
v 9.3 12.8 -5.4
v 9.4 12.8 -5.4
v 9.4 12.8 -5.5
v 10.2 12.8 -5.5
v 10.6 12.8 -5.6
v 10.9 12.8 -5.6
v 10.7 12.8 -5.7
v 10.8 12.8 -5.7
v 10.6 12.8 -5.8
v 10.7 12.8 -5.8
v 10.8 12.8 -5.8
v 10.9 12.8 -5.8
v 8.9 12.8 -6.6
v 9 12.8 -6.6
v 8.9 12.8 -7
v 9 12.8 -7
v 8.9 12.8 -7.1
v 9 12.8 -7.1
v 8.9 12.8 -9.6
v 9 12.8 -9.6
v 10.4 12.9 -5.4
v 11.2 12.9 -5.4
v 11.6 12.9 -5.4
v 12.3 12.9 -5.4
v 10.4 12.9 -5.5
v 11.2 12.9 -5.5
v 11.6 12.9 -5.5
v 12.3 12.9 -5.5
v 8.9 12.9 -7
v 9 12.9 -7
v 8.9 12.9 -7.1
v 9 12.9 -7.1
v 8.9 13 -7.9
v 9 13 -7.9
v 8.9 13 -8
v 9 13 -8
v 8.9 13 -8.2
v 9 13 -8.2
v 8.9 13 -8.3
v 9 13 -8.3
v 8.9 13 -8.8
v 9 13 -8.8
v 8.9 13 -9
v 9 13 -9
v 8.9 13 -9.3
v 9 13 -9.3
v 8.9 13 -9.4
v 9 13 -9.4
v 8.9 13.1 -6.8
v 9 13.1 -6.8
v 8.9 13.1 -6.9
v 9 13.1 -6.9
v 8.9 13.1 -7.1
v 9 13.1 -7.1
v 8.9 13.1 -7.3
v 9 13.1 -7.3
v 8.9 13.1 -8
v 9 13.1 -8
v 8.9 13.1 -8.1
v 9 13.1 -8.1
v 8.9 13.1 -8.3
v 9 13.1 -8.3
v 8.9 13.1 -8.4
v 9 13.1 -8.4
v 8.9 13.1 -9
v 9 13.1 -9
v 8.9 13.1 -9.1
v 9 13.1 -9.1
v 8.9 13.1 -9.2
v 9 13.1 -9.2
v 8.9 13.1 -9.3
v 9 13.1 -9.3
v 8.9 13.2 -6.7
v 9 13.2 -6.7
v 8.9 13.2 -6.8
v 9 13.2 -6.8
v 8.9 13.2 -6.9
v 9 13.2 -6.9
v 8.9 13.2 -7.1
v 9 13.2 -7.1
v 8.9 13.2 -8.2
v 9 13.2 -8.2
v 8.9 13.2 -8.3
v 9 13.2 -8.3
v 8.9 13.3 -6.8
v 9 13.3 -6.8
v 8.9 13.3 -6.9
v 9 13.3 -6.9
v 8.9 13.3 -7.3
v 9 13.3 -7.3
v 8.9 13.3 -7.4
v 9 13.3 -7.4
v 8.9 13.3 -8.1
v 9 13.3 -8.1
v 8.9 13.3 -8.2
v 9 13.3 -8.2
v 8.9 13.3 -9.4
v 9 13.3 -9.4
v 8.9 13.3 -9.5
v 9 13.3 -9.5
v 8.9 13.4 -6.9
v 9 13.4 -6.9
v 8.9 13.4 -7
v 9 13.4 -7
v 8.9 13.4 -7.2
v 9 13.4 -7.2
v 8.9 13.4 -7.3
v 9 13.4 -7.3
v 8.9 13.4 -8.3
v 9 13.4 -8.3
v 8.9 13.4 -8.4
v 9 13.4 -8.4
v 8.9 13.4 -8.5
v 9 13.4 -8.5
v 8.9 13.4 -8.6
v 9 13.4 -8.6
v 0 13.5 -4.9
v 0.1 13.5 -4.9
v 0 13.5 -5
v 0.1 13.5 -5
v 9.4 13.5 -5.3
v 11.2 13.5 -5.3
v 11.6 13.5 -5.3
v 12.3 13.5 -5.3
v 9.4 13.5 -5.4
v 11.2 13.5 -5.4
v 11.6 13.5 -5.4
v 12.3 13.5 -5.4
v 8.9 13.5 -7
v 9 13.5 -7
v 8.9 13.5 -7.2
v 9 13.5 -7.2
v 8.9 13.5 -7.9
v 9 13.5 -7.9
v 8.9 13.5 -8
v 9 13.5 -8
v 8.9 13.5 -8.2
v 9 13.5 -8.2
v 8.9 13.5 -8.3
v 9 13.5 -8.3
v 8.9 13.5 -8.6
v 9 13.5 -8.6
v 8.9 13.5 -8.7
v 9 13.5 -8.7
v 8.9 13.5 -9.5
v 9 13.5 -9.5
v 8.9 13.5 -9.6
v 9 13.5 -9.6
v 8.9 13.6 -8
v 9 13.6 -8
v 8.9 13.6 -8.1
v 9 13.6 -8.1
v 8.9 13.6 -8.4
v 9 13.6 -8.4
v 8.9 13.6 -8.5
v 9 13.6 -8.5
v 8.9 13.6 -8.9
v 9 13.6 -8.9
v 8.9 13.6 -9.2
v 9 13.6 -9.2
v 8.9 13.7 -6.9
v 9 13.7 -6.9
v 8.9 13.7 -7.6
v 9 13.7 -7.6
v 8.9 13.7 -9.3
v 9 13.7 -9.3
v 8.9 13.7 -9.4
v 9 13.7 -9.4
v 8.9 13.9 -5.3
v 9 13.9 -5.3
v 12.6 13.9 -5.3
v 9.1 13.9 -5.4
v 12.6 13.9 -5.4
v 9.1 13.9 -5.5
v 9.3 13.9 -5.6
v 12.5 13.9 -5.6
v 12.6 13.9 -5.6
v 8.9 13.9 -9.6
v 9 13.9 -9.6
v 9.1 13.9 -9.6
v 9.3 13.9 -9.6
v 12.6 13.9 -9.6
v 9.1 14 -5.4
v 12.6 14 -5.4
v 9.1 14 -5.5
v 9.2 14 -5.5
v 12.6 14 -5.5
v 9.2 14 -5.6
v 9.1 14 -5.7
v 9.2 14 -5.7
v 9.1 14 -8.3
v 9.2 14 -8.3
v 9.1 14 -9.6
v 9.2 14 -9.6
v 9.2 14.1 -5.5
v 12.6 14.1 -5.5
v 9.2 14.1 -5.6
v 9.3 14.1 -5.6
v 12.6 14.1 -5.6
v 9.1 14.1 -5.7
v 9.2 14.1 -5.7
v 9.1 14.1 -8.3
v 9.2 14.1 -8.3
v 9.2 14.1 -9.6
v 9.3 14.1 -9.6

# faces
f 4/4/1 2/4/1 1/4/1
f 5/4/1 2/4/1 4/4/1
f 6/4/1 4/4/1 1/4/1
f 7/4/1 4/4/1 6/4/1
f 8/46/1 5/46/1 4/46/1
f 8/4/1 4/4/1 7/4/1
f 9/4/1 2/4/1 5/4/1
f 9/46/1 5/46/1 8/46/1
f 10/14/1 3/14/1 2/14/1
f 10/4/1 2/4/1 9/4/1
f 11/14/1 3/14/1 10/14/1
f 12/1/1 7/1/1 6/1/1
f 13/1/1 7/1/1 12/1/1
f 16/45/1 11/45/1 10/45/1
f 17/14/1 3/14/1 11/14/1
f 17/45/1 11/45/1 16/45/1
f 18/35/1 15/35/1 14/35/1
f 19/35/1 15/35/1 18/35/1
f 20/35/1 15/35/1 19/35/1
f 21/35/1 15/35/1 20/35/1
f 22/35/1 15/35/1 21/35/1
f 23/35/1 15/35/1 22/35/1
f 24/35/1 15/35/1 23/35/1
f 25/35/1 15/35/1 24/35/1
f 26/35/1 15/35/1 25/35/1
f 27/35/1 15/35/1 26/35/1
f 28/35/1 15/35/1 27/35/1
f 29/35/1 15/35/1 28/35/1
f 30/35/1 15/35/1 29/35/1
f 31/35/1 15/35/1 30/35/1
f 32/35/1 15/35/1 31/35/1
f 33/35/1 15/35/1 32/35/1
f 34/35/1 15/35/1 33/35/1
f 35/14/1 16/14/1 15/14/1
f 35/35/1 15/35/1 34/35/1
f 35/14/1 17/14/1 16/14/1
f 36/14/1 17/14/1 35/14/1
f 39/47/1 36/47/1 35/47/1
f 40/14/1 17/14/1 36/14/1
f 40/47/1 36/47/1 39/47/1
f 41/43/1 38/43/1 37/43/1
f 42/14/1 39/14/1 38/14/1
f 42/43/1 38/43/1 41/43/1
f 42/14/1 40/14/1 39/14/1
f 43/14/1 40/14/1 42/14/1
f 44/14/1 17/14/1 40/14/1
f 44/14/1 40/14/1 43/14/1
f 47/47/1 44/47/1 43/47/1
f 48/14/1 17/14/1 44/14/1
f 48/47/1 44/47/1 47/47/1
f 49/47/1 46/47/1 45/47/1
f 50/23/1 47/23/1 46/23/1
f 50/47/1 46/47/1 49/47/1
f 50/23/1 48/23/1 47/23/1
f 51/14/1 17/14/1 48/14/1
f 51/23/1 48/23/1 50/23/1
f 52/14/1 17/14/1 51/14/1
f 53/23/1 52/23/1 51/23/1
f 54/14/1 17/14/1 52/14/1
f 54/23/1 52/23/1 53/23/1
f 55/14/1 17/14/1 54/14/1
f 56/14/1 17/14/1 55/14/1
f 57/14/1 3/14/1 17/14/1
f 57/14/1 17/14/1 56/14/1
f 58/23/1 55/23/1 54/23/1
f 59/14/1 56/14/1 55/14/1
f 59/23/1 55/23/1 58/23/1
f 60/14/1 56/14/1 59/14/1
f 61/23/1 60/23/1 59/23/1
f 62/23/1 60/23/1 61/23/1
f 67/16/1 64/16/1 63/16/1
f 68/16/1 64/16/1 67/16/1
f 69/23/1 66/23/1 65/23/1
f 70/22/1 67/22/1 66/22/1
f 70/23/1 66/23/1 69/23/1
f 71/23/1 68/23/1 67/23/1
f 71/22/1 67/22/1 70/22/1
f 72/23/1 68/23/1 71/23/1
f 73/23/1 71/23/1 70/23/1
f 74/23/1 71/23/1 73/23/1
f 77/1/1 76/1/1 75/1/1
f 78/1/1 76/1/1 77/1/1
f 81/46/1 80/46/1 79/46/1
f 82/46/1 80/46/1 81/46/1
f 85/35/1 84/35/1 83/35/1
f 86/35/1 84/35/1 85/35/1
f 91/38/1 88/38/1 87/38/1
f 91/37/1 89/37/1 88/37/1
f 92/38/1 90/38/1 89/38/1
f 92/37/1 89/37/1 91/37/1
f 93/38/1 91/38/1 87/38/1
f 93/38/1 92/38/1 91/38/1
f 94/38/1 90/38/1 92/38/1
f 94/38/1 92/38/1 93/38/1
f 97/36/1 96/36/1 95/36/1
f 98/36/1 96/36/1 97/36/1
f 103/35/1 100/35/1 99/35/1
f 104/35/1 100/35/1 103/35/1
f 107/35/1 102/35/1 101/35/1
f 108/35/1 102/35/1 107/35/1
f 109/37/1 106/37/1 105/37/1
f 110/37/1 106/37/1 109/37/1
f 111/37/1 106/37/1 110/37/1
f 112/37/1 106/37/1 111/37/1
f 115/46/1 114/46/1 113/46/1
f 116/46/1 114/46/1 115/46/1
f 123/37/1 118/37/1 117/37/1
f 123/37/1 119/37/1 118/37/1
f 123/37/1 120/37/1 119/37/1
f 124/37/1 120/37/1 123/37/1
f 125/37/1 122/37/1 121/37/1
f 126/37/1 122/37/1 125/37/1
f 129/37/1 128/37/1 127/37/1
f 130/37/1 128/37/1 129/37/1
f 133/38/1 132/38/1 131/38/1
f 134/38/1 132/38/1 133/38/1
f 135/38/1 132/38/1 134/38/1
f 136/38/1 132/38/1 135/38/1
f 139/7/1 138/7/1 137/7/1
f 140/7/1 138/7/1 139/7/1
f 143/23/1 142/23/1 141/23/1
f 144/23/1 142/23/1 143/23/1
f 149/36/1 146/36/1 145/36/1
f 150/36/1 146/36/1 149/36/1
f 151/36/1 148/36/1 147/36/1
f 152/36/1 148/36/1 151/36/1
f 153/36/1 151/36/1 150/36/1
f 154/36/1 151/36/1 153/36/1
f 160/38/1 159/38/1 158/38/1
f 161/38/1 159/38/1 160/38/1
f 162/38/1 159/38/1 161/38/1
f 163/1/1 156/1/1 155/1/1
f 163/1/1 157/1/1 156/1/1
f 164/1/1 157/1/1 163/1/1
f 167/46/1 166/46/1 165/46/1
f 168/46/1 166/46/1 167/46/1
f 173/23/1 170/23/1 169/23/1
f 173/23/1 171/23/1 170/23/1
f 174/23/1 171/23/1 173/23/1
f 175/23/1 173/23/1 172/23/1
f 178/23/1 175/23/1 172/23/1
f 179/1/1 177/1/1 176/1/1
f 180/1/1 177/1/1 179/1/1
f 181/23/1 178/23/1 172/23/1
f 182/23/1 181/23/1 172/23/1
f 183/23/1 181/23/1 182/23/1
f 187/23/1 185/23/1 184/23/1
f 187/23/1 186/23/1 185/23/1
f 187/23/1 184/23/1 183/23/1
f 188/23/1 186/23/1 187/23/1
f 193/45/1 190/45/1 189/45/1
f 194/45/1 190/45/1 193/45/1
f 195/45/1 192/45/1 191/45/1
f 196/45/1 192/45/1 195/45/1
f 199/1/1 198/1/1 197/1/1
f 200/1/1 198/1/1 199/1/1
f 205/45/1 202/45/1 201/45/1
f 206/45/1 202/45/1 205/45/1
f 211/45/1 204/45/1 203/45/1
f 212/45/1 204/45/1 211/45/1
f 214/37/1 210/37/1 209/37/1
f 215/45/1 211/45/1 210/45/1
f 215/37/1 210/37/1 214/37/1
f 216/37/1 207/37/1 206/37/1
f 217/45/1 208/45/1 207/45/1
f 217/37/1 207/37/1 216/37/1
f 218/45/1 208/45/1 217/45/1
f 219/37/1 214/37/1 213/37/1
f 220/45/1 215/45/1 214/45/1
f 220/37/1 214/37/1 219/37/1
f 221/45/1 211/45/1 215/45/1
f 221/45/1 215/45/1 220/45/1
f 224/37/1 223/37/1 222/37/1
f 225/37/1 223/37/1 224/37/1
f 228/46/1 227/46/1 226/46/1
f 229/46/1 227/46/1 228/46/1
f 232/46/1 231/46/1 230/46/1
f 233/46/1 231/46/1 232/46/1
f 236/48/1 235/48/1 234/48/1
f 237/48/1 235/48/1 236/48/1
f 240/48/1 239/48/1 238/48/1
f 241/48/1 239/48/1 240/48/1
f 244/48/1 243/48/1 242/48/1
f 245/48/1 243/48/1 244/48/1
f 248/46/1 247/46/1 246/46/1
f 249/46/1 247/46/1 248/46/1
f 252/48/1 251/48/1 250/48/1
f 253/48/1 251/48/1 252/48/1
f 256/46/1 255/46/1 254/46/1
f 257/46/1 255/46/1 256/46/1
f 260/48/1 259/48/1 258/48/1
f 261/48/1 259/48/1 260/48/1
f 264/24/1 263/24/1 262/24/1
f 265/24/1 263/24/1 264/24/1
f 268/23/1 267/23/1 266/23/1
f 269/23/1 268/23/1 266/23/1
f 270/23/1 269/23/1 266/23/1
f 271/23/1 269/23/1 270/23/1
f 274/24/1 273/24/1 272/24/1
f 276/24/1 274/24/1 272/24/1
f 277/48/1 275/48/1 274/48/1
f 277/24/1 274/24/1 276/24/1
f 278/48/1 275/48/1 277/48/1
f 281/48/1 280/48/1 279/48/1
f 282/48/1 280/48/1 281/48/1
f 283/48/1 280/48/1 282/48/1
f 284/24/1 282/24/1 281/24/1
f 285/24/1 282/24/1 284/24/1
f 290/43/1 287/43/1 286/43/1
f 291/34/1 288/34/1 287/34/1
f 291/43/1 287/43/1 290/43/1
f 292/43/1 289/43/1 288/43/1
f 292/34/1 288/34/1 291/34/1
f 293/43/1 289/43/1 292/43/1
f 296/35/1 295/35/1 294/35/1
f 297/35/1 295/35/1 296/35/1
f 300/48/1 299/48/1 298/48/1
f 301/48/1 299/48/1 300/48/1
f 304/36/1 303/36/1 302/36/1
f 305/36/1 303/36/1 304/36/1
f 310/45/1 307/45/1 306/45/1
f 311/45/1 307/45/1 310/45/1
f 314/1/1 309/1/1 308/1/1
f 315/1/1 309/1/1 314/1/1
f 316/35/1 313/35/1 312/35/1
f 317/35/1 313/35/1 316/35/1
f 322/35/1 319/35/1 318/35/1
f 323/35/1 319/35/1 322/35/1
f 324/35/1 321/35/1 320/35/1
f 325/35/1 321/35/1 324/35/1
f 328/48/1 327/48/1 326/48/1
f 329/48/1 327/48/1 328/48/1
f 332/1/1 331/1/1 330/1/1
f 333/1/1 331/1/1 332/1/1
f 337/37/1 335/37/1 334/37/1
f 338/37/1 337/37/1 336/37/1
f 339/37/1 335/37/1 337/37/1
f 339/37/1 337/37/1 338/37/1
f 340/37/1 335/37/1 339/37/1
f 343/46/1 342/46/1 341/46/1
f 344/46/1 342/46/1 343/46/1
f 347/48/1 346/48/1 345/48/1
f 348/48/1 346/48/1 347/48/1
f 351/24/1 350/24/1 349/24/1
f 352/24/1 350/24/1 351/24/1
f 355/15/1 354/15/1 353/15/1
f 356/15/1 354/15/1 355/15/1
f 361/36/1 358/36/1 357/36/1
f 362/36/1 358/36/1 361/36/1
f 363/36/1 360/36/1 359/36/1
f 364/36/1 360/36/1 363/36/1
f 365/36/1 363/36/1 362/36/1
f 366/36/1 363/36/1 365/36/1
f 369/24/1 368/24/1 367/24/1
f 370/24/1 368/24/1 369/24/1
f 374/24/1 372/24/1 371/24/1
f 375/48/1 373/48/1 372/48/1
f 375/24/1 372/24/1 374/24/1
f 376/48/1 373/48/1 375/48/1
f 382/13/1 379/13/1 378/13/1
f 382/13/1 378/13/1 377/13/1
f 384/13/1 381/13/1 380/13/1
f 385/13/1 383/13/1 382/13/1
f 386/13/1 381/13/1 384/13/1
f 387/13/1 381/13/1 386/13/1
f 387/13/1 386/13/1 385/13/1
f 388/13/1 381/13/1 387/13/1
f 389/13/1 387/13/1 385/13/1
f 390/13/1 381/13/1 388/13/1
f 391/13/1 389/13/1 385/13/1
f 391/13/1 390/13/1 389/13/1
f 392/13/1 381/13/1 390/13/1
f 392/13/1 390/13/1 391/13/1
f 393/13/1 391/13/1 385/13/1
f 394/13/1 381/13/1 392/13/1
f 395/13/1 385/13/1 382/13/1
f 395/13/1 394/13/1 393/13/1
f 395/13/1 382/13/1 377/13/1
f 395/13/1 393/13/1 385/13/1
f 396/13/1 381/13/1 394/13/1
f 396/13/1 394/13/1 395/13/1
f 400/23/1 399/23/1 398/23/1
f 401/23/1 399/23/1 400/23/1
f 402/23/1 400/23/1 398/23/1
f 403/23/1 399/23/1 401/23/1
f 404/23/1 402/23/1 398/23/1
f 404/23/1 403/23/1 402/23/1
f 405/23/1 399/23/1 403/23/1
f 405/23/1 403/23/1 404/23/1
f 406/23/1 404/23/1 398/23/1
f 407/23/1 404/23/1 406/23/1
f 408/23/1 406/23/1 398/23/1
f 409/23/1 399/23/1 405/23/1
f 411/14/1 398/14/1 397/14/1
f 412/23/1 409/23/1 408/23/1
f 412/23/1 408/23/1 398/23/1
f 412/14/1 398/14/1 411/14/1
f 413/23/1 399/23/1 409/23/1
f 413/23/1 409/23/1 412/23/1
f 414/15/1 411/15/1 410/15/1
f 415/15/1 411/15/1 414/15/1
f 418/15/1 417/15/1 416/15/1
f 419/15/1 417/15/1 418/15/1
f 422/48/1 421/48/1 420/48/1
f 423/48/1 421/48/1 422/48/1
f 428/24/1 425/24/1 424/24/1
f 429/24/1 425/24/1 428/24/1
f 430/24/1 427/24/1 426/24/1
f 431/24/1 427/24/1 430/24/1
f 436/24/1 433/24/1 432/24/1
f 437/24/1 433/24/1 436/24/1
f 438/24/1 435/24/1 434/24/1
f 439/24/1 435/24/1 438/24/1
f 443/13/1 441/13/1 440/13/1
f 444/1/1 442/1/1 441/1/1
f 444/13/1 441/13/1 443/13/1
f 445/1/1 442/1/1 444/1/1
f 448/1/1 447/1/1 446/1/1
f 449/1/1 447/1/1 448/1/1
f 452/15/1 451/15/1 450/15/1
f 453/15/1 451/15/1 452/15/1
f 456/46/1 455/46/1 454/46/1
f 457/46/1 455/46/1 456/46/1
f 460/48/1 459/48/1 458/48/1
f 461/48/1 459/48/1 460/48/1
f 464/12/1 463/12/1 462/12/1
f 465/12/1 463/12/1 464/12/1
f 468/12/1 467/12/1 466/12/1
f 469/12/1 467/12/1 468/12/1
f 472/23/1 471/23/1 470/23/1
f 473/23/1 471/23/1 472/23/1
f 476/23/1 475/23/1 474/23/1
f 477/23/1 475/23/1 476/23/1
f 480/46/1 479/46/1 478/46/1
f 481/46/1 479/46/1 480/46/1
f 484/23/1 483/23/1 482/23/1
f 485/23/1 483/23/1 484/23/1
f 488/23/1 487/23/1 486/23/1
f 489/23/1 487/23/1 488/23/1
f 492/46/1 491/46/1 490/46/1
f 493/46/1 491/46/1 492/46/1
f 496/46/1 495/46/1 494/46/1
f 497/46/1 495/46/1 496/46/1
f 500/14/1 499/14/1 498/14/1
f 501/14/1 499/14/1 500/14/1
f 504/14/1 503/14/1 502/14/1
f 505/14/1 503/14/1 504/14/1
f 510/23/1 507/23/1 506/23/1
f 510/23/1 508/23/1 507/23/1
f 511/23/1 508/23/1 510/23/1
f 512/23/1 510/23/1 509/23/1
f 515/23/1 512/23/1 509/23/1
f 516/1/1 514/1/1 513/1/1
f 517/1/1 514/1/1 516/1/1
f 518/23/1 515/23/1 509/23/1
f 519/23/1 518/23/1 509/23/1
f 520/23/1 518/23/1 519/23/1
f 523/23/1 522/23/1 521/23/1
f 523/23/1 521/23/1 520/23/1
f 524/23/1 522/23/1 523/23/1
f 527/46/1 526/46/1 525/46/1
f 528/46/1 526/46/1 527/46/1
f 531/46/1 530/46/1 529/46/1
f 532/46/1 530/46/1 531/46/1
f 537/2/1 534/2/1 533/2/1
f 538/2/1 534/2/1 537/2/1
f 539/23/1 536/23/1 535/23/1
f 540/23/1 536/23/1 539/23/1
f 543/35/1 542/35/1 541/35/1
f 544/35/1 542/35/1 543/35/1
f 547/46/1 546/46/1 545/46/1
f 548/46/1 546/46/1 547/46/1
f 551/36/1 550/36/1 549/36/1
f 552/36/1 550/36/1 551/36/1
f 555/40/1 554/40/1 553/40/1
f 556/40/1 554/40/1 555/40/1
f 561/45/1 558/45/1 557/45/1
f 562/45/1 558/45/1 561/45/1
f 565/1/1 560/1/1 559/1/1
f 566/1/1 560/1/1 565/1/1
f 567/41/1 564/41/1 563/41/1
f 568/41/1 564/41/1 567/41/1
f 569/41/1 564/41/1 568/41/1
f 571/41/1 570/41/1 569/41/1
f 571/41/1 569/41/1 568/41/1
f 572/41/1 570/41/1 571/41/1
f 575/14/1 574/14/1 573/14/1
f 576/14/1 574/14/1 575/14/1
f 579/40/1 578/40/1 577/40/1
f 580/40/1 578/40/1 579/40/1
f 582/39/1 581/39/1 580/39/1
f 583/39/1 581/39/1 582/39/1
f 584/42/1 583/42/1 582/42/1
f 585/39/1 581/39/1 583/39/1
f 585/42/1 583/42/1 584/42/1
f 586/39/1 581/39/1 585/39/1
f 587/39/1 585/39/1 584/39/1
f 588/42/1 586/42/1 585/42/1
f 588/39/1 585/39/1 587/39/1
f 589/42/1 586/42/1 588/42/1
f 590/42/1 588/42/1 587/42/1
f 591/39/1 589/39/1 588/39/1
f 591/42/1 588/42/1 590/42/1
f 592/39/1 591/39/1 590/39/1
f 593/39/1 589/39/1 591/39/1
f 593/39/1 591/39/1 592/39/1
f 599/41/1 595/41/1 594/41/1
f 600/41/1 595/41/1 599/41/1
f 602/1/1 597/1/1 596/1/1
f 603/1/1 597/1/1 602/1/1
f 605/41/1 601/41/1 600/41/1
f 605/41/1 599/41/1 598/41/1
f 605/41/1 600/41/1 599/41/1
f 606/41/1 601/41/1 605/41/1
f 606/46/1 605/46/1 604/46/1
f 607/41/1 601/41/1 606/41/1
f 608/46/1 606/46/1 604/46/1
f 609/46/1 606/46/1 608/46/1
f 612/23/1 611/23/1 610/23/1
f 613/23/1 611/23/1 612/23/1
f 616/23/1 615/23/1 614/23/1
f 617/23/1 615/23/1 616/23/1
f 622/36/1 619/36/1 618/36/1
f 623/36/1 619/36/1 622/36/1
f 624/36/1 621/36/1 620/36/1
f 625/36/1 621/36/1 624/36/1
f 626/36/1 624/36/1 623/36/1
f 627/36/1 624/36/1 626/36/1
f 630/46/1 629/46/1 628/46/1
f 631/46/1 629/46/1 630/46/1
f 634/13/1 633/13/1 632/13/1
f 635/13/1 633/13/1 634/13/1
f 640/14/1 637/14/1 636/14/1
f 641/14/1 637/14/1 640/14/1
f 644/14/1 643/14/1 642/14/1
f 645/14/1 643/14/1 644/14/1
f 646/1/1 639/1/1 638/1/1
f 647/1/1 639/1/1 646/1/1
f 650/40/1 649/40/1 648/40/1
f 651/40/1 649/40/1 650/40/1
f 652/40/1 649/40/1 651/40/1
f 653/40/1 649/40/1 652/40/1
f 654/40/1 649/40/1 653/40/1
f 655/42/1 652/42/1 651/42/1
f 656/39/1 653/39/1 652/39/1
f 656/42/1 652/42/1 655/42/1
f 657/39/1 656/39/1 655/39/1
f 658/39/1 653/39/1 656/39/1
f 658/39/1 656/39/1 657/39/1
f 659/42/1 658/42/1 657/42/1
f 660/39/1 653/39/1 658/39/1
f 660/42/1 658/42/1 659/42/1
f 661/39/1 660/39/1 659/39/1
f 662/39/1 653/39/1 660/39/1
f 662/39/1 660/39/1 661/39/1
f 665/48/1 664/48/1 663/48/1
f 666/48/1 664/48/1 665/48/1
f 667/48/1 664/48/1 666/48/1
f 668/48/1 664/48/1 667/48/1
f 669/48/1 664/48/1 668/48/1
f 670/48/1 664/48/1 669/48/1
f 675/20/1 672/20/1 671/20/1
f 676/48/1 667/48/1 666/48/1
f 677/48/1 667/48/1 676/48/1
f 678/20/1 674/20/1 673/20/1
f 679/20/1 674/20/1 678/20/1
f 680/20/1 675/20/1 671/20/1
f 680/20/1 677/20/1 676/20/1
f 680/20/1 678/20/1 677/20/1
f 680/20/1 676/20/1 675/20/1
f 681/20/1 678/20/1 680/20/1
f 682/20/1 678/20/1 681/20/1
f 683/20/1 678/20/1 682/20/1
f 685/20/1 684/20/1 683/20/1
f 686/20/1 684/20/1 685/20/1
f 687/20/1 682/20/1 681/20/1
f 688/20/1 682/20/1 687/20/1
f 693/20/1 690/20/1 689/20/1
f 694/20/1 690/20/1 693/20/1
f 696/48/1 669/48/1 668/48/1
f 697/47/1 692/47/1 691/47/1
f 698/47/1 692/47/1 697/47/1
f 699/20/1 695/20/1 694/20/1
f 700/20/1 695/20/1 699/20/1
f 701/48/1 696/48/1 668/48/1
f 701/48/1 697/48/1 696/48/1
f 702/48/1 697/48/1 701/48/1
f 703/20/1 695/20/1 700/20/1
f 707/20/1 703/20/1 700/20/1
f 707/20/1 704/20/1 703/20/1
f 708/20/1 704/20/1 707/20/1
f 709/20/1 704/20/1 708/20/1
f 711/48/1 665/48/1 663/48/1
f 712/20/1 706/20/1 705/20/1
f 713/20/1 706/20/1 712/20/1
f 714/20/1 710/20/1 709/20/1
f 714/20/1 709/20/1 708/20/1
f 715/20/1 710/20/1 714/20/1
f 716/48/1 701/48/1 668/48/1
f 717/48/1 711/48/1 663/48/1
f 717/48/1 712/48/1 711/48/1
f 718/20/1 713/20/1 712/20/1
f 718/48/1 712/48/1 717/48/1
f 718/20/1 715/20/1 714/20/1
f 718/20/1 714/20/1 713/20/1
f 719/20/1 715/20/1 718/20/1
f 720/20/1 715/20/1 719/20/1
f 721/20/1 715/20/1 720/20/1
f 722/48/1 716/48/1 715/48/1
f 722/20/1 715/20/1 721/20/1
f 723/48/1 701/48/1 716/48/1
f 723/48/1 716/48/1 722/48/1
f 724/20/1 719/20/1 718/20/1
f 726/20/1 724/20/1 718/20/1
f 726/20/1 725/20/1 724/20/1
f 727/20/1 725/20/1 726/20/1
f 728/20/1 721/20/1 720/20/1
f 729/20/1 721/20/1 728/20/1
f 730/48/1 717/48/1 663/48/1
f 731/48/1 729/48/1 728/48/1
f 732/48/1 729/48/1 731/48/1
f 733/48/1 701/48/1 723/48/1
f 734/48/1 701/48/1 733/48/1
f 736/48/1 732/48/1 731/48/1
f 736/48/1 735/48/1 734/48/1
f 736/48/1 734/48/1 733/48/1
f 736/48/1 733/48/1 732/48/1
f 736/48/1 730/48/1 663/48/1
f 736/48/1 731/48/1 730/48/1
f 737/48/1 735/48/1 736/48/1
f 740/1/1 739/1/1 738/1/1
f 741/1/1 739/1/1 740/1/1
f 742/15/1 741/15/1 740/15/1
f 743/15/1 741/15/1 742/15/1
f 746/1/1 745/1/1 744/1/1
f 747/1/1 745/1/1 746/1/1
f 750/23/1 749/23/1 748/23/1
f 751/23/1 749/23/1 750/23/1
f 754/23/1 753/23/1 752/23/1
f 755/23/1 753/23/1 754/23/1
f 758/46/1 757/46/1 756/46/1
f 759/46/1 757/46/1 758/46/1
f 762/23/1 761/23/1 760/23/1
f 763/23/1 761/23/1 762/23/1
f 766/23/1 765/23/1 764/23/1
f 767/23/1 765/23/1 766/23/1
f 772/23/1 769/23/1 768/23/1
f 773/23/1 769/23/1 772/23/1
f 774/23/1 771/23/1 770/23/1
f 775/23/1 771/23/1 774/23/1
f 780/23/1 777/23/1 776/23/1
f 781/23/1 777/23/1 780/23/1
f 782/23/1 779/23/1 778/23/1
f 783/23/1 779/23/1 782/23/1
f 786/43/1 785/43/1 784/43/1
f 787/43/1 785/43/1 786/43/1
f 788/1/1 787/1/1 786/1/1
f 789/1/1 787/1/1 788/1/1
f 790/43/1 789/43/1 788/43/1
f 791/43/1 789/43/1 790/43/1
f 792/47/1 791/47/1 790/47/1
f 793/47/1 791/47/1 792/47/1
f 794/43/1 793/43/1 792/43/1
f 796/43/1 794/43/1 792/43/1
f 796/23/1 795/23/1 794/23/1
f 797/23/1 795/23/1 796/23/1
f 798/43/1 796/43/1 792/43/1
f 799/43/1 796/43/1 798/43/1
f 800/47/1 799/47/1 798/47/1
f 801/47/1 799/47/1 800/47/1
f 802/43/1 801/43/1 800/43/1
f 803/43/1 801/43/1 802/43/1
f 804/1/1 803/1/1 802/1/1
f 805/1/1 803/1/1 804/1/1
f 806/43/1 805/43/1 804/43/1
f 808/43/1 806/43/1 804/43/1
f 808/1/1 807/1/1 806/1/1
f 809/1/1 807/1/1 808/1/1
f 810/43/1 808/43/1 804/43/1
f 811/43/1 808/43/1 810/43/1
f 812/47/1 811/47/1 810/47/1
f 813/47/1 811/47/1 812/47/1
f 822/43/1 814/43/1 813/43/1
f 822/43/1 815/43/1 814/43/1
f 823/43/1 815/43/1 822/43/1
f 824/43/1 815/43/1 823/43/1
f 825/43/1 817/43/1 816/43/1
f 826/43/1 817/43/1 825/43/1
f 827/43/1 819/43/1 818/43/1
f 828/43/1 819/43/1 827/43/1
f 829/43/1 821/43/1 820/43/1
f 830/43/1 821/43/1 829/43/1
f 833/1/1 832/1/1 831/1/1
f 834/1/1 832/1/1 833/1/1
f 839/1/1 836/1/1 835/1/1
f 840/1/1 836/1/1 839/1/1
f 841/1/1 838/1/1 837/1/1
f 842/1/1 838/1/1 841/1/1
f 845/1/1 844/1/1 843/1/1
f 847/1/1 845/1/1 843/1/1
f 847/1/1 846/1/1 845/1/1
f 848/1/1 846/1/1 847/1/1
f 849/1/1 846/1/1 848/1/1
f 850/1/1 846/1/1 849/1/1
f 853/46/1 852/46/1 851/46/1
f 854/46/1 852/46/1 853/46/1
f 857/1/1 856/1/1 855/1/1
f 859/1/1 857/1/1 855/1/1
f 859/1/1 858/1/1 857/1/1
f 860/1/1 858/1/1 859/1/1
f 861/1/1 858/1/1 860/1/1
f 862/1/1 858/1/1 861/1/1
f 865/43/1 864/43/1 863/43/1
f 866/43/1 864/43/1 865/43/1
f 867/1/1 866/1/1 865/1/1
f 868/1/1 866/1/1 867/1/1
f 869/43/1 868/43/1 867/43/1
f 870/43/1 868/43/1 869/43/1
f 871/47/1 870/47/1 869/47/1
f 872/47/1 870/47/1 871/47/1
f 873/43/1 872/43/1 871/43/1
f 874/43/1 872/43/1 873/43/1
f 875/47/1 874/47/1 873/47/1
f 876/47/1 874/47/1 875/47/1
f 877/43/1 876/43/1 875/43/1
f 878/43/1 876/43/1 877/43/1
f 879/1/1 878/1/1 877/1/1
f 880/1/1 878/1/1 879/1/1
f 881/43/1 880/43/1 879/43/1
f 883/43/1 881/43/1 879/43/1
f 883/1/1 882/1/1 881/1/1
f 884/1/1 882/1/1 883/1/1
f 885/43/1 883/43/1 879/43/1
f 887/43/1 885/43/1 879/43/1
f 888/1/1 886/1/1 885/1/1
f 888/43/1 885/43/1 887/43/1
f 889/1/1 886/1/1 888/1/1
f 895/43/1 889/43/1 888/43/1
f 895/43/1 890/43/1 889/43/1
f 896/1/1 891/1/1 890/1/1
f 896/43/1 890/43/1 895/43/1
f 897/43/1 892/43/1 891/43/1
f 897/1/1 891/1/1 896/1/1
f 898/1/1 893/1/1 892/1/1
f 898/43/1 892/43/1 897/43/1
f 899/43/1 894/43/1 893/43/1
f 899/1/1 893/1/1 898/1/1
f 900/43/1 894/43/1 899/43/1
f 903/1/1 902/1/1 901/1/1
f 905/1/1 903/1/1 901/1/1
f 905/1/1 904/1/1 903/1/1
f 906/1/1 904/1/1 905/1/1
f 907/1/1 904/1/1 906/1/1
f 908/1/1 904/1/1 907/1/1
f 911/23/1 910/23/1 909/23/1
f 912/23/1 910/23/1 911/23/1
f 917/1/1 914/1/1 913/1/1
f 918/1/1 914/1/1 917/1/1
f 919/1/1 916/1/1 915/1/1
f 920/1/1 916/1/1 919/1/1
f 923/1/1 922/1/1 921/1/1
f 924/1/1 922/1/1 923/1/1
f 928/46/1 927/46/1 926/46/1
f 930/46/1 928/46/1 926/46/1
f 930/46/1 929/46/1 928/46/1
f 931/46/1 929/46/1 930/46/1
f 932/46/1 930/46/1 926/46/1
f 935/23/1 926/23/1 925/23/1
f 936/46/1 933/46/1 932/46/1
f 936/46/1 932/46/1 926/46/1
f 936/23/1 926/23/1 935/23/1
f 937/35/1 935/35/1 934/35/1
f 938/35/1 935/35/1 937/35/1
f 939/35/1 935/35/1 938/35/1
f 940/35/1 935/35/1 939/35/1
f 941/35/1 935/35/1 940/35/1
f 942/35/1 935/35/1 941/35/1
f 943/35/1 935/35/1 942/35/1
f 944/35/1 935/35/1 943/35/1
f 945/35/1 935/35/1 944/35/1
f 946/46/1 936/46/1 935/46/1
f 946/35/1 935/35/1 945/35/1
f 947/46/1 933/46/1 936/46/1
f 947/46/1 936/46/1 946/46/1
f 950/23/1 949/23/1 948/23/1
f 951/23/1 949/23/1 950/23/1
f 954/23/1 953/23/1 952/23/1
f 955/23/1 953/23/1 954/23/1
f 959/1/1 957/1/1 956/1/1
f 964/15/1 959/15/1 958/15/1
f 965/1/1 957/1/1 959/1/1
f 965/15/1 959/15/1 964/15/1
f 966/1/1 957/1/1 965/1/1
f 967/23/1 961/23/1 960/23/1
f 968/23/1 961/23/1 967/23/1
f 969/23/1 963/23/1 962/23/1
f 970/23/1 963/23/1 969/23/1
f 971/15/1 966/15/1 965/15/1
f 972/15/1 966/15/1 971/15/1
f 977/23/1 974/23/1 973/23/1
f 978/23/1 974/23/1 977/23/1
f 979/23/1 976/23/1 975/23/1
f 980/23/1 976/23/1 979/23/1
f 983/1/1 982/1/1 981/1/1
f 984/1/1 982/1/1 983/1/1
f 985/4/1 984/4/1 983/4/1
f 986/4/1 984/4/1 985/4/1
f 989/26/1 988/26/1 987/26/1
f 990/26/1 988/26/1 989/26/1
f 991/27/1 990/27/1 989/27/1
f 992/26/1 988/26/1 990/26/1
f 992/27/1 990/27/1 991/27/1
f 993/26/1 992/26/1 991/26/1
f 994/26/1 988/26/1 992/26/1
f 994/26/1 992/26/1 993/26/1
f 995/48/1 994/48/1 993/48/1
f 996/48/1 994/48/1 995/48/1
f 999/31/1 998/31/1 997/31/1
f 1000/31/1 998/31/1 999/31/1
f 1003/32/1 1002/32/1 1001/32/1
f 1004/32/1 1002/32/1 1003/32/1
f 1008/48/1 1006/48/1 1005/48/1
f 1009/48/1 1006/48/1 1008/48/1
f 1010/48/1 1006/48/1 1009/48/1
f 1011/26/1 1008/26/1 1007/26/1
f 1012/26/1 1008/26/1 1011/26/1
f 1013/27/1 1012/27/1 1011/27/1
f 1014/27/1 1012/27/1 1013/27/1
f 1015/26/1 1014/26/1 1013/26/1
f 1016/26/1 1014/26/1 1015/26/1
f 1017/27/1 1016/27/1 1015/27/1
f 1018/27/1 1016/27/1 1017/27/1
f 1019/26/1 1018/26/1 1017/26/1
f 1020/26/1 1018/26/1 1019/26/1
f 1021/26/1 1010/26/1 1009/26/1
f 1022/26/1 1010/26/1 1021/26/1
f 1023/48/1 1020/48/1 1019/48/1
f 1024/48/1 1020/48/1 1023/48/1
f 1025/48/1 1022/48/1 1021/48/1
f 1026/48/1 1022/48/1 1025/48/1
f 1029/31/1 1028/31/1 1027/31/1
f 1030/31/1 1028/31/1 1029/31/1
f 1033/32/1 1032/32/1 1031/32/1
f 1034/32/1 1032/32/1 1033/32/1
f 1037/13/1 1036/13/1 1035/13/1
f 1038/13/1 1036/13/1 1037/13/1
f 1041/13/1 1040/13/1 1039/13/1
f 1042/13/1 1040/13/1 1041/13/1
f 1048/48/1 1044/48/1 1043/48/1
f 1049/48/1 1044/48/1 1048/48/1
f 1050/48/1 1046/48/1 1045/48/1
f 1051/48/1 1046/48/1 1050/48/1
f 1052/26/1 1048/26/1 1047/26/1
f 1053/26/1 1052/26/1 1047/26/1
f 1056/26/1 1053/26/1 1047/26/1
f 1057/34/1 1055/34/1 1054/34/1
f 1058/34/1 1055/34/1 1057/34/1
f 1059/26/1 1056/26/1 1047/26/1
f 1060/26/1 1059/26/1 1047/26/1
f 1061/26/1 1059/26/1 1060/26/1
f 1062/27/1 1061/27/1 1060/27/1
f 1063/27/1 1061/27/1 1062/27/1
f 1064/26/1 1063/26/1 1062/26/1
f 1065/26/1 1063/26/1 1064/26/1
f 1066/26/1 1051/26/1 1050/26/1
f 1067/26/1 1051/26/1 1066/26/1
f 1068/48/1 1065/48/1 1064/48/1
f 1069/48/1 1065/48/1 1068/48/1
f 1070/48/1 1067/48/1 1066/48/1
f 1071/48/1 1067/48/1 1070/48/1
f 1074/32/1 1073/32/1 1072/32/1
f 1075/32/1 1073/32/1 1074/32/1
f 1078/32/1 1077/32/1 1076/32/1
f 1079/32/1 1077/32/1 1078/32/1
f 1082/46/1 1081/46/1 1080/46/1
f 1083/46/1 1081/46/1 1082/46/1
f 1086/37/1 1085/37/1 1084/37/1
f 1087/37/1 1085/37/1 1086/37/1
f 1088/37/1 1086/37/1 1084/37/1
f 1089/37/1 1085/37/1 1087/37/1
f 1090/37/1 1088/37/1 1084/37/1
f 1090/37/1 1089/37/1 1088/37/1
f 1091/37/1 1085/37/1 1089/37/1
f 1091/37/1 1089/37/1 1090/37/1
f 1094/31/1 1093/31/1 1092/31/1
f 1095/31/1 1093/31/1 1094/31/1
f 1098/31/1 1097/31/1 1096/31/1
f 1099/31/1 1097/31/1 1098/31/1
f 1102/31/1 1101/31/1 1100/31/1
f 1103/31/1 1101/31/1 1102/31/1
f 1106/1/1 1105/1/1 1104/1/1
f 1107/1/1 1105/1/1 1106/1/1
f 1110/1/1 1109/1/1 1108/1/1
f 1111/1/1 1109/1/1 1110/1/1
f 1114/1/1 1113/1/1 1112/1/1
f 1115/1/1 1113/1/1 1114/1/1
f 1118/21/1 1117/21/1 1116/21/1
f 1119/21/1 1117/21/1 1118/21/1
f 1120/21/1 1117/21/1 1119/21/1
f 1121/21/1 1117/21/1 1120/21/1
f 1124/1/1 1123/1/1 1122/1/1
f 1125/1/1 1123/1/1 1124/1/1
f 1130/21/1 1127/21/1 1126/21/1
f 1131/21/1 1127/21/1 1130/21/1
f 1133/21/1 1129/21/1 1128/21/1
f 1134/21/1 1129/21/1 1133/21/1
f 1136/15/1 1132/15/1 1131/15/1
f 1137/15/1 1132/15/1 1136/15/1
f 1142/21/1 1135/21/1 1134/21/1
f 1143/21/1 1135/21/1 1142/21/1
f 1144/23/1 1139/23/1 1138/23/1
f 1145/23/1 1139/23/1 1144/23/1
f 1146/23/1 1141/23/1 1140/23/1
f 1147/23/1 1141/23/1 1146/23/1
f 1152/27/1 1149/27/1 1148/27/1
f 1153/27/1 1149/27/1 1152/27/1
f 1154/26/1 1153/26/1 1152/26/1
f 1155/26/1 1153/26/1 1154/26/1
f 1156/27/1 1155/27/1 1154/27/1
f 1157/27/1 1155/27/1 1156/27/1
f 1158/26/1 1157/26/1 1156/26/1
f 1159/26/1 1157/26/1 1158/26/1
f 1160/26/1 1157/26/1 1159/26/1
f 1161/26/1 1157/26/1 1160/26/1
f 1162/26/1 1151/26/1 1150/26/1
f 1163/26/1 1151/26/1 1162/26/1
f 1164/48/1 1161/48/1 1160/48/1
f 1165/48/1 1161/48/1 1164/48/1
f 1166/48/1 1163/48/1 1162/48/1
f 1167/48/1 1163/48/1 1166/48/1
f 1170/31/1 1169/31/1 1168/31/1
f 1171/31/1 1169/31/1 1170/31/1
f 1174/32/1 1173/32/1 1172/32/1
f 1175/32/1 1173/32/1 1174/32/1
f 1182/23/1 1177/23/1 1176/23/1
f 1183/23/1 1177/23/1 1182/23/1
f 1184/23/1 1179/23/1 1178/23/1
f 1185/23/1 1179/23/1 1184/23/1
f 1186/23/1 1181/23/1 1180/23/1
f 1187/23/1 1181/23/1 1186/23/1
f 1191/27/1 1189/27/1 1188/27/1
f 1192/26/1 1190/26/1 1189/26/1
f 1192/27/1 1189/27/1 1191/27/1
f 1193/26/1 1192/26/1 1191/26/1
f 1194/26/1 1192/26/1 1193/26/1
f 1195/26/1 1192/26/1 1194/26/1
f 1196/26/1 1190/26/1 1192/26/1
f 1196/26/1 1192/26/1 1195/26/1
f 1197/48/1 1196/48/1 1195/48/1
f 1198/48/1 1196/48/1 1197/48/1
f 1201/31/1 1200/31/1 1199/31/1
f 1202/31/1 1200/31/1 1201/31/1
f 1205/32/1 1204/32/1 1203/32/1
f 1206/32/1 1204/32/1 1205/32/1
f 1209/21/1 1208/21/1 1207/21/1
f 1210/21/1 1208/21/1 1209/21/1
f 1213/1/1 1212/1/1 1211/1/1
f 1214/1/1 1212/1/1 1213/1/1
f 1215/1/1 1212/1/1 1214/1/1
f 1216/1/1 1212/1/1 1215/1/1
f 1217/23/1 1214/23/1 1213/23/1
f 1218/1/1 1215/1/1 1214/1/1
f 1218/23/1 1214/23/1 1217/23/1
f 1219/23/1 1216/23/1 1215/23/1
f 1219/1/1 1215/1/1 1218/1/1
f 1220/23/1 1216/23/1 1219/23/1
f 1221/23/1 1219/23/1 1218/23/1
f 1222/23/1 1219/23/1 1221/23/1
f 1225/17/1 1224/17/1 1223/17/1
f 1226/17/1 1224/17/1 1225/17/1
f 1227/17/1 1224/17/1 1226/17/1
f 1228/17/1 1224/17/1 1227/17/1
f 1231/23/1 1230/23/1 1229/23/1
f 1232/23/1 1231/23/1 1229/23/1
f 1233/23/1 1231/23/1 1232/23/1
f 1236/1/1 1235/1/1 1234/1/1
f 1237/1/1 1235/1/1 1236/1/1
f 1240/21/1 1239/21/1 1238/21/1
f 1241/21/1 1239/21/1 1240/21/1
f 1246/23/1 1243/23/1 1242/23/1
f 1249/23/1 1243/23/1 1246/23/1
f 1250/23/1 1243/23/1 1249/23/1
f 1251/23/1 1245/23/1 1244/23/1
f 1252/23/1 1245/23/1 1251/23/1
f 1253/1/1 1248/1/1 1247/1/1
f 1254/1/1 1248/1/1 1253/1/1
f 1255/48/1 1254/48/1 1253/48/1
f 1256/48/1 1254/48/1 1255/48/1
f 1260/47/1 1258/47/1 1257/47/1
f 1261/1/1 1259/1/1 1258/1/1
f 1261/47/1 1258/47/1 1260/47/1
f 1262/1/1 1259/1/1 1261/1/1
f 1265/32/1 1264/32/1 1263/32/1
f 1266/32/1 1264/32/1 1265/32/1
f 1273/23/1 1268/23/1 1267/23/1
f 1274/23/1 1268/23/1 1273/23/1
f 1275/1/1 1270/1/1 1269/1/1
f 1276/1/1 1270/1/1 1275/1/1
f 1277/1/1 1272/1/1 1271/1/1
f 1278/1/1 1272/1/1 1277/1/1
f 1279/48/1 1276/48/1 1275/48/1
f 1280/48/1 1276/48/1 1279/48/1
f 1281/48/1 1278/48/1 1277/48/1
f 1282/48/1 1278/48/1 1281/48/1
f 1285/32/1 1284/32/1 1283/32/1
f 1286/32/1 1284/32/1 1285/32/1
f 1293/1/1 1288/1/1 1287/1/1
f 1294/1/1 1288/1/1 1293/1/1
f 1295/1/1 1290/1/1 1289/1/1
f 1296/1/1 1290/1/1 1295/1/1
f 1297/48/1 1294/48/1 1293/48/1
f 1298/48/1 1294/48/1 1297/48/1
f 1299/48/1 1296/48/1 1295/48/1
f 1300/48/1 1296/48/1 1299/48/1
f 1301/1/1 1292/1/1 1291/1/1
f 1302/1/1 1292/1/1 1301/1/1
f 1303/23/1 1302/23/1 1301/23/1
f 1304/23/1 1302/23/1 1303/23/1
f 1307/32/1 1306/32/1 1305/32/1
f 1308/32/1 1306/32/1 1307/32/1
f 1311/32/1 1310/32/1 1309/32/1
f 1312/32/1 1310/32/1 1311/32/1
f 1315/32/1 1314/32/1 1313/32/1
f 1316/32/1 1314/32/1 1315/32/1
f 1320/23/1 1318/23/1 1317/23/1
f 1321/23/1 1318/23/1 1320/23/1
f 1322/23/1 1320/23/1 1319/23/1
f 1325/1/1 1324/1/1 1323/1/1
f 1326/1/1 1324/1/1 1325/1/1
f 1327/23/1 1322/23/1 1319/23/1
f 1329/23/1 1327/23/1 1319/23/1
f 1329/23/1 1328/23/1 1327/23/1
f 1330/23/1 1328/23/1 1329/23/1
f 1331/23/1 1328/23/1 1330/23/1
f 1333/23/1 1332/23/1 1331/23/1
f 1333/23/1 1331/23/1 1330/23/1
f 1334/23/1 1332/23/1 1333/23/1
f 1339/23/1 1336/23/1 1335/23/1
f 1340/23/1 1338/23/1 1337/23/1
f 1341/23/1 1339/23/1 1335/23/1
f 1342/23/1 1339/23/1 1341/23/1
f 1343/23/1 1340/23/1 1337/23/1
f 1344/23/1 1340/23/1 1343/23/1
f 1347/23/1 1346/23/1 1345/23/1
f 1348/23/1 1346/23/1 1347/23/1
f 1349/23/1 1346/23/1 1348/23/1
f 1354/1/1 1351/1/1 1350/1/1
f 1355/1/1 1351/1/1 1354/1/1
f 1356/1/1 1353/1/1 1352/1/1
f 1357/1/1 1353/1/1 1356/1/1
f 1358/48/1 1355/48/1 1354/48/1
f 1359/48/1 1355/48/1 1358/48/1
f 1360/48/1 1357/48/1 1356/48/1
f 1361/48/1 1357/48/1 1360/48/1
f 1364/32/1 1363/32/1 1362/32/1
f 1365/32/1 1363/32/1 1364/32/1
f 1368/14/1 1367/14/1 1366/14/1
f 1369/14/1 1367/14/1 1368/14/1
f 1372/14/1 1371/14/1 1370/14/1
f 1373/14/1 1371/14/1 1372/14/1
f 1376/1/1 1375/1/1 1374/1/1
f 1377/1/1 1375/1/1 1376/1/1
f 1378/48/1 1377/48/1 1376/48/1
f 1379/48/1 1377/48/1 1378/48/1
f 1382/32/1 1381/32/1 1380/32/1
f 1383/32/1 1381/32/1 1382/32/1
f 1386/23/1 1385/23/1 1384/23/1
f 1387/23/1 1385/23/1 1386/23/1
f 1388/23/1 1385/23/1 1387/23/1
f 1391/32/1 1390/32/1 1389/32/1
f 1392/32/1 1390/32/1 1391/32/1
f 1395/32/1 1394/32/1 1393/32/1
f 1396/32/1 1394/32/1 1395/32/1
f 1401/23/1 1398/23/1 1397/23/1
f 1402/23/1 1400/23/1 1399/23/1
f 1403/23/1 1401/23/1 1397/23/1
f 1404/23/1 1401/23/1 1403/23/1
f 1405/23/1 1402/23/1 1399/23/1
f 1406/23/1 1402/23/1 1405/23/1
f 1409/15/1 1408/15/1 1407/15/1
f 1410/15/1 1408/15/1 1409/15/1
f 1413/1/1 1412/1/1 1411/1/1
f 1414/1/1 1412/1/1 1413/1/1
f 1415/1/1 1412/1/1 1414/1/1
f 1416/1/1 1412/1/1 1415/1/1
f 1417/1/1 1412/1/1 1416/1/1
f 1418/1/1 1412/1/1 1417/1/1
f 1419/1/1 1412/1/1 1418/1/1
f 1420/1/1 1412/1/1 1419/1/1
f 1421/1/1 1412/1/1 1420/1/1
f 1422/1/1 1412/1/1 1421/1/1
f 1423/1/1 1413/1/1 1411/1/1
f 1424/1/1 1413/1/1 1423/1/1
f 1425/1/1 1415/1/1 1414/1/1
f 1426/1/1 1415/1/1 1425/1/1
f 1427/1/1 1417/1/1 1416/1/1
f 1428/1/1 1417/1/1 1427/1/1
f 1429/1/1 1419/1/1 1418/1/1
f 1430/1/1 1419/1/1 1429/1/1
f 1431/1/1 1421/1/1 1420/1/1
f 1432/1/1 1421/1/1 1431/1/1
f 1433/1/1 1412/1/1 1422/1/1
f 1434/1/1 1412/1/1 1433/1/1
f 1435/23/1 1432/23/1 1431/23/1
f 1435/23/1 1430/23/1 1429/23/1
f 1435/23/1 1434/23/1 1433/23/1
f 1435/23/1 1433/23/1 1432/23/1
f 1435/23/1 1424/23/1 1423/23/1
f 1435/23/1 1431/23/1 1430/23/1
f 1435/23/1 1428/23/1 1427/23/1
f 1435/23/1 1429/23/1 1428/23/1
f 1435/23/1 1426/23/1 1425/23/1
f 1435/23/1 1427/23/1 1426/23/1
f 1435/23/1 1425/23/1 1424/23/1
f 1436/23/1 1434/23/1 1435/23/1
f 1439/21/1 1438/21/1 1437/21/1
f 1440/21/1 1438/21/1 1439/21/1
f 1445/23/1 1442/23/1 1441/23/1
f 1446/23/1 1442/23/1 1445/23/1
f 1447/23/1 1444/23/1 1443/23/1
f 1448/23/1 1444/23/1 1447/23/1
f 1451/1/1 1450/1/1 1449/1/1
f 1452/1/1 1450/1/1 1451/1/1
f 1455/47/1 1454/47/1 1453/47/1
f 1456/47/1 1454/47/1 1455/47/1
f 1459/32/1 1458/32/1 1457/32/1
f 1460/32/1 1458/32/1 1459/32/1
f 1463/21/1 1462/21/1 1461/21/1
f 1464/21/1 1462/21/1 1463/21/1
f 1467/23/1 1466/23/1 1465/23/1
f 1468/23/1 1467/23/1 1465/23/1
f 1469/23/1 1467/23/1 1468/23/1
f 1473/35/1 1471/35/1 1470/35/1
f 1474/35/1 1471/35/1 1473/35/1
f 1475/1/1 1473/1/1 1472/1/1
f 1476/1/1 1473/1/1 1475/1/1
f 1479/35/1 1477/35/1 1476/35/1
f 1480/35/1 1477/35/1 1479/35/1
f 1481/47/1 1479/47/1 1478/47/1
f 1482/47/1 1479/47/1 1481/47/1
f 1484/35/1 1483/35/1 1482/35/1
f 1485/35/1 1483/35/1 1484/35/1
f 1488/32/1 1487/32/1 1486/32/1
f 1489/32/1 1487/32/1 1488/32/1
f 1492/32/1 1491/32/1 1490/32/1
f 1493/32/1 1491/32/1 1492/32/1
f 1496/1/1 1495/1/1 1494/1/1
f 1497/1/1 1495/1/1 1496/1/1
f 1498/1/1 1496/1/1 1494/1/1
f 1499/1/1 1496/1/1 1498/1/1
f 1500/1/1 1495/1/1 1497/1/1
f 1501/1/1 1495/1/1 1500/1/1
f 1502/23/1 1499/23/1 1498/23/1
f 1502/23/1 1500/23/1 1499/23/1
f 1502/23/1 1501/23/1 1500/23/1
f 1503/23/1 1501/23/1 1502/23/1
f 1506/32/1 1505/32/1 1504/32/1
f 1507/32/1 1505/32/1 1506/32/1
f 1510/21/1 1509/21/1 1508/21/1
f 1511/21/1 1509/21/1 1510/21/1
f 1514/1/1 1513/1/1 1512/1/1
f 1515/1/1 1513/1/1 1514/1/1
f 1518/21/1 1517/21/1 1516/21/1
f 1519/21/1 1517/21/1 1518/21/1
f 1522/23/1 1521/23/1 1520/23/1
f 1523/23/1 1521/23/1 1522/23/1
f 1526/1/1 1525/1/1 1524/1/1
f 1527/1/1 1525/1/1 1526/1/1
f 1530/13/1 1529/13/1 1528/13/1
f 1531/13/1 1529/13/1 1530/13/1
f 1534/13/1 1533/13/1 1532/13/1
f 1535/13/1 1533/13/1 1534/13/1
f 1538/43/1 1537/43/1 1536/43/1
f 1539/43/1 1537/43/1 1538/43/1
f 1540/47/1 1539/47/1 1538/47/1
f 1541/47/1 1539/47/1 1540/47/1
f 1542/43/1 1541/43/1 1540/43/1
f 1543/43/1 1541/43/1 1542/43/1
f 1546/46/1 1545/46/1 1544/46/1
f 1547/46/1 1545/46/1 1546/46/1
f 1552/23/1 1551/23/1 1550/23/1
f 1554/23/1 1552/23/1 1550/23/1
f 1554/23/1 1553/23/1 1552/23/1
f 1555/23/1 1553/23/1 1554/23/1
f 1556/23/1 1553/23/1 1555/23/1
f 1557/23/1 1553/23/1 1556/23/1
f 1559/25/1 1556/25/1 1555/25/1
f 1560/25/1 1556/25/1 1559/25/1
f 1573/25/1 1559/25/1 1558/25/1
f 1574/25/1 1561/25/1 1560/25/1
f 1576/25/1 1563/25/1 1562/25/1
f 1577/25/1 1563/25/1 1576/25/1
f 1578/25/1 1565/25/1 1564/25/1
f 1579/25/1 1565/25/1 1578/25/1
f 1580/25/1 1565/25/1 1579/25/1
f 1581/25/1 1569/25/1 1568/25/1
f 1582/25/1 1569/25/1 1581/25/1
f 1584/25/1 1571/25/1 1570/25/1
f 1585/25/1 1571/25/1 1584/25/1
f 1587/25/1 1573/25/1 1572/25/1
f 1588/25/1 1559/25/1 1573/25/1
f 1588/25/1 1573/25/1 1587/25/1
f 1589/25/1 1559/25/1 1588/25/1
f 1590/25/1 1575/25/1 1574/25/1
f 1590/25/1 1574/25/1 1560/25/1
f 1591/25/1 1575/25/1 1590/25/1
f 1592/25/1 1578/25/1 1577/25/1
f 1592/25/1 1579/25/1 1578/25/1
f 1593/25/1 1579/25/1 1592/25/1
f 1594/25/1 1579/25/1 1593/25/1
f 1595/25/1 1565/25/1 1580/25/1
f 1596/25/1 1565/25/1 1595/25/1
f 1597/25/1 1569/25/1 1582/25/1
f 1598/25/1 1569/25/1 1597/25/1
f 1599/25/1 1584/25/1 1583/25/1
f 1600/25/1 1584/25/1 1599/25/1
f 1601/25/1 1587/25/1 1586/25/1
f 1602/25/1 1587/25/1 1601/25/1
f 1603/25/1 1589/25/1 1588/25/1
f 1603/25/1 1590/25/1 1589/25/1
f 1604/25/1 1590/25/1 1603/25/1
f 1607/25/1 1594/25/1 1593/25/1
f 1607/25/1 1595/25/1 1594/25/1
f 1608/25/1 1595/25/1 1607/25/1
f 1609/25/1 1603/25/1 1602/25/1
f 1610/25/1 1603/25/1 1609/25/1
f 1613/25/1 1606/25/1 1605/25/1
f 1614/25/1 1606/25/1 1613/25/1
f 1615/25/1 1607/25/1 1593/25/1
f 1616/25/1 1607/25/1 1615/25/1
f 1618/25/1 1567/25/1 1566/25/1
f 1620/25/1 1571/25/1 1585/25/1
f 1621/25/1 1571/25/1 1620/25/1
f 1622/25/1 1611/25/1 1610/25/1
f 1623/25/1 1611/25/1 1622/25/1
f 1624/25/1 1611/25/1 1623/25/1
f 1625/25/1 1613/25/1 1612/25/1
f 1626/25/1 1613/25/1 1625/25/1
f 1630/25/1 1618/25/1 1617/25/1
f 1631/25/1 1618/25/1 1630/25/1
f 1632/25/1 1567/25/1 1618/25/1
f 1632/25/1 1618/25/1 1631/25/1
f 1633/25/1 1567/25/1 1632/25/1
f 1638/25/1 1624/25/1 1623/25/1
f 1638/25/1 1625/25/1 1624/25/1
f 1639/25/1 1625/25/1 1638/25/1
f 1640/25/1 1628/25/1 1627/25/1
f 1641/25/1 1628/25/1 1640/25/1
f 1643/25/1 1630/25/1 1629/25/1
f 1644/25/1 1630/25/1 1643/25/1
f 1645/25/1 1634/25/1 1633/25/1
f 1646/25/1 1634/25/1 1645/25/1
f 1649/25/1 1636/25/1 1635/25/1
f 1650/25/1 1636/25/1 1649/25/1
f 1651/25/1 1638/25/1 1637/25/1
f 1653/25/1 1642/25/1 1641/25/1
f 1654/25/1 1642/25/1 1653/25/1
f 1655/25/1 1632/25/1 1631/25/1
f 1656/25/1 1632/25/1 1655/25/1
f 1657/25/1 1648/25/1 1647/25/1
f 1658/25/1 1648/25/1 1657/25/1
f 1659/25/1 1652/25/1 1651/25/1
f 1659/25/1 1651/25/1 1637/25/1
f 1660/25/1 1652/25/1 1659/25/1
f 1661/25/1 1620/25/1 1619/25/1
f 1662/25/1 1620/25/1 1661/25/1
f 1664/23/1 1549/23/1 1548/23/1
f 1665/23/1 1549/23/1 1664/23/1
f 1666/23/1 1554/23/1 1550/23/1
f 1667/23/1 1554/23/1 1666/23/1
f 1669/23/1 1665/23/1 1664/23/1
f 1669/23/1 1668/23/1 1667/23/1
f 1669/23/1 1666/23/1 1665/23/1
f 1669/23/1 1667/23/1 1666/23/1
f 1669/23/1 1664/23/1 1663/23/1
f 1670/23/1 1668/23/1 1669/23/1
f 1673/23/1 1672/23/1 1671/23/1
f 1674/23/1 1673/23/1 1671/23/1
f 1675/23/1 1673/23/1 1674/23/1
f 1676/23/1 1673/23/1 1675/23/1
f 1686/23/1 1678/23/1 1677/23/1
f 1686/1/1 1679/1/1 1678/1/1
f 1687/1/1 1679/1/1 1686/1/1
f 1688/23/1 1686/23/1 1677/23/1
f 1690/23/1 1681/23/1 1680/23/1
f 1691/23/1 1689/23/1 1688/23/1
f 1692/23/1 1681/23/1 1690/23/1
f 1693/23/1 1685/23/1 1684/23/1
f 1694/23/1 1685/23/1 1693/23/1
f 1699/23/1 1696/23/1 1695/23/1
f 1700/23/1 1696/23/1 1699/23/1
f 1701/23/1 1698/23/1 1697/23/1
f 1702/23/1 1698/23/1 1701/23/1
f 1703/23/1 1698/23/1 1702/23/1
f 1704/23/1 1698/23/1 1703/23/1
f 1705/23/1 1698/23/1 1704/23/1
f 1706/23/1 1698/23/1 1705/23/1
f 1707/23/1 1698/23/1 1706/23/1
f 1708/23/1 1698/23/1 1707/23/1
f 1709/23/1 1698/23/1 1708/23/1
f 1710/23/1 1698/23/1 1709/23/1
f 1711/23/1 1698/23/1 1710/23/1
f 1712/23/1 1698/23/1 1711/23/1
f 1713/23/1 1699/23/1 1695/23/1
f 1714/23/1 1699/23/1 1713/23/1
f 1715/23/1 1703/23/1 1702/23/1
f 1716/23/1 1703/23/1 1715/23/1
f 1717/23/1 1703/23/1 1716/23/1
f 1718/23/1 1705/23/1 1704/23/1
f 1719/23/1 1705/23/1 1718/23/1
f 1722/23/1 1709/23/1 1708/23/1
f 1724/23/1 1711/23/1 1710/23/1
f 1725/23/1 1711/23/1 1724/23/1
f 1727/23/1 1713/23/1 1695/23/1
f 1728/23/1 1713/23/1 1727/23/1
f 1730/1/1 1701/1/1 1700/1/1
f 1731/1/1 1701/1/1 1730/1/1
f 1732/23/1 1717/23/1 1716/23/1
f 1732/23/1 1718/23/1 1717/23/1
f 1733/23/1 1718/23/1 1732/23/1
f 1735/1/1 1721/1/1 1720/1/1
f 1736/1/1 1721/1/1 1735/1/1
f 1737/23/1 1707/23/1 1706/23/1
f 1738/23/1 1723/23/1 1722/23/1
f 1739/23/1 1724/23/1 1710/23/1
f 1740/23/1 1724/23/1 1739/23/1
f 1741/23/1 1726/23/1 1725/23/1
f 1742/23/1 1727/23/1 1695/23/1
f 1743/1/1 1729/1/1 1728/1/1
f 1744/1/1 1729/1/1 1743/1/1
f 1745/23/1 1734/23/1 1733/23/1
f 1745/23/1 1732/23/1 1731/23/1
f 1745/23/1 1733/23/1 1732/23/1
f 1746/23/1 1734/23/1 1745/23/1
f 1747/23/1 1734/23/1 1746/23/1
f 1749/23/1 1737/23/1 1736/23/1
f 1750/23/1 1743/23/1 1742/23/1
f 1751/23/1 1745/23/1 1744/23/1
f 1751/23/1 1746/23/1 1745/23/1
f 1752/23/1 1746/23/1 1751/23/1
f 1753/23/1 1746/23/1 1752/23/1
f 1754/23/1 1746/23/1 1753/23/1
f 1755/23/1 1734/23/1 1747/23/1
f 1756/23/1 1734/23/1 1755/23/1
f 1757/23/1 1749/23/1 1748/23/1
f 1758/23/1 1737/23/1 1749/23/1
f 1758/23/1 1749/23/1 1757/23/1
f 1759/23/1 1707/23/1 1737/23/1
f 1759/23/1 1737/23/1 1758/23/1
f 1760/23/1 1740/23/1 1739/23/1
f 1760/23/1 1741/23/1 1740/23/1
f 1760/23/1 1726/23/1 1741/23/1
f 1760/23/1 1739/23/1 1738/23/1
f 1761/23/1 1726/23/1 1760/23/1
f 1762/23/1 1698/23/1 1712/23/1
f 1763/23/1 1751/23/1 1750/23/1
f 1765/23/1 1753/23/1 1752/23/1
f 1766/23/1 1753/23/1 1765/23/1
f 1767/23/1 1756/23/1 1755/23/1
f 1767/23/1 1755/23/1 1754/23/1
f 1767/23/1 1757/23/1 1756/23/1
f 1767/23/1 1758/23/1 1757/23/1
f 1768/23/1 1758/23/1 1767/23/1
f 1769/23/1 1758/23/1 1768/23/1
f 1770/23/1 1758/23/1 1769/23/1
f 1771/23/1 1758/23/1 1770/23/1
f 1774/23/1 1738/23/1 1722/23/1
f 1774/23/1 1722/23/1 1708/23/1
f 1774/23/1 1760/23/1 1738/23/1
f 1775/23/1 1760/23/1 1774/23/1
f 1776/23/1 1762/23/1 1761/23/1
f 1776/23/1 1698/23/1 1762/23/1
f 1777/23/1 1698/23/1 1776/23/1
f 1778/23/1 1763/23/1 1750/23/1
f 1778/23/1 1764/23/1 1763/23/1
f 1779/23/1 1764/23/1 1778/23/1
f 1780/23/1 1768/23/1 1767/23/1
f 1780/23/1 1767/23/1 1766/23/1
f 1781/23/1 1768/23/1 1780/23/1
f 1782/23/1 1770/23/1 1769/23/1
f 1783/23/1 1770/23/1 1782/23/1
f 1784/23/1 1770/23/1 1783/23/1
f 1785/23/1 1772/23/1 1771/23/1
f 1786/23/1 1774/23/1 1773/23/1
f 1787/23/1 1760/23/1 1775/23/1
f 1788/23/1 1760/23/1 1787/23/1
f 1789/23/1 1760/23/1 1788/23/1
f 1790/23/1 1776/23/1 1761/23/1
f 1792/23/1 1781/23/1 1780/23/1
f 1792/23/1 1780/23/1 1779/23/1
f 1792/23/1 1782/23/1 1781/23/1
f 1793/23/1 1782/23/1 1792/23/1
f 1794/23/1 1782/23/1 1793/23/1
f 1795/23/1 1784/23/1 1783/23/1
f 1795/23/1 1785/23/1 1784/23/1
f 1796/23/1 1772/23/1 1785/23/1
f 1796/23/1 1785/23/1 1795/23/1
f 1797/23/1 1786/23/1 1773/23/1
f 1797/23/1 1788/23/1 1787/23/1
f 1797/23/1 1787/23/1 1786/23/1
f 1798/23/1 1788/23/1 1797/23/1
f 1799/23/1 1760/23/1 1789/23/1
f 1800/23/1 1778/23/1 1750/23/1
f 1801/23/1 1796/23/1 1795/23/1
f 1801/23/1 1798/23/1 1797/23/1
f 1801/23/1 1794/23/1 1793/23/1
f 1801/23/1 1797/23/1 1796/23/1
f 1801/23/1 1799/23/1 1798/23/1
f 1801/23/1 1795/23/1 1794/23/1
f 1802/23/1 1760/23/1 1799/23/1
f 1802/23/1 1799/23/1 1801/23/1
f 1803/23/1 1791/23/1 1790/23/1
f 1803/23/1 1790/23/1 1761/23/1
f 1804/23/1 1692/23/1 1691/23/1
f 1804/23/1 1691/23/1 1688/23/1
f 1804/23/1 1688/23/1 1677/23/1
f 1805/23/1 1681/23/1 1692/23/1
f 1805/23/1 1692/23/1 1804/23/1
f 1806/1/1 1683/1/1 1682/1/1
f 1807/1/1 1683/1/1 1806/1/1
f 1808/23/1 1803/23/1 1802/23/1
f 1808/23/1 1800/23/1 1750/23/1
f 1808/23/1 1742/23/1 1695/23/1
f 1808/23/1 1802/23/1 1801/23/1
f 1808/23/1 1750/23/1 1742/23/1
f 1808/23/1 1801/23/1 1800/23/1
f 1809/23/1 1791/23/1 1803/23/1
f 1809/23/1 1803/23/1 1808/23/1
f 1812/14/1 1811/14/1 1810/14/1
f 1813/14/1 1811/14/1 1812/14/1
f 1816/13/1 1815/13/1 1814/13/1
f 1817/13/1 1815/13/1 1816/13/1
f 1821/15/1 1819/15/1 1818/15/1
f 1822/1/1 1820/1/1 1819/1/1
f 1822/15/1 1819/15/1 1821/15/1
f 1823/1/1 1820/1/1 1822/1/1
f 1824/1/1 1820/1/1 1823/1/1
f 1825/1/1 1820/1/1 1824/1/1
f 1826/1/1 1824/1/1 1823/1/1
f 1827/1/1 1824/1/1 1826/1/1
f 1830/8/1 1829/8/1 1828/8/1
f 1831/8/1 1829/8/1 1830/8/1
f 1837/15/1 1833/15/1 1832/15/1
f 1838/1/1 1834/1/1 1833/1/1
f 1838/15/1 1833/15/1 1837/15/1
f 1839/1/1 1834/1/1 1838/1/1
f 1840/1/1 1836/1/1 1835/1/1
f 1841/1/1 1836/1/1 1840/1/1
f 1846/8/1 1843/8/1 1842/8/1
f 1847/8/1 1843/8/1 1846/8/1
f 1848/8/1 1845/8/1 1844/8/1
f 1849/8/1 1845/8/1 1848/8/1
f 1852/30/1 1851/30/1 1850/30/1
f 1853/30/1 1851/30/1 1852/30/1
f 1854/30/1 1851/30/1 1853/30/1
f 1855/30/1 1851/30/1 1854/30/1
f 1856/30/1 1851/30/1 1855/30/1
f 1857/30/1 1851/30/1 1856/30/1
f 1858/30/1 1851/30/1 1857/30/1
f 1859/30/1 1851/30/1 1858/30/1
f 1860/30/1 1851/30/1 1859/30/1
f 1861/30/1 1851/30/1 1860/30/1
f 1862/30/1 1851/30/1 1861/30/1
f 1863/30/1 1851/30/1 1862/30/1
f 1864/30/1 1851/30/1 1863/30/1
f 1865/30/1 1851/30/1 1864/30/1
f 1866/30/1 1851/30/1 1865/30/1
f 1867/30/1 1851/30/1 1866/30/1
f 1868/30/1 1851/30/1 1867/30/1
f 1869/30/1 1851/30/1 1868/30/1
f 1873/47/1 1871/47/1 1870/47/1
f 1874/1/1 1872/1/1 1871/1/1
f 1874/47/1 1871/47/1 1873/47/1
f 1875/34/1 1874/34/1 1873/34/1
f 1875/1/1 1872/1/1 1874/1/1
f 1876/1/1 1872/1/1 1875/1/1
f 1877/34/1 1875/34/1 1873/34/1
f 1877/34/1 1876/34/1 1875/34/1
f 1878/34/1 1876/34/1 1877/34/1
f 1881/4/1 1880/4/1 1879/4/1
f 1882/4/1 1880/4/1 1881/4/1
f 1885/8/1 1884/8/1 1883/8/1
f 1886/8/1 1884/8/1 1885/8/1
f 1890/47/1 1888/47/1 1887/47/1
f 1891/1/1 1889/1/1 1888/1/1
f 1891/47/1 1888/47/1 1890/47/1
f 1892/34/1 1891/34/1 1890/34/1
f 1893/1/1 1889/1/1 1891/1/1
f 1893/34/1 1891/34/1 1892/34/1
f 1894/1/1 1889/1/1 1893/1/1
f 1897/36/1 1896/36/1 1895/36/1
f 1898/36/1 1896/36/1 1897/36/1
f 1901/36/1 1900/36/1 1899/36/1
f 1902/36/1 1900/36/1 1901/36/1
f 1905/23/1 1904/23/1 1903/23/1
f 1906/23/1 1904/23/1 1905/23/1
f 1909/36/1 1908/36/1 1907/36/1
f 1910/36/1 1908/36/1 1909/36/1
f 1913/36/1 1912/36/1 1911/36/1
f 1914/36/1 1912/36/1 1913/36/1
f 1917/36/1 1916/36/1 1915/36/1
f 1918/36/1 1916/36/1 1917/36/1
f 1921/36/1 1920/36/1 1919/36/1
f 1922/36/1 1920/36/1 1921/36/1
f 1925/19/1 1924/19/1 1923/19/1
f 1926/19/1 1924/19/1 1925/19/1
f 1929/1/1 1928/1/1 1927/1/1
f 1930/1/1 1928/1/1 1929/1/1
f 1933/45/1 1932/45/1 1931/45/1
f 1934/45/1 1932/45/1 1933/45/1
f 1938/19/1 1936/19/1 1935/19/1
f 1939/1/1 1937/1/1 1936/1/1
f 1939/19/1 1936/19/1 1938/19/1
f 1940/1/1 1937/1/1 1939/1/1
f 1941/48/1 1940/48/1 1939/48/1
f 1942/48/1 1940/48/1 1941/48/1
f 1945/19/1 1944/19/1 1943/19/1
f 1947/19/1 1944/19/1 1945/19/1
f 1948/19/1 1944/19/1 1947/19/1
f 1949/19/1 1944/19/1 1948/19/1
f 1950/18/1 1947/18/1 1946/18/1
f 1951/18/1 1947/18/1 1950/18/1
f 1954/19/1 1953/19/1 1952/19/1
f 1955/19/1 1953/19/1 1954/19/1
f 1958/19/1 1957/19/1 1956/19/1
f 1959/19/1 1957/19/1 1958/19/1
f 1962/34/1 1961/34/1 1960/34/1
f 1963/34/1 1961/34/1 1962/34/1
f 1964/34/1 1961/34/1 1963/34/1
f 1965/47/1 1964/47/1 1963/47/1
f 1966/47/1 1964/47/1 1965/47/1
f 1967/34/1 1966/34/1 1965/34/1
f 1968/34/1 1966/34/1 1967/34/1
f 1969/34/1 1966/34/1 1968/34/1
f 1972/34/1 1971/34/1 1970/34/1
f 1973/34/1 1971/34/1 1972/34/1
f 1974/34/1 1971/34/1 1973/34/1
f 1975/34/1 1971/34/1 1974/34/1
f 1976/34/1 1971/34/1 1975/34/1
f 1977/34/1 1971/34/1 1976/34/1
f 1978/34/1 1971/34/1 1977/34/1
f 1979/34/1 1971/34/1 1978/34/1
f 1982/45/1 1981/45/1 1980/45/1
f 1983/45/1 1981/45/1 1982/45/1
f 1986/36/1 1985/36/1 1984/36/1
f 1987/36/1 1985/36/1 1986/36/1
f 1990/23/1 1989/23/1 1988/23/1
f 1991/23/1 1989/23/1 1990/23/1
f 1992/1/1 1991/1/1 1990/1/1
f 1993/1/1 1991/1/1 1992/1/1
f 1994/23/1 1993/23/1 1992/23/1
f 1995/23/1 1993/23/1 1994/23/1
f 1996/14/1 1995/14/1 1994/14/1
f 1997/14/1 1995/14/1 1996/14/1
f 2000/34/1 1999/34/1 1998/34/1
f 2001/34/1 1999/34/1 2000/34/1
f 2004/45/1 2003/45/1 2002/45/1
f 2005/45/1 2003/45/1 2004/45/1
f 2008/45/1 2007/45/1 2006/45/1
f 2008/45/1 2006/45/1 2005/45/1
f 2009/45/1 2007/45/1 2008/45/1
f 2010/45/1 2007/45/1 2009/45/1
f 2016/44/1 2012/44/1 2011/44/1
f 2017/11/1 2013/11/1 2012/11/1
f 2017/44/1 2012/44/1 2016/44/1
f 2017/11/1 2014/11/1 2013/11/1
f 2018/10/1 2015/10/1 2014/10/1
f 2018/11/1 2014/11/1 2017/11/1
f 2019/10/1 2015/10/1 2018/10/1
f 2020/10/1 2015/10/1 2019/10/1
f 2021/10/1 2015/10/1 2020/10/1
f 2022/10/1 2020/10/1 2019/10/1
f 2023/10/1 2020/10/1 2022/10/1
f 2026/48/1 2025/48/1 2024/48/1
f 2027/48/1 2025/48/1 2026/48/1
f 2030/48/1 2028/48/1 2027/48/1
f 2030/48/1 2029/48/1 2028/48/1
f 2031/48/1 2029/48/1 2030/48/1
f 2034/10/1 2033/10/1 2032/10/1
f 2035/10/1 2033/10/1 2034/10/1
f 2040/1/1 2037/1/1 2036/1/1
f 2041/1/1 2037/1/1 2040/1/1
f 2042/48/1 2039/48/1 2038/48/1
f 2043/48/1 2039/48/1 2042/48/1
f 2045/48/1 2044/48/1 2043/48/1
f 2046/48/1 2044/48/1 2045/48/1
f 2049/44/1 2048/44/1 2047/44/1
f 2050/44/1 2048/44/1 2049/44/1
f 2053/1/1 2052/1/1 2051/1/1
f 2054/1/1 2052/1/1 2053/1/1
f 2057/26/1 2056/26/1 2055/26/1
f 2058/26/1 2056/26/1 2057/26/1
f 2061/44/1 2060/44/1 2059/44/1
f 2062/44/1 2060/44/1 2061/44/1
f 2065/11/1 2064/11/1 2063/11/1
f 2065/11/1 2063/11/1 2062/11/1
f 2066/11/1 2064/11/1 2065/11/1
f 2069/48/1 2068/48/1 2067/48/1
f 2070/48/1 2068/48/1 2069/48/1
f 2073/10/1 2072/10/1 2071/10/1
f 2074/10/1 2072/10/1 2073/10/1
f 2077/23/1 2076/23/1 2075/23/1
f 2078/23/1 2076/23/1 2077/23/1
f 2081/23/1 2080/23/1 2079/23/1
f 2082/23/1 2080/23/1 2081/23/1
f 2085/23/1 2084/23/1 2083/23/1
f 2088/1/1 2087/1/1 2086/1/1
f 2089/1/1 2087/1/1 2088/1/1
f 2090/23/1 2085/23/1 2083/23/1
f 2092/23/1 2090/23/1 2083/23/1
f 2092/23/1 2091/23/1 2090/23/1
f 2093/23/1 2091/23/1 2092/23/1
f 2094/23/1 2091/23/1 2093/23/1
f 2096/23/1 2095/23/1 2094/23/1
f 2096/23/1 2094/23/1 2093/23/1
f 2097/23/1 2095/23/1 2096/23/1
f 2101/13/1 2099/13/1 2098/13/1
f 2102/1/1 2100/1/1 2099/1/1
f 2102/13/1 2099/13/1 2101/13/1
f 2104/1/1 2100/1/1 2102/1/1
f 2105/1/1 2100/1/1 2104/1/1
f 2106/13/1 2104/13/1 2103/13/1
f 2107/13/1 2104/13/1 2106/13/1
f 2108/1/1 2100/1/1 2105/1/1
f 2109/1/1 2100/1/1 2108/1/1
f 2112/1/1 2111/1/1 2110/1/1
f 2113/1/1 2111/1/1 2112/1/1
f 2116/1/1 2115/1/1 2114/1/1
f 2117/1/1 2115/1/1 2116/1/1
f 2118/1/1 2115/1/1 2117/1/1
f 2119/1/1 2115/1/1 2118/1/1
f 2120/1/1 2115/1/1 2119/1/1
f 2121/1/1 2115/1/1 2120/1/1
f 2122/1/1 2115/1/1 2121/1/1
f 2123/1/1 2115/1/1 2122/1/1
f 2124/1/1 2115/1/1 2123/1/1
f 2127/23/1 2126/23/1 2125/23/1
f 2128/23/1 2126/23/1 2127/23/1
f 2131/48/1 2130/48/1 2129/48/1
f 2132/48/1 2130/48/1 2131/48/1
f 2135/23/1 2134/23/1 2133/23/1
f 2136/23/1 2134/23/1 2135/23/1
f 2139/23/1 2138/23/1 2137/23/1
f 2140/48/1 2131/48/1 2129/48/1
f 2141/48/1 2130/48/1 2132/48/1
f 2142/48/1 2140/48/1 2129/48/1
f 2142/48/1 2141/48/1 2140/48/1
f 2143/48/1 2130/48/1 2141/48/1
f 2143/48/1 2141/48/1 2142/48/1
f 2144/23/1 2139/23/1 2137/23/1
f 2145/23/1 2144/23/1 2137/23/1
f 2146/23/1 2145/23/1 2137/23/1
f 2147/23/1 2146/23/1 2137/23/1
f 2148/23/1 2146/23/1 2147/23/1
f 2150/23/1 2149/23/1 2148/23/1
f 2151/23/1 2149/23/1 2150/23/1
f 2154/46/1 2153/46/1 2152/46/1
f 2155/46/1 2153/46/1 2154/46/1
f 2156/46/1 2153/46/1 2155/46/1
f 2157/46/1 2153/46/1 2156/46/1
f 2158/46/1 2154/46/1 2152/46/1
f 2158/35/1 2155/35/1 2154/35/1
f 2159/46/1 2156/46/1 2155/46/1
f 2159/35/1 2155/35/1 2158/35/1
f 2160/46/1 2156/46/1 2159/46/1
f 2161/46/1 2156/46/1 2160/46/1
f 2162/35/1 2157/35/1 2156/35/1
f 2162/46/1 2156/46/1 2161/46/1
f 2163/46/1 2153/46/1 2157/46/1
f 2163/35/1 2157/35/1 2162/35/1
f 2166/46/1 2161/46/1 2160/46/1
f 2166/35/1 2160/35/1 2159/35/1
f 2167/35/1 2162/35/1 2161/35/1
f 2167/46/1 2161/46/1 2166/46/1
f 2168/46/1 2163/46/1 2162/46/1
f 2168/35/1 2162/35/1 2167/35/1
f 2170/1/1 2165/1/1 2164/1/1
f 2171/1/1 2165/1/1 2170/1/1
f 2172/48/1 2170/48/1 2169/48/1
f 2173/48/1 2170/48/1 2172/48/1
f 2174/46/1 2158/46/1 2152/46/1
f 2174/46/1 2159/46/1 2158/46/1
f 2175/35/1 2166/35/1 2159/35/1
f 2175/46/1 2159/46/1 2174/46/1
f 2175/35/1 2167/35/1 2166/35/1
f 2176/35/1 2167/35/1 2175/35/1
f 2177/46/1 2174/46/1 2152/46/1
f 2177/35/1 2175/35/1 2174/35/1
f 2178/46/1 2176/46/1 2175/46/1
f 2178/35/1 2175/35/1 2177/35/1
f 2179/35/1 2167/35/1 2176/35/1
f 2179/46/1 2176/46/1 2178/46/1
f 2180/46/1 2168/46/1 2167/46/1
f 2180/35/1 2167/35/1 2179/35/1
f 2181/46/1 2163/46/1 2168/46/1
f 2181/46/1 2168/46/1 2180/46/1
f 2182/46/1 2178/46/1 2177/46/1
f 2182/46/1 2180/46/1 2179/46/1
f 2182/35/1 2181/35/1 2180/35/1
f 2182/46/1 2179/46/1 2178/46/1
f 2183/46/1 2163/46/1 2181/46/1
f 2183/35/1 2181/35/1 2182/35/1
f 2184/46/1 2182/46/1 2177/46/1
f 2184/46/1 2177/46/1 2152/46/1
f 2184/46/1 2183/46/1 2182/46/1
f 2185/46/1 2163/46/1 2183/46/1
f 2185/46/1 2183/46/1 2184/46/1
f 2185/46/1 2153/46/1 2163/46/1
f 2186/46/1 2184/46/1 2152/46/1
f 2186/35/1 2185/35/1 2184/35/1
f 2187/46/1 2153/46/1 2185/46/1
f 2187/35/1 2185/35/1 2186/35/1
f 2188/46/1 2187/46/1 2186/46/1
f 2189/46/1 2187/46/1 2188/46/1
f 2190/46/1 2188/46/1 2186/46/1
f 2190/35/1 2189/35/1 2188/35/1
f 2191/46/1 2187/46/1 2189/46/1
f 2191/35/1 2189/35/1 2190/35/1
f 2192/46/1 2191/46/1 2190/46/1
f 2193/46/1 2191/46/1 2192/46/1
f 2194/46/1 2192/46/1 2190/46/1
f 2194/35/1 2193/35/1 2192/35/1
f 2195/46/1 2191/46/1 2193/46/1
f 2195/35/1 2193/35/1 2194/35/1
f 2196/46/1 2191/46/1 2195/46/1
f 2197/46/1 2187/46/1 2191/46/1
f 2197/46/1 2191/46/1 2196/46/1
f 2198/46/1 2153/46/1 2187/46/1
f 2198/46/1 2187/46/1 2197/46/1
f 2199/35/1 2196/35/1 2195/35/1
f 2199/46/1 2195/46/1 2194/46/1
f 2200/46/1 2197/46/1 2196/46/1
f 2200/35/1 2196/35/1 2199/35/1
f 2201/35/1 2198/35/1 2197/35/1
f 2201/46/1 2197/46/1 2200/46/1
f 2202/46/1 2153/46/1 2198/46/1
f 2202/35/1 2198/35/1 2201/35/1
f 2203/46/1 2153/46/1 2202/46/1
f 2204/46/1 2186/46/1 2152/46/1
f 2204/46/1 2199/46/1 2194/46/1
f 2204/46/1 2190/46/1 2186/46/1
f 2204/46/1 2202/46/1 2201/46/1
f 2204/46/1 2200/46/1 2199/46/1
f 2204/46/1 2194/46/1 2190/46/1
f 2204/46/1 2201/46/1 2200/46/1
f 2205/35/1 2203/35/1 2202/35/1
f 2205/46/1 2202/46/1 2204/46/1
f 2206/46/1 2204/46/1 2152/46/1
f 2206/35/1 2205/35/1 2204/35/1
f 2207/35/1 2203/35/1 2205/35/1
f 2207/35/1 2205/35/1 2206/35/1
f 2210/46/1 2207/46/1 2206/46/1
f 2210/46/1 2206/46/1 2152/46/1
f 2211/46/1 2207/46/1 2210/46/1
f 2212/48/1 2209/48/1 2208/48/1
f 2213/48/1 2209/48/1 2212/48/1
f 2216/48/1 2215/48/1 2214/48/1
f 2217/48/1 2215/48/1 2216/48/1
f 2218/48/1 2215/48/1 2217/48/1
f 2221/14/1 2220/14/1 2219/14/1
f 2222/14/1 2220/14/1 2221/14/1
f 2225/33/1 2224/33/1 2223/33/1
f 2226/33/1 2224/33/1 2225/33/1
f 2229/33/1 2228/33/1 2227/33/1
f 2230/33/1 2228/33/1 2229/33/1
f 2231/48/1 2216/48/1 2214/48/1
f 2234/48/1 2231/48/1 2214/48/1
f 2234/48/1 2233/48/1 2232/48/1
f 2234/48/1 2232/48/1 2231/48/1
f 2235/48/1 2233/48/1 2234/48/1
f 2238/33/1 2237/33/1 2236/33/1
f 2239/33/1 2237/33/1 2238/33/1
f 2242/33/1 2241/33/1 2240/33/1
f 2243/33/1 2241/33/1 2242/33/1
f 2246/33/1 2245/33/1 2244/33/1
f 2247/33/1 2245/33/1 2246/33/1
f 2250/8/1 2249/8/1 2248/8/1
f 2251/8/1 2249/8/1 2250/8/1
f 2254/33/1 2253/33/1 2252/33/1
f 2255/33/1 2253/33/1 2254/33/1
f 2258/33/1 2257/33/1 2256/33/1
f 2259/33/1 2257/33/1 2258/33/1
f 2264/8/1 2261/8/1 2260/8/1
f 2265/8/1 2261/8/1 2264/8/1
f 2266/8/1 2263/8/1 2262/8/1
f 2267/8/1 2263/8/1 2266/8/1
f 2270/33/1 2269/33/1 2268/33/1
f 2271/33/1 2269/33/1 2270/33/1
f 2274/33/1 2273/33/1 2272/33/1
f 2275/33/1 2273/33/1 2274/33/1
f 2278/33/1 2277/33/1 2276/33/1
f 2279/33/1 2277/33/1 2278/33/1
f 2282/8/1 2281/8/1 2280/8/1
f 2283/8/1 2281/8/1 2282/8/1
f 2286/1/1 2285/1/1 2284/1/1
f 2287/1/1 2285/1/1 2286/1/1
f 2290/33/1 2289/33/1 2288/33/1
f 2291/33/1 2289/33/1 2290/33/1
f 2294/33/1 2293/33/1 2292/33/1
f 2295/33/1 2293/33/1 2294/33/1
f 2298/33/1 2297/33/1 2296/33/1
f 2299/33/1 2297/33/1 2298/33/1
f 2302/33/1 2301/33/1 2300/33/1
f 2303/33/1 2301/33/1 2302/33/1
f 2306/13/1 2305/13/1 2304/13/1
f 2307/13/1 2305/13/1 2306/13/1
f 2310/13/1 2309/13/1 2308/13/1
f 2311/13/1 2309/13/1 2310/13/1
f 2315/1/1 2314/1/1 2313/1/1
f 2318/1/1 2315/1/1 2313/1/1
f 2318/1/1 2317/1/1 2316/1/1
f 2318/1/1 2316/1/1 2315/1/1
f 2319/1/1 2317/1/1 2318/1/1
f 2320/1/1 2317/1/1 2319/1/1
f 2321/1/1 2318/1/1 2313/1/1
f 2323/1/1 2321/1/1 2313/1/1
f 2323/1/1 2322/1/1 2321/1/1
f 2324/1/1 2322/1/1 2323/1/1
f 2325/1/1 2323/1/1 2313/1/1
f 2327/1/1 2325/1/1 2313/1/1
f 2327/1/1 2326/1/1 2325/1/1
f 2328/1/1 2326/1/1 2327/1/1
f 2329/1/1 2327/1/1 2313/1/1
f 2331/1/1 2329/1/1 2313/1/1
f 2331/1/1 2330/1/1 2329/1/1
f 2332/1/1 2330/1/1 2331/1/1
f 2333/1/1 2331/1/1 2313/1/1
f 2335/1/1 2333/1/1 2313/1/1
f 2335/1/1 2334/1/1 2333/1/1
f 2336/1/1 2334/1/1 2335/1/1
f 2337/23/1 2313/23/1 2312/23/1
f 2338/1/1 2335/1/1 2313/1/1
f 2338/23/1 2313/23/1 2337/23/1
f 2339/1/1 2335/1/1 2338/1/1
f 2342/33/1 2341/33/1 2340/33/1
f 2343/33/1 2341/33/1 2342/33/1
f 2346/33/1 2345/33/1 2344/33/1
f 2347/33/1 2345/33/1 2346/33/1
f 2350/33/1 2349/33/1 2348/33/1
f 2351/33/1 2349/33/1 2350/33/1
f 2354/33/1 2353/33/1 2352/33/1
f 2355/33/1 2353/33/1 2354/33/1
f 2356/45/2 2357/45/2 2358/45/2
f 2358/45/2 2357/45/2 2359/45/2
f 2360/45/2 2361/45/2 2366/45/2
f 2361/14/2 2362/14/2 2367/14/2
f 2366/45/2 2361/45/2 2367/45/2
f 2363/35/2 2364/35/2 2368/35/2
f 2368/35/2 2364/35/2 2369/35/2
f 2369/35/2 2364/35/2 2370/35/2
f 2370/35/2 2364/35/2 2371/35/2
f 2371/35/2 2364/35/2 2372/35/2
f 2372/35/2 2364/35/2 2373/35/2
f 2373/35/2 2364/35/2 2374/35/2
f 2374/35/2 2364/35/2 2375/35/2
f 2375/35/2 2364/35/2 2376/35/2
f 2376/35/2 2364/35/2 2377/35/2
f 2365/14/2 2366/14/2 2378/14/2
f 2366/14/2 2367/14/2 2378/14/2
f 2367/14/2 2362/14/2 2379/14/2
f 2378/14/2 2367/14/2 2379/14/2
f 2380/14/2 2381/14/2 2382/14/2
f 2382/14/2 2381/14/2 2383/14/2
f 2384/23/2 2385/23/2 2386/23/2
f 2386/23/2 2385/23/2 2387/23/2
f 2388/1/2 2389/1/2 2390/1/2
f 2390/1/2 2389/1/2 2391/1/2
f 2392/46/2 2393/46/2 2394/46/2
f 2394/46/2 2393/46/2 2395/46/2
f 2396/46/2 2397/46/2 2398/46/2
f 2398/46/2 2397/46/2 2399/46/2
f 2400/46/2 2401/46/2 2402/46/2
f 2402/46/2 2401/46/2 2403/46/2
f 2404/23/2 2405/23/2 2406/23/2
f 2406/23/2 2405/23/2 2407/23/2
f 2408/36/2 2409/36/2 2412/36/2
f 2412/36/2 2409/36/2 2413/36/2
f 2410/36/2 2411/36/2 2414/36/2
f 2414/36/2 2411/36/2 2415/36/2
f 2413/36/2 2414/36/2 2416/36/2
f 2416/36/2 2414/36/2 2417/36/2
f 2418/23/2 2419/23/2 2422/23/2
f 2419/23/2 2420/23/2 2422/23/2
f 2422/23/2 2420/23/2 2423/23/2
f 2421/23/2 2422/23/2 2424/23/2
f 2421/23/2 2424/23/2 2427/23/2
f 2425/1/2 2426/1/2 2428/1/2
f 2428/1/2 2426/1/2 2429/1/2
f 2421/23/2 2427/23/2 2430/23/2
f 2421/23/2 2430/23/2 2431/23/2
f 2431/23/2 2430/23/2 2432/23/2
f 2433/23/2 2434/23/2 2436/23/2
f 2434/23/2 2435/23/2 2436/23/2
f 2432/23/2 2433/23/2 2436/23/2
f 2436/23/2 2435/23/2 2437/23/2
f 2438/1/2 2439/1/2 2440/1/2
f 2440/1/2 2439/1/2 2441/1/2
f 2445/46/2 2446/46/2 2447/46/2
f 2447/46/2 2446/46/2 2448/46/2
f 2441/38/2 2442/38/2 2449/38/2
f 2449/38/2 2442/38/2 2450/38/2
f 2443/1/2 2444/1/2 2451/1/2
f 2451/1/2 2444/1/2 2452/1/2
f 2453/36/2 2454/36/2 2455/36/2
f 2455/36/2 2454/36/2 2456/36/2
f 2457/38/2 2458/38/2 2461/38/2
f 2461/38/2 2458/38/2 2462/38/2
f 2462/38/2 2458/38/2 2463/38/2
f 2459/38/2 2460/38/2 2464/38/2
f 2464/38/2 2460/38/2 2465/38/2
f 2466/37/2 2467/37/2 2470/37/2
f 2470/37/2 2467/37/2 2471/37/2
f 2468/37/2 2469/37/2 2473/37/2
f 2473/37/2 2469/37/2 2474/37/2
f 2473/37/2 2474/37/2 2476/37/2
f 2474/37/2 2475/37/2 2476/37/2
f 2472/37/2 2473/37/2 2476/37/2
f 2476/37/2 2475/37/2 2477/37/2
f 2478/46/2 2479/46/2 2480/46/2
f 2480/46/2 2479/46/2 2481/46/2
f 2482/45/2 2483/45/2 2486/45/2
f 2486/45/2 2483/45/2 2487/45/2
f 2484/45/2 2485/45/2 2490/45/2
f 2490/45/2 2485/45/2 2491/45/2
f 2487/37/2 2488/37/2 2492/37/2
f 2489/37/2 2490/37/2 2495/37/2
f 2495/37/2 2490/37/2 2496/37/2
f 2492/37/2 2493/37/2 2497/37/2
f 2487/37/2 2492/37/2 2497/37/2
f 2497/37/2 2493/37/2 2498/37/2
f 2495/37/2 2496/37/2 2499/37/2
f 2494/37/2 2495/37/2 2499/37/2
f 2499/37/2 2496/37/2 2500/37/2
f 2501/45/2 2502/45/2 2505/45/2
f 2505/45/2 2502/45/2 2506/45/2
f 2503/45/2 2504/45/2 2507/45/2
f 2507/45/2 2504/45/2 2508/45/2
f 2509/46/2 2510/46/2 2511/46/2
f 2511/46/2 2510/46/2 2512/46/2
f 2513/48/2 2514/48/2 2515/48/2
f 2515/48/2 2514/48/2 2516/48/2
f 2517/46/2 2518/46/2 2519/46/2
f 2519/46/2 2518/46/2 2520/46/2
f 2521/48/2 2522/48/2 2523/48/2
f 2523/48/2 2522/48/2 2524/48/2
f 2525/23/2 2526/23/2 2527/23/2
f 2527/23/2 2526/23/2 2528/23/2
f 2529/48/2 2530/48/2 2531/48/2
f 2531/48/2 2530/48/2 2532/48/2
f 2533/48/2 2534/48/2 2535/48/2
f 2535/48/2 2534/48/2 2536/48/2
f 2537/23/2 2538/23/2 2539/23/2
f 2537/23/2 2539/23/2 2541/23/2
f 2539/1/2 2540/1/2 2541/1/2
f 2541/1/2 2540/1/2 2542/1/2
f 2537/23/2 2541/23/2 2543/23/2
f 2537/23/2 2543/23/2 2545/23/2
f 2543/1/2 2544/1/2 2545/1/2
f 2545/1/2 2544/1/2 2546/1/2
f 2537/23/2 2545/23/2 2547/23/2
f 2537/23/2 2547/23/2 2549/23/2
f 2547/1/2 2548/1/2 2549/1/2
f 2549/1/2 2548/1/2 2550/1/2
f 2537/23/2 2549/23/2 2551/23/2
f 2551/23/2 2549/23/2 2552/23/2
f 2553/24/2 2554/24/2 2555/24/2
f 2555/24/2 2554/24/2 2556/24/2
f 2557/46/2 2558/46/2 2559/46/2
f 2559/46/2 2558/46/2 2560/46/2
f 2561/24/2 2562/24/2 2563/24/2
f 2563/24/2 2562/24/2 2564/24/2
f 2565/48/2 2566/48/2 2567/48/2
f 2567/48/2 2566/48/2 2568/48/2
f 2568/48/2 2569/48/2 2570/48/2
f 2570/48/2 2569/48/2 2571/48/2
f 2572/34/2 2573/34/2 2574/34/2
f 2574/34/2 2573/34/2 2575/34/2
f 2576/1/2 2577/1/2 2578/1/2
f 2578/1/2 2577/1/2 2579/1/2
f 2580/37/2 2581/37/2 2582/37/2
f 2582/37/2 2581/37/2 2583/37/2
f 2583/37/2 2581/37/2 2584/37/2
f 2584/37/2 2581/37/2 2585/37/2
f 2586/48/2 2587/48/2 2588/48/2
f 2588/48/2 2587/48/2 2589/48/2
f 2590/23/2 2591/23/2 2592/23/2
f 2592/23/2 2591/23/2 2593/23/2
f 2594/36/2 2595/36/2 2598/36/2
f 2598/36/2 2595/36/2 2599/36/2
f 2596/36/2 2597/36/2 2600/36/2
f 2600/36/2 2597/36/2 2601/36/2
f 2599/36/2 2600/36/2 2602/36/2
f 2602/36/2 2600/36/2 2603/36/2
f 2604/46/2 2605/46/2 2606/46/2
f 2606/46/2 2605/46/2 2607/46/2
f 2608/24/2 2609/24/2 2610/24/2
f 2608/24/2 2610/24/2 2612/24/2
f 2610/1/2 2611/1/2 2613/1/2
f 2612/24/2 2610/24/2 2613/24/2
f 2613/1/2 2611/1/2 2614/1/2
f 2615/1/2 2616/1/2 2617/1/2
f 2617/1/2 2616/1/2 2618/1/2
f 2619/48/2 2620/48/2 2622/48/2
f 2621/24/2 2622/24/2 2624/24/2
f 2622/48/2 2620/48/2 2625/48/2
f 2624/24/2 2622/24/2 2625/24/2
f 2625/48/2 2620/48/2 2626/48/2
f 2623/24/2 2624/24/2 2628/24/2
f 2628/24/2 2624/24/2 2629/24/2
f 2626/24/2 2627/24/2 2631/24/2
f 2631/24/2 2627/24/2 2632/24/2
f 2629/24/2 2630/24/2 2634/24/2
f 2630/48/2 2631/48/2 2635/48/2
f 2634/24/2 2630/24/2 2635/24/2
f 2635/48/2 2631/48/2 2636/48/2
f 2633/24/2 2634/24/2 2638/24/2
f 2638/24/2 2634/24/2 2639/24/2
f 2636/24/2 2637/24/2 2640/24/2
f 2640/24/2 2637/24/2 2641/24/2
f 2642/1/2 2643/1/2 2644/1/2
f 2644/1/2 2643/1/2 2645/1/2
f 2644/15/2 2645/15/2 2646/15/2
f 2646/15/2 2645/15/2 2647/15/2
f 2648/35/2 2649/35/2 2652/35/2
f 2652/35/2 2649/35/2 2653/35/2
f 2650/35/2 2651/35/2 2654/35/2
f 2654/35/2 2651/35/2 2655/35/2
f 2656/46/2 2657/46/2 2658/46/2
f 2658/46/2 2657/46/2 2659/46/2
f 2660/48/2 2661/48/2 2662/48/2
f 2662/48/2 2661/48/2 2663/48/2
f 2664/18/2 2665/18/2 2666/18/2
f 2666/18/2 2665/18/2 2667/18/2
f 2668/13/2 2669/13/2 2670/13/2
f 2670/13/2 2669/13/2 2671/13/2
f 2672/14/2 2673/14/2 2676/14/2
f 2676/14/2 2673/14/2 2677/14/2
f 2678/14/2 2679/14/2 2680/14/2
f 2680/14/2 2679/14/2 2681/14/2
f 2674/1/2 2675/1/2 2682/1/2
f 2682/1/2 2675/1/2 2683/1/2
f 2684/36/2 2685/36/2 2686/36/2
f 2686/36/2 2685/36/2 2687/36/2
f 2688/45/2 2689/45/2 2690/45/2
f 2690/45/2 2689/45/2 2691/45/2
f 2692/35/2 2693/35/2 2694/35/2
f 2694/35/2 2693/35/2 2695/35/2
f 2696/35/2 2697/35/2 2698/35/2
f 2698/35/2 2697/35/2 2699/35/2
f 2700/46/2 2701/46/2 2702/46/2
f 2702/46/2 2701/46/2 2703/46/2
f 2704/23/2 2705/23/2 2706/23/2
f 2706/23/2 2705/23/2 2707/23/2
f 2708/23/2 2709/23/2 2710/23/2
f 2710/23/2 2709/23/2 2711/23/2
f 2712/2/2 2713/2/2 2716/2/2
f 2716/2/2 2713/2/2 2717/2/2
f 2714/23/2 2715/23/2 2718/23/2
f 2718/23/2 2715/23/2 2719/23/2
f 2720/46/2 2721/46/2 2722/46/2
f 2722/46/2 2721/46/2 2723/46/2
f 2724/23/2 2725/23/2 2728/23/2
f 2725/23/2 2726/23/2 2728/23/2
f 2728/23/2 2726/23/2 2729/23/2
f 2727/23/2 2728/23/2 2730/23/2
f 2727/23/2 2730/23/2 2733/23/2
f 2731/1/2 2732/1/2 2734/1/2
f 2734/1/2 2732/1/2 2735/1/2
f 2727/23/2 2733/23/2 2736/23/2
f 2727/23/2 2736/23/2 2737/23/2
f 2737/23/2 2736/23/2 2738/23/2
f 2739/23/2 2740/23/2 2741/23/2
f 2738/23/2 2739/23/2 2741/23/2
f 2741/23/2 2740/23/2 2742/23/2
f 2743/14/2 2744/14/2 2745/14/2
f 2745/14/2 2744/14/2 2746/14/2
f 2747/14/2 2748/14/2 2749/14/2
f 2749/14/2 2748/14/2 2750/14/2
f 2751/46/2 2752/46/2 2753/46/2
f 2753/46/2 2752/46/2 2754/46/2
f 2755/46/2 2756/46/2 2757/46/2
f 2757/46/2 2756/46/2 2758/46/2
f 2759/14/2 2760/14/2 2761/14/2
f 2761/14/2 2760/14/2 2762/14/2
f 2763/46/2 2764/46/2 2765/46/2
f 2765/46/2 2764/46/2 2766/46/2
f 2767/23/2 2768/23/2 2769/23/2
f 2769/23/2 2768/23/2 2770/23/2
f 2771/40/2 2772/40/2 2773/40/2
f 2773/40/2 2772/40/2 2774/40/2
f 2774/40/2 2772/40/2 2775/40/2
f 2775/40/2 2772/40/2 2776/40/2
f 2776/40/2 2772/40/2 2777/40/2
f 2774/42/2 2775/42/2 2778/42/2
f 2775/1/2 2776/1/2 2779/1/2
f 2778/42/2 2775/42/2 2779/42/2
f 2778/39/2 2779/39/2 2780/39/2
f 2779/1/2 2776/1/2 2781/1/2
f 2780/39/2 2779/39/2 2781/39/2
f 2780/42/2 2781/42/2 2782/42/2
f 2781/1/2 2776/1/2 2783/1/2
f 2782/42/2 2781/42/2 2783/42/2
f 2783/1/2 2776/1/2 2784/1/2
f 2785/23/2 2786/23/2 2787/23/2
f 2787/23/2 2786/23/2 2788/23/2
f 2789/36/2 2790/36/2 2793/36/2
f 2793/36/2 2790/36/2 2794/36/2
f 2791/36/2 2792/36/2 2795/36/2
f 2795/36/2 2792/36/2 2796/36/2
f 2794/36/2 2795/36/2 2797/36/2
f 2797/36/2 2795/36/2 2798/36/2
f 2799/23/2 2800/23/2 2801/23/2
f 2801/23/2 2800/23/2 2802/23/2
f 2803/23/2 2804/23/2 2805/23/2
f 2805/23/2 2804/23/2 2806/23/2
f 2807/41/2 2808/41/2 2812/41/2
f 2812/41/2 2808/41/2 2813/41/2
f 2809/1/2 2810/1/2 2815/1/2
f 2815/1/2 2810/1/2 2816/1/2
f 2813/41/2 2814/41/2 2817/41/2
f 2811/41/2 2812/41/2 2817/41/2
f 2812/41/2 2813/41/2 2817/41/2
f 2817/41/2 2814/41/2 2818/41/2
f 2818/41/2 2814/41/2 2819/41/2
f 2820/48/2 2821/48/2 2822/48/2
f 2822/48/2 2821/48/2 2823/48/2
f 2823/48/2 2821/48/2 2824/48/2
f 2824/48/2 2821/48/2 2825/48/2
f 2825/48/2 2821/48/2 2826/48/2
f 2826/48/2 2821/48/2 2827/48/2
f 2823/48/2 2824/48/2 2828/48/2
f 2828/48/2 2824/48/2 2829/48/2
f 2825/48/2 2826/48/2 2830/48/2
f 2825/48/2 2830/48/2 2832/48/2
f 2830/48/2 2831/48/2 2832/48/2
f 2832/48/2 2831/48/2 2833/48/2
f 2820/48/2 2822/48/2 2834/48/2
f 2825/48/2 2832/48/2 2837/48/2
f 2834/48/2 2835/48/2 2838/48/2
f 2820/48/2 2834/48/2 2838/48/2
f 2838/48/2 2835/48/2 2839/48/2
f 2836/48/2 2837/48/2 2840/48/2
f 2837/48/2 2832/48/2 2841/48/2
f 2840/48/2 2837/48/2 2841/48/2
f 2820/48/2 2838/48/2 2844/48/2
f 2842/48/2 2843/48/2 2845/48/2
f 2845/48/2 2843/48/2 2846/48/2
f 2841/48/2 2832/48/2 2847/48/2
f 2847/48/2 2832/48/2 2848/48/2
f 2845/48/2 2846/48/2 2850/48/2
f 2848/48/2 2849/48/2 2850/48/2
f 2847/48/2 2848/48/2 2850/48/2
f 2846/48/2 2847/48/2 2850/48/2
f 2820/48/2 2844/48/2 2850/48/2
f 2844/48/2 2845/48/2 2850/48/2
f 2850/48/2 2849/48/2 2851/48/2
f 2852/15/2 2853/15/2 2854/15/2
f 2854/15/2 2853/15/2 2855/15/2
f 2856/36/2 2857/36/2 2858/36/2
f 2858/36/2 2857/36/2 2859/36/2
f 2860/40/2 2861/40/2 2864/40/2
f 2864/40/2 2861/40/2 2865/40/2
f 2862/40/2 2863/40/2 2866/40/2
f 2866/40/2 2863/40/2 2867/40/2
f 2865/39/2 2866/39/2 2868/39/2
f 2868/39/2 2866/39/2 2869/39/2
f 2868/42/2 2869/42/2 2870/42/2
f 2869/39/2 2866/39/2 2871/39/2
f 2870/42/2 2869/42/2 2871/42/2
f 2870/39/2 2871/39/2 2874/39/2
f 2871/39/2 2866/39/2 2875/39/2
f 2874/39/2 2871/39/2 2875/39/2
f 2872/45/2 2873/45/2 2877/45/2
f 2877/45/2 2873/45/2 2878/45/2
f 2875/1/2 2876/1/2 2881/1/2
f 2881/1/2 2876/1/2 2882/1/2
f 2879/41/2 2880/41/2 2883/41/2
f 2883/41/2 2880/41/2 2884/41/2
f 2884/41/2 2880/41/2 2885/41/2
f 2887/46/2 2888/46/2 2889/46/2
f 2889/46/2 2888/46/2 2890/46/2
f 2885/41/2 2886/41/2 2891/41/2
f 2884/41/2 2885/41/2 2891/41/2
f 2891/41/2 2886/41/2 2892/41/2
f 2893/1/2 2894/1/2 2895/1/2
f 2895/1/2 2894/1/2 2896/1/2
f 2897/12/2 2898/12/2 2899/12/2
f 2899/12/2 2898/12/2 2900/12/2
f 2901/12/2 2902/12/2 2903/12/2
f 2903/12/2 2902/12/2 2904/12/2
f 2905/20/2 2906/20/2 2909/20/2
f 2907/20/2 2908/20/2 2910/20/2
f 2910/20/2 2908/20/2 2911/20/2
f 2905/20/2 2909/20/2 2912/20/2
f 2909/20/2 2910/20/2 2912/20/2
f 2912/20/2 2910/20/2 2913/20/2
f 2913/20/2 2910/20/2 2914/20/2
f 2914/20/2 2910/20/2 2915/20/2
f 2915/20/2 2916/20/2 2917/20/2
f 2917/20/2 2916/20/2 2918/20/2
f 2913/20/2 2914/20/2 2919/20/2
f 2919/20/2 2914/20/2 2920/20/2
f 2921/20/2 2922/20/2 2923/20/2
f 2923/20/2 2922/20/2 2924/20/2
f 2924/20/2 2925/20/2 2926/20/2
f 2926/20/2 2925/20/2 2927/20/2
f 2927/20/2 2925/20/2 2928/20/2
f 2927/20/2 2928/20/2 2932/20/2
f 2928/20/2 2929/20/2 2932/20/2
f 2932/20/2 2929/20/2 2933/20/2
f 2933/20/2 2929/20/2 2934/20/2
f 2930/20/2 2931/20/2 2936/20/2
f 2934/20/2 2935/20/2 2937/20/2
f 2933/20/2 2934/20/2 2937/20/2
f 2930/20/2 2936/20/2 2938/20/2
f 2936/20/2 2937/20/2 2938/20/2
f 2938/20/2 2937/20/2 2939/20/2
f 2939/20/2 2937/20/2 2940/20/2
f 2937/20/2 2935/20/2 2941/20/2
f 2940/20/2 2937/20/2 2941/20/2
f 2930/20/2 2938/20/2 2942/20/2
f 2930/20/2 2942/20/2 2944/20/2
f 2942/20/2 2943/20/2 2944/20/2
f 2944/20/2 2943/20/2 2945/20/2
f 2939/20/2 2940/20/2 2946/20/2
f 2946/20/2 2940/20/2 2947/20/2
f 2948/14/2 2949/14/2 2950/14/2
f 2950/14/2 2949/14/2 2951/14/2
f 2952/15/2 2953/15/2 2954/15/2
f 2954/15/2 2953/15/2 2955/15/2
f 2956/40/2 2957/40/2 2958/40/2
f 2958/40/2 2957/40/2 2959/40/2
f 2960/35/2 2961/35/2 2962/35/2
f 2962/35/2 2961/35/2 2963/35/2
f 2964/46/2 2965/46/2 2966/46/2
f 2966/46/2 2965/46/2 2967/46/2
f 2968/1/2 2969/1/2 2972/1/2
f 2968/1/2 2972/1/2 2974/1/2
f 2972/1/2 2973/1/2 2974/1/2
f 2974/1/2 2973/1/2 2975/1/2
f 2970/1/2 2971/1/2 2976/1/2
f 2968/1/2 2974/1/2 2977/1/2
f 2976/1/2 2971/1/2 2978/1/2
f 2968/1/2 2977/1/2 2979/1/2
f 2977/1/2 2978/1/2 2979/1/2
f 2978/1/2 2971/1/2 2980/1/2
f 2979/1/2 2978/1/2 2980/1/2
f 2981/1/2 2982/1/2 2983/1/2
f 2983/1/2 2982/1/2 2984/1/2
f 2983/4/2 2984/4/2 2985/4/2
f 2985/4/2 2984/4/2 2986/4/2
f 2987/23/2 2988/23/2 2989/23/2
f 2989/23/2 2988/23/2 2990/23/2
f 2991/23/2 2992/23/2 2993/23/2
f 2993/23/2 2992/23/2 2994/23/2
f 2995/15/2 2996/15/2 2997/15/2
f 2997/15/2 2996/15/2 2998/15/2
f 2999/7/2 3000/7/2 3001/7/2
f 3001/7/2 3000/7/2 3002/7/2
f 3003/23/2 3004/23/2 3005/23/2
f 3005/23/2 3004/23/2 3006/23/2
f 3007/23/2 3008/23/2 3009/23/2
f 3009/23/2 3008/23/2 3010/23/2
f 3011/23/2 3012/23/2 3015/23/2
f 3015/23/2 3012/23/2 3016/23/2
f 3013/23/2 3014/23/2 3017/23/2
f 3017/23/2 3014/23/2 3018/23/2
f 3019/15/2 3020/15/2 3022/15/2
f 3020/1/2 3021/1/2 3023/1/2
f 3022/15/2 3020/15/2 3023/15/2
f 3023/1/2 3021/1/2 3024/1/2
f 3025/15/2 3026/15/2 3027/15/2
f 3027/15/2 3026/15/2 3028/15/2
f 3029/46/2 3030/46/2 3031/46/2
f 3031/46/2 3030/46/2 3032/46/2
f 3033/23/2 3034/23/2 3035/23/2
f 3035/23/2 3034/23/2 3036/23/2
f 3037/43/2 3038/43/2 3039/43/2
f 3039/43/2 3038/43/2 3040/43/2
f 3039/1/2 3040/1/2 3041/1/2
f 3041/1/2 3040/1/2 3042/1/2
f 3041/43/2 3042/43/2 3043/43/2
f 3043/43/2 3042/43/2 3044/43/2
f 3043/47/2 3044/47/2 3045/47/2
f 3045/47/2 3044/47/2 3046/47/2
f 3045/43/2 3046/43/2 3047/43/2
f 3047/43/2 3046/43/2 3048/43/2
f 3047/1/2 3048/1/2 3049/1/2
f 3049/1/2 3048/1/2 3050/1/2
f 3049/47/2 3050/47/2 3051/47/2
f 3049/47/2 3051/47/2 3053/47/2
f 3051/1/2 3052/1/2 3054/1/2
f 3053/47/2 3051/47/2 3054/47/2
f 3054/1/2 3052/1/2 3055/1/2
f 3053/43/2 3054/43/2 3060/43/2
f 3060/43/2 3054/43/2 3061/43/2
f 3056/1/2 3057/1/2 3064/1/2
f 3064/1/2 3057/1/2 3065/1/2
f 3058/1/2 3059/1/2 3068/1/2
f 3068/1/2 3059/1/2 3069/1/2
f 3061/43/2 3062/43/2 3071/43/2
f 3062/1/2 3063/1/2 3072/1/2
f 3071/43/2 3062/43/2 3072/43/2
f 3063/43/2 3064/43/2 3073/43/2
f 3072/1/2 3063/1/2 3073/1/2
f 3064/43/2 3065/43/2 3073/43/2
f 3065/43/2 3066/43/2 3073/43/2
f 3066/1/2 3067/1/2 3074/1/2
f 3073/43/2 3066/43/2 3074/43/2
f 3069/43/2 3070/43/2 3075/43/2
f 3074/1/2 3067/1/2 3075/1/2
f 3068/43/2 3069/43/2 3075/43/2
f 3067/43/2 3068/43/2 3075/43/2
f 3075/43/2 3070/43/2 3076/43/2
f 3077/46/2 3078/46/2 3079/46/2
f 3079/46/2 3078/46/2 3080/46/2
f 3081/43/2 3082/43/2 3083/43/2
f 3083/43/2 3082/43/2 3084/43/2
f 3085/43/2 3086/43/2 3087/43/2
f 3085/43/2 3087/43/2 3089/43/2
f 3087/23/2 3088/23/2 3090/23/2
f 3089/43/2 3087/43/2 3090/43/2
f 3090/23/2 3088/23/2 3091/23/2
f 3089/47/2 3090/47/2 3092/47/2
f 3092/47/2 3090/47/2 3093/47/2
f 3092/43/2 3093/43/2 3094/43/2
f 3094/43/2 3093/43/2 3095/43/2
f 3094/47/2 3095/47/2 3096/47/2
f 3096/47/2 3095/47/2 3097/47/2
f 3096/43/2 3097/43/2 3098/43/2
f 3098/43/2 3097/43/2 3099/43/2
f 3098/47/2 3099/47/2 3100/47/2
f 3100/47/2 3099/47/2 3101/47/2
f 3100/43/2 3101/43/2 3102/43/2
f 3102/43/2 3101/43/2 3103/43/2
f 3104/43/2 3105/43/2 3106/43/2
f 3104/43/2 3106/43/2 3108/43/2
f 3106/1/2 3107/1/2 3108/1/2
f 3108/1/2 3107/1/2 3109/1/2
f 3104/43/2 3108/43/2 3110/43/2
f 3110/43/2 3108/43/2 3111/43/2
f 3110/47/2 3111/47/2 3112/47/2
f 3112/47/2 3111/47/2 3113/47/2
f 3112/43/2 3113/43/2 3114/43/2
f 3112/43/2 3114/43/2 3120/43/2
f 3114/1/2 3115/1/2 3121/1/2
f 3120/43/2 3114/43/2 3121/43/2
f 3121/1/2 3115/1/2 3122/1/2
f 3116/1/2 3117/1/2 3125/1/2
f 3125/1/2 3117/1/2 3126/1/2
f 3118/1/2 3119/1/2 3129/1/2
f 3129/1/2 3119/1/2 3130/1/2
f 3121/43/2 3122/43/2 3132/43/2
f 3122/43/2 3123/43/2 3132/43/2
f 3123/1/2 3124/1/2 3133/1/2
f 3132/43/2 3123/43/2 3133/43/2
f 3124/43/2 3125/43/2 3134/43/2
f 3133/1/2 3124/1/2 3134/1/2
f 3125/43/2 3126/43/2 3134/43/2
f 3126/43/2 3127/43/2 3134/43/2
f 3127/1/2 3128/1/2 3135/1/2
f 3134/43/2 3127/43/2 3135/43/2
f 3130/43/2 3131/43/2 3136/43/2
f 3135/1/2 3128/1/2 3136/1/2
f 3129/43/2 3130/43/2 3136/43/2
f 3128/43/2 3129/43/2 3136/43/2
f 3136/43/2 3131/43/2 3137/43/2
f 3138/35/2 3139/35/2 3140/35/2
f 3140/35/2 3139/35/2 3141/35/2
f 3141/35/2 3142/35/2 3143/35/2
f 3143/35/2 3142/35/2 3144/35/2
f 3144/35/2 3145/35/2 3146/35/2
f 3146/35/2 3145/35/2 3147/35/2
f 3147/35/2 3148/35/2 3149/35/2
f 3149/35/2 3148/35/2 3150/35/2
f 3150/35/2 3151/35/2 3152/35/2
f 3152/35/2 3151/35/2 3153/35/2
f 3153/35/2 3154/35/2 3155/35/2
f 3155/35/2 3154/35/2 3156/35/2
f 3156/35/2 3157/35/2 3158/35/2
f 3158/35/2 3157/35/2 3159/35/2
f 3159/35/2 3160/35/2 3161/35/2
f 3161/35/2 3160/35/2 3162/35/2
f 3162/35/2 3163/35/2 3164/35/2
f 3164/35/2 3163/35/2 3165/35/2
f 3166/23/2 3167/23/2 3168/23/2
f 3168/23/2 3167/23/2 3169/23/2
f 3170/23/2 3171/23/2 3172/23/2
f 3172/23/2 3171/23/2 3173/23/2
f 3174/35/2 3175/35/2 3176/35/2
f 3176/35/2 3175/35/2 3177/35/2
f 3177/35/2 3175/35/2 3178/35/2
f 3178/35/2 3175/35/2 3179/35/2
f 3179/35/2 3175/35/2 3180/35/2
f 3180/35/2 3175/35/2 3181/35/2
f 3181/35/2 3175/35/2 3182/35/2
f 3182/35/2 3175/35/2 3183/35/2
f 3183/35/2 3175/35/2 3184/35/2
f 3184/35/2 3175/35/2 3185/35/2
f 3185/35/2 3175/35/2 3186/35/2
f 3186/35/2 3175/35/2 3187/35/2
f 3187/35/2 3175/35/2 3188/35/2
f 3188/35/2 3175/35/2 3189/35/2
f 3189/35/2 3175/35/2 3190/35/2
f 3190/35/2 3175/35/2 3191/35/2
f 3191/35/2 3175/35/2 3192/35/2
f 3192/35/2 3175/35/2 3193/35/2
f 3194/23/2 3195/23/2 3196/23/2
f 3196/23/2 3195/23/2 3197/23/2
f 3198/23/2 3199/23/2 3200/23/2
f 3200/23/2 3199/23/2 3201/23/2
f 3202/23/2 3203/23/2 3206/23/2
f 3206/23/2 3203/23/2 3207/23/2
f 3204/23/2 3205/23/2 3208/23/2
f 3208/23/2 3205/23/2 3209/23/2
f 3210/23/2 3211/23/2 3212/23/2
f 3212/23/2 3211/23/2 3213/23/2
f 3214/23/2 3215/23/2 3218/23/2
f 3218/23/2 3215/23/2 3219/23/2
f 3216/23/2 3217/23/2 3220/23/2
f 3220/23/2 3217/23/2 3221/23/2
f 3222/26/2 3223/26/2 3224/26/2
f 3224/26/2 3223/26/2 3225/26/2
f 3224/48/2 3225/48/2 3226/48/2
f 3226/48/2 3225/48/2 3227/48/2
f 3228/31/2 3229/31/2 3230/31/2
f 3230/31/2 3229/31/2 3231/31/2
f 3232/26/2 3233/26/2 3237/26/2
f 3233/1/2 3234/1/2 3238/1/2
f 3237/26/2 3233/26/2 3238/26/2
f 3237/27/2 3238/27/2 3239/27/2
f 3238/1/2 3234/1/2 3240/1/2
f 3239/27/2 3238/27/2 3240/27/2
f 3239/26/2 3240/26/2 3241/26/2
f 3241/26/2 3240/26/2 3242/26/2
f 3242/26/2 3240/26/2 3243/26/2
f 3240/1/2 3234/1/2 3244/1/2
f 3243/26/2 3240/26/2 3244/26/2
f 3244/1/2 3234/1/2 3245/1/2
f 3235/26/2 3236/26/2 3246/26/2
f 3246/26/2 3236/26/2 3247/26/2
f 3244/48/2 3245/48/2 3248/48/2
f 3243/48/2 3244/48/2 3248/48/2
f 3248/48/2 3245/48/2 3249/48/2
f 3246/48/2 3247/48/2 3250/48/2
f 3250/48/2 3247/48/2 3251/48/2
f 3252/31/2 3253/31/2 3254/31/2
f 3254/31/2 3253/31/2 3255/31/2
f 3256/32/2 3257/32/2 3258/32/2
f 3256/32/2 3258/32/2 3259/32/2
f 3259/32/2 3258/32/2 3260/32/2
f 3261/1/2 3262/1/2 3263/1/2
f 3263/1/2 3262/1/2 3264/1/2
f 3265/32/2 3266/32/2 3267/32/2
f 3267/32/2 3266/32/2 3268/32/2
f 3269/32/2 3270/32/2 3271/32/2
f 3271/32/2 3270/32/2 3272/32/2
f 3273/13/2 3274/13/2 3275/13/2
f 3275/13/2 3274/13/2 3276/13/2
f 3277/13/2 3278/13/2 3279/13/2
f 3279/13/2 3278/13/2 3280/13/2
f 3281/37/2 3282/37/2 3284/37/2
f 3283/37/2 3284/37/2 3285/37/2
f 3285/37/2 3284/37/2 3286/37/2
f 3283/37/2 3285/37/2 3287/37/2
f 3286/37/2 3284/37/2 3288/37/2
f 3283/37/2 3287/37/2 3289/37/2
f 3287/37/2 3288/37/2 3289/37/2
f 3289/37/2 3288/37/2 3290/37/2
f 3288/37/2 3284/37/2 3291/37/2
f 3290/37/2 3288/37/2 3291/37/2
f 3284/37/2 3282/37/2 3292/37/2
f 3291/37/2 3284/37/2 3292/37/2
f 3292/37/2 3282/37/2 3293/37/2
f 3293/37/2 3282/37/2 3294/37/2
f 3294/37/2 3282/37/2 3295/37/2
f 3295/37/2 3282/37/2 3296/37/2
f 3297/31/2 3298/31/2 3299/31/2
f 3299/31/2 3298/31/2 3300/31/2
f 3301/31/2 3302/31/2 3303/31/2
f 3303/31/2 3302/31/2 3304/31/2
f 3305/31/2 3306/31/2 3307/31/2
f 3307/31/2 3306/31/2 3308/31/2
f 3309/1/2 3310/1/2 3311/1/2
f 3311/1/2 3310/1/2 3312/1/2
f 3313/21/2 3314/21/2 3315/21/2
f 3315/21/2 3314/21/2 3316/21/2
f 3317/48/2 3318/48/2 3322/48/2
f 3322/48/2 3318/48/2 3323/48/2
f 3319/48/2 3320/48/2 3324/48/2
f 3324/48/2 3320/48/2 3325/48/2
f 3321/26/2 3322/26/2 3326/26/2
f 3321/26/2 3326/26/2 3327/26/2
f 3321/26/2 3327/26/2 3328/26/2
f 3321/26/2 3328/26/2 3329/26/2
f 3321/26/2 3329/26/2 3330/26/2
f 3330/26/2 3329/26/2 3331/26/2
f 3330/27/2 3331/27/2 3332/27/2
f 3332/27/2 3331/27/2 3333/27/2
f 3332/26/2 3333/26/2 3334/26/2
f 3334/26/2 3333/26/2 3335/26/2
f 3324/26/2 3325/26/2 3336/26/2
f 3336/26/2 3325/26/2 3337/26/2
f 3334/48/2 3335/48/2 3338/48/2
f 3338/48/2 3335/48/2 3339/48/2
f 3336/48/2 3337/48/2 3340/48/2
f 3340/48/2 3337/48/2 3341/48/2
f 3342/32/2 3343/32/2 3344/32/2
f 3344/32/2 3343/32/2 3345/32/2
f 3346/21/2 3347/21/2 3348/21/2
f 3348/21/2 3347/21/2 3349/21/2
f 3350/23/2 3351/23/2 3354/23/2
f 3354/23/2 3351/23/2 3355/23/2
f 3352/23/2 3353/23/2 3356/23/2
f 3356/23/2 3353/23/2 3357/23/2
f 3358/48/2 3359/48/2 3361/48/2
f 3361/48/2 3359/48/2 3362/48/2
f 3362/48/2 3359/48/2 3363/48/2
f 3360/26/2 3361/26/2 3364/26/2
f 3364/26/2 3361/26/2 3365/26/2
f 3364/27/2 3365/27/2 3372/27/2
f 3372/27/2 3365/27/2 3373/27/2
f 3366/43/2 3367/43/2 3374/43/2
f 3367/34/2 3368/34/2 3375/34/2
f 3374/43/2 3367/43/2 3375/43/2
f 3368/43/2 3369/43/2 3376/43/2
f 3375/34/2 3368/34/2 3376/34/2
f 3369/34/2 3370/34/2 3377/34/2
f 3376/43/2 3369/43/2 3377/43/2
f 3370/43/2 3371/43/2 3378/43/2
f 3377/34/2 3370/34/2 3378/34/2
f 3378/43/2 3371/43/2 3379/43/2
f 3372/26/2 3373/26/2 3380/26/2
f 3380/26/2 3373/26/2 3381/26/2
f 3380/27/2 3381/27/2 3382/27/2
f 3382/27/2 3381/27/2 3383/27/2
f 3382/26/2 3383/26/2 3384/26/2
f 3384/26/2 3383/26/2 3385/26/2
f 3362/26/2 3363/26/2 3386/26/2
f 3386/26/2 3363/26/2 3387/26/2
f 3384/48/2 3385/48/2 3388/48/2
f 3388/48/2 3385/48/2 3389/48/2
f 3386/48/2 3387/48/2 3390/48/2
f 3390/48/2 3387/48/2 3391/48/2
f 3392/31/2 3393/31/2 3394/31/2
f 3394/31/2 3393/31/2 3395/31/2
f 3396/32/2 3397/32/2 3398/32/2
f 3398/32/2 3397/32/2 3399/32/2
f 3400/26/2 3401/26/2 3402/26/2
f 3402/26/2 3401/26/2 3403/26/2
f 3402/27/2 3403/27/2 3404/27/2
f 3403/26/2 3401/26/2 3405/26/2
f 3404/27/2 3403/27/2 3405/27/2
f 3404/26/2 3405/26/2 3406/26/2
f 3405/26/2 3401/26/2 3407/26/2
f 3406/26/2 3405/26/2 3407/26/2
f 3406/48/2 3407/48/2 3408/48/2
f 3408/48/2 3407/48/2 3409/48/2
f 3410/31/2 3411/31/2 3412/31/2
f 3412/31/2 3411/31/2 3413/31/2
f 3414/21/2 3415/21/2 3416/21/2
f 3416/21/2 3415/21/2 3417/21/2
f 3418/1/2 3419/1/2 3420/1/2
f 3420/1/2 3419/1/2 3421/1/2
f 3421/1/2 3419/1/2 3422/1/2
f 3422/1/2 3419/1/2 3423/1/2
f 3423/1/2 3419/1/2 3424/1/2
f 3424/1/2 3419/1/2 3425/1/2
f 3425/1/2 3419/1/2 3426/1/2
f 3426/1/2 3419/1/2 3427/1/2
f 3427/1/2 3419/1/2 3428/1/2
f 3428/1/2 3419/1/2 3429/1/2
f 3418/1/2 3420/1/2 3430/1/2
f 3430/1/2 3420/1/2 3431/1/2
f 3421/1/2 3422/1/2 3432/1/2
f 3432/1/2 3422/1/2 3433/1/2
f 3423/1/2 3424/1/2 3434/1/2
f 3434/1/2 3424/1/2 3435/1/2
f 3425/1/2 3426/1/2 3436/1/2
f 3436/1/2 3426/1/2 3437/1/2
f 3427/1/2 3428/1/2 3438/1/2
f 3438/1/2 3428/1/2 3439/1/2
f 3429/1/2 3419/1/2 3440/1/2
f 3440/1/2 3419/1/2 3441/1/2
f 3436/23/2 3437/23/2 3442/23/2
f 3430/23/2 3431/23/2 3442/23/2
f 3434/23/2 3435/23/2 3442/23/2
f 3432/23/2 3433/23/2 3442/23/2
f 3431/23/2 3432/23/2 3442/23/2
f 3433/23/2 3434/23/2 3442/23/2
f 3435/23/2 3436/23/2 3442/23/2
f 3437/1/2 3438/1/2 3443/1/2
f 3442/23/2 3437/23/2 3443/23/2
f 3438/23/2 3439/23/2 3444/23/2
f 3443/1/2 3438/1/2 3444/1/2
f 3440/23/2 3441/23/2 3444/23/2
f 3439/23/2 3440/23/2 3444/23/2
f 3444/23/2 3441/23/2 3445/23/2
f 3443/23/2 3444/23/2 3446/23/2
f 3446/23/2 3444/23/2 3447/23/2
f 3448/23/2 3449/23/2 3450/23/2
f 3448/23/2 3450/23/2 3451/23/2
f 3451/23/2 3450/23/2 3452/23/2
f 3453/35/2 3454/35/2 3455/35/2
f 3455/35/2 3454/35/2 3456/35/2
f 3457/35/2 3458/35/2 3459/35/2
f 3459/35/2 3458/35/2 3460/35/2
f 3461/32/2 3462/32/2 3463/32/2
f 3463/32/2 3462/32/2 3464/32/2
f 3465/32/2 3466/32/2 3467/32/2
f 3467/32/2 3466/32/2 3468/32/2
f 3469/21/2 3470/21/2 3471/21/2
f 3471/21/2 3470/21/2 3472/21/2
f 3472/15/2 3473/15/2 3474/15/2
f 3474/15/2 3473/15/2 3475/15/2
f 3476/23/2 3477/23/2 3480/23/2
f 3478/23/2 3479/23/2 3481/23/2
f 3481/23/2 3479/23/2 3482/23/2
f 3480/23/2 3477/23/2 3483/23/2
f 3483/23/2 3477/23/2 3484/23/2
f 3485/1/2 3486/1/2 3487/1/2
f 3487/1/2 3486/1/2 3488/1/2
f 3489/1/2 3490/1/2 3491/1/2
f 3491/1/2 3490/1/2 3492/1/2
f 3493/47/2 3494/47/2 3495/47/2
f 3495/47/2 3494/47/2 3496/47/2
f 3497/1/2 3498/1/2 3499/1/2
f 3499/1/2 3498/1/2 3500/1/2
f 3497/1/2 3499/1/2 3501/1/2
f 3501/1/2 3499/1/2 3502/1/2
f 3500/1/2 3498/1/2 3503/1/2
f 3503/1/2 3498/1/2 3504/1/2
f 3501/23/2 3502/23/2 3505/23/2
f 3502/23/2 3503/23/2 3505/23/2
f 3503/23/2 3504/23/2 3505/23/2
f 3505/23/2 3504/23/2 3506/23/2
f 3507/47/2 3508/47/2 3509/47/2
f 3509/47/2 3508/47/2 3510/47/2
f 3511/32/2 3512/32/2 3513/32/2
f 3513/32/2 3512/32/2 3514/32/2
f 3515/32/2 3516/32/2 3517/32/2
f 3517/32/2 3516/32/2 3518/32/2
f 3519/32/2 3520/32/2 3521/32/2
f 3521/32/2 3520/32/2 3522/32/2
f 3523/23/2 3524/23/2 3526/23/2
f 3526/23/2 3524/23/2 3527/23/2
f 3525/23/2 3526/23/2 3528/23/2
f 3529/1/2 3530/1/2 3531/1/2
f 3531/1/2 3530/1/2 3532/1/2
f 3525/23/2 3528/23/2 3533/23/2
f 3525/23/2 3533/23/2 3535/23/2
f 3533/23/2 3534/23/2 3535/23/2
f 3535/23/2 3534/23/2 3536/23/2
f 3536/23/2 3534/23/2 3537/23/2
f 3537/23/2 3538/23/2 3539/23/2
f 3536/23/2 3537/23/2 3539/23/2
f 3539/23/2 3538/23/2 3540/23/2
f 3541/23/2 3542/23/2 3545/23/2
f 3543/23/2 3544/23/2 3546/23/2
f 3541/23/2 3545/23/2 3547/23/2
f 3547/23/2 3545/23/2 3548/23/2
f 3543/23/2 3546/23/2 3551/23/2
f 3551/23/2 3546/23/2 3552/23/2
f 3549/1/2 3550/1/2 3553/1/2
f 3553/1/2 3550/1/2 3554/1/2
f 3553/48/2 3554/48/2 3555/48/2
f 3555/48/2 3554/48/2 3556/48/2
f 3557/32/2 3558/32/2 3559/32/2
f 3559/32/2 3558/32/2 3560/32/2
f 3561/23/2 3562/23/2 3563/23/2
f 3563/23/2 3562/23/2 3564/23/2
f 3564/23/2 3562/23/2 3565/23/2
f 3566/32/2 3567/32/2 3568/32/2
f 3568/32/2 3567/32/2 3569/32/2
f 3570/32/2 3571/32/2 3572/32/2
f 3572/32/2 3571/32/2 3573/32/2
f 3574/14/2 3575/14/2 3576/14/2
f 3576/14/2 3575/14/2 3577/14/2
f 3578/14/2 3579/14/2 3580/14/2
f 3580/14/2 3579/14/2 3581/14/2
f 3582/1/2 3583/1/2 3586/1/2
f 3586/1/2 3583/1/2 3587/1/2
f 3584/1/2 3585/1/2 3588/1/2
f 3588/1/2 3585/1/2 3589/1/2
f 3586/48/2 3587/48/2 3590/48/2
f 3590/48/2 3587/48/2 3591/48/2
f 3588/48/2 3589/48/2 3592/48/2
f 3592/48/2 3589/48/2 3593/48/2
f 3594/32/2 3595/32/2 3596/32/2
f 3596/32/2 3595/32/2 3597/32/2
f 3598/1/2 3599/1/2 3602/1/2
f 3602/1/2 3599/1/2 3603/1/2
f 3600/1/2 3601/1/2 3604/1/2
f 3604/1/2 3601/1/2 3605/1/2
f 3602/48/2 3603/48/2 3606/48/2
f 3606/48/2 3603/48/2 3607/48/2
f 3604/48/2 3605/48/2 3608/48/2
f 3608/48/2 3605/48/2 3609/48/2
f 3610/23/2 3611/23/2 3612/23/2
f 3612/23/2 3611/23/2 3615/23/2
f 3615/23/2 3611/23/2 3616/23/2
f 3613/1/2 3614/1/2 3617/1/2
f 3617/1/2 3614/1/2 3618/1/2
f 3617/48/2 3618/48/2 3619/48/2
f 3619/48/2 3618/48/2 3620/48/2
f 3621/32/2 3622/32/2 3623/32/2
f 3623/32/2 3622/32/2 3624/32/2
f 3625/23/2 3626/23/2 3629/23/2
f 3627/23/2 3628/23/2 3630/23/2
f 3625/23/2 3629/23/2 3631/23/2
f 3631/23/2 3629/23/2 3632/23/2
f 3627/23/2 3630/23/2 3633/23/2
f 3633/23/2 3630/23/2 3634/23/2
f 3637/1/2 3638/1/2 3639/1/2
f 3639/1/2 3638/1/2 3640/1/2
f 3639/48/2 3640/48/2 3641/48/2
f 3641/48/2 3640/48/2 3642/48/2
f 3635/1/2 3636/1/2 3643/1/2
f 3643/1/2 3636/1/2 3644/1/2
f 3643/23/2 3644/23/2 3645/23/2
f 3645/23/2 3644/23/2 3646/23/2
f 3647/21/2 3648/21/2 3649/21/2
f 3649/21/2 3648/21/2 3650/21/2
f 3651/23/2 3652/23/2 3657/23/2
f 3657/23/2 3652/23/2 3658/23/2
f 3653/23/2 3654/23/2 3659/23/2
f 3659/23/2 3654/23/2 3660/23/2
f 3655/23/2 3656/23/2 3661/23/2
f 3661/23/2 3656/23/2 3662/23/2
f 3663/1/2 3664/1/2 3665/1/2
f 3665/1/2 3664/1/2 3666/1/2
f 3665/48/2 3666/48/2 3667/48/2
f 3667/48/2 3666/48/2 3668/48/2
f 3669/32/2 3670/32/2 3671/32/2
f 3671/32/2 3670/32/2 3672/32/2
f 3673/23/2 3674/23/2 3677/23/2
f 3677/23/2 3674/23/2 3678/23/2
f 3675/23/2 3676/23/2 3679/23/2
f 3679/23/2 3676/23/2 3680/23/2
f 3681/32/2 3682/32/2 3683/32/2
f 3683/32/2 3682/32/2 3684/32/2
f 3685/32/2 3686/32/2 3687/32/2
f 3687/32/2 3686/32/2 3688/32/2
f 3689/21/2 3690/21/2 3691/21/2
f 3691/21/2 3690/21/2 3692/21/2
f 3693/23/2 3694/23/2 3695/23/2
f 3693/23/2 3695/23/2 3696/23/2
f 3696/23/2 3695/23/2 3697/23/2
f 3698/1/2 3699/1/2 3700/1/2
f 3700/1/2 3699/1/2 3701/1/2
f 3702/47/2 3703/47/2 3704/47/2
f 3704/47/2 3703/47/2 3705/47/2
f 3706/32/2 3707/32/2 3708/32/2
f 3708/32/2 3707/32/2 3709/32/2
f 3710/32/2 3711/32/2 3712/32/2
f 3712/32/2 3711/32/2 3713/32/2
f 3714/1/2 3715/1/2 3716/1/2
f 3716/1/2 3715/1/2 3717/1/2
f 3716/23/2 3717/23/2 3718/23/2
f 3718/23/2 3717/23/2 3719/23/2
f 3720/32/2 3721/32/2 3722/32/2
f 3722/32/2 3721/32/2 3723/32/2
f 3724/21/2 3725/21/2 3728/21/2
f 3728/21/2 3725/21/2 3729/21/2
f 3726/21/2 3727/21/2 3731/21/2
f 3731/21/2 3727/21/2 3732/21/2
f 3729/15/2 3730/15/2 3734/15/2
f 3734/15/2 3730/15/2 3735/15/2
f 3732/21/2 3733/21/2 3736/21/2
f 3736/21/2 3733/21/2 3737/21/2
f 3738/23/2 3739/23/2 3742/23/2
f 3742/23/2 3739/23/2 3743/23/2
f 3740/23/2 3741/23/2 3744/23/2
f 3744/23/2 3741/23/2 3745/23/2
f 3746/17/2 3747/17/2 3749/17/2
f 3747/23/2 3748/23/2 3750/23/2
f 3749/17/2 3747/17/2 3750/17/2
f 3750/23/2 3748/23/2 3751/23/2
f 3752/1/2 3753/1/2 3754/1/2
f 3754/1/2 3753/1/2 3755/1/2
f 3756/1/2 3757/1/2 3758/1/2
f 3758/1/2 3757/1/2 3759/1/2
f 3760/21/2 3761/21/2 3762/21/2
f 3762/21/2 3761/21/2 3763/21/2
f 3763/21/2 3761/21/2 3764/21/2
f 3764/21/2 3761/21/2 3765/21/2
f 3766/23/2 3767/23/2 3768/23/2
f 3768/23/2 3767/23/2 3769/23/2
f 3770/46/2 3771/46/2 3772/46/2
f 3772/46/2 3771/46/2 3773/46/2
f 3774/1/2 3775/1/2 3778/1/2
f 3778/1/2 3775/1/2 3779/1/2
f 3776/35/2 3777/35/2 3780/35/2
f 3780/35/2 3777/35/2 3781/35/2
f 3780/46/2 3781/46/2 3782/46/2
f 3782/46/2 3781/46/2 3783/46/2
f 3784/1/2 3785/1/2 3786/1/2
f 3786/1/2 3785/1/2 3787/1/2
f 3788/43/2 3789/43/2 3790/43/2
f 3790/43/2 3789/43/2 3791/43/2
f 3790/47/2 3791/47/2 3792/47/2
f 3792/47/2 3791/47/2 3793/47/2
f 3794/13/2 3795/13/2 3796/13/2
f 3796/13/2 3795/13/2 3797/13/2
f 3798/13/2 3799/13/2 3800/13/2
f 3800/13/2 3799/13/2 3801/13/2
f 3802/23/2 3803/23/2 3804/23/2
f 3804/1/2 3805/1/2 3806/1/2
f 3804/1/2 3806/1/2 3809/1/2
f 3807/1/2 3808/1/2 3809/1/2
f 3806/1/2 3807/1/2 3809/1/2
f 3809/1/2 3808/1/2 3810/1/2
f 3810/1/2 3808/1/2 3811/1/2
f 3804/1/2 3809/1/2 3812/1/2
f 3804/1/2 3812/1/2 3814/1/2
f 3812/1/2 3813/1/2 3814/1/2
f 3814/1/2 3813/1/2 3815/1/2
f 3804/1/2 3814/1/2 3816/1/2
f 3804/1/2 3816/1/2 3818/1/2
f 3816/1/2 3817/1/2 3818/1/2
f 3818/1/2 3817/1/2 3819/1/2
f 3804/1/2 3818/1/2 3820/1/2
f 3804/1/2 3820/1/2 3822/1/2
f 3820/1/2 3821/1/2 3822/1/2
f 3822/1/2 3821/1/2 3823/1/2
f 3804/1/2 3822/1/2 3824/1/2
f 3804/1/2 3824/1/2 3826/1/2
f 3824/1/2 3825/1/2 3826/1/2
f 3826/1/2 3825/1/2 3827/1/2
f 3802/23/2 3804/23/2 3828/23/2
f 3804/1/2 3826/1/2 3829/1/2
f 3828/23/2 3804/23/2 3829/23/2
f 3829/1/2 3826/1/2 3830/1/2
f 3831/1/2 3832/1/2 3833/1/2
f 3833/1/2 3832/1/2 3834/1/2
f 3835/46/2 3836/46/2 3837/46/2
f 3837/46/2 3836/46/2 3838/46/2
f 3839/8/2 3840/8/2 3841/8/2
f 3841/8/2 3840/8/2 3842/8/2
f 3843/1/2 3844/1/2 3845/1/2
f 3845/1/2 3844/1/2 3846/1/2
f 3846/1/2 3844/1/2 3847/1/2
f 3848/8/2 3849/8/2 3852/8/2
f 3852/8/2 3849/8/2 3853/8/2
f 3850/8/2 3851/8/2 3854/8/2
f 3854/8/2 3851/8/2 3855/8/2
f 3856/30/2 3857/30/2 3858/30/2
f 3858/30/2 3857/30/2 3859/30/2
f 3859/30/2 3857/30/2 3860/30/2
f 3860/30/2 3857/30/2 3861/30/2
f 3861/30/2 3857/30/2 3862/30/2
f 3862/30/2 3857/30/2 3863/30/2
f 3863/30/2 3857/30/2 3864/30/2
f 3864/30/2 3857/30/2 3865/30/2
f 3865/30/2 3857/30/2 3866/30/2
f 3867/47/2 3868/47/2 3869/47/2
f 3869/47/2 3868/47/2 3870/47/2
f 3870/47/2 3868/47/2 3871/47/2
f 3870/34/2 3871/34/2 3872/34/2
f 3872/34/2 3871/34/2 3873/34/2
f 3872/34/2 3873/34/2 3874/34/2
f 3874/34/2 3873/34/2 3875/34/2
f 3875/34/2 3873/34/2 3876/34/2
f 3877/13/2 3878/13/2 3879/13/2
f 3879/13/2 3878/13/2 3880/13/2
f 3881/8/2 3882/8/2 3883/8/2
f 3883/8/2 3882/8/2 3884/8/2
f 3885/47/2 3886/47/2 3887/47/2
f 3887/47/2 3886/47/2 3888/47/2
f 3887/34/2 3888/34/2 3889/34/2
f 3889/34/2 3888/34/2 3890/34/2
f 3890/34/2 3888/34/2 3891/34/2
f 3891/34/2 3888/34/2 3892/34/2
f 3892/34/2 3888/34/2 3893/34/2
f 3893/34/2 3888/34/2 3894/34/2
f 3894/34/2 3888/34/2 3895/34/2
f 3896/19/2 3897/19/2 3898/19/2
f 3898/19/2 3897/19/2 3899/19/2
f 3900/1/2 3901/1/2 3902/1/2
f 3902/1/2 3901/1/2 3903/1/2
f 3904/19/2 3905/19/2 3907/19/2
f 3907/19/2 3905/19/2 3908/19/2
f 3908/19/2 3905/19/2 3909/19/2
f 3906/18/2 3907/18/2 3910/18/2
f 3910/18/2 3907/18/2 3911/18/2
f 3912/45/2 3913/45/2 3914/45/2
f 3914/45/2 3913/45/2 3915/45/2
f 3916/19/2 3917/19/2 3919/19/2
f 3917/45/2 3918/45/2 3920/45/2
f 3919/19/2 3917/19/2 3920/19/2
f 3920/45/2 3918/45/2 3921/45/2
f 3920/48/2 3921/48/2 3922/48/2
f 3922/48/2 3921/48/2 3923/48/2
f 3924/36/2 3925/36/2 3926/36/2
f 3926/36/2 3925/36/2 3927/36/2
f 3928/36/2 3929/36/2 3930/36/2
f 3930/36/2 3929/36/2 3931/36/2
f 3932/19/2 3933/19/2 3934/19/2
f 3934/19/2 3933/19/2 3935/19/2
f 3936/34/2 3937/34/2 3938/34/2
f 3938/34/2 3937/34/2 3939/34/2
f 3940/34/2 3941/34/2 3942/34/2
f 3942/34/2 3941/34/2 3943/34/2
f 3944/36/2 3945/36/2 3946/36/2
f 3946/36/2 3945/36/2 3947/36/2
f 3948/36/2 3949/36/2 3950/36/2
f 3950/36/2 3949/36/2 3951/36/2
f 3952/36/2 3953/36/2 3954/36/2
f 3954/36/2 3953/36/2 3955/36/2
f 3956/36/2 3957/36/2 3958/36/2
f 3958/36/2 3957/36/2 3959/36/2
f 3960/34/2 3961/34/2 3963/34/2
f 3961/34/2 3962/34/2 3963/34/2
f 3960/34/2 3963/34/2 3964/34/2
f 3964/34/2 3963/34/2 3965/34/2
f 3965/34/2 3963/34/2 3966/34/2
f 3965/34/2 3966/34/2 3968/34/2
f 3968/34/2 3966/34/2 3969/34/2
f 3967/34/2 3968/34/2 3970/34/2
f 3968/34/2 3969/34/2 3970/34/2
f 3970/34/2 3969/34/2 3971/34/2
f 3971/34/2 3969/34/2 3973/34/2
f 3972/34/2 3973/34/2 3974/34/2
f 3973/34/2 3969/34/2 3975/34/2
f 3974/34/2 3973/34/2 3975/34/2
f 3976/45/2 3977/45/2 3980/45/2
f 3977/19/2 3978/19/2 3981/19/2
f 3980/45/2 3977/45/2 3981/45/2
f 3978/45/2 3979/45/2 3982/45/2
f 3981/19/2 3978/19/2 3982/19/2
f 3982/45/2 3979/45/2 3983/45/2
f 3984/26/2 3985/26/2 3986/26/2
f 3986/26/2 3985/26/2 3987/26/2
f 3988/36/2 3989/36/2 3990/36/2
f 3990/36/2 3989/36/2 3991/36/2
f 3992/45/2 3993/45/2 3994/45/2
f 3994/45/2 3993/45/2 3995/45/2
f 3996/23/2 3997/23/2 4000/23/2
f 3997/23/2 3998/23/2 4000/23/2
f 3998/1/2 3999/1/2 4001/1/2
f 4000/23/2 3998/23/2 4001/23/2
f 4000/1/2 4001/1/2 4002/1/2
f 4001/1/2 3999/1/2 4003/1/2
f 4002/1/2 4001/1/2 4003/1/2
f 4002/23/2 4003/23/2 4004/23/2
f 4004/23/2 4003/23/2 4005/23/2
f 4005/23/2 4003/23/2 4006/23/2
f 4003/1/2 3999/1/2 4007/1/2
f 4006/23/2 4003/23/2 4007/23/2
f 4005/1/2 4006/1/2 4008/1/2
f 4007/1/2 3999/1/2 4009/1/2
f 4004/14/2 4005/14/2 4010/14/2
f 4005/1/2 4008/1/2 4011/1/2
f 4010/14/2 4005/14/2 4011/14/2
f 4008/1/2 4009/1/2 4011/1/2
f 4011/1/2 4009/1/2 4013/1/2
f 4013/1/2 4009/1/2 4014/1/2
f 4012/14/2 4013/14/2 4015/14/2
f 4015/14/2 4013/14/2 4016/14/2
f 4014/1/2 4009/1/2 4017/1/2
f 4009/1/2 3999/1/2 4018/1/2
f 4017/1/2 4009/1/2 4018/1/2
f 4019/47/2 4020/47/2 4022/47/2
f 4020/34/2 4021/34/2 4023/34/2
f 4022/47/2 4020/47/2 4023/47/2
f 4022/34/2 4023/34/2 4024/34/2
f 4023/34/2 4021/34/2 4024/34/2
f 4024/34/2 4021/34/2 4025/34/2
f 4022/34/2 4024/34/2 4027/34/2
f 4027/34/2 4024/34/2 4028/34/2
f 4026/34/2 4027/34/2 4030/34/2
f 4028/34/2 4029/34/2 4030/34/2
f 4027/34/2 4028/34/2 4030/34/2
f 4030/34/2 4029/34/2 4031/34/2
f 4031/34/2 4029/34/2 4032/34/2
f 4032/34/2 4029/34/2 4033/34/2
f 4031/34/2 4032/34/2 4034/34/2
f 4031/34/2 4034/34/2 4037/34/2
f 4034/34/2 4035/34/2 4037/34/2
f 4036/45/2 4037/45/2 4038/45/2
f 4037/34/2 4035/34/2 4039/34/2
f 4038/45/2 4037/45/2 4039/45/2
f 4039/34/2 4035/34/2 4040/34/2
f 4040/34/2 4035/34/2 4041/34/2
f 4039/45/2 4040/45/2 4042/45/2
f 4042/45/2 4040/45/2 4043/45/2
f 4044/48/2 4045/48/2 4046/48/2
f 4046/48/2 4045/48/2 4047/48/2
f 4048/44/2 4049/44/2 4053/44/2
f 4049/11/2 4050/11/2 4054/11/2
f 4053/44/2 4049/44/2 4054/44/2
f 4050/11/2 4051/11/2 4054/11/2
f 4051/10/2 4052/10/2 4055/10/2
f 4054/11/2 4051/11/2 4055/11/2
f 4055/10/2 4052/10/2 4056/10/2
f 4057/48/2 4058/48/2 4059/48/2
f 4059/48/2 4058/48/2 4060/48/2
f 4061/44/2 4062/44/2 4063/44/2
f 4063/44/2 4062/44/2 4064/44/2
f 4065/48/2 4066/48/2 4067/48/2
f 4067/48/2 4066/48/2 4068/48/2
f 4068/48/2 4069/48/2 4070/48/2
f 4070/48/2 4069/48/2 4071/48/2
f 4072/1/2 4073/1/2 4074/1/2
f 4074/1/2 4073/1/2 4075/1/2
f 4076/48/2 4077/48/2 4078/48/2
f 4076/48/2 4078/48/2 4080/48/2
f 4078/48/2 4079/48/2 4080/48/2
f 4080/48/2 4079/48/2 4081/48/2
f 4081/48/2 4079/48/2 4082/48/2
f 4082/48/2 4079/48/2 4083/48/2
f 4084/44/2 4085/44/2 4086/44/2
f 4086/44/2 4085/44/2 4087/44/2
f 4087/11/2 4088/11/2 4090/11/2
f 4088/10/2 4089/10/2 4091/10/2
f 4090/11/2 4088/11/2 4091/11/2
f 4091/10/2 4089/10/2 4092/10/2
f 4092/10/2 4089/10/2 4093/10/2
f 4094/48/2 4095/48/2 4096/48/2
f 4096/48/2 4095/48/2 4097/48/2
f 4098/23/2 4099/23/2 4100/23/2
f 4100/23/2 4099/23/2 4101/23/2
f 4102/23/2 4103/23/2 4104/23/2
f 4102/23/2 4104/23/2 4106/23/2
f 4106/23/2 4104/23/2 4107/23/2
f 4105/23/2 4106/23/2 4108/23/2
f 4109/1/2 4110/1/2 4111/1/2
f 4111/1/2 4110/1/2 4112/1/2
f 4105/23/2 4108/23/2 4113/23/2
f 4105/23/2 4113/23/2 4115/23/2
f 4113/23/2 4114/23/2 4115/23/2
f 4115/23/2 4114/23/2 4116/23/2
f 4116/23/2 4114/23/2 4117/23/2
f 4117/23/2 4118/23/2 4119/23/2
f 4116/23/2 4117/23/2 4119/23/2
f 4119/23/2 4118/23/2 4120/23/2
f 4121/1/2 4122/1/2 4123/1/2
f 4123/1/2 4122/1/2 4124/1/2
f 4125/30/2 4126/30/2 4128/30/2
f 4126/1/2 4127/1/2 4129/1/2
f 4128/30/2 4126/30/2 4129/30/2
f 4129/1/2 4127/1/2 4130/1/2
f 4129/30/2 4130/30/2 4131/30/2
f 4130/1/2 4127/1/2 4132/1/2
f 4131/30/2 4130/30/2 4132/30/2
f 4132/1/2 4127/1/2 4133/1/2
f 4132/30/2 4133/30/2 4134/30/2
f 4133/1/2 4127/1/2 4135/1/2
f 4134/30/2 4133/30/2 4135/30/2
f 4135/1/2 4127/1/2 4136/1/2
f 4135/30/2 4136/30/2 4137/30/2
f 4136/1/2 4127/1/2 4138/1/2
f 4137/30/2 4136/30/2 4138/30/2
f 4138/1/2 4127/1/2 4139/1/2
f 4139/1/2 4127/1/2 4140/1/2
f 4138/30/2 4139/30/2 4141/30/2
f 4139/1/2 4140/1/2 4142/1/2
f 4141/30/2 4139/30/2 4142/30/2
f 4142/1/2 4140/1/2 4143/1/2
f 4142/30/2 4143/30/2 4144/30/2
f 4143/1/2 4140/1/2 4145/1/2
f 4144/30/2 4143/30/2 4145/30/2
f 4145/1/2 4140/1/2 4146/1/2
f 4145/30/2 4146/30/2 4147/30/2
f 4146/1/2 4140/1/2 4148/1/2
f 4147/30/2 4146/30/2 4148/30/2
f 4148/1/2 4140/1/2 4149/1/2
f 4148/30/2 4149/30/2 4150/30/2
f 4149/1/2 4140/1/2 4151/1/2
f 4150/30/2 4149/30/2 4151/30/2
f 4151/1/2 4140/1/2 4152/1/2
f 4151/30/2 4152/30/2 4153/30/2
f 4153/30/2 4152/30/2 4154/30/2
f 4155/13/2 4156/13/2 4157/13/2
f 4157/13/2 4156/13/2 4158/13/2
f 4159/13/2 4160/13/2 4161/13/2
f 4161/13/2 4160/13/2 4162/13/2
f 4163/48/2 4164/48/2 4165/48/2
f 4165/48/2 4164/48/2 4166/48/2
f 4166/48/2 4164/48/2 4167/48/2
f 4168/23/2 4169/23/2 4170/23/2
f 4170/23/2 4169/23/2 4171/23/2
f 4163/48/2 4165/48/2 4172/48/2
f 4163/48/2 4172/48/2 4177/48/2
f 4172/48/2 4173/48/2 4177/48/2
f 4173/48/2 4174/48/2 4177/48/2
f 4177/48/2 4174/48/2 4178/48/2
f 4175/23/2 4176/23/2 4179/23/2
f 4175/23/2 4179/23/2 4180/23/2
f 4175/23/2 4180/23/2 4181/23/2
f 4175/23/2 4181/23/2 4182/23/2
f 4182/23/2 4181/23/2 4183/23/2
f 4183/23/2 4184/23/2 4185/23/2
f 4185/23/2 4184/23/2 4186/23/2
f 4187/46/2 4188/46/2 4189/46/2
f 4189/46/2 4188/46/2 4190/46/2
f 4190/46/2 4188/46/2 4191/46/2
f 4191/46/2 4188/46/2 4192/46/2
f 4187/46/2 4189/46/2 4193/46/2
f 4189/35/2 4190/35/2 4193/35/2
f 4190/46/2 4191/46/2 4194/46/2
f 4193/35/2 4190/35/2 4194/35/2
f 4194/46/2 4191/46/2 4195/46/2
f 4195/46/2 4191/46/2 4196/46/2
f 4191/35/2 4192/35/2 4197/35/2
f 4196/46/2 4191/46/2 4197/46/2
f 4192/46/2 4188/46/2 4198/46/2
f 4197/35/2 4192/35/2 4198/35/2
f 4195/46/2 4196/46/2 4201/46/2
f 4194/35/2 4195/35/2 4201/35/2
f 4196/35/2 4197/35/2 4202/35/2
f 4201/46/2 4196/46/2 4202/46/2
f 4197/46/2 4198/46/2 4203/46/2
f 4202/35/2 4197/35/2 4203/35/2
f 4199/1/2 4200/1/2 4205/1/2
f 4205/1/2 4200/1/2 4206/1/2
f 4204/48/2 4205/48/2 4207/48/2
f 4205/48/2 4206/48/2 4207/48/2
f 4207/48/2 4206/48/2 4208/48/2
f 4187/46/2 4193/46/2 4209/46/2
f 4193/46/2 4194/46/2 4209/46/2
f 4194/35/2 4201/35/2 4210/35/2
f 4209/46/2 4194/46/2 4210/46/2
f 4201/35/2 4202/35/2 4210/35/2
f 4210/35/2 4202/35/2 4211/35/2
f 4187/46/2 4209/46/2 4212/46/2
f 4209/35/2 4210/35/2 4212/35/2
f 4210/46/2 4211/46/2 4213/46/2
f 4212/35/2 4210/35/2 4213/35/2
f 4211/35/2 4202/35/2 4214/35/2
f 4213/46/2 4211/46/2 4214/46/2
f 4202/46/2 4203/46/2 4215/46/2
f 4214/35/2 4202/35/2 4215/35/2
f 4203/46/2 4198/46/2 4216/46/2
f 4215/46/2 4203/46/2 4216/46/2
f 4212/46/2 4213/46/2 4217/46/2
f 4214/46/2 4215/46/2 4217/46/2
f 4215/35/2 4216/35/2 4217/35/2
f 4213/46/2 4214/46/2 4217/46/2
f 4216/46/2 4198/46/2 4218/46/2
f 4217/35/2 4216/35/2 4218/35/2
f 4212/46/2 4217/46/2 4219/46/2
f 4187/46/2 4212/46/2 4219/46/2
f 4217/46/2 4218/46/2 4219/46/2
f 4218/46/2 4198/46/2 4220/46/2
f 4219/46/2 4218/46/2 4220/46/2
f 4198/46/2 4188/46/2 4220/46/2
f 4187/46/2 4219/46/2 4221/46/2
f 4219/35/2 4220/35/2 4221/35/2
f 4220/46/2 4188/46/2 4222/46/2
f 4221/35/2 4220/35/2 4222/35/2
f 4221/46/2 4222/46/2 4223/46/2
f 4223/46/2 4222/46/2 4224/46/2
f 4221/46/2 4223/46/2 4225/46/2
f 4223/35/2 4224/35/2 4225/35/2
f 4224/46/2 4222/46/2 4226/46/2
f 4225/35/2 4224/35/2 4226/35/2
f 4225/46/2 4226/46/2 4227/46/2
f 4227/46/2 4226/46/2 4228/46/2
f 4225/46/2 4227/46/2 4229/46/2
f 4227/35/2 4228/35/2 4229/35/2
f 4228/46/2 4226/46/2 4230/46/2
f 4229/35/2 4228/35/2 4230/35/2
f 4230/46/2 4226/46/2 4231/46/2
f 4226/46/2 4222/46/2 4232/46/2
f 4231/46/2 4226/46/2 4232/46/2
f 4222/46/2 4188/46/2 4233/46/2
f 4232/46/2 4222/46/2 4233/46/2
f 4230/35/2 4231/35/2 4234/35/2
f 4229/46/2 4230/46/2 4234/46/2
f 4231/46/2 4232/46/2 4235/46/2
f 4234/35/2 4231/35/2 4235/35/2
f 4232/35/2 4233/35/2 4236/35/2
f 4235/46/2 4232/46/2 4236/46/2
f 4233/46/2 4188/46/2 4237/46/2
f 4236/35/2 4233/35/2 4237/35/2
f 4237/46/2 4188/46/2 4238/46/2
f 4187/46/2 4221/46/2 4239/46/2
f 4229/46/2 4234/46/2 4239/46/2
f 4221/46/2 4225/46/2 4239/46/2
f 4236/46/2 4237/46/2 4239/46/2
f 4234/46/2 4235/46/2 4239/46/2
f 4225/46/2 4229/46/2 4239/46/2
f 4235/46/2 4236/46/2 4239/46/2
f 4237/35/2 4238/35/2 4240/35/2
f 4239/46/2 4237/46/2 4240/46/2
f 4187/46/2 4239/46/2 4243/46/2
f 4239/35/2 4240/35/2 4243/35/2
f 4240/35/2 4238/35/2 4244/35/2
f 4243/35/2 4240/35/2 4244/35/2
f 4241/48/2 4242/48/2 4246/48/2
f 4187/46/2 4243/46/2 4247/46/2
f 4243/46/2 4244/46/2 4247/46/2
f 4247/46/2 4244/46/2 4248/46/2
f 4245/48/2 4246/48/2 4249/48/2
f 4246/48/2 4242/48/2 4250/48/2
f 4249/48/2 4246/48/2 4250/48/2
f 4251/48/2 4252/48/2 4253/48/2
f 4253/48/2 4252/48/2 4254/48/2
f 4255/33/2 4256/33/2 4257/33/2
f 4257/33/2 4256/33/2 4258/33/2
f 4251/48/2 4253/48/2 4259/48/2
f 4254/48/2 4252/48/2 4260/48/2
f 4251/48/2 4259/48/2 4261/48/2
f 4259/48/2 4260/48/2 4261/48/2
f 4260/48/2 4252/48/2 4262/48/2
f 4261/48/2 4260/48/2 4262/48/2
f 4263/33/2 4264/33/2 4265/33/2
f 4265/33/2 4264/33/2 4266/33/2
f 4267/33/2 4268/33/2 4269/33/2
f 4269/33/2 4268/33/2 4270/33/2
f 4271/33/2 4272/33/2 4273/33/2
f 4273/33/2 4272/33/2 4274/33/2
f 4275/8/2 4276/8/2 4277/8/2
f 4277/8/2 4276/8/2 4278/8/2
f 4279/33/2 4280/33/2 4281/33/2
f 4281/33/2 4280/33/2 4282/33/2
f 4283/33/2 4284/33/2 4285/33/2
f 4285/33/2 4284/33/2 4286/33/2
f 4287/8/2 4288/8/2 4291/8/2
f 4291/8/2 4288/8/2 4292/8/2
f 4289/8/2 4290/8/2 4293/8/2
f 4293/8/2 4290/8/2 4294/8/2
f 4295/33/2 4296/33/2 4297/33/2
f 4297/33/2 4296/33/2 4298/33/2
f 4299/33/2 4300/33/2 4301/33/2
f 4301/33/2 4300/33/2 4302/33/2
f 4303/33/2 4304/33/2 4305/33/2
f 4305/33/2 4304/33/2 4306/33/2
f 4307/23/2 4308/23/2 4309/23/2
f 4309/23/2 4308/23/2 4310/23/2
f 4311/8/2 4312/8/2 4313/8/2
f 4313/8/2 4312/8/2 4314/8/2
f 4315/33/2 4316/33/2 4317/33/2
f 4317/33/2 4316/33/2 4318/33/2
f 4319/33/2 4320/33/2 4321/33/2
f 4321/33/2 4320/33/2 4322/33/2
f 4323/33/2 4324/33/2 4325/33/2
f 4325/33/2 4324/33/2 4326/33/2
f 4327/33/2 4328/33/2 4329/33/2
f 4329/33/2 4328/33/2 4330/33/2
f 4331/23/2 4332/23/2 4333/23/2
f 4333/23/2 4332/23/2 4334/23/2
f 4335/1/2 4336/1/2 4337/1/2
f 4337/1/2 4336/1/2 4338/1/2
f 4339/33/2 4340/33/2 4341/33/2
f 4341/33/2 4340/33/2 4342/33/2
f 4343/33/2 4344/33/2 4345/33/2
f 4345/33/2 4344/33/2 4346/33/2
f 4348/4/2 4349/4/2 4351/4/2
f 4351/4/2 4349/4/2 4352/4/2
f 4348/4/2 4351/4/2 4353/4/2
f 4351/46/2 4352/46/2 4353/46/2
f 4352/4/2 4349/4/2 4354/4/2
f 4353/46/2 4352/46/2 4354/46/2
f 4354/4/2 4349/4/2 4355/4/2
f 4355/4/2 4349/4/2 4356/4/2
f 4347/14/2 4348/14/2 4357/14/2
f 4348/4/2 4353/4/2 4357/4/2
f 4353/4/2 4354/4/2 4357/4/2
f 4354/4/2 4355/4/2 4357/4/2
f 4355/46/2 4356/46/2 4358/46/2
f 4357/4/2 4355/4/2 4358/4/2
f 4356/4/2 4349/4/2 4359/4/2
f 4358/46/2 4356/46/2 4359/46/2
f 4349/14/2 4350/14/2 4360/14/2
f 4359/4/2 4349/4/2 4360/4/2
f 4347/14/2 4357/14/2 4361/14/2
f 4361/14/2 4357/14/2 4362/14/2
f 4360/14/2 4350/14/2 4364/14/2
f 4363/23/2 4364/23/2 4365/23/2
f 4364/14/2 4350/14/2 4366/14/2
f 4365/23/2 4364/23/2 4366/23/2
f 4367/47/2 4368/47/2 4369/47/2
f 4369/47/2 4368/47/2 4370/47/2
f 4366/14/2 4350/14/2 4372/14/2
f 4371/33/2 4372/33/2 4373/33/2
f 4372/14/2 4350/14/2 4374/14/2
f 4373/33/2 4372/33/2 4374/33/2
f 4374/14/2 4350/14/2 4376/14/2
f 4375/33/2 4376/33/2 4377/33/2
f 4376/14/2 4350/14/2 4378/14/2
f 4377/33/2 4376/33/2 4378/33/2
f 4378/14/2 4350/14/2 4380/14/2
f 4379/33/2 4380/33/2 4381/33/2
f 4380/14/2 4350/14/2 4382/14/2
f 4381/33/2 4380/33/2 4382/33/2
f 4382/14/2 4350/14/2 4384/14/2
f 4383/33/2 4384/33/2 4385/33/2
f 4384/14/2 4350/14/2 4386/14/2
f 4385/33/2 4384/33/2 4386/33/2
f 4386/14/2 4350/14/2 4387/14/2
f 4387/14/2 4350/14/2 4388/14/2
f 4388/14/2 4350/14/2 4390/14/2
f 4389/13/2 4390/13/2 4392/13/2
f 4390/14/2 4350/14/2 4393/14/2
f 4392/13/2 4390/13/2 4393/13/2
f 4391/15/2 4392/15/2 4394/15/2
f 4392/14/2 4393/14/2 4395/14/2
f 4394/15/2 4392/15/2 4395/15/2
f 4393/14/2 4350/14/2 4396/14/2
f 4395/14/2 4393/14/2 4396/14/2
f 4396/14/2 4350/14/2 4397/14/2
f 4397/14/2 4350/14/2 4398/14/2
f 4395/15/2 4396/15/2 4399/15/2
f 4396/14/2 4397/14/2 4400/14/2
f 4399/15/2 4396/15/2 4400/15/2
f 4400/14/2 4397/14/2 4401/14/2
f 4400/15/2 4401/15/2 4402/15/2
f 4402/15/2 4401/15/2 4403/15/2
f 4407/4/3 4405/4/3 4404/4/3
f 4408/4/3 4405/4/3 4407/4/3
f 4411/43/3 4410/43/3 4409/43/3
f 4412/43/3 4410/43/3 4411/43/3
f 4413/1/3 4408/1/3 4407/1/3
f 4413/4/3 4405/4/3 4408/4/3
f 4414/1/3 4406/1/3 4405/1/3
f 4414/4/3 4405/4/3 4413/4/3
f 4415/1/3 4406/1/3 4414/1/3
f 4416/34/3 4412/34/3 4411/34/3
f 4417/1/3 4413/1/3 4407/1/3
f 4417/1/3 4414/1/3 4413/1/3
f 4418/37/3 4416/37/3 4415/37/3
f 4418/1/3 4414/1/3 4417/1/3
f 4418/37/3 4415/37/3 4414/37/3
f 4419/34/3 4412/34/3 4416/34/3
f 4419/37/3 4416/37/3 4418/37/3
f 4420/34/3 4412/34/3 4419/34/3
f 4421/34/3 4412/34/3 4420/34/3
f 4422/43/3 4421/43/3 4420/43/3
f 4423/43/3 4421/43/3 4422/43/3
f 4424/34/3 4423/34/3 4422/34/3
f 4425/34/3 4423/34/3 4424/34/3
f 4426/43/3 4425/43/3 4424/43/3
f 4427/43/3 4425/43/3 4426/43/3
f 4428/34/3 4427/34/3 4426/34/3
f 4429/34/3 4427/34/3 4428/34/3
f 4430/43/3 4429/43/3 4428/43/3
f 4431/43/3 4429/43/3 4430/43/3
f 4432/34/3 4431/34/3 4430/34/3
f 4433/34/3 4431/34/3 4432/34/3
f 4434/43/3 4433/43/3 4432/43/3
f 4435/43/3 4433/43/3 4434/43/3
f 4436/34/3 4435/34/3 4434/34/3
f 4437/34/3 4435/34/3 4436/34/3
f 4438/43/3 4437/43/3 4436/43/3
f 4439/43/3 4437/43/3 4438/43/3
f 4440/1/3 4417/1/3 4407/1/3
f 4440/4/3 4418/4/3 4417/4/3
f 4441/4/3 4418/4/3 4440/4/3
f 4442/34/3 4439/34/3 4438/34/3
f 4443/1/3 4441/1/3 4440/1/3
f 4443/1/3 4440/1/3 4407/1/3
f 4444/37/3 4442/37/3 4441/37/3
f 4444/1/3 4441/1/3 4443/1/3
f 4445/37/3 4442/37/3 4444/37/3
f 4446/34/3 4439/34/3 4442/34/3
f 4446/37/3 4442/37/3 4445/37/3
f 4447/34/3 4439/34/3 4446/34/3
f 4448/34/3 4439/34/3 4447/34/3
f 4449/43/3 4448/43/3 4447/43/3
f 4450/43/3 4448/43/3 4449/43/3
f 4451/1/3 4443/1/3 4407/1/3
f 4451/4/3 4444/4/3 4443/4/3
f 4452/1/3 4445/1/3 4444/1/3
f 4452/4/3 4444/4/3 4451/4/3
f 4453/1/3 4451/1/3 4407/1/3
f 4453/1/3 4452/1/3 4451/1/3
f 4454/1/3 4445/1/3 4452/1/3
f 4454/1/3 4452/1/3 4453/1/3
f 4455/14/3 4454/14/3 4453/14/3
f 4456/14/3 4454/14/3 4455/14/3
f 4459/37/3 4458/37/3 4457/37/3
f 4460/37/3 4458/37/3 4459/37/3
f 4463/34/3 4462/34/3 4461/34/3
f 4464/34/3 4462/34/3 4463/34/3
f 4465/34/3 4462/34/3 4464/34/3
f 4466/43/3 4465/43/3 4464/43/3
f 4467/43/3 4465/43/3 4466/43/3
f 4468/34/3 4467/34/3 4466/34/3
f 4469/34/3 4467/34/3 4468/34/3
f 4472/46/3 4471/46/3 4470/46/3
f 4473/46/3 4471/46/3 4472/46/3
f 4476/4/3 4475/4/3 4474/4/3
f 4477/4/3 4475/4/3 4476/4/3
f 4481/1/3 4479/1/3 4478/1/3
f 4482/4/3 4480/4/3 4479/4/3
f 4482/1/3 4479/1/3 4481/1/3
f 4483/4/3 4480/4/3 4482/4/3
f 4486/48/3 4485/48/3 4484/48/3
f 4487/48/3 4485/48/3 4486/48/3
f 4490/48/3 4489/48/3 4488/48/3
f 4491/48/3 4489/48/3 4490/48/3
f 4494/48/3 4493/48/3 4492/48/3
f 4495/48/3 4493/48/3 4494/48/3
f 4498/35/3 4497/35/3 4496/35/3
f 4499/35/3 4497/35/3 4498/35/3
f 4500/29/3 4499/29/3 4498/29/3
f 4501/29/3 4499/29/3 4500/29/3
f 4502/35/3 4501/35/3 4500/35/3
f 4503/35/3 4501/35/3 4502/35/3
f 4506/46/3 4505/46/3 4504/46/3
f 4507/46/3 4505/46/3 4506/46/3
f 4510/35/3 4509/35/3 4508/35/3
f 4511/35/3 4509/35/3 4510/35/3
f 4512/29/3 4511/29/3 4510/29/3
f 4513/29/3 4511/29/3 4512/29/3
f 4514/35/3 4513/35/3 4512/35/3
f 4515/35/3 4513/35/3 4514/35/3
f 4516/29/3 4515/29/3 4514/29/3
f 4517/29/3 4515/29/3 4516/29/3
f 4518/35/3 4517/35/3 4516/35/3
f 4519/35/3 4517/35/3 4518/35/3
f 4520/29/3 4519/29/3 4518/29/3
f 4521/29/3 4519/29/3 4520/29/3
f 4522/35/3 4521/35/3 4520/35/3
f 4523/35/3 4521/35/3 4522/35/3
f 4524/29/3 4523/29/3 4522/29/3
f 4525/29/3 4523/29/3 4524/29/3
f 4526/35/3 4525/35/3 4524/35/3
f 4527/35/3 4525/35/3 4526/35/3
f 4528/29/3 4527/29/3 4526/29/3
f 4529/29/3 4527/29/3 4528/29/3
f 4530/35/3 4529/35/3 4528/35/3
f 4531/35/3 4529/35/3 4530/35/3
f 4532/29/3 4531/29/3 4530/29/3
f 4533/29/3 4531/29/3 4532/29/3
f 4534/35/3 4533/35/3 4532/35/3
f 4535/35/3 4533/35/3 4534/35/3
f 4536/29/3 4535/29/3 4534/29/3
f 4537/29/3 4535/29/3 4536/29/3
f 4544/20/3 4541/20/3 4540/20/3
f 4545/20/3 4543/20/3 4542/20/3
f 4546/20/3 4539/20/3 4538/20/3
f 4547/20/3 4539/20/3 4546/20/3
f 4548/20/3 4545/20/3 4544/20/3
f 4548/20/3 4544/20/3 4540/20/3
f 4549/20/3 4543/20/3 4545/20/3
f 4549/20/3 4545/20/3 4548/20/3
f 4551/35/3 4537/35/3 4536/35/3
f 4552/35/3 4537/35/3 4551/35/3
f 4553/35/3 4551/35/3 4550/35/3
f 4554/35/3 4551/35/3 4553/35/3
f 4557/35/3 4556/35/3 4555/35/3
f 4558/35/3 4556/35/3 4557/35/3
f 4559/29/3 4558/29/3 4557/29/3
f 4560/29/3 4558/29/3 4559/29/3
f 4561/29/3 4558/29/3 4560/29/3
f 4562/35/3 4561/35/3 4560/35/3
f 4563/35/3 4561/35/3 4562/35/3
f 4564/29/3 4563/29/3 4562/29/3
f 4565/29/3 4563/29/3 4564/29/3
f 4566/29/3 4563/29/3 4565/29/3
f 4567/35/3 4566/35/3 4565/35/3
f 4568/35/3 4566/35/3 4567/35/3
f 4569/35/3 4566/35/3 4568/35/3
f 4572/29/3 4569/29/3 4568/29/3
f 4573/29/3 4569/29/3 4572/29/3
f 4574/48/3 4571/48/3 4570/48/3
f 4576/35/3 4573/35/3 4572/35/3
f 4577/35/3 4573/35/3 4576/35/3
f 4578/48/3 4575/48/3 4574/48/3
f 4578/48/3 4574/48/3 4570/48/3
f 4579/48/3 4575/48/3 4578/48/3
f 4581/29/3 4577/29/3 4576/29/3
f 4582/29/3 4577/29/3 4581/29/3
f 4583/24/3 4580/24/3 4579/24/3
f 4584/24/3 4580/24/3 4583/24/3
f 4585/35/3 4582/35/3 4581/35/3
f 4586/35/3 4582/35/3 4585/35/3
f 4587/24/3 4580/24/3 4584/24/3
f 4588/24/3 4580/24/3 4587/24/3
f 4589/29/3 4586/29/3 4585/29/3
f 4592/29/3 4586/29/3 4589/29/3
f 4593/29/3 4586/29/3 4592/29/3
f 4594/48/3 4591/48/3 4590/48/3
f 4598/48/3 4594/48/3 4590/48/3
f 4598/48/3 4595/48/3 4594/48/3
f 4599/48/3 4595/48/3 4598/48/3
f 4600/24/3 4597/24/3 4596/24/3
f 4601/24/3 4600/24/3 4599/24/3
f 4602/24/3 4597/24/3 4600/24/3
f 4602/24/3 4600/24/3 4601/24/3
f 4607/24/3 4604/24/3 4603/24/3
f 4608/24/3 4604/24/3 4607/24/3
f 4609/24/3 4606/24/3 4605/24/3
f 4610/24/3 4606/24/3 4609/24/3
f 4611/35/3 4593/35/3 4592/35/3
f 4612/35/3 4593/35/3 4611/35/3
f 4613/29/3 4612/29/3 4611/29/3
f 4614/29/3 4612/29/3 4613/29/3
f 4615/35/3 4614/35/3 4613/35/3
f 4616/35/3 4614/35/3 4615/35/3
f 4617/29/3 4616/29/3 4615/29/3
f 4618/29/3 4616/29/3 4617/29/3
f 4619/35/3 4618/35/3 4617/35/3
f 4620/35/3 4618/35/3 4619/35/3
f 4621/29/3 4620/29/3 4619/29/3
f 4622/29/3 4620/29/3 4621/29/3
f 4623/35/3 4622/35/3 4621/35/3
f 4624/35/3 4622/35/3 4623/35/3
f 4625/35/3 4622/35/3 4624/35/3
f 4626/29/3 4625/29/3 4624/29/3
f 4627/29/3 4625/29/3 4626/29/3
f 4628/29/3 4625/29/3 4627/29/3
f 4629/35/3 4628/35/3 4627/35/3
f 4630/35/3 4628/35/3 4629/35/3
f 4631/29/3 4630/29/3 4629/29/3
f 4632/29/3 4630/29/3 4631/29/3
f 4634/35/3 4632/35/3 4631/35/3
f 4635/35/3 4632/35/3 4634/35/3
f 4636/35/3 4634/35/3 4633/35/3
f 4637/35/3 4634/35/3 4636/35/3
f 4640/35/3 4639/35/3 4638/35/3
f 4641/35/3 4639/35/3 4640/35/3
f 4642/35/3 4639/35/3 4641/35/3
f 4643/29/3 4642/29/3 4641/29/3
f 4644/29/3 4642/29/3 4643/29/3
f 4645/29/3 4642/29/3 4644/29/3
f 4646/35/3 4645/35/3 4644/35/3
f 4647/35/3 4645/35/3 4646/35/3
f 4648/35/3 4645/35/3 4647/35/3
f 4649/35/3 4648/35/3 4647/35/3
f 4650/35/3 4648/35/3 4649/35/3
f 4653/29/3 4650/29/3 4649/29/3
f 4654/29/3 4650/29/3 4653/29/3
f 4655/24/3 4652/24/3 4651/24/3
f 4656/29/3 4654/29/3 4653/29/3
f 4657/29/3 4654/29/3 4656/29/3
f 4659/24/3 4652/24/3 4655/24/3
f 4660/29/3 4654/29/3 4657/29/3
f 4661/29/3 4654/29/3 4660/29/3
f 4662/35/3 4661/35/3 4660/35/3
f 4663/35/3 4662/35/3 4660/35/3
f 4664/24/3 4659/24/3 4658/24/3
f 4665/24/3 4652/24/3 4659/24/3
f 4665/24/3 4659/24/3 4664/24/3
f 4666/35/3 4662/35/3 4663/35/3
f 4667/24/3 4652/24/3 4665/24/3
f 4669/24/3 4667/24/3 4665/24/3
f 4669/24/3 4668/24/3 4667/24/3
f 4670/24/3 4668/24/3 4669/24/3
f 4671/24/3 4668/24/3 4670/24/3
f 4672/24/3 4668/24/3 4671/24/3
f 4673/24/3 4670/24/3 4669/24/3
f 4674/24/3 4670/24/3 4673/24/3
f 4675/24/3 4672/24/3 4671/24/3
f 4676/24/3 4672/24/3 4675/24/3
f 4677/18/3 4675/18/3 4674/18/3
f 4678/18/3 4675/18/3 4677/18/3
f 4679/35/3 4666/35/3 4663/35/3
f 4680/35/3 4666/35/3 4679/35/3
f 4681/29/3 4680/29/3 4679/29/3
f 4682/29/3 4680/29/3 4681/29/3
f 4683/35/3 4682/35/3 4681/35/3
f 4684/35/3 4682/35/3 4683/35/3
f 4685/29/3 4684/29/3 4683/29/3
f 4686/29/3 4684/29/3 4685/29/3
f 4687/35/3 4686/35/3 4685/35/3
f 4688/35/3 4686/35/3 4687/35/3
f 4689/29/3 4688/29/3 4687/29/3
f 4690/29/3 4688/29/3 4689/29/3
f 4691/35/3 4690/35/3 4689/35/3
f 4692/35/3 4690/35/3 4691/35/3
f 4693/35/3 4690/35/3 4692/35/3
f 4701/29/3 4693/29/3 4692/29/3
f 4702/29/3 4693/29/3 4701/29/3
f 4703/48/3 4700/48/3 4699/48/3
f 4703/20/3 4699/20/3 4698/20/3
f 4704/48/3 4700/48/3 4703/48/3
f 4705/20/3 4695/20/3 4694/20/3
f 4706/20/3 4695/20/3 4705/20/3
f 4707/20/3 4697/20/3 4696/20/3
f 4708/20/3 4697/20/3 4707/20/3
f 4709/20/3 4703/20/3 4698/20/3
f 4710/20/3 4703/20/3 4709/20/3
f 4711/35/3 4702/35/3 4701/35/3
f 4712/35/3 4702/35/3 4711/35/3
f 4713/29/3 4712/29/3 4711/29/3
f 4714/29/3 4712/29/3 4713/29/3
f 4715/29/3 4712/29/3 4714/29/3
f 4717/35/3 4715/35/3 4714/35/3
f 4718/35/3 4715/35/3 4717/35/3
f 4719/35/3 4717/35/3 4716/35/3
f 4720/35/3 4717/35/3 4719/35/3
f 4723/30/3 4722/30/3 4721/30/3
f 4724/30/3 4722/30/3 4723/30/3
f 4727/35/3 4726/35/3 4725/35/3
f 4728/35/3 4726/35/3 4727/35/3
f 4729/29/3 4728/29/3 4727/29/3
f 4730/29/3 4728/29/3 4729/29/3
f 4731/29/3 4728/29/3 4730/29/3
f 4732/29/3 4728/29/3 4731/29/3
f 4733/35/3 4732/35/3 4731/35/3
f 4734/35/3 4732/35/3 4733/35/3
f 4737/29/3 4734/29/3 4733/29/3
f 4738/29/3 4734/29/3 4737/29/3
f 4739/48/3 4736/48/3 4735/48/3
f 4740/48/3 4736/48/3 4739/48/3
f 4742/48/3 4741/48/3 4740/48/3
f 4743/48/3 4741/48/3 4742/48/3
f 4745/35/3 4738/35/3 4737/35/3
f 4746/48/3 4744/48/3 4743/48/3
f 4747/48/3 4744/48/3 4746/48/3
f 4748/35/3 4738/35/3 4745/35/3
f 4749/35/3 4738/35/3 4748/35/3
f 4750/29/3 4749/29/3 4748/29/3
f 4751/29/3 4749/29/3 4750/29/3
f 4754/35/3 4751/35/3 4750/35/3
f 4755/48/3 4753/48/3 4752/48/3
f 4756/48/3 4753/48/3 4755/48/3
f 4760/35/3 4751/35/3 4754/35/3
f 4761/48/3 4759/48/3 4758/48/3
f 4761/48/3 4758/48/3 4757/48/3
f 4762/48/3 4759/48/3 4761/48/3
f 4763/48/3 4759/48/3 4762/48/3
f 4764/35/3 4760/35/3 4754/35/3
f 4764/48/3 4761/48/3 4760/48/3
f 4764/48/3 4762/48/3 4761/48/3
f 4765/48/3 4762/48/3 4764/48/3
f 4766/35/3 4764/35/3 4754/35/3
f 4767/35/3 4764/35/3 4766/35/3
f 4768/29/3 4767/29/3 4766/29/3
f 4769/29/3 4767/29/3 4768/29/3
f 4770/35/3 4769/35/3 4768/35/3
f 4771/35/3 4769/35/3 4770/35/3
f 4772/29/3 4771/29/3 4770/29/3
f 4773/29/3 4771/29/3 4772/29/3
f 4774/35/3 4773/35/3 4772/35/3
f 4775/35/3 4773/35/3 4774/35/3
f 4776/29/3 4775/29/3 4774/29/3
f 4777/29/3 4775/29/3 4776/29/3
f 4778/29/3 4775/29/3 4777/29/3
f 4779/35/3 4778/35/3 4777/35/3
f 4780/35/3 4778/35/3 4779/35/3
f 4785/29/3 4780/29/3 4779/29/3
f 4786/29/3 4780/29/3 4785/29/3
f 4787/48/3 4782/48/3 4781/48/3
f 4788/48/3 4782/48/3 4787/48/3
f 4789/20/3 4784/20/3 4783/20/3
f 4790/20/3 4784/20/3 4789/20/3
f 4791/35/3 4786/35/3 4785/35/3
f 4792/35/3 4786/35/3 4791/35/3
f 4793/35/3 4786/35/3 4792/35/3
f 4794/29/3 4793/29/3 4792/29/3
f 4795/29/3 4793/29/3 4794/29/3
f 4796/29/3 4793/29/3 4795/29/3
f 4798/35/3 4796/35/3 4795/35/3
f 4799/35/3 4796/35/3 4798/35/3
f 4800/35/3 4798/35/3 4797/35/3
f 4801/35/3 4798/35/3 4800/35/3
f 4807/26/3 4803/26/3 4802/26/3
f 4808/26/3 4803/26/3 4807/26/3
f 4809/27/3 4804/27/3 4803/27/3
f 4809/26/3 4803/26/3 4808/26/3
f 4810/26/3 4805/26/3 4804/26/3
f 4810/27/3 4804/27/3 4809/27/3
f 4811/26/3 4805/26/3 4810/26/3
f 4812/27/3 4808/27/3 4807/27/3
f 4812/26/3 4807/26/3 4802/26/3
f 4813/26/3 4809/26/3 4808/26/3
f 4813/27/3 4808/27/3 4812/27/3
f 4813/26/3 4810/26/3 4809/26/3
f 4814/26/3 4810/26/3 4813/26/3
f 4815/27/3 4811/27/3 4810/27/3
f 4815/26/3 4810/26/3 4814/26/3
f 4816/26/3 4805/26/3 4811/26/3
f 4816/27/3 4811/27/3 4815/27/3
f 4817/26/3 4812/26/3 4802/26/3
f 4817/26/3 4814/26/3 4813/26/3
f 4817/26/3 4813/26/3 4812/26/3
f 4818/27/3 4815/27/3 4814/27/3
f 4818/26/3 4814/26/3 4817/26/3
f 4819/26/3 4816/26/3 4815/26/3
f 4819/27/3 4815/27/3 4818/27/3
f 4820/48/3 4806/48/3 4805/48/3
f 4820/26/3 4816/26/3 4819/26/3
f 4820/26/3 4805/26/3 4816/26/3
f 4821/48/3 4806/48/3 4820/48/3
f 4826/8/3 4823/8/3 4822/8/3
f 4827/8/3 4823/8/3 4826/8/3
f 4828/30/3 4825/30/3 4824/30/3
f 4829/30/3 4825/30/3 4828/30/3
f 4830/46/3 4829/46/3 4828/46/3
f 4831/46/3 4829/46/3 4830/46/3
f 4832/30/3 4831/30/3 4830/30/3
f 4833/30/3 4831/30/3 4832/30/3
f 4834/46/3 4833/46/3 4832/46/3
f 4835/46/3 4833/46/3 4834/46/3
f 4836/30/3 4835/30/3 4834/30/3
f 4837/30/3 4835/30/3 4836/30/3
f 4838/46/3 4837/46/3 4836/46/3
f 4839/46/3 4837/46/3 4838/46/3
f 4840/30/3 4839/30/3 4838/30/3
f 4841/30/3 4839/30/3 4840/30/3
f 4842/46/3 4841/46/3 4840/46/3
f 4843/46/3 4841/46/3 4842/46/3
f 4844/30/3 4843/30/3 4842/30/3
f 4845/30/3 4843/30/3 4844/30/3
f 4848/8/3 4847/8/3 4846/8/3
f 4849/8/3 4847/8/3 4848/8/3
f 4852/24/3 4851/24/3 4850/24/3
f 4853/24/3 4851/24/3 4852/24/3
f 4856/20/3 4855/20/3 4854/20/3
f 4857/20/3 4855/20/3 4856/20/3
f 4866/26/3 4859/26/3 4858/26/3
f 4867/27/3 4860/27/3 4859/27/3
f 4867/26/3 4859/26/3 4866/26/3
f 4868/26/3 4861/26/3 4860/26/3
f 4868/27/3 4860/27/3 4867/27/3
f 4869/27/3 4862/27/3 4861/27/3
f 4869/26/3 4861/26/3 4868/26/3
f 4870/26/3 4863/26/3 4862/26/3
f 4870/27/3 4862/27/3 4869/27/3
f 4871/26/3 4863/26/3 4870/26/3
f 4872/26/3 4863/26/3 4871/26/3
f 4873/48/3 4864/48/3 4863/48/3
f 4873/26/3 4863/26/3 4872/26/3
f 4874/48/3 4864/48/3 4873/48/3
f 4875/48/3 4866/48/3 4865/48/3
f 4876/48/3 4866/48/3 4875/48/3
f 4885/26/3 4877/26/3 4876/26/3
f 4886/27/3 4878/27/3 4877/27/3
f 4886/26/3 4877/26/3 4885/26/3
f 4887/26/3 4879/26/3 4878/26/3
f 4887/27/3 4878/27/3 4886/27/3
f 4888/27/3 4880/27/3 4879/27/3
f 4888/26/3 4879/26/3 4887/26/3
f 4889/26/3 4883/26/3 4882/26/3
f 4889/27/3 4880/27/3 4888/27/3
f 4889/26/3 4881/26/3 4880/26/3
f 4889/26/3 4882/26/3 4881/26/3
f 4890/48/3 4884/48/3 4883/48/3
f 4890/26/3 4883/26/3 4889/26/3
f 4891/48/3 4884/48/3 4890/48/3
f 4894/17/3 4893/17/3 4892/17/3
f 4895/17/3 4893/17/3 4894/17/3
f 4900/8/3 4897/8/3 4896/8/3
f 4901/8/3 4897/8/3 4900/8/3
f 4902/30/3 4899/30/3 4898/30/3
f 4903/30/3 4899/30/3 4902/30/3
f 4904/46/3 4903/46/3 4902/46/3
f 4905/46/3 4903/46/3 4904/46/3
f 4906/30/3 4905/30/3 4904/30/3
f 4907/30/3 4905/30/3 4906/30/3
f 4908/46/3 4907/46/3 4906/46/3
f 4909/46/3 4907/46/3 4908/46/3
f 4910/30/3 4909/30/3 4908/30/3
f 4911/30/3 4909/30/3 4910/30/3
f 4912/30/3 4909/30/3 4911/30/3
f 4913/46/3 4912/46/3 4911/46/3
f 4914/46/3 4912/46/3 4913/46/3
f 4915/30/3 4914/30/3 4913/30/3
f 4916/30/3 4914/30/3 4915/30/3
f 4917/46/3 4916/46/3 4915/46/3
f 4918/46/3 4916/46/3 4917/46/3
f 4919/30/3 4918/30/3 4917/30/3
f 4920/30/3 4918/30/3 4919/30/3
f 4921/46/3 4920/46/3 4919/46/3
f 4922/46/3 4920/46/3 4921/46/3
f 4923/46/3 4920/46/3 4922/46/3
f 4924/30/3 4923/30/3 4922/30/3
f 4925/30/3 4923/30/3 4924/30/3
f 4928/8/3 4927/8/3 4926/8/3
f 4929/8/3 4927/8/3 4928/8/3
f 4932/35/3 4931/35/3 4930/35/3
f 4933/35/3 4931/35/3 4932/35/3
f 4934/29/3 4933/29/3 4932/29/3
f 4935/29/3 4933/29/3 4934/29/3
f 4936/29/3 4933/29/3 4935/29/3
f 4937/29/3 4933/29/3 4936/29/3
f 4938/35/3 4937/35/3 4936/35/3
f 4939/35/3 4937/35/3 4938/35/3
f 4940/29/3 4939/29/3 4938/29/3
f 4941/29/3 4939/29/3 4940/29/3
f 4942/35/3 4941/35/3 4940/35/3
f 4943/35/3 4941/35/3 4942/35/3
f 4944/29/3 4943/29/3 4942/29/3
f 4945/29/3 4943/29/3 4944/29/3
f 4946/35/3 4945/35/3 4944/35/3
f 4947/35/3 4945/35/3 4946/35/3
f 4948/29/3 4947/29/3 4946/29/3
f 4949/29/3 4947/29/3 4948/29/3
f 4950/29/3 4947/29/3 4949/29/3
f 4951/29/3 4947/29/3 4950/29/3
f 4952/35/3 4951/35/3 4950/35/3
f 4953/35/3 4951/35/3 4952/35/3
f 4954/29/3 4953/29/3 4952/29/3
f 4955/29/3 4953/29/3 4954/29/3
f 4956/29/3 4953/29/3 4955/29/3
f 4957/35/3 4956/35/3 4955/35/3
f 4958/35/3 4956/35/3 4957/35/3
f 4959/29/3 4958/29/3 4957/29/3
f 4960/29/3 4958/29/3 4959/29/3
f 4961/35/3 4960/35/3 4959/35/3
f 4964/35/3 4960/35/3 4961/35/3
f 4965/20/3 4963/20/3 4962/20/3
f 4966/20/3 4963/20/3 4965/20/3
f 4967/35/3 4960/35/3 4964/35/3
f 4968/35/3 4960/35/3 4967/35/3
f 4969/29/3 4968/29/3 4967/29/3
f 4970/29/3 4968/29/3 4969/29/3
f 4971/29/3 4968/29/3 4970/29/3
f 4973/35/3 4971/35/3 4970/35/3
f 4974/35/3 4971/35/3 4973/35/3
f 4975/35/3 4973/35/3 4972/35/3
f 4976/35/3 4973/35/3 4975/35/3
f 4983/26/3 4978/26/3 4977/26/3
f 4984/27/3 4979/27/3 4978/27/3
f 4984/26/3 4978/26/3 4983/26/3
f 4985/26/3 4980/26/3 4979/26/3
f 4985/27/3 4979/27/3 4984/27/3
f 4986/26/3 4980/26/3 4985/26/3
f 4987/26/3 4980/26/3 4986/26/3
f 4988/48/3 4981/48/3 4980/48/3
f 4988/26/3 4980/26/3 4987/26/3
f 4989/48/3 4981/48/3 4988/48/3
f 4990/48/3 4983/48/3 4982/48/3
f 4991/48/3 4983/48/3 4990/48/3
f 4994/21/3 4993/21/3 4992/21/3
f 4998/48/3 4997/48/3 4996/48/3
f 4999/48/3 4997/48/3 4998/48/3
f 5006/26/3 5000/26/3 4999/26/3
f 5007/27/3 5001/27/3 5000/27/3
f 5007/26/3 5000/26/3 5006/26/3
f 5008/26/3 5004/26/3 5003/26/3
f 5008/27/3 5001/27/3 5007/27/3
f 5008/26/3 5002/26/3 5001/26/3
f 5008/26/3 5003/26/3 5002/26/3
f 5009/48/3 5005/48/3 5004/48/3
f 5009/26/3 5004/26/3 5008/26/3
f 5010/48/3 5005/48/3 5009/48/3
f 5011/21/3 4994/21/3 4992/21/3
f 5011/21/3 4995/21/3 4994/21/3
f 5012/21/3 4995/21/3 5011/21/3
f 5013/21/3 5011/21/3 4992/21/3
f 5014/21/3 5011/21/3 5013/21/3
f 5017/30/3 5016/30/3 5015/30/3
f 5018/30/3 5016/30/3 5017/30/3
f 5019/46/3 5018/46/3 5017/46/3
f 5020/46/3 5018/46/3 5019/46/3
f 5021/46/3 5018/46/3 5020/46/3
f 5022/30/3 5021/30/3 5020/30/3
f 5023/30/3 5021/30/3 5022/30/3
f 5024/46/3 5023/46/3 5022/46/3
f 5025/46/3 5023/46/3 5024/46/3
f 5026/30/3 5025/30/3 5024/30/3
f 5027/30/3 5025/30/3 5026/30/3
f 5028/30/3 5025/30/3 5027/30/3
f 5029/46/3 5028/46/3 5027/46/3
f 5030/46/3 5028/46/3 5029/46/3
f 5031/30/3 5030/30/3 5029/30/3
f 5032/30/3 5030/30/3 5031/30/3
f 5033/46/3 5032/46/3 5031/46/3
f 5034/46/3 5032/46/3 5033/46/3
f 5035/30/3 5034/30/3 5033/30/3
f 5036/30/3 5034/30/3 5035/30/3
f 5037/46/3 5036/46/3 5035/46/3
f 5038/46/3 5036/46/3 5037/46/3
f 5039/46/3 5036/46/3 5038/46/3
f 5040/30/3 5039/30/3 5038/30/3
f 5041/30/3 5039/30/3 5040/30/3
f 5042/30/3 5039/30/3 5041/30/3
f 5043/46/3 5042/46/3 5041/46/3
f 5044/46/3 5042/46/3 5043/46/3
f 5045/30/3 5044/30/3 5043/30/3
f 5046/30/3 5044/30/3 5045/30/3
f 5051/1/3 5050/1/3 5049/1/3
f 5052/1/3 5050/1/3 5051/1/3
f 5053/35/3 5048/35/3 5047/35/3
f 5054/35/3 5048/35/3 5053/35/3
f 5055/35/3 5048/35/3 5054/35/3
f 5056/29/3 5055/29/3 5054/29/3
f 5057/29/3 5055/29/3 5056/29/3
f 5058/35/3 5057/35/3 5056/35/3
f 5059/35/3 5057/35/3 5058/35/3
f 5060/35/3 5057/35/3 5059/35/3
f 5061/29/3 5060/29/3 5059/29/3
f 5062/29/3 5060/29/3 5061/29/3
f 5063/35/3 5062/35/3 5061/35/3
f 5064/35/3 5062/35/3 5063/35/3
f 5065/29/3 5064/29/3 5063/29/3
f 5066/29/3 5064/29/3 5065/29/3
f 5067/35/3 5066/35/3 5065/35/3
f 5068/35/3 5066/35/3 5067/35/3
f 5069/35/3 5066/35/3 5068/35/3
f 5070/29/3 5069/29/3 5068/29/3
f 5071/29/3 5069/29/3 5070/29/3
f 5072/35/3 5071/35/3 5070/35/3
f 5073/35/3 5071/35/3 5072/35/3
f 5074/35/3 5071/35/3 5073/35/3
f 5075/35/3 5071/35/3 5074/35/3
f 5076/29/3 5075/29/3 5074/29/3
f 5077/29/3 5075/29/3 5076/29/3
f 5078/35/3 5077/35/3 5076/35/3
f 5079/35/3 5077/35/3 5078/35/3
f 5080/29/3 5079/29/3 5078/29/3
f 5081/29/3 5079/29/3 5080/29/3
f 5086/20/3 5083/20/3 5082/20/3
f 5087/20/3 5083/20/3 5086/20/3
f 5088/20/3 5085/20/3 5084/20/3
f 5089/20/3 5085/20/3 5088/20/3
f 5090/35/3 5081/35/3 5080/35/3
f 5091/35/3 5081/35/3 5090/35/3
f 5092/29/3 5091/29/3 5090/29/3
f 5093/29/3 5091/29/3 5092/29/3
f 5094/29/3 5091/29/3 5093/29/3
f 5095/35/3 5094/35/3 5093/35/3
f 5097/35/3 5094/35/3 5095/35/3
f 5098/35/3 5094/35/3 5097/35/3
f 5099/35/3 5097/35/3 5096/35/3
f 5100/35/3 5097/35/3 5099/35/3
f 5103/21/3 5102/21/3 5101/21/3
f 5104/21/3 5102/21/3 5103/21/3
f 5107/21/3 5105/21/3 5104/21/3
f 5108/21/3 5105/21/3 5107/21/3
f 5109/21/3 5107/21/3 5106/21/3
f 5110/21/3 5107/21/3 5109/21/3
f 5113/30/3 5112/30/3 5111/30/3
f 5122/30/3 5112/30/3 5113/30/3
f 5123/30/3 5112/30/3 5122/30/3
f 5124/46/3 5123/46/3 5122/46/3
f 5125/46/3 5123/46/3 5124/46/3
f 5126/46/3 5123/46/3 5125/46/3
f 5127/36/3 5115/36/3 5114/36/3
f 5128/36/3 5115/36/3 5127/36/3
f 5129/36/3 5117/36/3 5116/36/3
f 5130/36/3 5117/36/3 5129/36/3
f 5131/36/3 5119/36/3 5118/36/3
f 5132/36/3 5119/36/3 5131/36/3
f 5133/36/3 5121/36/3 5120/36/3
f 5134/36/3 5121/36/3 5133/36/3
f 5135/30/3 5126/30/3 5125/30/3
f 5136/30/3 5126/30/3 5135/30/3
f 5137/46/3 5136/46/3 5135/46/3
f 5141/36/3 5139/36/3 5138/36/3
f 5142/36/3 5139/36/3 5141/36/3
f 5144/46/3 5136/46/3 5137/46/3
f 5145/46/3 5136/46/3 5144/46/3
f 5146/34/3 5141/34/3 5140/34/3
f 5147/34/3 5141/34/3 5146/34/3
f 5148/45/3 5143/45/3 5142/45/3
f 5149/45/3 5143/45/3 5148/45/3
f 5150/30/3 5145/30/3 5144/30/3
f 5151/30/3 5145/30/3 5150/30/3
f 5152/30/3 5145/30/3 5151/30/3
f 5153/30/3 5145/30/3 5152/30/3
f 5154/46/3 5153/46/3 5152/46/3
f 5155/46/3 5153/46/3 5154/46/3
f 5156/46/3 5153/46/3 5155/46/3
f 5157/30/3 5156/30/3 5155/30/3
f 5158/30/3 5156/30/3 5157/30/3
f 5159/46/3 5158/46/3 5157/46/3
f 5160/46/3 5158/46/3 5159/46/3
f 5161/46/3 5158/46/3 5160/46/3
f 5162/30/3 5161/30/3 5160/30/3
f 5163/30/3 5161/30/3 5162/30/3
f 5166/48/3 5165/48/3 5164/48/3
f 5167/48/3 5165/48/3 5166/48/3
f 5168/48/3 5165/48/3 5167/48/3
f 5169/48/3 5165/48/3 5168/48/3
f 5174/48/3 5171/48/3 5170/48/3
f 5174/48/3 5173/48/3 5172/48/3
f 5174/48/3 5172/48/3 5171/48/3
f 5175/48/3 5173/48/3 5174/48/3
f 5178/35/3 5177/35/3 5176/35/3
f 5179/35/3 5177/35/3 5178/35/3
f 5180/29/3 5179/29/3 5178/29/3
f 5181/29/3 5179/29/3 5180/29/3
f 5182/29/3 5179/29/3 5181/29/3
f 5183/29/3 5179/29/3 5182/29/3
f 5184/35/3 5183/35/3 5182/35/3
f 5185/35/3 5183/35/3 5184/35/3
f 5186/29/3 5185/29/3 5184/29/3
f 5187/29/3 5185/29/3 5186/29/3
f 5188/29/3 5185/29/3 5187/29/3
f 5189/29/3 5185/29/3 5188/29/3
f 5190/35/3 5189/35/3 5188/35/3
f 5191/35/3 5189/35/3 5190/35/3
f 5192/29/3 5191/29/3 5190/29/3
f 5193/29/3 5191/29/3 5192/29/3
f 5194/29/3 5191/29/3 5193/29/3
f 5195/29/3 5191/29/3 5194/29/3
f 5196/35/3 5195/35/3 5194/35/3
f 5197/35/3 5195/35/3 5196/35/3
f 5198/29/3 5197/29/3 5196/29/3
f 5199/29/3 5197/29/3 5198/29/3
f 5200/35/3 5199/35/3 5198/35/3
f 5201/35/3 5199/35/3 5200/35/3
f 5202/29/3 5201/29/3 5200/29/3
f 5203/29/3 5201/29/3 5202/29/3
f 5204/35/3 5203/35/3 5202/35/3
f 5205/35/3 5203/35/3 5204/35/3
f 5206/29/3 5205/29/3 5204/29/3
f 5207/29/3 5205/29/3 5206/29/3
f 5208/29/3 5205/29/3 5207/29/3
f 5209/35/3 5208/35/3 5207/35/3
f 5211/35/3 5208/35/3 5209/35/3
f 5212/35/3 5208/35/3 5211/35/3
f 5213/35/3 5211/35/3 5210/35/3
f 5214/35/3 5211/35/3 5213/35/3
f 5217/46/3 5216/46/3 5215/46/3
f 5218/46/3 5216/46/3 5217/46/3
f 5219/46/3 5217/46/3 5215/46/3
f 5220/35/3 5218/35/3 5217/35/3
f 5220/46/3 5217/46/3 5219/46/3
f 5221/46/3 5216/46/3 5218/46/3
f 5221/35/3 5218/35/3 5220/35/3
f 5222/46/3 5216/46/3 5221/46/3
f 5225/35/3 5220/35/3 5219/35/3
f 5225/35/3 5221/35/3 5220/35/3
f 5225/35/3 5222/35/3 5221/35/3
f 5226/35/3 5222/35/3 5225/35/3
f 5227/35/3 5222/35/3 5226/35/3
f 5228/35/3 5222/35/3 5227/35/3
f 5229/46/3 5226/46/3 5225/46/3
f 5230/35/3 5227/35/3 5226/35/3
f 5230/46/3 5226/46/3 5229/46/3
f 5231/46/3 5229/46/3 5225/46/3
f 5231/35/3 5230/35/3 5229/35/3
f 5232/35/3 5227/35/3 5230/35/3
f 5232/35/3 5230/35/3 5231/35/3
f 5233/35/3 5225/35/3 5219/35/3
f 5234/46/3 5231/46/3 5225/46/3
f 5234/35/3 5225/35/3 5233/35/3
f 5234/46/3 5232/46/3 5231/46/3
f 5235/35/3 5227/35/3 5232/35/3
f 5235/46/3 5232/46/3 5234/46/3
f 5236/46/3 5228/46/3 5227/46/3
f 5236/35/3 5227/35/3 5235/35/3
f 5237/46/3 5228/46/3 5236/46/3
f 5238/46/3 5228/46/3 5237/46/3
f 5239/46/3 5234/46/3 5233/46/3
f 5239/46/3 5235/46/3 5234/46/3
f 5239/46/3 5236/46/3 5235/46/3
f 5239/46/3 5237/46/3 5236/46/3
f 5240/35/3 5238/35/3 5237/35/3
f 5240/46/3 5237/46/3 5239/46/3
f 5241/35/3 5238/35/3 5240/35/3
f 5242/46/3 5239/46/3 5233/46/3
f 5242/35/3 5240/35/3 5239/35/3
f 5243/46/3 5241/46/3 5240/46/3
f 5243/35/3 5240/35/3 5242/35/3
f 5244/46/3 5241/46/3 5243/46/3
f 5245/46/3 5242/46/3 5233/46/3
f 5245/46/3 5243/46/3 5242/46/3
f 5246/46/3 5243/46/3 5245/46/3
f 5247/46/3 5243/46/3 5246/46/3
f 5248/35/3 5244/35/3 5243/35/3
f 5248/46/3 5243/46/3 5247/46/3
f 5249/35/3 5244/35/3 5248/35/3
f 5250/35/3 5246/35/3 5245/35/3
f 5251/46/3 5247/46/3 5246/46/3
f 5251/35/3 5246/35/3 5250/35/3
f 5252/35/3 5248/35/3 5247/35/3
f 5252/46/3 5247/46/3 5251/46/3
f 5253/46/3 5249/46/3 5248/46/3
f 5253/35/3 5248/35/3 5252/35/3
f 5254/46/3 5251/46/3 5250/46/3
f 5254/35/3 5252/35/3 5251/35/3
f 5255/46/3 5253/46/3 5252/46/3
f 5255/35/3 5252/35/3 5254/35/3
f 5256/46/3 5249/46/3 5253/46/3
f 5256/46/3 5253/46/3 5255/46/3
f 5257/46/3 5255/46/3 5254/46/3
f 5257/35/3 5256/35/3 5255/35/3
f 5258/35/3 5256/35/3 5257/35/3
f 5259/46/3 5254/46/3 5250/46/3
f 5259/46/3 5257/46/3 5254/46/3
f 5259/46/3 5258/46/3 5257/46/3
f 5260/46/3 5258/46/3 5259/46/3
f 5261/46/3 5258/46/3 5260/46/3
f 5262/46/3 5258/46/3 5261/46/3
f 5263/46/3 5261/46/3 5260/46/3
f 5263/35/3 5262/35/3 5261/35/3
f 5264/46/3 5258/46/3 5262/46/3
f 5264/35/3 5262/35/3 5263/35/3
f 5265/46/3 5258/46/3 5264/46/3
f 5266/35/3 5260/35/3 5259/35/3
f 5267/46/3 5263/46/3 5260/46/3
f 5267/35/3 5260/35/3 5266/35/3
f 5267/46/3 5264/46/3 5263/46/3
f 5268/46/3 5264/46/3 5267/46/3
f 5269/35/3 5265/35/3 5264/35/3
f 5270/35/3 5265/35/3 5269/35/3
f 5271/46/3 5267/46/3 5266/46/3
f 5271/35/3 5268/35/3 5267/35/3
f 5272/46/3 5264/46/3 5268/46/3
f 5272/35/3 5268/35/3 5271/35/3
f 5273/35/3 5269/35/3 5264/35/3
f 5273/46/3 5264/46/3 5272/46/3
f 5274/46/3 5272/46/3 5271/46/3
f 5274/35/3 5273/35/3 5272/35/3
f 5275/46/3 5270/46/3 5269/46/3
f 5275/35/3 5273/35/3 5274/35/3
f 5275/35/3 5269/35/3 5273/35/3
f 5276/46/3 5271/46/3 5266/46/3
f 5276/46/3 5274/46/3 5271/46/3
f 5276/46/3 5275/46/3 5274/46/3
f 5277/46/3 5275/46/3 5276/46/3
f 5278/46/3 5270/46/3 5275/46/3
f 5278/46/3 5275/46/3 5277/46/3
f 5279/46/3 5270/46/3 5278/46/3
f 5280/35/3 5277/35/3 5276/35/3
f 5281/46/3 5278/46/3 5277/46/3
f 5281/35/3 5277/35/3 5280/35/3
f 5282/46/3 5278/46/3 5281/46/3
f 5283/46/3 5281/46/3 5280/46/3
f 5283/35/3 5282/35/3 5281/35/3
f 5284/46/3 5278/46/3 5282/46/3
f 5284/35/3 5282/35/3 5283/35/3
f 5285/46/3 5278/46/3 5284/46/3
f 5286/46/3 5283/46/3 5280/46/3
f 5286/46/3 5284/46/3 5283/46/3
f 5287/35/3 5285/35/3 5284/35/3
f 5287/46/3 5284/46/3 5286/46/3
f 5288/46/3 5278/46/3 5285/46/3
f 5288/35/3 5285/35/3 5287/35/3
f 5289/35/3 5279/35/3 5278/35/3
f 5289/46/3 5278/46/3 5288/46/3
f 5290/21/3 5224/21/3 5223/21/3
f 5291/21/3 5224/21/3 5290/21/3
f 5292/46/3 5286/46/3 5280/46/3
f 5293/35/3 5287/35/3 5286/35/3
f 5293/46/3 5286/46/3 5292/46/3
f 5294/46/3 5288/46/3 5287/46/3
f 5294/35/3 5287/35/3 5293/35/3
f 5295/35/3 5289/35/3 5288/35/3
f 5295/46/3 5288/46/3 5294/46/3
f 5296/35/3 5279/35/3 5289/35/3
f 5296/35/3 5289/35/3 5295/35/3
f 5297/35/3 5293/35/3 5292/35/3
f 5298/46/3 5295/46/3 5294/46/3
f 5298/35/3 5293/35/3 5297/35/3
f 5298/46/3 5294/46/3 5293/46/3
f 5298/46/3 5296/46/3 5295/46/3
f 5299/46/3 5296/46/3 5298/46/3
f 5304/8/3 5301/8/3 5300/8/3
f 5305/8/3 5301/8/3 5304/8/3
f 5309/47/3 5307/47/3 5306/47/3
f 5310/34/3 5308/34/3 5307/34/3
f 5310/47/3 5307/47/3 5309/47/3
f 5311/34/3 5308/34/3 5310/34/3
f 5312/34/3 5308/34/3 5311/34/3
f 5313/34/3 5308/34/3 5312/34/3
f 5314/34/3 5308/34/3 5313/34/3
f 5315/34/3 5308/34/3 5314/34/3
f 5316/34/3 5308/34/3 5315/34/3
f 5317/47/3 5309/47/3 5306/47/3
f 5318/47/3 5309/47/3 5317/47/3
f 5319/34/3 5308/34/3 5316/34/3
f 5321/30/3 5303/30/3 5302/30/3
f 5324/30/3 5303/30/3 5321/30/3
f 5325/30/3 5303/30/3 5324/30/3
f 5326/34/3 5318/34/3 5317/34/3
f 5327/34/3 5318/34/3 5326/34/3
f 5328/18/3 5323/18/3 5322/18/3
f 5329/18/3 5323/18/3 5328/18/3
f 5330/46/3 5325/46/3 5324/46/3
f 5331/45/3 5320/45/3 5319/45/3
f 5331/34/3 5319/34/3 5316/34/3
f 5332/45/3 5320/45/3 5331/45/3
f 5333/46/3 5325/46/3 5330/46/3
f 5334/46/3 5325/46/3 5333/46/3
f 5335/47/3 5327/47/3 5326/47/3
f 5336/47/3 5327/47/3 5335/47/3
f 5343/34/3 5331/34/3 5316/34/3
f 5344/34/3 5331/34/3 5343/34/3
f 5346/30/3 5334/30/3 5333/30/3
f 5347/30/3 5334/30/3 5346/30/3
f 5348/34/3 5342/34/3 5341/34/3
f 5348/34/3 5336/34/3 5335/34/3
f 5348/34/3 5337/34/3 5336/34/3
f 5348/34/3 5338/34/3 5337/34/3
f 5348/34/3 5344/34/3 5343/34/3
f 5348/34/3 5343/34/3 5342/34/3
f 5348/34/3 5339/34/3 5338/34/3
f 5348/34/3 5341/34/3 5340/34/3
f 5348/34/3 5340/34/3 5339/34/3
f 5349/34/3 5344/34/3 5348/34/3
f 5350/34/3 5344/34/3 5349/34/3
f 5351/34/3 5344/34/3 5350/34/3
f 5352/46/3 5347/46/3 5346/46/3
f 5353/46/3 5347/46/3 5352/46/3
f 5354/47/3 5349/47/3 5348/47/3
f 5354/34/3 5350/34/3 5349/34/3
f 5355/47/3 5351/47/3 5350/47/3
f 5355/34/3 5350/34/3 5354/34/3
f 5356/34/3 5344/34/3 5351/34/3
f 5356/47/3 5351/47/3 5355/47/3
f 5357/34/3 5344/34/3 5356/34/3
f 5358/34/3 5344/34/3 5357/34/3
f 5359/45/3 5345/45/3 5344/45/3
f 5359/34/3 5344/34/3 5358/34/3
f 5360/45/3 5345/45/3 5359/45/3
f 5361/47/3 5355/47/3 5354/47/3
f 5361/47/3 5354/47/3 5348/47/3
f 5362/34/3 5357/34/3 5356/34/3
f 5362/47/3 5355/47/3 5361/47/3
f 5362/34/3 5356/34/3 5355/34/3
f 5363/34/3 5357/34/3 5362/34/3
f 5364/34/3 5357/34/3 5363/34/3
f 5365/34/3 5359/34/3 5358/34/3
f 5366/34/3 5359/34/3 5365/34/3
f 5368/30/3 5353/30/3 5352/30/3
f 5369/47/3 5361/47/3 5348/47/3
f 5370/34/3 5362/34/3 5361/34/3
f 5370/47/3 5361/47/3 5369/47/3
f 5370/34/3 5363/34/3 5362/34/3
f 5371/34/3 5363/34/3 5370/34/3
f 5372/34/3 5365/34/3 5364/34/3
f 5373/34/3 5365/34/3 5372/34/3
f 5374/45/3 5367/45/3 5366/45/3
f 5375/45/3 5367/45/3 5374/45/3
f 5376/30/3 5353/30/3 5368/30/3
f 5377/30/3 5353/30/3 5376/30/3
f 5378/30/3 5353/30/3 5377/30/3
f 5379/46/3 5378/46/3 5377/46/3
f 5380/46/3 5378/46/3 5379/46/3
f 5381/30/3 5380/30/3 5379/30/3
f 5382/30/3 5380/30/3 5381/30/3
f 5383/30/3 5380/30/3 5382/30/3
f 5384/46/3 5383/46/3 5382/46/3
f 5385/46/3 5383/46/3 5384/46/3
f 5386/30/3 5385/30/3 5384/30/3
f 5387/30/3 5385/30/3 5386/30/3
f 5390/8/3 5389/8/3 5388/8/3
f 5391/8/3 5389/8/3 5390/8/3
f 5394/23/3 5393/23/3 5392/23/3
f 5395/23/3 5393/23/3 5394/23/3
f 5398/23/3 5397/23/3 5396/23/3
f 5399/23/3 5397/23/3 5398/23/3
f 5404/48/3 5401/48/3 5400/48/3
f 5405/48/3 5401/48/3 5404/48/3
f 5406/48/3 5403/48/3 5402/48/3
f 5407/48/3 5403/48/3 5406/48/3
f 5412/23/3 5409/23/3 5408/23/3
f 5413/23/3 5409/23/3 5412/23/3
f 5414/23/3 5411/23/3 5410/23/3
f 5415/23/3 5411/23/3 5414/23/3
f 5419/26/3 5417/26/3 5416/26/3
f 5420/48/3 5418/48/3 5417/48/3
f 5420/26/3 5417/26/3 5419/26/3
f 5421/48/3 5418/48/3 5420/48/3
f 5424/1/3 5423/1/3 5422/1/3
f 5425/1/3 5423/1/3 5424/1/3
f 5429/26/3 5427/26/3 5426/26/3
f 5430/48/3 5428/48/3 5427/48/3
f 5430/26/3 5427/26/3 5429/26/3
f 5431/48/3 5428/48/3 5430/48/3
f 5434/23/3 5433/23/3 5432/23/3
f 5435/23/3 5433/23/3 5434/23/3
f 5445/1/3 5443/1/3 5442/1/3
f 5445/1/3 5444/1/3 5443/1/3
f 5449/19/3 5447/19/3 5446/19/3
f 5450/19/3 5447/19/3 5449/19/3
f 5451/30/3 5437/30/3 5436/30/3
f 5452/1/3 5444/1/3 5445/1/3
f 5453/19/3 5449/19/3 5448/19/3
f 5454/19/3 5449/19/3 5453/19/3
f 5456/30/3 5437/30/3 5451/30/3
f 5457/30/3 5437/30/3 5456/30/3
f 5460/19/3 5455/19/3 5454/19/3
f 5461/19/3 5455/19/3 5460/19/3
f 5462/46/3 5457/46/3 5456/46/3
f 5463/36/3 5439/36/3 5438/36/3
f 5464/36/3 5439/36/3 5463/36/3
f 5465/36/3 5441/36/3 5440/36/3
f 5466/36/3 5441/36/3 5465/36/3
f 5467/46/3 5457/46/3 5462/46/3
f 5468/46/3 5457/46/3 5467/46/3
f 5469/1/3 5444/1/3 5452/1/3
f 5470/1/3 5444/1/3 5469/1/3
f 5471/19/3 5459/19/3 5458/19/3
f 5472/19/3 5459/19/3 5471/19/3
f 5473/30/3 5468/30/3 5467/30/3
f 5474/30/3 5468/30/3 5473/30/3
f 5475/46/3 5474/46/3 5473/46/3
f 5476/46/3 5474/46/3 5475/46/3
f 5477/30/3 5476/30/3 5475/30/3
f 5478/30/3 5476/30/3 5477/30/3
f 5479/46/3 5478/46/3 5477/46/3
f 5480/46/3 5478/46/3 5479/46/3
f 5481/30/3 5480/30/3 5479/30/3
f 5482/30/3 5480/30/3 5481/30/3
f 5483/46/3 5482/46/3 5481/46/3
f 5484/46/3 5482/46/3 5483/46/3
f 5485/30/3 5484/30/3 5483/30/3
f 5486/30/3 5484/30/3 5485/30/3
f 5487/46/3 5486/46/3 5485/46/3
f 5488/46/3 5486/46/3 5487/46/3
f 5489/46/3 5486/46/3 5488/46/3
f 5492/23/3 5491/23/3 5490/23/3
f 5493/23/3 5491/23/3 5492/23/3
f 5494/30/3 5489/30/3 5488/30/3
f 5495/30/3 5489/30/3 5494/30/3
f 5496/46/3 5495/46/3 5494/46/3
f 5497/46/3 5495/46/3 5496/46/3
f 5498/46/3 5495/46/3 5497/46/3
f 5499/30/3 5498/30/3 5497/30/3
f 5500/30/3 5498/30/3 5499/30/3
f 5507/47/3 5506/47/3 5505/47/3
f 5508/47/3 5506/47/3 5507/47/3
f 5509/43/3 5504/43/3 5503/43/3
f 5510/43/3 5504/43/3 5509/43/3
f 5511/47/3 5510/47/3 5509/47/3
f 5512/47/3 5510/47/3 5511/47/3
f 5513/35/3 5502/35/3 5501/35/3
f 5514/35/3 5502/35/3 5513/35/3
f 5515/35/3 5502/35/3 5514/35/3
f 5517/43/3 5512/43/3 5511/43/3
f 5518/43/3 5512/43/3 5517/43/3
f 5519/43/3 5508/43/3 5507/43/3
f 5520/43/3 5508/43/3 5519/43/3
f 5522/35/3 5515/35/3 5514/35/3
f 5522/23/3 5516/23/3 5515/23/3
f 5523/23/3 5516/23/3 5522/23/3
f 5527/23/3 5521/23/3 5520/23/3
f 5528/23/3 5521/23/3 5527/23/3
f 5529/43/3 5527/43/3 5526/43/3
f 5530/43/3 5527/43/3 5529/43/3
f 5531/47/3 5530/47/3 5529/47/3
f 5532/47/3 5530/47/3 5531/47/3
f 5533/43/3 5525/43/3 5524/43/3
f 5534/43/3 5525/43/3 5533/43/3
f 5535/47/3 5534/47/3 5533/47/3
f 5536/47/3 5534/47/3 5535/47/3
f 5537/43/3 5532/43/3 5531/43/3
f 5538/43/3 5532/43/3 5537/43/3
f 5539/35/3 5522/35/3 5514/35/3
f 5540/47/3 5538/47/3 5537/47/3
f 5541/47/3 5538/47/3 5540/47/3
f 5542/35/3 5522/35/3 5539/35/3
f 5543/43/3 5536/43/3 5535/43/3
f 5544/43/3 5536/43/3 5543/43/3
f 5545/43/3 5541/43/3 5540/43/3
f 5546/43/3 5541/43/3 5545/43/3
f 5547/47/3 5546/47/3 5545/47/3
f 5548/47/3 5546/47/3 5547/47/3
f 5549/47/3 5544/47/3 5543/47/3
f 5550/47/3 5544/47/3 5549/47/3
f 5555/43/3 5548/43/3 5547/43/3
f 5556/43/3 5548/43/3 5555/43/3
f 5557/43/3 5550/43/3 5549/43/3
f 5558/43/3 5550/43/3 5557/43/3
f 5559/47/3 5558/47/3 5557/47/3
f 5560/47/3 5558/47/3 5559/47/3
f 5561/47/3 5556/47/3 5555/47/3
f 5562/47/3 5556/47/3 5561/47/3
f 5563/43/3 5562/43/3 5561/43/3
f 5564/43/3 5562/43/3 5563/43/3
f 5565/47/3 5564/47/3 5563/47/3
f 5566/47/3 5564/47/3 5565/47/3
f 5567/35/3 5522/35/3 5542/35/3
f 5569/43/3 5560/43/3 5559/43/3
f 5570/43/3 5560/43/3 5569/43/3
f 5571/43/3 5566/43/3 5565/43/3
f 5572/43/3 5566/43/3 5571/43/3
f 5574/23/3 5568/23/3 5567/23/3
f 5574/35/3 5567/35/3 5542/35/3
f 5575/23/3 5568/23/3 5574/23/3
f 5579/23/3 5573/23/3 5572/23/3
f 5580/23/3 5573/23/3 5579/23/3
f 5581/43/3 5577/43/3 5576/43/3
f 5582/43/3 5577/43/3 5581/43/3
f 5583/47/3 5582/47/3 5581/47/3
f 5584/47/3 5582/47/3 5583/47/3
f 5585/43/3 5579/43/3 5578/43/3
f 5586/43/3 5579/43/3 5585/43/3
f 5587/47/3 5586/47/3 5585/47/3
f 5588/47/3 5586/47/3 5587/47/3
f 5589/43/3 5588/43/3 5587/43/3
f 5590/43/3 5588/43/3 5589/43/3
f 5591/12/3 5552/12/3 5551/12/3
f 5592/12/3 5552/12/3 5591/12/3
f 5593/12/3 5554/12/3 5553/12/3
f 5594/12/3 5554/12/3 5593/12/3
f 5595/47/3 5590/47/3 5589/47/3
f 5596/47/3 5590/47/3 5595/47/3
f 5601/43/3 5584/43/3 5583/43/3
f 5602/43/3 5584/43/3 5601/43/3
f 5603/23/3 5598/23/3 5597/23/3
f 5604/23/3 5598/23/3 5603/23/3
f 5605/23/3 5600/23/3 5599/23/3
f 5606/23/3 5600/23/3 5605/23/3
f 5607/43/3 5596/43/3 5595/43/3
f 5618/43/3 5610/43/3 5609/43/3
f 5618/47/3 5611/47/3 5610/47/3
f 5619/43/3 5612/43/3 5611/43/3
f 5619/47/3 5611/47/3 5618/47/3
f 5620/43/3 5612/43/3 5619/43/3
f 5621/47/3 5613/47/3 5612/47/3
f 5621/43/3 5612/43/3 5620/43/3
f 5622/43/3 5614/43/3 5613/43/3
f 5622/47/3 5613/47/3 5621/47/3
f 5623/43/3 5616/43/3 5615/43/3
f 5624/43/3 5616/43/3 5623/43/3
f 5625/47/3 5617/47/3 5616/47/3
f 5625/43/3 5616/43/3 5624/43/3
f 5626/47/3 5617/47/3 5625/47/3
f 5627/43/3 5607/43/3 5595/43/3
f 5627/43/3 5608/43/3 5607/43/3
f 5628/43/3 5608/43/3 5627/43/3
f 5629/43/3 5618/43/3 5609/43/3
f 5629/43/3 5620/43/3 5619/43/3
f 5629/43/3 5619/43/3 5618/43/3
f 5630/47/3 5621/47/3 5620/47/3
f 5630/43/3 5620/43/3 5629/43/3
f 5631/43/3 5622/43/3 5621/43/3
f 5631/47/3 5621/47/3 5630/47/3
f 5632/43/3 5614/43/3 5622/43/3
f 5632/43/3 5622/43/3 5631/43/3
f 5633/47/3 5624/47/3 5623/47/3
f 5634/43/3 5626/43/3 5625/43/3
f 5634/47/3 5624/47/3 5633/47/3
f 5634/43/3 5625/43/3 5624/43/3
f 5635/43/3 5626/43/3 5634/43/3
f 5636/47/3 5602/47/3 5601/47/3
f 5646/47/3 5636/47/3 5601/47/3
f 5647/43/3 5637/43/3 5636/43/3
f 5647/47/3 5636/47/3 5646/47/3
f 5648/43/3 5639/43/3 5638/43/3
f 5648/47/3 5640/47/3 5639/47/3
f 5649/43/3 5641/43/3 5640/43/3
f 5649/47/3 5640/47/3 5648/47/3
f 5650/43/3 5641/43/3 5649/43/3
f 5651/43/3 5641/43/3 5650/43/3
f 5652/47/3 5642/47/3 5641/47/3
f 5652/43/3 5641/43/3 5651/43/3
f 5653/43/3 5643/43/3 5642/43/3
f 5653/47/3 5642/47/3 5652/47/3
f 5654/43/3 5643/43/3 5653/43/3
f 5655/43/3 5645/43/3 5644/43/3
f 5656/43/3 5645/43/3 5655/43/3
f 5657/43/3 5637/43/3 5647/43/3
f 5657/43/3 5647/43/3 5646/43/3
f 5658/43/3 5637/43/3 5657/43/3
f 5659/43/3 5648/43/3 5638/43/3
f 5659/43/3 5649/43/3 5648/43/3
f 5660/47/3 5650/47/3 5649/47/3
f 5660/43/3 5649/43/3 5659/43/3
f 5661/43/3 5651/43/3 5650/43/3
f 5661/47/3 5650/47/3 5660/47/3
f 5662/47/3 5652/47/3 5651/47/3
f 5662/43/3 5651/43/3 5661/43/3
f 5663/43/3 5653/43/3 5652/43/3
f 5663/47/3 5652/47/3 5662/47/3
f 5664/47/3 5654/47/3 5653/47/3
f 5664/43/3 5653/43/3 5663/43/3
f 5665/43/3 5643/43/3 5654/43/3
f 5665/47/3 5654/47/3 5664/47/3
f 5666/43/3 5643/43/3 5665/43/3
f 5667/43/3 5655/43/3 5644/43/3
f 5668/47/3 5656/47/3 5655/47/3
f 5668/43/3 5655/43/3 5667/43/3
f 5669/43/3 5645/43/3 5656/43/3
f 5669/47/3 5656/47/3 5668/47/3
f 5670/43/3 5645/43/3 5669/43/3
f 5672/35/3 5574/35/3 5542/35/3
f 5673/35/3 5574/35/3 5672/35/3
f 5674/43/3 5657/43/3 5646/43/3
f 5675/43/3 5657/43/3 5674/43/3
f 5680/35/3 5672/35/3 5671/35/3
f 5681/35/3 5672/35/3 5680/35/3
f 5682/23/3 5677/23/3 5676/23/3
f 5683/23/3 5677/23/3 5682/23/3
f 5684/23/3 5679/23/3 5678/23/3
f 5685/23/3 5679/23/3 5684/23/3
f 5686/43/3 5674/43/3 5646/43/3
f 5687/47/3 5675/47/3 5674/47/3
f 5687/43/3 5674/43/3 5686/43/3
f 5688/47/3 5675/47/3 5687/47/3
f 5689/47/3 5687/47/3 5686/47/3
f 5690/43/3 5688/43/3 5687/43/3
f 5690/47/3 5687/47/3 5689/47/3
f 5694/26/3 5692/26/3 5691/26/3
f 5695/48/3 5693/48/3 5692/48/3
f 5695/26/3 5692/26/3 5694/26/3
f 5696/1/3 5695/1/3 5694/1/3
f 5697/48/3 5693/48/3 5695/48/3
f 5697/1/3 5695/1/3 5696/1/3
f 5698/43/3 5690/43/3 5689/43/3
f 5699/43/3 5688/43/3 5690/43/3
f 5699/43/3 5690/43/3 5698/43/3
f 5702/26/3 5697/26/3 5696/26/3
f 5703/48/3 5693/48/3 5697/48/3
f 5703/26/3 5697/26/3 5702/26/3
f 5704/48/3 5693/48/3 5703/48/3
f 5705/47/3 5699/47/3 5698/47/3
f 5706/43/3 5688/43/3 5699/43/3
f 5706/47/3 5699/47/3 5705/47/3
f 5707/21/3 5701/21/3 5700/21/3
f 5708/21/3 5701/21/3 5707/21/3
f 5709/43/3 5688/43/3 5706/43/3
f 5709/43/3 5706/43/3 5705/43/3
f 5710/43/3 5688/43/3 5709/43/3
f 5715/43/3 5709/43/3 5705/43/3
f 5715/47/3 5710/47/3 5709/47/3
f 5716/47/3 5710/47/3 5715/47/3
f 5717/21/3 5712/21/3 5711/21/3
f 5718/21/3 5712/21/3 5717/21/3
f 5721/43/3 5716/43/3 5715/43/3
f 5721/43/3 5715/43/3 5705/43/3
f 5722/43/3 5716/43/3 5721/43/3
f 5725/47/3 5714/47/3 5713/47/3
f 5726/47/3 5714/47/3 5725/47/3
f 5727/23/3 5720/23/3 5719/23/3
f 5728/23/3 5720/23/3 5727/23/3
f 5731/23/3 5724/23/3 5723/23/3
f 5732/23/3 5724/23/3 5731/23/3
f 5733/43/3 5730/43/3 5729/43/3
f 5734/43/3 5730/43/3 5733/43/3
f 5735/47/3 5734/47/3 5733/47/3
f 5736/43/3 5730/43/3 5734/43/3
f 5736/47/3 5734/47/3 5735/47/3
f 5739/43/3 5730/43/3 5736/43/3
f 5739/43/3 5736/43/3 5735/43/3
f 5740/43/3 5730/43/3 5739/43/3
f 5741/21/3 5738/21/3 5737/21/3
f 5742/21/3 5738/21/3 5741/21/3
f 5743/43/3 5739/43/3 5735/43/3
f 5744/47/3 5740/47/3 5739/47/3
f 5744/43/3 5739/43/3 5743/43/3
f 5745/47/3 5740/47/3 5744/47/3
f 5748/47/3 5744/47/3 5743/47/3
f 5749/43/3 5745/43/3 5744/43/3
f 5749/47/3 5744/47/3 5748/47/3
f 5750/21/3 5747/21/3 5746/21/3
f 5751/21/3 5747/21/3 5750/21/3
f 5752/43/3 5749/43/3 5748/43/3
f 5753/43/3 5745/43/3 5749/43/3
f 5753/43/3 5749/43/3 5752/43/3
f 5754/47/3 5753/47/3 5752/47/3
f 5755/43/3 5745/43/3 5753/43/3
f 5755/47/3 5753/47/3 5754/47/3
f 5756/43/3 5745/43/3 5755/43/3
f 5760/43/3 5755/43/3 5754/43/3
f 5760/43/3 5756/43/3 5755/43/3
f 5760/47/3 5758/47/3 5757/47/3
f 5760/43/3 5757/43/3 5756/43/3
f 5761/43/3 5759/43/3 5758/43/3
f 5761/47/3 5758/47/3 5760/47/3
f 5762/43/3 5759/43/3 5761/43/3
f 5763/43/3 5760/43/3 5754/43/3
f 5763/43/3 5761/43/3 5760/43/3
f 5764/47/3 5762/47/3 5761/47/3
f 5764/43/3 5761/43/3 5763/43/3
f 5765/43/3 5759/43/3 5762/43/3
f 5765/47/3 5762/47/3 5764/47/3
f 5766/43/3 5759/43/3 5765/43/3
f 5767/43/3 5759/43/3 5766/43/3
f 5768/47/3 5767/47/3 5766/47/3
f 5768/43/3 5766/43/3 5765/43/3
f 5769/47/3 5767/47/3 5768/47/3
f 5775/30/3 5771/30/3 5770/30/3
f 5776/30/3 5771/30/3 5775/30/3
f 5777/47/3 5773/47/3 5772/47/3
f 5778/47/3 5773/47/3 5777/47/3
f 5779/47/3 5773/47/3 5778/47/3
f 5780/34/3 5774/34/3 5773/34/3
f 5780/47/3 5773/47/3 5779/47/3
f 5781/34/3 5774/34/3 5780/34/3
f 5782/34/3 5774/34/3 5781/34/3
f 5783/34/3 5774/34/3 5782/34/3
f 5787/19/3 5785/19/3 5784/19/3
f 5788/19/3 5785/19/3 5787/19/3
f 5789/34/3 5778/34/3 5777/34/3
f 5790/34/3 5778/34/3 5789/34/3
f 5791/43/3 5769/43/3 5768/43/3
f 5791/43/3 5768/43/3 5765/43/3
f 5792/43/3 5769/43/3 5791/43/3
f 5793/48/3 5787/48/3 5786/48/3
f 5794/48/3 5787/48/3 5793/48/3
f 5795/47/3 5790/47/3 5789/47/3
f 5796/47/3 5790/47/3 5795/47/3
f 5797/19/3 5794/19/3 5793/19/3
f 5798/19/3 5794/19/3 5797/19/3
f 5799/46/3 5776/46/3 5775/46/3
f 5800/43/3 5791/43/3 5765/43/3
f 5801/47/3 5792/47/3 5791/47/3
f 5801/43/3 5791/43/3 5800/43/3
f 5802/47/3 5792/47/3 5801/47/3
f 5805/48/3 5798/48/3 5797/48/3
f 5806/48/3 5798/48/3 5805/48/3
f 5808/34/3 5796/34/3 5795/34/3
f 5809/34/3 5796/34/3 5808/34/3
f 5814/34/3 5774/34/3 5783/34/3
f 5815/47/3 5801/47/3 5800/47/3
f 5816/43/3 5802/43/3 5801/43/3
f 5816/47/3 5801/47/3 5815/47/3
f 5817/19/3 5804/19/3 5803/19/3
f 5818/19/3 5804/19/3 5817/19/3
f 5819/19/3 5807/19/3 5806/19/3
f 5820/19/3 5807/19/3 5819/19/3
f 5821/46/3 5776/46/3 5799/46/3
f 5822/46/3 5776/46/3 5821/46/3
f 5823/47/3 5809/47/3 5808/47/3
f 5823/34/3 5810/34/3 5809/34/3
f 5823/34/3 5811/34/3 5810/34/3
f 5824/34/3 5811/34/3 5823/34/3
f 5825/47/3 5812/47/3 5811/47/3
f 5825/34/3 5811/34/3 5824/34/3
f 5826/34/3 5813/34/3 5812/34/3
f 5826/47/3 5812/47/3 5825/47/3
f 5826/34/3 5814/34/3 5813/34/3
f 5827/34/3 5814/34/3 5826/34/3
f 5828/34/3 5774/34/3 5814/34/3
f 5828/34/3 5814/34/3 5827/34/3
f 5829/30/3 5822/30/3 5821/30/3
f 5830/30/3 5822/30/3 5829/30/3
f 5831/47/3 5823/47/3 5808/47/3
f 5831/47/3 5824/47/3 5823/47/3
f 5832/47/3 5824/47/3 5831/47/3
f 5833/46/3 5830/46/3 5829/46/3
f 5834/46/3 5830/46/3 5833/46/3
f 5835/34/3 5832/34/3 5831/34/3
f 5836/34/3 5832/34/3 5835/34/3
f 5837/34/3 5826/34/3 5825/34/3
f 5837/34/3 5827/34/3 5826/34/3
f 5838/34/3 5827/34/3 5837/34/3
f 5839/34/3 5774/34/3 5828/34/3
f 5840/34/3 5774/34/3 5839/34/3
f 5841/45/3 5818/45/3 5817/45/3
f 5842/30/3 5834/30/3 5833/30/3
f 5843/43/3 5802/43/3 5816/43/3
f 5843/43/3 5816/43/3 5815/43/3
f 5844/43/3 5802/43/3 5843/43/3
f 5845/45/3 5818/45/3 5841/45/3
f 5846/45/3 5818/45/3 5845/45/3
f 5847/30/3 5834/30/3 5842/30/3
f 5848/30/3 5834/30/3 5847/30/3
f 5849/43/3 5843/43/3 5815/43/3
f 5850/47/3 5844/47/3 5843/47/3
f 5850/43/3 5843/43/3 5849/43/3
f 5851/47/3 5844/47/3 5850/47/3
f 5852/46/3 5848/46/3 5847/46/3
f 5853/46/3 5848/46/3 5852/46/3
f 5856/47/3 5850/47/3 5849/47/3
f 5857/43/3 5851/43/3 5850/43/3
f 5857/47/3 5850/47/3 5856/47/3
f 5858/30/3 5853/30/3 5852/30/3
f 5859/30/3 5853/30/3 5858/30/3
f 5860/46/3 5859/46/3 5858/46/3
f 5861/46/3 5859/46/3 5860/46/3
f 5862/44/3 5855/44/3 5854/44/3
f 5863/44/3 5855/44/3 5862/44/3
f 5864/43/3 5851/43/3 5857/43/3
f 5864/43/3 5857/43/3 5856/43/3
f 5865/43/3 5851/43/3 5864/43/3
f 5866/30/3 5861/30/3 5860/30/3
f 5867/30/3 5861/30/3 5866/30/3
f 5868/30/3 5861/30/3 5867/30/3
f 5869/43/3 5864/43/3 5856/43/3
f 5870/47/3 5865/47/3 5864/47/3
f 5870/43/3 5864/43/3 5869/43/3
f 5871/46/3 5868/46/3 5867/46/3
f 5872/46/3 5868/46/3 5871/46/3
f 5875/47/3 5870/47/3 5869/47/3
f 5876/47/3 5865/47/3 5870/47/3
f 5876/47/3 5870/47/3 5875/47/3
f 5877/30/3 5872/30/3 5871/30/3
f 5878/30/3 5872/30/3 5877/30/3
f 5880/23/3 5874/23/3 5873/23/3
f 5881/23/3 5874/23/3 5880/23/3
f 5882/43/3 5876/43/3 5875/43/3
f 5883/43/3 5876/43/3 5882/43/3
f 5886/23/3 5881/23/3 5880/23/3
f 5886/23/3 5880/23/3 5879/23/3
f 5887/23/3 5881/23/3 5886/23/3
f 5890/23/3 5885/23/3 5884/23/3
f 5891/23/3 5885/23/3 5890/23/3
f 5892/46/3 5878/46/3 5877/46/3
f 5893/43/3 5889/43/3 5888/43/3
f 5894/43/3 5889/43/3 5893/43/3
f 5895/46/3 5878/46/3 5892/46/3
f 5896/46/3 5878/46/3 5895/46/3
f 5897/43/3 5893/43/3 5888/43/3
f 5898/47/3 5894/47/3 5893/47/3
f 5898/43/3 5893/43/3 5897/43/3
f 5899/47/3 5894/47/3 5898/47/3
f 5900/30/3 5896/30/3 5895/30/3
f 5901/30/3 5896/30/3 5900/30/3
f 5902/47/3 5898/47/3 5897/47/3
f 5903/43/3 5899/43/3 5898/43/3
f 5903/47/3 5898/47/3 5902/47/3
f 5904/43/3 5903/43/3 5902/43/3
f 5905/43/3 5899/43/3 5903/43/3
f 5905/43/3 5903/43/3 5904/43/3
f 5906/47/3 5905/47/3 5904/47/3
f 5906/43/3 5899/43/3 5905/43/3
f 5907/43/3 5899/43/3 5906/43/3
f 5908/47/3 5906/47/3 5904/47/3
f 5908/47/3 5907/47/3 5906/47/3
f 5909/47/3 5907/47/3 5908/47/3
f 5912/45/3 5911/45/3 5910/45/3
f 5913/45/3 5911/45/3 5912/45/3
f 5920/23/3 5919/23/3 5918/23/3
f 5921/23/3 5919/23/3 5920/23/3
f 5924/23/3 5917/23/3 5916/23/3
f 5925/23/3 5917/23/3 5924/23/3
f 5926/23/3 5923/23/3 5922/23/3
f 5927/23/3 5923/23/3 5926/23/3
f 5928/15/3 5915/15/3 5914/15/3
f 5929/15/3 5915/15/3 5928/15/3
f 5932/43/3 5931/43/3 5930/43/3
f 5933/43/3 5931/43/3 5932/43/3
f 5934/43/3 5931/43/3 5933/43/3
f 5937/43/3 5936/43/3 5935/43/3
f 5938/43/3 5936/43/3 5937/43/3
f 5941/35/3 5940/35/3 5939/35/3
f 5942/35/3 5940/35/3 5941/35/3
f 5948/31/3 5944/31/3 5943/31/3
f 5949/31/3 5944/31/3 5948/31/3
f 5952/31/3 5948/31/3 5947/31/3
f 5953/31/3 5948/31/3 5952/31/3
f 5954/32/3 5951/32/3 5950/32/3
f 5955/32/3 5951/32/3 5954/32/3
f 5956/32/3 5946/32/3 5945/32/3
f 5957/32/3 5946/32/3 5956/32/3
f 5965/32/3 5958/32/3 5957/32/3
f 5965/32/3 5957/32/3 5956/32/3
f 5965/32/3 5956/32/3 5955/32/3
f 5966/32/3 5958/32/3 5965/32/3
f 5967/32/3 5958/32/3 5966/32/3
f 5968/32/3 5958/32/3 5967/32/3
f 5973/31/3 5960/31/3 5959/31/3
f 5974/31/3 5960/31/3 5973/31/3
f 5975/31/3 5962/31/3 5961/31/3
f 5976/31/3 5962/31/3 5975/31/3
f 5977/31/3 5964/31/3 5963/31/3
f 5978/31/3 5964/31/3 5977/31/3
f 5983/32/3 5967/32/3 5966/32/3
f 5984/32/3 5967/32/3 5983/32/3
f 5985/31/3 5980/31/3 5979/31/3
f 5986/31/3 5980/31/3 5985/31/3
f 5988/32/3 5982/32/3 5981/32/3
f 5989/32/3 5982/32/3 5988/32/3
f 5992/31/3 5987/31/3 5986/31/3
f 5993/31/3 5987/31/3 5992/31/3
f 5994/32/3 5988/32/3 5981/32/3
f 5995/32/3 5988/32/3 5994/32/3
f 5996/32/3 5991/32/3 5990/32/3
f 5997/32/3 5991/32/3 5996/32/3
f 6002/32/3 6000/32/3 5999/32/3
f 6003/32/3 6000/32/3 6002/32/3
f 6004/32/3 5998/32/3 5997/32/3
f 6005/32/3 5998/32/3 6004/32/3
f 6007/32/3 6005/32/3 6004/32/3
f 6007/32/3 6006/32/3 6005/32/3
f 6007/32/3 6004/32/3 6003/32/3
f 6007/32/3 6003/32/3 6002/32/3
f 6007/32/3 6002/32/3 6001/32/3
f 6008/32/3 6006/32/3 6007/32/3
f 6009/32/3 6006/32/3 6008/32/3
f 6010/32/3 6006/32/3 6009/32/3
f 6011/32/3 6006/32/3 6010/32/3
f 6012/32/3 6006/32/3 6011/32/3
f 6013/32/3 6011/32/3 6010/32/3
f 6014/32/3 6011/32/3 6013/32/3
f 6015/32/3 6009/32/3 6008/32/3
f 6016/32/3 6009/32/3 6015/32/3
f 6019/32/3 6017/32/3 6016/32/3
f 6020/32/3 6017/32/3 6019/32/3
f 6021/32/3 6019/32/3 6018/32/3
f 6022/32/3 6019/32/3 6021/32/3
f 6027/32/3 6024/32/3 6023/32/3
f 6028/32/3 6024/32/3 6027/32/3
f 6029/32/3 6026/32/3 6025/32/3
f 6030/32/3 6026/32/3 6029/32/3
f 6036/32/3 6027/32/3 6023/32/3
f 6037/32/3 6027/32/3 6036/32/3
f 6039/32/3 6031/32/3 6030/32/3
f 6040/32/3 6031/32/3 6039/32/3
f 6042/1/3 6033/1/3 6032/1/3
f 6043/1/3 6033/1/3 6042/1/3
f 6044/47/3 6035/47/3 6034/47/3
f 6045/47/3 6035/47/3 6044/47/3
f 6046/32/3 6039/32/3 6038/32/3
f 6047/32/3 6039/32/3 6046/32/3
f 6048/32/3 6041/32/3 6040/32/3
f 6049/32/3 6041/32/3 6048/32/3
f 6050/32/3 6048/32/3 6047/32/3
f 6051/32/3 6048/32/3 6050/32/3
f 6052/1/3 5972/1/3 5971/1/3
f 6053/1/3 5972/1/3 6052/1/3
f 6054/1/3 5970/1/3 5969/1/3
f 6055/1/3 5970/1/3 6054/1/3
f 6061/23/3 6057/23/3 6056/23/3
f 6062/23/3 6057/23/3 6061/23/3
f 6063/23/3 6060/23/3 6059/23/3
f 6063/23/3 6059/23/3 6058/23/3
f 6064/23/3 6060/23/3 6063/23/3
f 6065/23/3 6060/23/3 6064/23/3
f 6066/23/3 6060/23/3 6065/23/3
f 6071/30/3 6068/30/3 6067/30/3
f 6078/1/3 6073/1/3 6072/1/3
f 6079/48/3 6074/48/3 6073/48/3
f 6079/1/3 6073/1/3 6078/1/3
f 6080/1/3 6075/1/3 6074/1/3
f 6080/48/3 6074/48/3 6079/48/3
f 6081/1/3 6075/1/3 6080/1/3
f 6082/1/3 6078/1/3 6072/1/3
f 6083/48/3 6079/48/3 6078/48/3
f 6083/1/3 6078/1/3 6082/1/3
f 6083/48/3 6080/48/3 6079/48/3
f 6083/48/3 6081/48/3 6080/48/3
f 6084/1/3 6075/1/3 6081/1/3
f 6084/48/3 6081/48/3 6083/48/3
f 6085/1/3 6075/1/3 6084/1/3
f 6086/48/3 6083/48/3 6082/48/3
f 6086/48/3 6084/48/3 6083/48/3
f 6086/48/3 6085/48/3 6084/48/3
f 6087/48/3 6085/48/3 6086/48/3
f 6088/48/3 6085/48/3 6087/48/3
f 6089/48/3 6085/48/3 6088/48/3
f 6090/1/3 6087/1/3 6086/1/3
f 6090/48/3 6088/48/3 6087/48/3
f 6091/48/3 6088/48/3 6090/48/3
f 6092/48/3 6088/48/3 6091/48/3
f 6093/1/3 6089/1/3 6088/1/3
f 6093/48/3 6088/48/3 6092/48/3
f 6094/1/3 6090/1/3 6086/1/3
f 6094/1/3 6091/1/3 6090/1/3
f 6095/48/3 6092/48/3 6091/48/3
f 6095/1/3 6091/1/3 6094/1/3
f 6096/1/3 6093/1/3 6092/1/3
f 6096/48/3 6092/48/3 6095/48/3
f 6097/1/3 6089/1/3 6093/1/3
f 6097/1/3 6093/1/3 6096/1/3
f 6098/30/3 6068/30/3 6071/30/3
f 6103/30/3 6068/30/3 6098/30/3
f 6104/1/3 6100/1/3 6099/1/3
f 6105/1/3 6100/1/3 6104/1/3
f 6106/1/3 6102/1/3 6101/1/3
f 6107/1/3 6102/1/3 6106/1/3
f 6108/30/3 6068/30/3 6103/30/3
f 6109/34/3 6105/34/3 6104/34/3
f 6110/34/3 6105/34/3 6109/34/3
f 6111/34/3 6107/34/3 6106/34/3
f 6112/34/3 6107/34/3 6111/34/3
f 6113/30/3 6068/30/3 6108/30/3
f 6118/30/3 6068/30/3 6113/30/3
f 6119/30/3 6068/30/3 6118/30/3
f 6120/30/3 6068/30/3 6119/30/3
f 6121/30/3 6068/30/3 6120/30/3
f 6124/30/3 6068/30/3 6121/30/3
f 6125/23/3 6070/23/3 6069/23/3
f 6126/23/3 6070/23/3 6125/23/3
f 6127/30/3 6068/30/3 6124/30/3
f 6128/44/3 6123/44/3 6122/44/3
f 6129/44/3 6123/44/3 6128/44/3
f 6130/23/3 6077/23/3 6076/23/3
f 6131/23/3 6077/23/3 6130/23/3
f 6134/30/3 6068/30/3 6127/30/3
f 6135/30/3 6068/30/3 6134/30/3
f 6136/30/3 6068/30/3 6135/30/3
f 6139/23/3 6115/23/3 6114/23/3
f 6140/23/3 6117/23/3 6116/23/3
f 6141/23/3 6117/23/3 6140/23/3
f 6144/23/3 6139/23/3 6114/23/3
f 6144/23/3 6142/23/3 6141/23/3
f 6144/23/3 6141/23/3 6140/23/3
f 6144/23/3 6140/23/3 6139/23/3
f 6145/23/3 6142/23/3 6144/23/3
f 6146/23/3 6142/23/3 6145/23/3
f 6147/23/3 6142/23/3 6146/23/3
f 6148/23/3 6142/23/3 6147/23/3
f 6149/23/3 6142/23/3 6148/23/3
f 6150/1/3 6144/1/3 6143/1/3
f 6151/1/3 6144/1/3 6150/1/3
f 6158/48/3 6147/48/3 6146/48/3
f 6159/48/3 6147/48/3 6158/48/3
f 6162/14/3 6153/14/3 6152/14/3
f 6163/14/3 6153/14/3 6162/14/3
f 6166/33/3 6157/33/3 6156/33/3
f 6167/33/3 6157/33/3 6166/33/3
f 6169/33/3 6161/33/3 6160/33/3
f 6170/33/3 6161/33/3 6169/33/3
f 6171/33/3 6163/33/3 6162/33/3
f 6172/33/3 6163/33/3 6171/33/3
f 6175/33/3 6168/33/3 6167/33/3
f 6176/33/3 6168/33/3 6175/33/3
f 6177/33/3 6168/33/3 6176/33/3
f 6178/23/3 6133/23/3 6132/23/3
f 6179/23/3 6133/23/3 6178/23/3
f 6180/33/3 6169/33/3 6160/33/3
f 6182/33/3 6173/33/3 6172/33/3
f 6183/33/3 6173/33/3 6182/33/3
f 6184/33/3 6165/33/3 6164/33/3
f 6185/33/3 6165/33/3 6184/33/3
f 6186/33/3 6155/33/3 6154/33/3
f 6187/33/3 6176/33/3 6175/33/3
f 6187/33/3 6175/33/3 6174/33/3
f 6188/33/3 6176/33/3 6187/33/3
f 6191/33/3 6181/33/3 6180/33/3
f 6191/33/3 6180/33/3 6160/33/3
f 6192/33/3 6181/33/3 6191/33/3
f 6196/33/3 6185/33/3 6184/33/3
f 6196/33/3 6186/33/3 6185/33/3
f 6196/33/3 6184/33/3 6183/33/3
f 6197/33/3 6186/33/3 6196/33/3
f 6198/33/3 6186/33/3 6197/33/3
f 6199/33/3 6155/33/3 6186/33/3
f 6199/33/3 6186/33/3 6198/33/3
f 6201/33/3 6176/33/3 6188/33/3
f 6202/33/3 6176/33/3 6201/33/3
f 6204/23/3 6138/23/3 6137/23/3
f 6205/23/3 6138/23/3 6204/23/3
f 6207/23/3 6190/23/3 6189/23/3
f 6209/33/3 6194/33/3 6193/33/3
f 6210/33/3 6194/33/3 6209/33/3
f 6212/33/3 6196/33/3 6195/33/3
f 6213/33/3 6196/33/3 6212/33/3
f 6214/33/3 6203/33/3 6202/33/3
f 6214/33/3 6202/33/3 6201/33/3
f 6214/33/3 6201/33/3 6200/33/3
f 6215/33/3 6203/33/3 6214/33/3
f 6216/33/3 6203/33/3 6215/33/3
f 6217/33/3 6203/33/3 6216/33/3
f 6218/23/3 6207/23/3 6206/23/3
f 6219/23/3 6190/23/3 6207/23/3
f 6219/23/3 6207/23/3 6218/23/3
f 6221/33/3 6209/33/3 6208/33/3
f 6222/33/3 6209/33/3 6221/33/3
f 6223/33/3 6198/33/3 6197/33/3
f 6224/33/3 6198/33/3 6223/33/3
f 6226/33/3 6216/33/3 6215/33/3
f 6227/23/3 6190/23/3 6219/23/3
f 6228/23/3 6190/23/3 6227/23/3
f 6229/33/3 6221/33/3 6220/33/3
f 6230/33/3 6221/33/3 6229/33/3
f 6231/33/3 6212/33/3 6211/33/3
f 6232/33/3 6212/33/3 6231/33/3
f 6233/33/3 6155/33/3 6199/33/3
f 6234/33/3 6155/33/3 6233/33/3
f 6235/33/3 6226/33/3 6225/33/3
f 6236/33/3 6216/33/3 6226/33/3
f 6236/33/3 6226/33/3 6235/33/3
f 6237/15/3 6062/15/3 6061/15/3
f 6238/15/3 6062/15/3 6237/15/3
f 6246/47/3 6240/47/3 6239/47/3
f 6247/47/3 6240/47/3 6246/47/3
f 6248/47/3 6242/47/3 6241/47/3
f 6249/47/3 6242/47/3 6248/47/3
f 6251/46/3 6245/46/3 6244/46/3
f 6251/46/3 6244/46/3 6243/46/3
f 6252/46/3 6245/46/3 6251/46/3
f 6253/46/3 6245/46/3 6252/46/3
f 6254/46/3 6245/46/3 6253/46/3
f 6255/46/3 6253/46/3 6252/46/3
f 6256/46/3 6253/46/3 6255/46/3
f 6257/28/3 6254/28/3 6253/28/3
f 6257/46/3 6253/46/3 6256/46/3
f 6258/46/3 6245/46/3 6254/46/3
f 6258/28/3 6254/28/3 6257/28/3
f 6259/46/3 6245/46/3 6258/46/3
f 6260/46/3 6245/46/3 6259/46/3
f 6261/46/3 6245/46/3 6260/46/3
f 6263/46/3 6257/46/3 6256/46/3
f 6263/46/3 6258/46/3 6257/46/3
f 6264/28/3 6259/28/3 6258/28/3
f 6264/46/3 6258/46/3 6263/46/3
f 6265/46/3 6260/46/3 6259/46/3
f 6265/28/3 6259/28/3 6264/28/3
f 6266/46/3 6260/46/3 6265/46/3
f 6267/46/3 6260/46/3 6266/46/3
f 6268/28/3 6261/28/3 6260/28/3
f 6268/46/3 6260/46/3 6267/46/3
f 6269/46/3 6245/46/3 6261/46/3
f 6269/28/3 6261/28/3 6268/28/3
f 6272/46/3 6264/46/3 6263/46/3
f 6272/46/3 6263/46/3 6262/46/3
f 6272/46/3 6265/46/3 6264/46/3
f 6272/28/3 6266/28/3 6265/28/3
f 6273/46/3 6267/46/3 6266/46/3
f 6273/28/3 6266/28/3 6272/28/3
f 6274/46/3 6267/46/3 6273/46/3
f 6275/28/3 6268/28/3 6267/28/3
f 6275/46/3 6267/46/3 6274/46/3
f 6276/46/3 6269/46/3 6268/46/3
f 6276/28/3 6268/28/3 6275/28/3
f 6278/37/3 6271/37/3 6270/37/3
f 6279/46/3 6272/46/3 6262/46/3
f 6279/46/3 6273/46/3 6272/46/3
f 6280/46/3 6273/46/3 6279/46/3
f 6281/28/3 6274/28/3 6273/28/3
f 6281/46/3 6273/46/3 6280/46/3
f 6282/46/3 6275/46/3 6274/46/3
f 6282/28/3 6274/28/3 6281/28/3
f 6282/46/3 6276/46/3 6275/46/3
f 6283/46/3 6269/46/3 6276/46/3
f 6283/46/3 6276/46/3 6282/46/3
f 6283/46/3 6245/46/3 6269/46/3
f 6284/23/3 6250/23/3 6249/23/3
f 6284/47/3 6247/47/3 6246/47/3
f 6284/47/3 6249/47/3 6248/47/3
f 6284/47/3 6248/47/3 6247/47/3
f 6285/23/3 6250/23/3 6284/23/3
f 6286/46/3 6282/46/3 6281/46/3
f 6286/46/3 6281/46/3 6280/46/3
f 6287/28/3 6283/28/3 6282/28/3
f 6287/46/3 6282/46/3 6286/46/3
f 6288/46/3 6245/46/3 6283/46/3
f 6288/28/3 6283/28/3 6287/28/3
f 6289/47/3 6284/47/3 6246/47/3
f 6292/46/3 6286/46/3 6280/46/3
f 6293/46/3 6286/46/3 6292/46/3
f 6294/28/3 6287/28/3 6286/28/3
f 6294/46/3 6286/46/3 6293/46/3
f 6295/46/3 6288/46/3 6287/46/3
f 6295/28/3 6287/28/3 6294/28/3
f 6296/46/3 6288/46/3 6295/46/3
f 6297/46/3 6288/46/3 6296/46/3
f 6298/47/3 6289/47/3 6246/47/3
f 6299/47/3 6289/47/3 6298/47/3
f 6300/47/3 6289/47/3 6299/47/3
f 6301/47/3 6289/47/3 6300/47/3
f 6302/23/3 6290/23/3 6289/23/3
f 6302/47/3 6289/47/3 6301/47/3
f 6303/23/3 6290/23/3 6302/23/3
f 6304/46/3 6293/46/3 6292/46/3
f 6304/46/3 6292/46/3 6291/46/3
f 6305/28/3 6294/28/3 6293/28/3
f 6305/46/3 6293/46/3 6304/46/3
f 6306/46/3 6295/46/3 6294/46/3
f 6306/28/3 6294/28/3 6305/28/3
f 6306/46/3 6296/46/3 6295/46/3
f 6307/28/3 6297/28/3 6296/28/3
f 6307/46/3 6296/46/3 6306/46/3
f 6308/28/3 6297/28/3 6307/28/3
f 6309/46/3 6288/46/3 6297/46/3
f 6309/28/3 6297/28/3 6308/28/3
f 6310/46/3 6245/46/3 6288/46/3
f 6310/46/3 6288/46/3 6309/46/3
f 6312/47/3 6300/47/3 6299/47/3
f 6313/47/3 6300/47/3 6312/47/3
f 6314/47/3 6303/47/3 6302/47/3
f 6314/47/3 6302/47/3 6301/47/3
f 6315/47/3 6303/47/3 6314/47/3
f 6316/47/3 6303/47/3 6315/47/3
f 6319/46/3 6304/46/3 6291/46/3
f 6320/46/3 6304/46/3 6319/46/3
f 6321/28/3 6305/28/3 6304/28/3
f 6321/46/3 6304/46/3 6320/46/3
f 6322/46/3 6308/46/3 6307/46/3
f 6322/28/3 6305/28/3 6321/28/3
f 6322/46/3 6306/46/3 6305/46/3
f 6322/46/3 6307/46/3 6306/46/3
f 6323/28/3 6309/28/3 6308/28/3
f 6323/46/3 6308/46/3 6322/46/3
f 6323/28/3 6310/28/3 6309/28/3
f 6324/46/3 6245/46/3 6310/46/3
f 6324/28/3 6310/28/3 6323/28/3
f 6325/45/3 6318/45/3 6317/45/3
f 6326/45/3 6318/45/3 6325/45/3
f 6327/37/3 6278/37/3 6277/37/3
f 6329/28/3 6321/28/3 6320/28/3
f 6330/46/3 6322/46/3 6321/46/3
f 6330/46/3 6324/46/3 6323/46/3
f 6330/28/3 6321/28/3 6329/28/3
f 6330/46/3 6323/46/3 6322/46/3
f 6331/37/3 6271/37/3 6278/37/3
f 6331/37/3 6327/37/3 6326/37/3
f 6331/37/3 6278/37/3 6327/37/3
f 6332/37/3 6271/37/3 6331/37/3
f 6333/46/3 6330/46/3 6329/46/3
f 6333/46/3 6329/46/3 6328/46/3
f 6334/46/3 6324/46/3 6330/46/3
f 6334/46/3 6330/46/3 6333/46/3
f 6334/46/3 6245/46/3 6324/46/3
f 6336/37/3 6331/37/3 6326/37/3
f 6337/37/3 6331/37/3 6336/37/3
f 6340/45/3 6336/45/3 6335/45/3
f 6341/45/3 6336/45/3 6340/45/3
f 6342/46/3 6339/46/3 6338/46/3
f 6343/46/3 6339/46/3 6342/46/3
f 6344/46/3 6342/46/3 6338/46/3
f 6345/46/3 6342/46/3 6344/46/3
f 6346/46/3 6342/46/3 6345/46/3
f 6347/28/3 6343/28/3 6342/28/3
f 6347/46/3 6342/46/3 6346/46/3
f 6348/46/3 6339/46/3 6343/46/3
f 6348/28/3 6343/28/3 6347/28/3
f 6349/46/3 6346/46/3 6345/46/3
f 6350/46/3 6346/46/3 6349/46/3
f 6351/46/3 6346/46/3 6350/46/3
f 6352/46/3 6346/46/3 6351/46/3
f 6353/28/3 6347/28/3 6346/28/3
f 6354/46/3 6348/46/3 6347/46/3
f 6354/28/3 6347/28/3 6353/28/3
f 6356/46/3 6351/46/3 6350/46/3
f 6357/28/3 6352/28/3 6351/28/3
f 6358/46/3 6346/46/3 6352/46/3
f 6358/28/3 6352/28/3 6357/28/3
f 6359/28/3 6353/28/3 6346/28/3
f 6359/46/3 6346/46/3 6358/46/3
f 6361/46/3 6356/46/3 6355/46/3
f 6362/46/3 6358/46/3 6357/46/3
f 6362/28/3 6359/28/3 6358/28/3
f 6363/28/3 6353/28/3 6359/28/3
f 6363/28/3 6359/28/3 6362/28/3
f 6364/46/3 6354/46/3 6353/46/3
f 6364/28/3 6353/28/3 6363/28/3
f 6365/46/3 6339/46/3 6348/46/3
f 6365/46/3 6354/46/3 6364/46/3
f 6365/46/3 6348/46/3 6354/46/3
f 6366/28/3 6364/28/3 6363/28/3
f 6366/28/3 6365/28/3 6364/28/3
f 6367/46/3 6339/46/3 6365/46/3
f 6367/28/3 6365/28/3 6366/28/3
f 6368/46/3 6363/46/3 6362/46/3
f 6368/46/3 6362/46/3 6357/46/3
f 6369/46/3 6363/46/3 6368/46/3
f 6370/46/3 6361/46/3 6360/46/3
f 6371/46/3 6356/46/3 6361/46/3
f 6371/46/3 6361/46/3 6370/46/3
f 6372/46/3 6368/46/3 6357/46/3
f 6372/28/3 6369/28/3 6368/28/3
f 6373/46/3 6363/46/3 6369/46/3
f 6373/28/3 6369/28/3 6372/28/3
f 6374/28/3 6357/28/3 6351/28/3
f 6374/46/3 6351/46/3 6356/46/3
f 6374/46/3 6356/46/3 6371/46/3
f 6375/46/3 6372/46/3 6357/46/3
f 6375/28/3 6357/28/3 6374/28/3
f 6375/46/3 6373/46/3 6372/46/3
f 6376/46/3 6373/46/3 6375/46/3
f 6377/46/3 6363/46/3 6373/46/3
f 6377/46/3 6373/46/3 6376/46/3
f 6377/28/3 6366/28/3 6363/28/3
f 6378/46/3 6367/46/3 6366/46/3
f 6378/28/3 6366/28/3 6377/28/3
f 6379/46/3 6367/46/3 6378/46/3
f 6380/47/3 6313/47/3 6312/47/3
f 6380/47/3 6314/47/3 6313/47/3
f 6380/47/3 6315/47/3 6314/47/3
f 6380/47/3 6312/47/3 6311/47/3
f 6381/47/3 6315/47/3 6380/47/3
f 6383/46/3 6375/46/3 6374/46/3
f 6383/46/3 6374/46/3 6371/46/3
f 6384/28/3 6376/28/3 6375/28/3
f 6384/46/3 6375/46/3 6383/46/3
f 6385/46/3 6378/46/3 6377/46/3
f 6385/28/3 6376/28/3 6384/28/3
f 6385/46/3 6377/46/3 6376/46/3
f 6386/28/3 6379/28/3 6378/28/3
f 6386/46/3 6378/46/3 6385/46/3
f 6387/46/3 6367/46/3 6379/46/3
f 6387/28/3 6379/28/3 6386/28/3
f 6388/47/3 6380/47/3 6311/47/3
f 6389/47/3 6315/47/3 6381/47/3
f 6392/47/3 6389/47/3 6388/47/3
f 6392/47/3 6315/47/3 6389/47/3
f 6392/23/3 6316/23/3 6315/23/3
f 6393/23/3 6316/23/3 6392/23/3
f 6397/15/3 6391/15/3 6390/15/3
f 6398/15/3 6391/15/3 6397/15/3
f 6399/46/3 6386/46/3 6385/46/3
f 6399/46/3 6385/46/3 6384/46/3
f 6399/46/3 6387/46/3 6386/46/3
f 6399/46/3 6384/46/3 6383/46/3
f 6399/46/3 6383/46/3 6382/46/3
f 6400/46/3 6367/46/3 6387/46/3
f 6400/46/3 6387/46/3 6399/46/3
f 6400/46/3 6339/46/3 6367/46/3
f 6401/13/3 6393/13/3 6392/13/3
f 6402/13/3 6395/13/3 6394/13/3
f 6405/46/3 6404/46/3 6403/46/3
f 6406/46/3 6404/46/3 6405/46/3
f 6407/46/3 6404/46/3 6406/46/3
f 6408/46/3 6404/46/3 6407/46/3
f 6409/46/3 6404/46/3 6408/46/3
f 6410/46/3 6404/46/3 6409/46/3
f 6411/13/3 6402/13/3 6401/13/3
f 6411/13/3 6395/13/3 6402/13/3
f 6412/13/3 6395/13/3 6411/13/3
f 6413/13/3 6395/13/3 6412/13/3
f 6414/14/3 6397/14/3 6396/14/3
f 6415/14/3 6397/14/3 6414/14/3
f 6416/14/3 6397/14/3 6415/14/3
f 6417/14/3 6397/14/3 6416/14/3
f 6418/14/3 6397/14/3 6417/14/3
f 6420/46/3 6407/46/3 6406/46/3
f 6421/46/3 6407/46/3 6420/46/3
f 6422/46/3 6407/46/3 6421/46/3
f 6423/46/3 6404/46/3 6410/46/3
f 6424/46/3 6404/46/3 6423/46/3
f 6425/13/3 6411/13/3 6401/13/3
f 6426/13/3 6411/13/3 6425/13/3
f 6427/13/3 6411/13/3 6426/13/3
f 6428/13/3 6411/13/3 6427/13/3
f 6429/46/3 6420/46/3 6419/46/3
f 6429/46/3 6421/46/3 6420/46/3
f 6430/46/3 6421/46/3 6429/46/3
f 6431/28/3 6422/28/3 6421/28/3
f 6431/46/3 6421/46/3 6430/46/3
f 6432/46/3 6407/46/3 6422/46/3
f 6432/28/3 6422/28/3 6431/28/3
f 6433/46/3 6407/46/3 6432/46/3
f 6434/13/3 6425/13/3 6401/13/3
f 6435/13/3 6427/13/3 6426/13/3
f 6436/13/3 6427/13/3 6435/13/3
f 6437/13/3 6411/13/3 6428/13/3
f 6439/46/3 6431/46/3 6430/46/3
f 6439/46/3 6432/46/3 6431/46/3
f 6440/28/3 6410/28/3 6409/28/3
f 6440/46/3 6423/46/3 6410/46/3
f 6441/28/3 6424/28/3 6423/28/3
f 6441/46/3 6423/46/3 6440/46/3
f 6442/46/3 6439/46/3 6438/46/3
f 6442/46/3 6432/46/3 6439/46/3
f 6442/28/3 6433/28/3 6432/28/3
f 6443/46/3 6407/46/3 6433/46/3
f 6443/28/3 6433/28/3 6442/28/3
f 6444/28/3 6408/28/3 6407/28/3
f 6444/46/3 6407/46/3 6443/46/3
f 6445/28/3 6441/28/3 6440/28/3
f 6445/28/3 6440/28/3 6409/28/3
f 6446/28/3 6424/28/3 6441/28/3
f 6446/28/3 6441/28/3 6445/28/3
f 6448/46/3 6443/46/3 6442/46/3
f 6448/46/3 6442/46/3 6438/46/3
f 6449/28/3 6444/28/3 6443/28/3
f 6449/46/3 6443/46/3 6448/46/3
f 6450/28/3 6408/28/3 6444/28/3
f 6450/28/3 6444/28/3 6449/28/3
f 6451/46/3 6409/46/3 6408/46/3
f 6451/28/3 6408/28/3 6450/28/3
f 6452/28/3 6445/28/3 6409/28/3
f 6452/46/3 6409/46/3 6451/46/3
f 6453/28/3 6424/28/3 6446/28/3
f 6453/46/3 6404/46/3 6424/46/3
f 6454/46/3 6404/46/3 6453/46/3
f 6455/46/3 6450/46/3 6449/46/3
f 6455/46/3 6449/46/3 6448/46/3
f 6455/46/3 6448/46/3 6447/46/3
f 6456/28/3 6451/28/3 6450/28/3
f 6456/46/3 6450/46/3 6455/46/3
f 6456/28/3 6452/28/3 6451/28/3
f 6457/28/3 6452/28/3 6456/28/3
f 6458/28/3 6445/28/3 6452/28/3
f 6458/28/3 6452/28/3 6457/28/3
f 6459/28/3 6454/28/3 6453/28/3
f 6459/28/3 6453/28/3 6446/28/3
f 6460/28/3 6454/28/3 6459/28/3
f 6461/14/3 6414/14/3 6396/14/3
f 6462/14/3 6416/14/3 6415/14/3
f 6463/14/3 6416/14/3 6462/14/3
f 6465/14/3 6397/14/3 6418/14/3
f 6466/46/3 6455/46/3 6447/46/3
f 6467/46/3 6455/46/3 6466/46/3
f 6468/46/3 6455/46/3 6467/46/3
f 6469/28/3 6457/28/3 6456/28/3
f 6469/46/3 6455/46/3 6468/46/3
f 6469/28/3 6456/28/3 6455/28/3
f 6470/28/3 6457/28/3 6469/28/3
f 6471/28/3 6445/28/3 6458/28/3
f 6471/46/3 6446/46/3 6445/46/3
f 6472/28/3 6459/28/3 6446/28/3
f 6472/46/3 6446/46/3 6471/46/3
f 6473/47/3 6392/47/3 6388/47/3
f 6473/47/3 6388/47/3 6311/47/3
f 6474/47/3 6392/47/3 6473/47/3
f 6475/47/3 6392/47/3 6474/47/3
f 6476/47/3 6392/47/3 6475/47/3
f 6477/13/3 6401/13/3 6392/13/3
f 6477/13/3 6436/13/3 6435/13/3
f 6477/13/3 6434/13/3 6401/13/3
f 6477/13/3 6437/13/3 6436/13/3
f 6477/13/3 6435/13/3 6434/13/3
f 6478/13/3 6437/13/3 6477/13/3
f 6480/46/3 6468/46/3 6467/46/3
f 6481/28/3 6472/28/3 6471/28/3
f 6481/28/3 6471/28/3 6458/28/3
f 6482/28/3 6459/28/3 6472/28/3
f 6482/28/3 6472/28/3 6481/28/3
f 6484/47/3 6475/47/3 6474/47/3
f 6485/47/3 6475/47/3 6484/47/3
f 6486/47/3 6392/47/3 6476/47/3
f 6487/13/3 6477/13/3 6392/13/3
f 6488/13/3 6437/13/3 6478/13/3
f 6490/46/3 6480/46/3 6479/46/3
f 6491/46/3 6468/46/3 6480/46/3
f 6491/46/3 6480/46/3 6490/46/3
f 6492/28/3 6469/28/3 6468/28/3
f 6492/46/3 6468/46/3 6491/46/3
f 6493/46/3 6470/46/3 6469/46/3
f 6493/28/3 6469/28/3 6492/28/3
f 6494/46/3 6490/46/3 6489/46/3
f 6494/28/3 6492/28/3 6491/28/3
f 6494/46/3 6491/46/3 6490/46/3
f 6495/46/3 6493/46/3 6492/46/3
f 6495/28/3 6492/28/3 6494/28/3
f 6496/28/3 6459/28/3 6482/28/3
f 6496/46/3 6482/46/3 6481/46/3
f 6497/46/3 6460/46/3 6459/46/3
f 6497/28/3 6459/28/3 6496/28/3
f 6498/47/3 6485/47/3 6484/47/3
f 6498/47/3 6486/47/3 6485/47/3
f 6498/47/3 6484/47/3 6483/47/3
f 6499/47/3 6486/47/3 6498/47/3
f 6500/14/3 6465/14/3 6464/14/3
f 6500/14/3 6464/14/3 6463/14/3
f 6500/14/3 6461/14/3 6396/14/3
f 6500/14/3 6462/14/3 6461/14/3
f 6500/14/3 6463/14/3 6462/14/3
f 6501/14/3 6465/14/3 6500/14/3
f 6502/14/3 6465/14/3 6501/14/3
f 6503/14/3 6465/14/3 6502/14/3
f 6504/14/3 6397/14/3 6465/14/3
f 6504/14/3 6465/14/3 6503/14/3
f 6505/46/3 6494/46/3 6489/46/3
f 6505/46/3 6495/46/3 6494/46/3
f 6506/46/3 6495/46/3 6505/46/3
f 6507/46/3 6470/46/3 6493/46/3
f 6507/46/3 6495/46/3 6506/46/3
f 6507/46/3 6493/46/3 6495/46/3
f 6507/28/3 6457/28/3 6470/28/3
f 6508/46/3 6458/46/3 6457/46/3
f 6508/28/3 6457/28/3 6507/28/3
f 6509/28/3 6481/28/3 6458/28/3
f 6509/46/3 6458/46/3 6508/46/3
f 6510/46/3 6496/46/3 6481/46/3
f 6510/28/3 6481/28/3 6509/28/3
f 6510/46/3 6497/46/3 6496/46/3
f 6512/46/3 6508/46/3 6507/46/3
f 6512/46/3 6510/46/3 6509/46/3
f 6512/46/3 6509/46/3 6508/46/3
f 6512/46/3 6507/46/3 6506/46/3
f 6513/46/3 6512/46/3 6511/46/3
f 6514/46/3 6460/46/3 6497/46/3
f 6514/46/3 6512/46/3 6513/46/3
f 6514/46/3 6497/46/3 6510/46/3
f 6514/46/3 6510/46/3 6512/46/3
f 6515/13/3 6411/13/3 6437/13/3
f 6515/13/3 6488/13/3 6487/13/3
f 6515/13/3 6437/13/3 6488/13/3
f 6519/13/3 6515/13/3 6487/13/3
f 6520/13/3 6515/13/3 6519/13/3
f 6521/14/3 6516/14/3 6515/14/3
f 6521/13/3 6515/13/3 6520/13/3
f 6522/14/3 6516/14/3 6521/14/3
f 6523/46/3 6518/46/3 6517/46/3
f 6524/46/3 6518/46/3 6523/46/3
f 6525/13/3 6519/13/3 6487/13/3
f 6526/13/3 6519/13/3 6525/13/3
f 6527/13/3 6519/13/3 6526/13/3
f 6528/13/3 6521/13/3 6520/13/3
f 6530/46/3 6518/46/3 6524/46/3
f 6531/46/3 6518/46/3 6530/46/3
f 6532/46/3 6518/46/3 6531/46/3
f 6533/13/3 6525/13/3 6487/13/3
f 6534/13/3 6527/13/3 6526/13/3
f 6534/13/3 6528/13/3 6527/13/3
f 6535/35/3 6532/35/3 6531/35/3
f 6535/46/3 6530/46/3 6529/46/3
f 6535/46/3 6531/46/3 6530/46/3
f 6536/46/3 6518/46/3 6532/46/3
f 6536/35/3 6532/35/3 6535/35/3
f 6537/46/3 6518/46/3 6536/46/3
f 6538/13/3 6534/13/3 6533/13/3
f 6538/13/3 6521/13/3 6528/13/3
f 6538/13/3 6528/13/3 6534/13/3
f 6540/13/3 6395/13/3 6413/13/3
f 6541/14/3 6500/14/3 6396/14/3
f 6542/14/3 6502/14/3 6501/14/3
f 6543/14/3 6502/14/3 6542/14/3
f 6545/14/3 6397/14/3 6504/14/3
f 6546/35/3 6537/35/3 6536/35/3
f 6546/46/3 6536/46/3 6535/46/3
f 6547/46/3 6518/46/3 6537/46/3
f 6547/35/3 6537/35/3 6546/35/3
f 6548/46/3 6518/46/3 6547/46/3
f 6549/46/3 6518/46/3 6548/46/3
f 6550/46/3 6518/46/3 6549/46/3
f 6551/13/3 6539/13/3 6538/13/3
f 6551/13/3 6540/13/3 6539/13/3
f 6552/13/3 6540/13/3 6551/13/3
f 6553/13/3 6395/13/3 6540/13/3
f 6553/13/3 6540/13/3 6552/13/3
f 6554/14/3 6541/14/3 6396/14/3
f 6554/14/3 6544/14/3 6543/14/3
f 6554/14/3 6545/14/3 6544/14/3
f 6554/14/3 6542/14/3 6541/14/3
f 6554/14/3 6543/14/3 6542/14/3
f 6555/14/3 6545/14/3 6554/14/3
f 6556/14/3 6545/14/3 6555/14/3
f 6557/14/3 6545/14/3 6556/14/3
f 6558/35/3 6548/35/3 6547/35/3
f 6558/46/3 6547/46/3 6546/46/3
f 6559/46/3 6549/46/3 6548/46/3
f 6559/35/3 6548/35/3 6558/35/3
f 6560/46/3 6549/46/3 6559/46/3
f 6561/47/3 6486/47/3 6499/47/3
f 6561/23/3 6499/23/3 6498/23/3
f 6562/47/3 6392/47/3 6486/47/3
f 6562/47/3 6486/47/3 6561/47/3
f 6563/13/3 6551/13/3 6538/13/3
f 6564/13/3 6553/13/3 6552/13/3
f 6565/47/3 6554/47/3 6553/47/3
f 6566/14/3 6556/14/3 6555/14/3
f 6567/14/3 6556/14/3 6566/14/3
f 6568/14/3 6545/14/3 6557/14/3
f 6569/46/3 6546/46/3 6535/46/3
f 6569/46/3 6535/46/3 6529/46/3
f 6569/46/3 6558/46/3 6546/46/3
f 6569/46/3 6559/46/3 6558/46/3
f 6570/46/3 6559/46/3 6569/46/3
f 6571/35/3 6560/35/3 6559/35/3
f 6571/46/3 6559/46/3 6570/46/3
f 6572/46/3 6549/46/3 6560/46/3
f 6572/35/3 6560/35/3 6571/35/3
f 6573/46/3 6549/46/3 6572/46/3
f 6574/23/3 6561/23/3 6498/23/3
f 6575/47/3 6392/47/3 6562/47/3
f 6576/14/3 6568/14/3 6567/14/3
f 6576/14/3 6567/14/3 6566/14/3
f 6576/14/3 6566/14/3 6565/14/3
f 6577/14/3 6545/14/3 6568/14/3
f 6577/14/3 6568/14/3 6576/14/3
f 6577/14/3 6397/14/3 6545/14/3
f 6578/46/3 6571/46/3 6570/46/3
f 6578/46/3 6572/46/3 6571/46/3
f 6579/46/3 6572/46/3 6578/46/3
f 6580/35/3 6573/35/3 6572/35/3
f 6580/46/3 6572/46/3 6579/46/3
f 6581/46/3 6549/46/3 6573/46/3
f 6581/35/3 6573/35/3 6580/35/3
f 6582/46/3 6549/46/3 6581/46/3
f 6583/46/3 6518/46/3 6550/46/3
f 6583/35/3 6550/35/3 6549/35/3
f 6584/46/3 6518/46/3 6583/46/3
f 6585/13/3 6538/13/3 6533/13/3
f 6585/13/3 6563/13/3 6538/13/3
f 6585/13/3 6533/13/3 6487/13/3
f 6585/13/3 6564/13/3 6563/13/3
f 6586/13/3 6564/13/3 6585/13/3
f 6587/47/3 6565/47/3 6553/47/3
f 6587/13/3 6564/13/3 6586/13/3
f 6587/13/3 6553/13/3 6564/13/3
f 6588/14/3 6576/14/3 6565/14/3
f 6588/47/3 6565/47/3 6587/47/3
f 6590/46/3 6580/46/3 6579/46/3
f 6590/46/3 6581/46/3 6580/46/3
f 6591/46/3 6581/46/3 6590/46/3
f 6592/35/3 6582/35/3 6581/35/3
f 6592/46/3 6581/46/3 6591/46/3
f 6593/46/3 6549/46/3 6582/46/3
f 6593/35/3 6582/35/3 6592/35/3
f 6594/35/3 6584/35/3 6583/35/3
f 6594/46/3 6549/46/3 6593/46/3
f 6594/35/3 6583/35/3 6549/35/3
f 6595/35/3 6584/35/3 6594/35/3
f 6596/46/3 6518/46/3 6584/46/3
f 6596/35/3 6584/35/3 6595/35/3
f 6597/13/3 6585/13/3 6487/13/3
f 6598/13/3 6587/13/3 6586/13/3
f 6599/13/3 6587/13/3 6598/13/3
f 6600/14/3 6576/14/3 6588/14/3
f 6601/46/3 6591/46/3 6590/46/3
f 6601/46/3 6590/46/3 6589/46/3
f 6602/35/3 6592/35/3 6591/35/3
f 6602/46/3 6591/46/3 6601/46/3
f 6602/35/3 6595/35/3 6594/35/3
f 6602/35/3 6593/35/3 6592/35/3
f 6602/35/3 6594/35/3 6593/35/3
f 6603/35/3 6595/35/3 6602/35/3
f 6604/46/3 6601/46/3 6589/46/3
f 6604/35/3 6602/35/3 6601/35/3
f 6605/46/3 6603/46/3 6602/46/3
f 6605/35/3 6602/35/3 6604/35/3
f 6606/13/3 6598/13/3 6597/13/3
f 6606/13/3 6487/13/3 6392/13/3
f 6606/47/3 6575/47/3 6574/47/3
f 6606/13/3 6597/13/3 6487/13/3
f 6606/13/3 6599/13/3 6598/13/3
f 6606/47/3 6392/47/3 6575/47/3
f 6607/13/3 6599/13/3 6606/13/3
f 6608/13/3 6599/13/3 6607/13/3
f 6609/14/3 6600/14/3 6599/14/3
f 6609/13/3 6599/13/3 6608/13/3
f 6610/14/3 6576/14/3 6600/14/3
f 6610/14/3 6600/14/3 6609/14/3
f 6611/14/3 6576/14/3 6610/14/3
f 6612/46/3 6605/46/3 6604/46/3
f 6612/46/3 6604/46/3 6589/46/3
f 6613/46/3 6605/46/3 6612/46/3
f 6614/46/3 6605/46/3 6613/46/3
f 6615/46/3 6603/46/3 6605/46/3
f 6615/46/3 6605/46/3 6614/46/3
f 6616/47/3 6607/47/3 6606/47/3
f 6617/47/3 6609/47/3 6608/47/3
f 6618/46/3 6614/46/3 6613/46/3
f 6618/35/3 6615/35/3 6614/35/3
f 6619/46/3 6603/46/3 6615/46/3
f 6619/35/3 6615/35/3 6618/35/3
f 6620/14/3 6610/14/3 6609/14/3
f 6621/14/3 6576/14/3 6611/14/3
f 6623/46/3 6618/46/3 6613/46/3
f 6623/46/3 6619/46/3 6618/46/3
f 6624/46/3 6619/46/3 6623/46/3
f 6625/46/3 6619/46/3 6624/46/3
f 6626/47/3 6617/47/3 6616/47/3
f 6626/14/3 6620/14/3 6609/14/3
f 6626/14/3 6621/14/3 6620/14/3
f 6626/47/3 6609/47/3 6617/47/3
f 6627/14/3 6621/14/3 6626/14/3
f 6628/14/3 6621/14/3 6627/14/3
f 6629/14/3 6576/14/3 6621/14/3
f 6629/14/3 6621/14/3 6628/14/3
f 6630/35/3 6625/35/3 6624/35/3
f 6630/46/3 6624/46/3 6623/46/3
f 6630/46/3 6623/46/3 6622/46/3
f 6631/46/3 6619/46/3 6625/46/3
f 6631/35/3 6625/35/3 6630/35/3
f 6632/35/3 6595/35/3 6603/35/3
f 6632/46/3 6619/46/3 6631/46/3
f 6632/46/3 6603/46/3 6619/46/3
f 6633/46/3 6596/46/3 6595/46/3
f 6633/35/3 6595/35/3 6632/35/3
f 6634/47/3 6616/47/3 6606/47/3
f 6634/47/3 6627/47/3 6626/47/3
f 6634/47/3 6626/47/3 6616/47/3
f 6635/47/3 6627/47/3 6634/47/3
f 6636/46/3 6631/46/3 6630/46/3
f 6636/46/3 6630/46/3 6622/46/3
f 6636/46/3 6632/46/3 6631/46/3
f 6636/46/3 6633/46/3 6632/46/3
f 6637/46/3 6518/46/3 6596/46/3
f 6637/46/3 6633/46/3 6636/46/3
f 6637/46/3 6596/46/3 6633/46/3
f 6638/47/3 6634/47/3 6606/47/3
f 6638/47/3 6606/47/3 6574/47/3
f 6639/47/3 6634/47/3 6638/47/3
f 6640/47/3 6627/47/3 6635/47/3
f 6641/47/3 6627/47/3 6640/47/3
f 6642/47/3 6629/47/3 6628/47/3
f 6643/47/3 6629/47/3 6642/47/3
f 6646/23/3 6574/23/3 6498/23/3
f 6647/23/3 6639/23/3 6638/23/3
f 6647/23/3 6641/23/3 6640/23/3
f 6647/23/3 6640/23/3 6639/23/3
f 6647/23/3 6643/23/3 6642/23/3
f 6647/23/3 6642/23/3 6641/23/3
f 6648/23/3 6643/23/3 6647/23/3
f 6649/23/3 6643/23/3 6648/23/3
f 6650/23/3 6643/23/3 6649/23/3
f 6651/23/3 6645/23/3 6644/23/3
f 6652/23/3 6574/23/3 6646/23/3
f 6653/23/3 6647/23/3 6638/23/3
f 6654/23/3 6649/23/3 6648/23/3
f 6655/23/3 6649/23/3 6654/23/3
f 6656/23/3 6643/23/3 6650/23/3
f 6657/23/3 6651/23/3 6644/23/3
f 6657/23/3 6652/23/3 6651/23/3
f 6658/23/3 6652/23/3 6657/23/3
f 6659/23/3 6652/23/3 6658/23/3
f 6660/23/3 6652/23/3 6659/23/3
f 6661/23/3 6656/23/3 6655/23/3
f 6661/23/3 6655/23/3 6654/23/3
f 6661/23/3 6653/23/3 6638/23/3
f 6661/23/3 6654/23/3 6653/23/3
f 6662/23/3 6643/23/3 6656/23/3
f 6662/23/3 6656/23/3 6661/23/3
f 6663/23/3 6657/23/3 6644/23/3
f 6664/23/3 6657/23/3 6663/23/3
f 6665/23/3 6659/23/3 6658/23/3
f 6666/23/3 6659/23/3 6665/23/3
f 6667/23/3 6659/23/3 6666/23/3
f 6668/23/3 6659/23/3 6667/23/3
f 6669/23/3 6652/23/3 6660/23/3
f 6670/47/3 6638/47/3 6574/47/3
f 6670/23/3 6652/23/3 6669/23/3
f 6670/23/3 6574/23/3 6652/23/3
f 6671/23/3 6661/23/3 6638/23/3
f 6671/47/3 6638/47/3 6670/47/3
f 6672/23/3 6661/23/3 6671/23/3
f 6676/23/3 6663/23/3 6644/23/3
f 6677/23/3 6665/23/3 6664/23/3
f 6677/23/3 6666/23/3 6665/23/3
f 6678/23/3 6666/23/3 6677/23/3
f 6680/13/3 6668/13/3 6667/13/3
f 6681/13/3 6668/13/3 6680/13/3
f 6682/13/3 6670/13/3 6669/13/3
f 6682/13/3 6673/13/3 6672/13/3
f 6682/13/3 6672/13/3 6671/13/3
f 6682/13/3 6671/13/3 6670/13/3
f 6683/13/3 6673/13/3 6682/13/3
f 6684/23/3 6679/23/3 6678/23/3
f 6684/23/3 6676/23/3 6644/23/3
f 6684/23/3 6677/23/3 6676/23/3
f 6684/23/3 6678/23/3 6677/23/3
f 6685/23/3 6679/23/3 6684/23/3
f 6686/23/3 6679/23/3 6685/23/3
f 6687/23/3 6679/23/3 6686/23/3
f 6688/23/3 6679/23/3 6687/23/3
f 6689/23/3 6679/23/3 6688/23/3
f 6690/13/3 6680/13/3 6679/13/3
f 6693/13/3 6673/13/3 6683/13/3
f 6694/13/3 6673/13/3 6693/13/3
f 6695/13/3 6673/13/3 6694/13/3
f 6696/13/3 6673/13/3 6695/13/3
f 6697/13/3 6675/13/3 6674/13/3
f 6698/13/3 6675/13/3 6697/13/3
f 6699/13/3 6675/13/3 6698/13/3
f 6700/13/3 6675/13/3 6699/13/3
f 6701/13/3 6675/13/3 6700/13/3
f 6702/23/3 6684/23/3 6644/23/3
f 6703/23/3 6686/23/3 6685/23/3
f 6704/23/3 6686/23/3 6703/23/3
f 6705/23/3 6688/23/3 6687/23/3
f 6706/23/3 6688/23/3 6705/23/3
f 6707/23/3 6679/23/3 6689/23/3
f 6709/13/3 6699/13/3 6698/13/3
f 6710/13/3 6675/13/3 6701/13/3
f 6711/13/3 6675/13/3 6710/13/3
f 6713/23/3 6706/23/3 6705/23/3
f 6713/23/3 6707/23/3 6706/23/3
f 6713/23/3 6704/23/3 6703/23/3
f 6713/23/3 6703/23/3 6702/23/3
f 6713/23/3 6705/23/3 6704/23/3
f 6714/23/3 6707/23/3 6713/23/3
f 6715/13/3 6691/13/3 6690/13/3
f 6715/23/3 6707/23/3 6714/23/3
f 6715/23/3 6679/23/3 6707/23/3
f 6715/13/3 6690/13/3 6679/13/3
f 6716/13/3 6691/13/3 6715/13/3
f 6717/13/3 6691/13/3 6716/13/3
f 6718/13/3 6694/13/3 6693/13/3
f 6718/13/3 6693/13/3 6692/13/3
f 6719/13/3 6710/13/3 6701/13/3
f 6720/15/3 6712/15/3 6711/15/3
f 6721/23/3 6713/23/3 6702/23/3
f 6722/23/3 6715/23/3 6714/23/3
f 6723/23/3 6715/23/3 6722/23/3
f 6725/13/3 6718/13/3 6717/13/3
f 6725/13/3 6717/13/3 6716/13/3
f 6726/13/3 6718/13/3 6725/13/3
f 6727/13/3 6718/13/3 6726/13/3
f 6728/23/3 6702/23/3 6644/23/3
f 6728/23/3 6721/23/3 6702/23/3
f 6728/23/3 6722/23/3 6721/23/3
f 6729/23/3 6722/23/3 6728/23/3
f 6730/23/3 6722/23/3 6729/23/3
f 6731/23/3 6715/23/3 6723/23/3
f 6732/23/3 6715/23/3 6731/23/3
f 6733/13/3 6718/13/3 6727/13/3
f 6733/13/3 6694/13/3 6718/13/3
f 6734/13/3 6694/13/3 6733/13/3
f 6735/13/3 6720/13/3 6719/13/3
f 6735/13/3 6719/13/3 6701/13/3
f 6736/15/3 6712/15/3 6720/15/3
f 6736/13/3 6720/13/3 6735/13/3
f 6737/35/3 6730/35/3 6729/35/3
f 6737/35/3 6732/35/3 6731/35/3
f 6737/35/3 6731/35/3 6730/35/3
f 6738/35/3 6732/35/3 6737/35/3
f 6739/35/3 6732/35/3 6738/35/3
f 6740/35/3 6732/35/3 6739/35/3
f 6741/35/3 6732/35/3 6740/35/3
f 6742/35/3 6732/35/3 6741/35/3
f 6743/35/3 6732/35/3 6742/35/3
f 6744/13/3 6726/13/3 6725/13/3
f 6744/13/3 6725/13/3 6724/13/3
f 6745/13/3 6726/13/3 6744/13/3
f 6746/13/3 6733/13/3 6727/13/3
f 6747/13/3 6733/13/3 6746/13/3
f 6748/13/3 6735/13/3 6701/13/3
f 6749/15/3 6712/15/3 6736/15/3
f 6750/15/3 6712/15/3 6749/15/3
f 6751/47/3 6739/47/3 6738/47/3
f 6752/47/3 6741/47/3 6740/47/3
f 6753/13/3 6745/13/3 6744/13/3
f 6753/13/3 6746/13/3 6745/13/3
f 6753/13/3 6744/13/3 6743/13/3
f 6754/13/3 6746/13/3 6753/13/3
f 6755/13/3 6733/13/3 6747/13/3
f 6756/13/3 6694/13/3 6734/13/3
f 6757/47/3 6752/47/3 6751/47/3
f 6757/47/3 6751/47/3 6738/47/3
f 6758/47/3 6741/47/3 6752/47/3
f 6758/47/3 6752/47/3 6757/47/3
f 6759/35/3 6743/35/3 6742/35/3
f 6759/13/3 6753/13/3 6743/13/3
f 6760/13/3 6753/13/3 6759/13/3
f 6761/13/3 6746/13/3 6754/13/3
f 6762/13/3 6746/13/3 6761/13/3
f 6763/13/3 6755/13/3 6747/13/3
f 6763/13/3 6756/13/3 6755/13/3
f 6764/13/3 6756/13/3 6763/13/3
f 6765/13/3 6756/13/3 6764/13/3
f 6766/13/3 6756/13/3 6765/13/3
f 6767/13/3 6756/13/3 6766/13/3
f 6768/13/3 6694/13/3 6756/13/3
f 6768/13/3 6756/13/3 6767/13/3
f 6769/13/3 6694/13/3 6768/13/3
f 6770/13/3 6694/13/3 6769/13/3
f 6771/35/3 6759/35/3 6742/35/3
f 6776/13/3 6765/13/3 6764/13/3
f 6777/13/3 6765/13/3 6776/13/3
f 6778/13/3 6767/13/3 6766/13/3
f 6779/13/3 6767/13/3 6778/13/3
f 6780/13/3 6769/13/3 6768/13/3
f 6781/13/3 6769/13/3 6780/13/3
f 6782/13/3 6694/13/3 6770/13/3
f 6783/13/3 6774/13/3 6773/13/3
f 6784/13/3 6781/13/3 6780/13/3
f 6784/13/3 6779/13/3 6778/13/3
f 6784/13/3 6782/13/3 6781/13/3
f 6784/13/3 6777/13/3 6776/13/3
f 6784/13/3 6780/13/3 6779/13/3
f 6784/13/3 6776/13/3 6775/13/3
f 6784/13/3 6778/13/3 6777/13/3
f 6785/13/3 6772/13/3 6771/13/3
f 6786/13/3 6783/13/3 6773/13/3
f 6786/13/3 6784/13/3 6783/13/3
f 6787/13/3 6784/13/3 6786/13/3
f 6788/13/3 6694/13/3 6782/13/3
f 6788/13/3 6784/13/3 6787/13/3
f 6788/13/3 6782/13/3 6784/13/3
f 6790/13/3 6699/13/3 6709/13/3
f 6790/13/3 6709/13/3 6708/13/3
f 6792/13/3 6785/13/3 6771/13/3
f 6792/35/3 6771/35/3 6742/35/3
f 6792/13/3 6786/13/3 6785/13/3
f 6793/13/3 6786/13/3 6792/13/3
f 6794/13/3 6788/13/3 6787/13/3
f 6795/14/3 6789/14/3 6788/14/3
f 6795/13/3 6788/13/3 6794/13/3
f 6796/14/3 6789/14/3 6795/14/3
f 6797/14/3 6791/14/3 6790/14/3
f 6797/13/3 6790/13/3 6708/13/3
f 6798/14/3 6791/14/3 6797/14/3
f 6799/35/3 6792/35/3 6742/35/3
f 6800/13/3 6794/13/3 6793/13/3
f 6800/13/3 6795/13/3 6794/13/3
f 6801/35/3 6799/35/3 6742/35/3
f 6801/13/3 6800/13/3 6799/13/3
f 6802/13/3 6795/13/3 6800/13/3
f 6802/13/3 6800/13/3 6801/13/3
f 6803/13/3 6795/13/3 6802/13/3
f 6804/13/3 6795/13/3 6803/13/3
f 6806/13/3 6803/13/3 6802/13/3
f 6807/13/3 6749/13/3 6748/13/3
f 6809/13/3 6748/13/3 6701/13/3
f 6809/13/3 6807/13/3 6748/13/3
f 6810/15/3 6808/15/3 6807/15/3
f 6810/13/3 6807/13/3 6809/13/3
f 6811/13/3 6809/13/3 6701/13/3
f 6812/15/3 6808/15/3 6810/15/3
f 6817/13/3 6806/13/3 6805/13/3
f 6817/13/3 6803/13/3 6806/13/3
f 6818/13/3 6795/13/3 6804/13/3
f 6819/13/3 6795/13/3 6818/13/3
f 6821/1/3 6814/1/3 6813/1/3
f 6822/1/3 6814/1/3 6821/1/3
f 6823/47/3 6816/47/3 6815/47/3
f 6824/47/3 6816/47/3 6823/47/3
f 6825/35/3 6801/35/3 6742/35/3
f 6826/35/3 6801/35/3 6825/35/3
f 6827/13/3 6817/13/3 6805/13/3
f 6827/13/3 6818/13/3 6817/13/3
f 6828/13/3 6818/13/3 6827/13/3
f 6829/13/3 6818/13/3 6828/13/3
f 6830/13/3 6795/13/3 6819/13/3
f 6831/13/3 6795/13/3 6830/13/3
f 6832/35/3 6821/35/3 6820/35/3
f 6833/35/3 6823/35/3 6822/35/3
f 6834/35/3 6823/35/3 6833/35/3
f 6835/35/3 6826/35/3 6825/35/3
f 6835/35/3 6825/35/3 6824/35/3
f 6836/13/3 6828/13/3 6827/13/3
f 6836/13/3 6827/13/3 6826/13/3
f 6837/13/3 6830/13/3 6829/13/3
f 6838/13/3 6830/13/3 6837/13/3
f 6839/13/3 6795/13/3 6831/13/3
f 6840/13/3 6811/13/3 6701/13/3
f 6840/13/3 6812/13/3 6811/13/3
f 6841/15/3 6808/15/3 6812/15/3
f 6841/13/3 6812/13/3 6840/13/3
f 6842/35/3 6834/35/3 6833/35/3
f 6842/35/3 6833/35/3 6832/35/3
f 6842/35/3 6835/35/3 6834/35/3
f 6842/35/3 6832/35/3 6820/35/3
f 6843/13/3 6836/13/3 6826/13/3
f 6843/35/3 6835/35/3 6842/35/3
f 6843/13/3 6837/13/3 6836/13/3
f 6843/35/3 6826/35/3 6835/35/3
f 6844/13/3 6837/13/3 6843/13/3
f 6845/13/3 6839/13/3 6838/13/3
f 6846/13/3 6797/13/3 6708/13/3
f 6847/13/3 6797/13/3 6846/13/3
f 6848/13/3 6840/13/3 6701/13/3
f 6849/15/3 6808/15/3 6841/15/3
f 6850/15/3 6808/15/3 6849/15/3
f 6852/23/3 6843/23/3 6842/23/3
f 6853/13/3 6844/13/3 6843/13/3
f 6853/13/3 6845/13/3 6844/13/3
f 6853/13/3 6795/13/3 6839/13/3
f 6853/13/3 6839/13/3 6845/13/3
f 6854/13/3 6795/13/3 6853/13/3
f 6855/13/3 6795/13/3 6854/13/3
f 6858/13/3 6797/13/3 6847/13/3
f 6859/13/3 6797/13/3 6858/13/3
f 6861/13/3 6848/13/3 6701/13/3
f 6861/13/3 6849/13/3 6848/13/3
f 6862/13/3 6856/13/3 6855/13/3
f 6862/13/3 6855/13/3 6854/13/3
f 6863/13/3 6673/13/3 6696/13/3
f 6864/13/3 6853/13/3 6843/13/3
f 6865/13/3 6862/13/3 6854/13/3
f 6865/13/3 6863/13/3 6862/13/3
f 6866/23/3 6852/23/3 6851/23/3
f 6867/13/3 6865/13/3 6864/13/3
f 6867/23/3 6852/23/3 6866/23/3
f 6867/13/3 6864/13/3 6843/13/3
f 6867/23/3 6843/23/3 6852/23/3
f 6868/13/3 6863/13/3 6865/13/3
f 6868/13/3 6865/13/3 6867/13/3
f 6869/13/3 6863/13/3 6868/13/3
f 6870/13/3 6673/13/3 6863/13/3
f 6870/13/3 6863/13/3 6869/13/3
f 6871/13/3 6860/13/3 6859/13/3
f 6871/13/3 6861/13/3 6860/13/3
f 6871/13/3 6859/13/3 6858/13/3
f 6871/13/3 6858/13/3 6857/13/3
f 6872/13/3 6849/13/3 6861/13/3
f 6872/13/3 6861/13/3 6871/13/3
f 6875/47/3 6869/47/3 6868/47/3
f 6881/1/3 6874/1/3 6873/1/3
f 6882/1/3 6874/1/3 6881/1/3
f 6883/14/3 6876/14/3 6875/14/3
f 6884/14/3 6876/14/3 6883/14/3
f 6885/13/3 6878/13/3 6877/13/3
f 6886/13/3 6878/13/3 6885/13/3
f 6887/13/3 6878/13/3 6886/13/3
f 6888/14/3 6883/14/3 6875/14/3
f 6889/14/3 6883/14/3 6888/14/3
f 6890/14/3 6883/14/3 6889/14/3
f 6892/13/3 6878/13/3 6887/13/3
f 6893/13/3 6878/13/3 6892/13/3
f 6894/13/3 6878/13/3 6893/13/3
f 6895/47/3 6875/47/3 6868/47/3
f 6896/47/3 6875/47/3 6895/47/3
f 6897/47/3 6895/47/3 6868/47/3
f 6898/47/3 6875/47/3 6896/47/3
f 6899/13/3 6885/13/3 6877/13/3
f 6900/13/3 6899/13/3 6877/13/3
f 6901/13/3 6900/13/3 6877/13/3
f 6906/14/3 6888/14/3 6875/14/3
f 6907/14/3 6891/14/3 6890/14/3
f 6907/14/3 6890/14/3 6889/14/3
f 6908/13/3 6901/13/3 6877/13/3
f 6908/23/3 6902/23/3 6901/23/3
f 6909/1/3 6903/1/3 6902/1/3
f 6909/23/3 6902/23/3 6908/23/3
f 6910/23/3 6904/23/3 6903/23/3
f 6910/1/3 6903/1/3 6909/1/3
f 6911/14/3 6905/14/3 6904/14/3
f 6911/23/3 6904/23/3 6910/23/3
f 6912/14/3 6905/14/3 6911/14/3
f 6913/14/3 6905/14/3 6912/14/3
f 6914/14/3 6905/14/3 6913/14/3
f 6915/14/3 6906/14/3 6875/14/3
f 6920/14/3 6891/14/3 6907/14/3
f 6921/13/3 6908/13/3 6877/13/3
f 6922/13/3 6921/13/3 6877/13/3
f 6923/47/3 6898/47/3 6897/47/3
f 6923/47/3 6897/47/3 6868/47/3
f 6924/47/3 6875/47/3 6898/47/3
f 6924/47/3 6898/47/3 6923/47/3
f 6925/13/3 6922/13/3 6877/13/3
f 6926/13/3 6922/13/3 6925/13/3
f 6928/47/3 6923/47/3 6868/47/3
f 6929/47/3 6875/47/3 6924/47/3
f 6930/47/3 6928/47/3 6868/47/3
f 6930/47/3 6929/47/3 6928/47/3
f 6932/11/3 6927/11/3 6926/11/3
f 6933/11/3 6927/11/3 6932/11/3
f 6934/47/3 6929/47/3 6930/47/3
f 6935/47/3 6875/47/3 6929/47/3
f 6935/47/3 6929/47/3 6934/47/3
f 6936/14/3 6915/14/3 6875/14/3
f 6936/14/3 6916/14/3 6915/14/3
f 6937/14/3 6916/14/3 6936/14/3
f 6938/13/3 6932/13/3 6931/13/3
f 6939/14/3 6913/14/3 6912/14/3
f 6940/14/3 6913/14/3 6939/14/3
f 6942/13/3 6878/13/3 6894/13/3
f 6945/47/3 6934/47/3 6930/47/3
f 6946/47/3 6934/47/3 6945/47/3
f 6947/47/3 6875/47/3 6935/47/3
f 6948/14/3 6936/14/3 6875/14/3
f 6949/14/3 6916/14/3 6937/14/3
f 6950/1/3 6944/1/3 6943/1/3
f 6951/1/3 6944/1/3 6950/1/3
f 6952/14/3 6920/14/3 6919/14/3
f 6952/14/3 6891/14/3 6920/14/3
f 6953/14/3 6891/14/3 6952/14/3
f 6954/14/3 6952/14/3 6919/14/3
f 6957/14/3 6876/14/3 6884/14/3
f 6958/13/3 6941/13/3 6940/13/3
f 6958/13/3 6940/13/3 6939/13/3
f 6958/13/3 6938/13/3 6931/13/3
f 6958/13/3 6942/13/3 6941/13/3
f 6958/13/3 6939/13/3 6938/13/3
f 6959/13/3 6942/13/3 6958/13/3
f 6960/13/3 6942/13/3 6959/13/3
f 6961/13/3 6942/13/3 6960/13/3
f 6962/13/3 6878/13/3 6942/13/3
f 6962/13/3 6942/13/3 6961/13/3
f 6963/14/3 6949/14/3 6948/14/3
f 6963/14/3 6916/14/3 6949/14/3
f 6964/14/3 6916/14/3 6963/14/3
f 6965/14/3 6918/14/3 6917/14/3
f 6966/14/3 6918/14/3 6965/14/3
f 6967/14/3 6954/14/3 6919/14/3
f 6967/14/3 6955/14/3 6954/14/3
f 6968/47/3 6957/47/3 6956/47/3
f 6968/14/3 6955/14/3 6967/14/3
f 6968/47/3 6956/47/3 6955/47/3
f 6969/14/3 6876/14/3 6957/14/3
f 6969/47/3 6957/47/3 6968/47/3
f 6970/14/3 6876/14/3 6969/14/3
f 6971/13/3 6958/13/3 6931/13/3
f 6972/13/3 6958/13/3 6971/13/3
f 6974/14/3 6963/14/3 6948/14/3
f 6974/47/3 6964/47/3 6963/47/3
f 6975/47/3 6964/47/3 6974/47/3
f 6982/23/3 6973/23/3 6972/23/3
f 6983/23/3 6973/23/3 6982/23/3
f 6984/47/3 6946/47/3 6945/47/3
f 6984/47/3 6947/47/3 6946/47/3
f 6985/47/3 6875/47/3 6947/47/3
f 6985/47/3 6947/47/3 6984/47/3
f 6985/14/3 6948/14/3 6875/14/3
f 6985/14/3 6974/14/3 6948/14/3
f 6986/14/3 6974/14/3 6985/14/3
f 6988/14/3 6977/14/3 6976/14/3
f 6989/14/3 6977/14/3 6988/14/3
f 6990/14/3 6977/14/3 6989/14/3
f 6991/14/3 6977/14/3 6990/14/3
f 6992/14/3 6977/14/3 6991/14/3
f 6993/14/3 6977/14/3 6992/14/3
f 6994/14/3 6977/14/3 6993/14/3
f 6995/14/3 6977/14/3 6994/14/3
f 6996/47/3 6979/47/3 6978/47/3
f 6997/14/3 6980/14/3 6979/14/3
f 6997/47/3 6979/47/3 6996/47/3
f 6998/14/3 6987/14/3 6986/14/3
f 6998/14/3 6985/14/3 6984/14/3
f 6998/14/3 6986/14/3 6985/14/3
f 6998/14/3 6988/14/3 6987/14/3
f 6998/14/3 6989/14/3 6988/14/3
f 6999/14/3 6989/14/3 6998/14/3
f 7000/14/3 6989/14/3 6999/14/3
f 7001/14/3 6991/14/3 6990/14/3
f 7002/14/3 6991/14/3 7001/14/3
f 7003/14/3 6991/14/3 7002/14/3
f 7004/14/3 6993/14/3 6992/14/3
f 7005/14/3 6996/14/3 6995/14/3
f 7005/14/3 6995/14/3 6994/14/3
f 7005/14/3 6997/14/3 6996/14/3
f 7006/14/3 6997/14/3 7005/14/3
f 7008/14/3 7000/14/3 6999/14/3
f 7009/14/3 7000/14/3 7008/14/3
f 7010/14/3 7002/14/3 7001/14/3
f 7011/14/3 7002/14/3 7010/14/3
f 7012/14/3 7004/14/3 6992/14/3
f 7012/14/3 7005/14/3 7004/14/3
f 7013/14/3 7005/14/3 7012/14/3
f 7015/14/3 6997/14/3 7006/14/3
f 7016/14/3 7009/14/3 7008/14/3
f 7016/14/3 7008/14/3 7007/14/3
f 7016/14/3 7010/14/3 7009/14/3
f 7017/14/3 7010/14/3 7016/14/3
f 7018/14/3 7010/14/3 7017/14/3
f 7019/14/3 7002/14/3 7011/14/3
f 7020/14/3 7002/14/3 7019/14/3
f 7021/14/3 6991/14/3 7003/14/3
f 7022/14/3 6991/14/3 7021/14/3
f 7023/14/3 7012/14/3 6992/14/3
f 7025/14/3 6998/14/3 6984/14/3
f 7026/14/3 6998/14/3 7025/14/3
f 7027/14/3 6998/14/3 7026/14/3
f 7028/14/3 7018/14/3 7017/14/3
f 7028/14/3 7019/14/3 7018/14/3
f 7029/14/3 7019/14/3 7028/14/3
f 7030/14/3 7019/14/3 7029/14/3
f 7031/14/3 7019/14/3 7030/14/3
f 7032/14/3 7019/14/3 7031/14/3
f 7036/14/3 7024/14/3 7023/14/3
f 7036/14/3 7023/14/3 6992/14/3
f 7037/14/3 7024/14/3 7036/14/3
f 7038/14/3 7015/14/3 7014/14/3
f 7039/14/3 6997/14/3 7015/14/3
f 7039/14/3 7015/14/3 7038/14/3
f 7040/13/3 6982/13/3 6981/13/3
f 7041/14/3 6960/14/3 6959/14/3
f 7042/14/3 6960/14/3 7041/14/3
f 7044/13/3 6878/13/3 6962/13/3
f 7045/14/3 7027/14/3 7026/14/3
f 7045/14/3 7028/14/3 7027/14/3
f 7045/14/3 7029/14/3 7028/14/3
f 7046/14/3 7029/14/3 7045/14/3
f 7047/14/3 7031/14/3 7030/14/3
f 7048/14/3 7031/14/3 7047/14/3
f 7049/14/3 7031/14/3 7048/14/3
f 7050/14/3 7033/14/3 7032/14/3
f 7051/14/3 7036/14/3 6992/14/3
f 7054/14/3 6997/14/3 7039/14/3
f 7057/14/3 7025/14/3 6984/14/3
f 7058/14/3 7045/14/3 7026/14/3
f 7059/14/3 7045/14/3 7058/14/3
f 7060/14/3 7045/14/3 7059/14/3
f 7061/14/3 7047/14/3 7046/14/3
f 7061/14/3 7048/14/3 7047/14/3
f 7062/14/3 7050/14/3 7049/14/3
f 7062/14/3 7033/14/3 7050/14/3
f 7063/14/3 7035/14/3 7034/14/3
f 7064/14/3 7052/14/3 7051/14/3
f 7065/14/3 7052/14/3 7064/14/3
f 7066/14/3 7056/14/3 7055/14/3
f 7067/14/3 7056/14/3 7066/14/3
f 7068/14/3 7057/14/3 6984/14/3
f 7068/14/3 7059/14/3 7058/14/3
f 7068/14/3 7058/14/3 7057/14/3
f 7069/14/3 7059/14/3 7068/14/3
f 7070/14/3 7061/14/3 7060/14/3
f 7071/14/3 7048/14/3 7061/14/3
f 7071/14/3 7061/14/3 7070/14/3
f 7072/14/3 7063/14/3 7062/14/3
f 7072/14/3 7062/14/3 7049/14/3
f 7073/14/3 7035/14/3 7063/14/3
f 7073/14/3 7063/14/3 7072/14/3
f 7074/14/3 7064/14/3 7051/14/3
f 7074/14/3 7051/14/3 6992/14/3
f 7075/14/3 7064/14/3 7074/14/3
f 7076/14/3 7054/14/3 7053/14/3
f 7077/14/3 6980/14/3 6997/14/3
f 7077/14/3 7054/14/3 7076/14/3
f 7077/14/3 6997/14/3 7054/14/3
f 7078/13/3 7044/13/3 7043/13/3
f 7078/13/3 7043/13/3 7042/13/3
f 7078/13/3 7040/13/3 6981/13/3
f 7078/13/3 7042/13/3 7041/13/3
f 7078/13/3 7041/13/3 7040/13/3
f 7079/13/3 6878/13/3 7044/13/3
f 7079/13/3 7044/13/3 7078/13/3
f 7080/15/3 6880/15/3 6879/15/3
f 7081/15/3 6880/15/3 7080/15/3
f 7086/35/3 7085/35/3 7084/35/3
f 7087/35/3 7086/35/3 7084/35/3
f 7088/35/3 7086/35/3 7087/35/3
f 7093/38/3 7090/38/3 7089/38/3
f 7095/36/3 7092/36/3 7091/36/3
f 7096/36/3 7092/36/3 7095/36/3
f 7097/38/3 7094/38/3 7093/38/3
f 7098/38/3 7094/38/3 7097/38/3
f 7099/23/3 7083/23/3 7082/23/3
f 7100/23/3 7083/23/3 7099/23/3
f 7103/38/3 7097/38/3 7093/38/3
f 7105/38/3 7093/38/3 7089/38/3
f 7105/38/3 7104/38/3 7103/38/3
f 7105/38/3 7103/38/3 7093/38/3
f 7106/38/3 7104/38/3 7105/38/3
f 7107/38/3 7104/38/3 7106/38/3
f 7112/23/3 7102/23/3 7101/23/3
f 7113/23/3 7102/23/3 7112/23/3
f 7116/36/3 7111/36/3 7110/36/3
f 7117/36/3 7111/36/3 7116/36/3
f 7126/45/3 7109/45/3 7108/45/3
f 7127/45/3 7109/45/3 7126/45/3
f 7128/2/3 7123/2/3 7122/2/3
f 7129/2/3 7123/2/3 7128/2/3
f 7130/2/3 7125/2/3 7124/2/3
f 7131/2/3 7125/2/3 7130/2/3
f 7138/4/3 7121/4/3 7120/4/3
f 7139/4/3 7121/4/3 7138/4/3
f 7144/41/3 7141/41/3 7140/41/3
f 7148/41/3 7144/41/3 7140/41/3
f 7148/41/3 7145/41/3 7144/41/3
f 7149/41/3 7145/41/3 7148/41/3
f 7150/36/3 7147/36/3 7146/36/3
f 7151/36/3 7147/36/3 7150/36/3
f 7152/4/3 7143/4/3 7142/4/3
f 7153/4/3 7143/4/3 7152/4/3
f 7154/2/3 7133/2/3 7132/2/3
f 7155/2/3 7133/2/3 7154/2/3
f 7156/2/3 7135/2/3 7134/2/3
f 7157/2/3 7135/2/3 7156/2/3
f 7158/1/3 7119/1/3 7118/1/3
f 7159/1/3 7119/1/3 7158/1/3
f 7160/41/3 7148/41/3 7140/41/3
f 7161/41/3 7148/41/3 7160/41/3
f 7162/45/3 7137/45/3 7136/45/3
f 7163/45/3 7137/45/3 7162/45/3
f 7166/15/3 7115/15/3 7114/15/3
f 7167/15/3 7115/15/3 7166/15/3
f 7168/1/3 7165/1/3 7164/1/3
f 7169/1/3 7165/1/3 7168/1/3
f 7170/1/3 7165/1/3 7169/1/3
f 7171/15/3 7169/15/3 7168/15/3
f 7172/15/3 7169/15/3 7171/15/3
f 7173/1/3 7172/1/3 7171/1/3
f 7174/1/3 7172/1/3 7173/1/3
f 7175/1/3 7172/1/3 7174/1/3
f 7177/15/3 7175/15/3 7174/15/3
f 7178/23/3 7177/23/3 7176/23/3
f 7179/23/3 7177/23/3 7178/23/3
f 7180/23/3 7177/23/3 7179/23/3
f 7181/15/3 7175/15/3 7177/15/3
f 7181/23/3 7177/23/3 7180/23/3
f 7182/23/3 7180/23/3 7179/23/3
f 7183/23/3 7180/23/3 7182/23/3
f 7188/15/3 7175/15/3 7181/15/3
f 7189/15/3 7175/15/3 7188/15/3
f 7196/26/3 7191/26/3 7190/26/3
f 7197/26/3 7193/26/3 7192/26/3
f 7198/4/3 7185/4/3 7184/4/3
f 7199/4/3 7185/4/3 7198/4/3
f 7200/4/3 7187/4/3 7186/4/3
f 7201/4/3 7187/4/3 7200/4/3
f 7206/15/3 7195/15/3 7194/15/3
f 7207/15/3 7195/15/3 7206/15/3
f 7208/26/3 7197/26/3 7196/26/3
f 7208/26/3 7196/26/3 7190/26/3
f 7209/26/3 7197/26/3 7208/26/3
f 7210/26/3 7193/26/3 7197/26/3
f 7210/26/3 7197/26/3 7209/26/3
f 7211/26/3 7193/26/3 7210/26/3
f 7212/26/3 7208/26/3 7190/26/3
f 7213/26/3 7208/26/3 7212/26/3
f 7214/26/3 7210/26/3 7209/26/3
f 7215/26/3 7210/26/3 7214/26/3
f 7216/26/3 7193/26/3 7211/26/3
f 7217/26/3 7193/26/3 7216/26/3
f 7220/4/3 7203/4/3 7202/4/3
f 7221/4/3 7203/4/3 7220/4/3
f 7222/1/3 7183/1/3 7182/1/3
f 7223/1/3 7183/1/3 7222/1/3
f 7224/4/3 7205/4/3 7204/4/3
f 7225/4/3 7205/4/3 7224/4/3
f 7227/23/3 7223/23/3 7222/23/3
f 7228/23/3 7223/23/3 7227/23/3
f 7229/15/3 7219/15/3 7218/15/3
f 7230/15/3 7219/15/3 7229/15/3
f 7244/23/3 7230/23/3 7229/23/3
f 7244/23/3 7229/23/3 7228/23/3
f 7244/23/3 7228/23/3 7227/23/3
f 7244/23/3 7227/23/3 7226/23/3
f 7244/23/3 7231/23/3 7230/23/3
f 7245/23/3 7231/23/3 7244/23/3
f 7246/23/3 7231/23/3 7245/23/3
f 7247/23/3 7231/23/3 7246/23/3
f 7249/26/3 7233/26/3 7232/26/3
f 7258/2/3 7253/2/3 7252/2/3
f 7259/23/3 7255/23/3 7254/23/3
f 7260/1/3 7256/1/3 7255/1/3
f 7260/23/3 7255/23/3 7259/23/3
f 7261/23/3 7257/23/3 7256/23/3
f 7261/1/3 7256/1/3 7260/1/3
f 7262/2/3 7258/2/3 7257/2/3
f 7262/23/3 7257/23/3 7261/23/3
f 7263/2/3 7253/2/3 7258/2/3
f 7263/2/3 7258/2/3 7262/2/3
f 7264/26/3 7249/26/3 7248/26/3
f 7265/26/3 7233/26/3 7249/26/3
f 7265/26/3 7249/26/3 7264/26/3
f 7270/48/3 7269/48/3 7268/48/3
f 7271/48/3 7269/48/3 7270/48/3
f 7273/48/3 7272/48/3 7271/48/3
f 7274/48/3 7272/48/3 7273/48/3
f 7276/26/3 7233/26/3 7265/26/3
f 7277/1/3 7246/1/3 7245/1/3
f 7279/48/3 7272/48/3 7274/48/3
f 7280/48/3 7272/48/3 7279/48/3
f 7283/48/3 7279/48/3 7278/48/3
f 7284/48/3 7279/48/3 7283/48/3
f 7285/1/3 7277/1/3 7245/1/3
f 7286/10/3 7282/10/3 7281/10/3
f 7287/10/3 7282/10/3 7286/10/3
f 7288/2/3 7267/2/3 7266/2/3
f 7289/2/3 7267/2/3 7288/2/3
f 7290/26/3 7243/26/3 7242/26/3
f 7291/26/3 7243/26/3 7290/26/3
f 7292/26/3 7290/26/3 7242/26/3
f 7298/1/3 7285/1/3 7245/1/3
f 7299/1/3 7285/1/3 7298/1/3
f 7300/4/3 7295/4/3 7294/4/3
f 7301/4/3 7295/4/3 7300/4/3
f 7302/1/3 7299/1/3 7298/1/3
f 7303/1/3 7299/1/3 7302/1/3
f 7305/4/3 7295/4/3 7301/4/3
f 7306/4/3 7305/4/3 7304/4/3
f 7307/4/3 7295/4/3 7305/4/3
f 7307/4/3 7305/4/3 7306/4/3
f 7308/4/3 7297/4/3 7296/4/3
f 7309/4/3 7297/4/3 7308/4/3
f 7310/26/3 7276/26/3 7275/26/3
f 7311/26/3 7233/26/3 7276/26/3
f 7311/26/3 7276/26/3 7310/26/3
f 7312/26/3 7235/26/3 7234/26/3
f 7313/26/3 7235/26/3 7312/26/3
f 7314/26/3 7237/26/3 7236/26/3
f 7315/26/3 7237/26/3 7314/26/3
f 7316/26/3 7239/26/3 7238/26/3
f 7317/26/3 7239/26/3 7316/26/3
f 7318/26/3 7241/26/3 7240/26/3
f 7319/26/3 7241/26/3 7318/26/3
f 7320/26/3 7293/26/3 7292/26/3
f 7320/26/3 7292/26/3 7242/26/3
f 7321/26/3 7293/26/3 7320/26/3
f 7322/1/3 7303/1/3 7302/1/3
f 7323/1/3 7303/1/3 7322/1/3
f 7324/14/3 7323/14/3 7322/14/3
f 7325/14/3 7323/14/3 7324/14/3
f 7326/15/3 7251/15/3 7250/15/3
f 7327/15/3 7251/15/3 7326/15/3
f 7332/35/3 7331/35/3 7330/35/3
f 7333/35/3 7331/35/3 7332/35/3
f 7336/38/3 7335/38/3 7334/38/3
f 7337/38/3 7335/38/3 7336/38/3
f 7340/35/3 7339/35/3 7338/35/3
f 7341/35/3 7339/35/3 7340/35/3
f 7345/23/3 7329/23/3 7328/23/3
f 7346/23/3 7329/23/3 7345/23/3
f 7347/1/3 7345/1/3 7344/1/3
f 7348/1/3 7345/1/3 7347/1/3
f 7351/35/3 7343/35/3 7342/35/3
f 7352/35/3 7343/35/3 7351/35/3
f 7355/35/3 7354/35/3 7353/35/3
f 7356/35/3 7354/35/3 7355/35/3
f 7359/35/3 7358/35/3 7357/35/3
f 7360/35/3 7358/35/3 7359/35/3
f 7363/41/3 7362/41/3 7361/41/3
f 7364/41/3 7362/41/3 7363/41/3
f 7365/15/3 7350/15/3 7349/15/3
f 7366/15/3 7350/15/3 7365/15/3
f 7369/35/3 7368/35/3 7367/35/3
f 7370/35/3 7368/35/3 7369/35/3
f 7375/15/3 7372/15/3 7371/15/3
f 7376/15/3 7372/15/3 7375/15/3
f 7377/15/3 7374/15/3 7373/15/3
f 7378/15/3 7374/15/3 7377/15/3
f 7381/15/3 7380/15/3 7379/15/3
f 7382/15/3 7380/15/3 7381/15/3
f 7397/48/3 7394/48/3 7393/48/3
f 7398/48/3 7394/48/3 7397/48/3
f 7401/48/3 7399/48/3 7398/48/3
f 7402/48/3 7399/48/3 7401/48/3
f 7405/10/3 7396/10/3 7395/10/3
f 7406/44/3 7401/44/3 7400/44/3
f 7408/1/3 7392/1/3 7391/1/3
f 7409/1/3 7392/1/3 7408/1/3
f 7410/10/3 7405/10/3 7404/10/3
f 7411/10/3 7396/10/3 7405/10/3
f 7411/10/3 7405/10/3 7410/10/3
f 7412/44/3 7407/44/3 7406/44/3
f 7412/44/3 7406/44/3 7400/44/3
f 7413/44/3 7407/44/3 7412/44/3
f 7414/48/3 7403/48/3 7402/48/3
f 7415/48/3 7403/48/3 7414/48/3
f 7416/10/3 7396/10/3 7411/10/3
f 7417/10/3 7396/10/3 7416/10/3
f 7420/48/3 7414/48/3 7413/48/3
f 7421/48/3 7414/48/3 7420/48/3
f 7422/48/3 7419/48/3 7418/48/3
f 7423/48/3 7419/48/3 7422/48/3
f 7424/47/3 7384/47/3 7383/47/3
f 7425/47/3 7384/47/3 7424/47/3
f 7426/47/3 7386/47/3 7385/47/3
f 7427/47/3 7386/47/3 7426/47/3
f 7428/47/3 7388/47/3 7387/47/3
f 7429/47/3 7388/47/3 7428/47/3
f 7430/1/3 7390/1/3 7389/1/3
f 7431/1/3 7390/1/3 7430/1/3
f 7437/38/3 7435/38/3 7434/38/3
f 7438/37/3 7437/37/3 7436/37/3
f 7439/38/3 7435/38/3 7437/38/3
f 7439/37/3 7437/37/3 7438/37/3
f 7440/38/3 7435/38/3 7439/38/3
f 7441/38/3 7435/38/3 7440/38/3
f 7444/38/3 7443/38/3 7442/38/3
f 7445/38/3 7443/38/3 7444/38/3
f 7448/35/3 7447/35/3 7446/35/3
f 7449/35/3 7447/35/3 7448/35/3
f 7450/23/3 7433/23/3 7432/23/3
f 7451/23/3 7433/23/3 7450/23/3
f 7454/35/3 7453/35/3 7452/35/3
f 7455/35/3 7453/35/3 7454/35/3
f 7458/41/3 7457/41/3 7456/41/3
f 7459/41/3 7457/41/3 7458/41/3
f 7462/41/3 7461/41/3 7460/41/3
f 7463/41/3 7461/41/3 7462/41/3
f 7466/15/3 7465/15/3 7464/15/3
f 7467/15/3 7465/15/3 7466/15/3
f 7472/1/3 7469/1/3 7468/1/3
f 7473/1/3 7469/1/3 7472/1/3
f 7474/15/3 7471/15/3 7470/15/3
f 7475/15/3 7471/15/3 7474/15/3
f 7480/1/3 7479/1/3 7478/1/3
f 7481/1/3 7479/1/3 7480/1/3
f 7484/44/3 7483/44/3 7482/44/3
f 7485/44/3 7483/44/3 7484/44/3
f 7486/47/3 7477/47/3 7476/47/3
f 7487/47/3 7477/47/3 7486/47/3
f 7490/36/3 7489/36/3 7488/36/3
f 7491/36/3 7489/36/3 7490/36/3
f 7494/36/3 7492/36/3 7491/36/3
f 7495/36/3 7492/36/3 7494/36/3
f 7496/36/3 7494/36/3 7493/36/3
f 7497/36/3 7494/36/3 7496/36/3
f 7500/36/3 7499/36/3 7498/36/3
f 7501/36/3 7499/36/3 7500/36/3
f 7504/36/3 7502/36/3 7501/36/3
f 7505/36/3 7502/36/3 7504/36/3
f 7506/36/3 7504/36/3 7503/36/3
f 7507/36/3 7504/36/3 7506/36/3
f 7512/41/3 7511/41/3 7510/41/3
f 7513/41/3 7511/41/3 7512/41/3
f 7514/36/3 7509/36/3 7508/36/3
f 7515/36/3 7509/36/3 7514/36/3
f 7518/36/3 7516/36/3 7515/36/3
f 7519/36/3 7516/36/3 7518/36/3
f 7520/36/3 7518/36/3 7517/36/3
f 7521/36/3 7518/36/3 7520/36/3
f 7524/37/3 7523/37/3 7522/37/3
f 7525/37/3 7523/37/3 7524/37/3
f 7530/40/3 7527/40/3 7526/40/3
f 7531/40/3 7527/40/3 7530/40/3
f 7532/41/3 7529/41/3 7528/41/3
f 7533/41/3 7529/41/3 7532/41/3
f 7538/38/3 7535/38/3 7534/38/3
f 7539/38/3 7535/38/3 7538/38/3
f 7540/37/3 7537/37/3 7536/37/3
f 7541/37/3 7537/37/3 7540/37/3
f 7546/40/3 7545/40/3 7544/40/3
f 7547/40/3 7545/40/3 7546/40/3
f 7548/6/3 7543/6/3 7542/6/3
f 7549/6/3 7543/6/3 7548/6/3
f 7555/42/3 7551/42/3 7550/42/3
f 7556/39/3 7552/39/3 7551/39/3
f 7556/42/3 7551/42/3 7555/42/3
f 7557/39/3 7552/39/3 7556/39/3
f 7558/42/3 7553/42/3 7552/42/3
f 7558/39/3 7552/39/3 7557/39/3
f 7559/39/3 7554/39/3 7553/39/3
f 7559/42/3 7553/42/3 7558/42/3
f 7561/39/3 7556/39/3 7555/39/3
f 7562/42/3 7557/42/3 7556/42/3
f 7562/39/3 7556/39/3 7561/39/3
f 7563/39/3 7558/39/3 7557/39/3
f 7563/42/3 7557/42/3 7562/42/3
f 7563/39/3 7559/39/3 7558/39/3
f 7564/39/3 7554/39/3 7559/39/3
f 7564/39/3 7559/39/3 7563/39/3
f 7565/40/3 7561/40/3 7560/40/3
f 7566/40/3 7561/40/3 7565/40/3
f 7569/45/3 7568/45/3 7567/45/3
f 7571/37/3 7570/37/3 7569/37/3
f 7573/45/3 7569/45/3 7567/45/3
f 7573/37/3 7572/37/3 7571/37/3
f 7573/37/3 7571/37/3 7569/37/3
f 7574/37/3 7572/37/3 7573/37/3
f 7575/45/3 7573/45/3 7567/45/3
f 7576/45/3 7573/45/3 7575/45/3
f 7579/40/3 7578/40/3 7577/40/3
f 7580/40/3 7578/40/3 7579/40/3
f 7586/39/3 7581/39/3 7580/39/3
f 7587/42/3 7582/42/3 7581/42/3
f 7587/39/3 7581/39/3 7586/39/3
f 7588/39/3 7583/39/3 7582/39/3
f 7588/42/3 7582/42/3 7587/42/3
f 7589/42/3 7584/42/3 7583/42/3
f 7589/39/3 7583/39/3 7588/39/3
f 7590/39/3 7585/39/3 7584/39/3
f 7590/42/3 7584/42/3 7589/42/3
f 7591/39/3 7585/39/3 7590/39/3
f 7592/42/3 7587/42/3 7586/42/3
f 7593/39/3 7589/39/3 7588/39/3
f 7593/42/3 7587/42/3 7592/42/3
f 7593/39/3 7588/39/3 7587/39/3
f 7593/39/3 7590/39/3 7589/39/3
f 7594/42/3 7591/42/3 7590/42/3
f 7594/39/3 7590/39/3 7593/39/3
f 7595/42/3 7591/42/3 7594/42/3
f 7598/5/3 7597/5/3 7596/5/3
f 7599/5/3 7597/5/3 7598/5/3
f 7602/23/3 7601/23/3 7600/23/3
f 7603/23/3 7601/23/3 7602/23/3
f 7604/23/3 7601/23/3 7603/23/3
f 7606/23/3 7605/23/3 7604/23/3
f 7606/23/3 7604/23/3 7603/23/3
f 7607/23/3 7605/23/3 7606/23/3
f 7608/23/3 7605/23/3 7607/23/3
f 7609/23/3 7605/23/3 7608/23/3
f 7610/23/3 7605/23/3 7609/23/3
f 7612/23/3 7605/23/3 7610/23/3
f 7614/23/3 7612/23/3 7611/23/3
f 7615/23/3 7605/23/3 7612/23/3
f 7615/23/3 7612/23/3 7614/23/3
f 7616/23/3 7605/23/3 7615/23/3
f 7617/23/3 7614/23/3 7613/23/3
f 7617/23/3 7615/23/3 7614/23/3
f 7618/23/3 7615/23/3 7617/23/3
f 7621/45/3 7620/45/3 7619/45/3
f 7622/45/3 7620/45/3 7621/45/3
f 7623/45/3 7620/45/3 7622/45/3
f 7624/45/3 7620/45/3 7623/45/3
f 7625/45/3 7623/45/3 7622/45/3
f 7626/45/3 7623/45/3 7625/45/3
f 7627/45/3 7623/45/3 7626/45/3
f 7628/45/3 7627/45/3 7626/45/3
f 7629/45/3 7627/45/3 7628/45/3
f 7633/45/3 7631/45/3 7630/45/3
f 7634/45/3 7633/45/3 7632/45/3
f 7635/45/3 7631/45/3 7633/45/3
f 7635/45/3 7633/45/3 7634/45/3
f 7637/45/3 7631/45/3 7635/45/3
f 7638/45/3 7637/45/3 7636/45/3
f 7639/45/3 7631/45/3 7637/45/3
f 7639/45/3 7637/45/3 7638/45/3
f 7641/45/3 7631/45/3 7639/45/3
f 7642/45/3 7621/45/3 7619/45/3
f 7643/45/3 7621/45/3 7642/45/3
f 7644/45/3 7641/45/3 7640/45/3
f 7645/45/3 7631/45/3 7641/45/3
f 7645/45/3 7641/45/3 7644/45/3
f 7648/23/3 7647/23/3 7646/23/3
f 7649/23/3 7647/23/3 7648/23/3
f 7652/35/3 7651/35/3 7650/35/3
f 7653/35/3 7652/35/3 7650/35/3
f 7654/35/3 7652/35/3 7653/35/3
f 7655/35/3 7652/35/3 7654/35/3
f 7656/35/3 7652/35/3 7655/35/3
f 7657/35/3 7653/35/3 7650/35/3
f 7658/37/3 7656/37/3 7655/37/3
f 7659/35/3 7652/35/3 7656/35/3
f 7659/37/3 7656/37/3 7658/37/3
f 7660/35/3 7652/35/3 7659/35/3
f 7661/35/3 7658/35/3 7657/35/3
f 7661/35/3 7659/35/3 7658/35/3
f 7661/35/3 7660/35/3 7659/35/3
f 7662/35/3 7661/35/3 7657/35/3
f 7663/35/3 7657/35/3 7650/35/3
f 7663/35/3 7662/35/3 7657/35/3
f 7664/35/3 7662/35/3 7663/35/3
f 7665/35/3 7662/35/3 7664/35/3
f 7666/35/3 7663/35/3 7650/35/3
f 7667/35/3 7665/35/3 7664/35/3
f 7668/35/3 7665/35/3 7667/35/3
f 7668/35/3 7667/35/3 7666/35/3
f 7671/1/3 7670/1/3 7669/1/3
f 7673/1/3 7672/1/3 7671/1/3
f 7675/1/3 7674/1/3 7673/1/3
f 7677/35/3 7668/35/3 7666/35/3
f 7677/35/3 7666/35/3 7650/35/3
f 7678/35/3 7668/35/3 7677/35/3
f 7679/1/3 7676/1/3 7675/1/3
f 7679/1/3 7675/1/3 7673/1/3
f 7679/1/3 7671/1/3 7669/1/3
f 7679/1/3 7673/1/3 7671/1/3
f 7680/1/3 7676/1/3 7679/1/3
f 7683/23/3 7682/23/3 7681/23/3
f 7684/23/3 7682/23/3 7683/23/3
f 7687/23/3 7686/23/3 7685/23/3
f 7688/23/3 7686/23/3 7687/23/3
f 7691/23/3 7690/23/3 7689/23/3
f 7692/23/3 7690/23/3 7691/23/3
f 7695/23/3 7694/23/3 7693/23/3
f 7696/23/3 7694/23/3 7695/23/3
f 7699/23/3 7698/23/3 7697/23/3
f 7700/23/3 7698/23/3 7699/23/3
f 7705/23/3 7702/23/3 7701/23/3
f 7706/23/3 7702/23/3 7705/23/3
f 7707/23/3 7704/23/3 7703/23/3
f 7708/23/3 7704/23/3 7707/23/3
f 7711/23/3 7710/23/3 7709/23/3
f 7712/23/3 7710/23/3 7711/23/3
f 7715/23/3 7714/23/3 7713/23/3
f 7716/23/3 7714/23/3 7715/23/3
f 7719/23/3 7718/23/3 7717/23/3
f 7720/23/3 7718/23/3 7719/23/3
f 7723/23/3 7722/23/3 7721/23/3
f 7724/23/3 7722/23/3 7723/23/3
f 7727/16/3 7726/16/3 7725/16/3
f 7728/16/3 7726/16/3 7727/16/3
f 7729/16/3 7727/16/3 7725/16/3
f 7729/29/3 7728/29/3 7727/29/3
f 7730/16/3 7726/16/3 7728/16/3
f 7730/29/3 7728/29/3 7729/29/3
f 7731/16/3 7726/16/3 7730/16/3
f 7732/16/3 7730/16/3 7729/16/3
f 7732/29/3 7731/29/3 7730/29/3
f 7733/16/3 7726/16/3 7731/16/3
f 7733/29/3 7731/29/3 7732/29/3
f 7734/16/3 7726/16/3 7733/16/3
f 7735/16/3 7733/16/3 7732/16/3
f 7735/29/3 7734/29/3 7733/29/3
f 7736/16/3 7726/16/3 7734/16/3
f 7736/29/3 7734/29/3 7735/29/3
f 7737/16/3 7736/16/3 7735/16/3
f 7738/16/3 7726/16/3 7736/16/3
f 7738/16/3 7736/16/3 7737/16/3
f 7739/16/3 7735/16/3 7732/16/3
f 7739/16/3 7737/16/3 7735/16/3
f 7740/29/3 7738/29/3 7737/29/3
f 7740/16/3 7737/16/3 7739/16/3
f 7741/16/3 7726/16/3 7738/16/3
f 7741/29/3 7738/29/3 7740/29/3
f 7742/16/3 7739/16/3 7732/16/3
f 7743/29/3 7740/29/3 7739/29/3
f 7743/16/3 7739/16/3 7742/16/3
f 7744/16/3 7741/16/3 7740/16/3
f 7744/29/3 7740/29/3 7743/29/3
f 7745/16/3 7726/16/3 7741/16/3
f 7745/16/3 7741/16/3 7744/16/3
f 7746/16/3 7726/16/3 7745/16/3
f 7747/16/3 7742/16/3 7732/16/3
f 7748/29/3 7743/29/3 7742/29/3
f 7748/16/3 7742/16/3 7747/16/3
f 7749/16/3 7744/16/3 7743/16/3
f 7749/29/3 7743/29/3 7748/29/3
f 7749/16/3 7745/16/3 7744/16/3
f 7750/16/3 7745/16/3 7749/16/3
f 7751/29/3 7746/29/3 7745/29/3
f 7751/16/3 7745/16/3 7750/16/3
f 7752/16/3 7726/16/3 7746/16/3
f 7752/29/3 7746/29/3 7751/29/3
f 7753/16/3 7726/16/3 7752/16/3
f 7754/16/3 7732/16/3 7729/16/3
f 7754/16/3 7747/16/3 7732/16/3
f 7755/29/3 7748/29/3 7747/29/3
f 7755/16/3 7747/16/3 7754/16/3
f 7756/16/3 7750/16/3 7749/16/3
f 7756/29/3 7748/29/3 7755/29/3
f 7756/16/3 7749/16/3 7748/16/3
f 7757/29/3 7751/29/3 7750/29/3
f 7757/16/3 7750/16/3 7756/16/3
f 7758/16/3 7752/16/3 7751/16/3
f 7758/29/3 7751/29/3 7757/29/3
f 7759/29/3 7753/29/3 7752/29/3
f 7759/16/3 7752/16/3 7758/16/3
f 7760/16/3 7726/16/3 7753/16/3
f 7760/29/3 7753/29/3 7759/29/3
f 7761/16/3 7754/16/3 7729/16/3
f 7762/29/3 7755/29/3 7754/29/3
f 7762/16/3 7754/16/3 7761/16/3
f 7763/16/3 7756/16/3 7755/16/3
f 7763/29/3 7755/29/3 7762/29/3
f 7763/16/3 7758/16/3 7757/16/3
f 7763/16/3 7757/16/3 7756/16/3
f 7764/29/3 7759/29/3 7758/29/3
f 7764/16/3 7758/16/3 7763/16/3
f 7765/16/3 7760/16/3 7759/16/3
f 7765/29/3 7759/29/3 7764/29/3
f 7766/29/3 7762/29/3 7761/29/3
f 7766/16/3 7761/16/3 7729/16/3
f 7767/16/3 7763/16/3 7762/16/3
f 7767/29/3 7762/29/3 7766/29/3
f 7767/16/3 7764/16/3 7763/16/3
f 7767/16/3 7765/16/3 7764/16/3
f 7768/16/3 7765/16/3 7767/16/3
f 7769/16/3 7765/16/3 7768/16/3
f 7770/16/3 7729/16/3 7725/16/3
f 7770/16/3 7766/16/3 7729/16/3
f 7770/16/3 7767/16/3 7766/16/3
f 7770/16/3 7768/16/3 7767/16/3
f 7771/16/3 7768/16/3 7770/16/3
f 7772/29/3 7769/29/3 7768/29/3
f 7772/16/3 7768/16/3 7771/16/3
f 7773/16/3 7765/16/3 7769/16/3
f 7773/29/3 7769/29/3 7772/29/3
f 7774/16/3 7765/16/3 7773/16/3
f 7775/29/3 7771/29/3 7770/29/3
f 7775/16/3 7770/16/3 7725/16/3
f 7776/16/3 7772/16/3 7771/16/3
f 7776/29/3 7771/29/3 7775/29/3
f 7776/16/3 7773/16/3 7772/16/3
f 7777/29/3 7774/29/3 7773/29/3
f 7777/16/3 7773/16/3 7776/16/3
f 7778/29/3 7774/29/3 7777/29/3
f 7779/16/3 7765/16/3 7774/16/3
f 7779/29/3 7774/29/3 7778/29/3
f 7780/16/3 7775/16/3 7725/16/3
f 7780/16/3 7776/16/3 7775/16/3
f 7781/16/3 7776/16/3 7780/16/3
f 7782/29/3 7778/29/3 7777/29/3
f 7782/16/3 7776/16/3 7781/16/3
f 7782/29/3 7777/29/3 7776/29/3
f 7783/29/3 7778/29/3 7782/29/3
f 7784/16/3 7782/16/3 7781/16/3
f 7784/29/3 7778/29/3 7783/29/3
f 7784/16/3 7783/16/3 7782/16/3
f 7785/16/3 7779/16/3 7778/16/3
f 7785/29/3 7778/29/3 7784/29/3
f 7786/16/3 7779/16/3 7785/16/3
f 7787/29/3 7781/29/3 7780/29/3
f 7787/16/3 7784/16/3 7781/16/3
f 7787/16/3 7785/16/3 7784/16/3
f 7788/29/3 7786/29/3 7785/29/3
f 7788/16/3 7785/16/3 7787/16/3
f 7789/16/3 7780/16/3 7725/16/3
f 7790/29/3 7787/29/3 7780/29/3
f 7790/16/3 7780/16/3 7789/16/3
f 7790/29/3 7788/29/3 7787/29/3
f 7791/16/3 7779/16/3 7786/16/3
f 7791/29/3 7788/29/3 7790/29/3
f 7791/29/3 7786/29/3 7788/29/3
f 7792/16/3 7765/16/3 7779/16/3
f 7792/16/3 7779/16/3 7791/16/3
f 7792/16/3 7760/16/3 7765/16/3
f 7792/16/3 7726/16/3 7760/16/3
f 7801/23/3 7794/23/3 7793/23/3
f 7802/23/3 7794/23/3 7801/23/3
f 7803/23/3 7796/23/3 7795/23/3
f 7804/23/3 7796/23/3 7803/23/3
f 7805/23/3 7798/23/3 7797/23/3
f 7806/23/3 7798/23/3 7805/23/3
f 7807/23/3 7800/23/3 7799/23/3
f 7808/23/3 7800/23/3 7807/23/3
f 7812/1/3 7810/1/3 7809/1/3
f 7813/23/3 7811/23/3 7810/23/3
f 7813/1/3 7810/1/3 7812/1/3
f 7814/23/3 7811/23/3 7813/23/3
f 7817/25/3 7816/25/3 7815/25/3
f 7818/25/3 7816/25/3 7817/25/3
f 7823/25/3 7820/25/3 7819/25/3
f 7824/25/3 7820/25/3 7823/25/3
f 7825/25/3 7822/25/3 7821/25/3
f 7826/25/3 7822/25/3 7825/25/3
f 7835/25/3 7828/25/3 7827/25/3
f 7836/25/3 7828/25/3 7835/25/3
f 7837/25/3 7830/25/3 7829/25/3
f 7838/25/3 7830/25/3 7837/25/3
f 7839/25/3 7832/25/3 7831/25/3
f 7840/25/3 7832/25/3 7839/25/3
f 7841/25/3 7834/25/3 7833/25/3
f 7842/25/3 7834/25/3 7841/25/3
f 7845/1/3 7844/1/3 7843/1/3
f 7846/1/3 7844/1/3 7845/1/3
f 7849/1/3 7848/1/3 7847/1/3
f 7850/1/3 7848/1/3 7849/1/3
f 7853/23/3 7852/23/3 7851/23/3
f 7854/23/3 7852/23/3 7853/23/3
f 7855/23/3 7852/23/3 7854/23/3
f 7861/1/3 7859/1/3 7858/1/3
f 7862/48/3 7860/48/3 7859/48/3
f 7862/1/3 7859/1/3 7861/1/3
f 7863/48/3 7860/48/3 7862/48/3
f 7864/23/3 7857/23/3 7856/23/3
f 7865/23/3 7857/23/3 7864/23/3
f 7870/25/3 7867/25/3 7866/25/3
f 7871/25/3 7867/25/3 7870/25/3
f 7872/25/3 7869/25/3 7868/25/3
f 7873/25/3 7869/25/3 7872/25/3
f 7877/1/3 7875/1/3 7874/1/3
f 7878/48/3 7876/48/3 7875/48/3
f 7878/1/3 7875/1/3 7877/1/3
f 7879/48/3 7876/48/3 7878/48/3
f 7883/1/3 7881/1/3 7880/1/3
f 7884/48/3 7882/48/3 7881/48/3
f 7884/1/3 7881/1/3 7883/1/3
f 7885/48/3 7882/48/3 7884/48/3
f 7889/23/3 7887/23/3 7886/23/3
f 7889/23/3 7888/23/3 7887/23/3
f 7890/23/3 7888/23/3 7889/23/3
f 7893/25/3 7892/25/3 7891/25/3
f 7894/25/3 7892/25/3 7893/25/3
f 7897/7/3 7896/7/3 7895/7/3
f 7898/7/3 7896/7/3 7897/7/3
f 7901/1/3 7900/1/3 7899/1/3
f 7902/1/3 7900/1/3 7901/1/3
f 7905/1/3 7904/1/3 7903/1/3
f 7906/1/3 7904/1/3 7905/1/3
f 7909/1/3 7908/1/3 7907/1/3
f 7910/1/3 7908/1/3 7909/1/3
f 7913/1/3 7912/1/3 7911/1/3
f 7914/1/3 7912/1/3 7913/1/3
f 7920/1/3 7918/1/3 7917/1/3
f 7921/48/3 7919/48/3 7918/48/3
f 7921/1/3 7918/1/3 7920/1/3
f 7922/48/3 7919/48/3 7921/48/3
f 7926/1/3 7924/1/3 7923/1/3
f 7927/48/3 7925/48/3 7924/48/3
f 7927/1/3 7924/1/3 7926/1/3
f 7928/48/3 7925/48/3 7927/48/3
f 7929/23/3 7916/23/3 7915/23/3
f 7930/23/3 7916/23/3 7929/23/3
f 7933/25/3 7932/25/3 7931/25/3
f 7934/25/3 7932/25/3 7933/25/3
f 7937/1/3 7936/1/3 7935/1/3
f 7938/1/3 7936/1/3 7937/1/3
f 7939/1/3 7937/1/3 7935/1/3
f 7940/1/3 7936/1/3 7938/1/3
f 7941/1/3 7939/1/3 7935/1/3
f 7941/1/3 7940/1/3 7939/1/3
f 7942/1/3 7940/1/3 7941/1/3
f 7943/1/3 7940/1/3 7942/1/3
f 7944/1/3 7940/1/3 7943/1/3
f 7945/1/3 7940/1/3 7944/1/3
f 7946/1/3 7940/1/3 7945/1/3
f 7947/1/3 7940/1/3 7946/1/3
f 7948/1/3 7936/1/3 7940/1/3
f 7948/1/3 7940/1/3 7947/1/3
f 7951/25/3 7950/25/3 7949/25/3
f 7952/25/3 7950/25/3 7951/25/3
f 7955/23/3 7954/23/3 7953/23/3
f 7956/23/3 7954/23/3 7955/23/3
f 7959/23/3 7958/23/3 7957/23/3
f 7960/23/3 7958/23/3 7959/23/3
f 7961/23/3 7958/23/3 7960/23/3
f 7965/1/3 7963/1/3 7962/1/3
f 7966/48/3 7964/48/3 7963/48/3
f 7966/1/3 7963/1/3 7965/1/3
f 7967/48/3 7964/48/3 7966/48/3
f 7972/23/3 7969/23/3 7968/23/3
f 7973/23/3 7969/23/3 7972/23/3
f 7974/23/3 7971/23/3 7970/23/3
f 7975/23/3 7971/23/3 7974/23/3
f 7979/23/3 7977/23/3 7976/23/3
f 7979/23/3 7978/23/3 7977/23/3
f 7980/23/3 7978/23/3 7979/23/3
f 7983/23/3 7982/23/3 7981/23/3
f 7984/23/3 7982/23/3 7983/23/3
f 7985/23/3 7982/23/3 7984/23/3
f 7987/23/3 7986/23/3 7985/23/3
f 7987/23/3 7985/23/3 7984/23/3
f 7988/23/3 7986/23/3 7987/23/3
f 7989/23/3 7986/23/3 7988/23/3
f 7990/23/3 7986/23/3 7989/23/3
f 7991/23/3 7986/23/3 7990/23/3
f 7993/23/3 7986/23/3 7991/23/3
f 7995/23/3 7993/23/3 7992/23/3
f 7996/23/3 7986/23/3 7993/23/3
f 7996/23/3 7993/23/3 7995/23/3
f 7997/23/3 7986/23/3 7996/23/3
f 7998/23/3 7995/23/3 7994/23/3
f 7998/23/3 7996/23/3 7995/23/3
f 7999/23/3 7996/23/3 7998/23/3
f 8002/23/3 8001/23/3 8000/23/3
f 8003/23/3 8001/23/3 8002/23/3
f 8008/25/3 8005/25/3 8004/25/3
f 8009/25/3 8005/25/3 8008/25/3
f 8010/25/3 8007/25/3 8006/25/3
f 8011/25/3 8007/25/3 8010/25/3
f 8015/1/3 8013/1/3 8012/1/3
f 8016/23/3 8014/23/3 8013/23/3
f 8016/1/3 8013/1/3 8015/1/3
f 8017/23/3 8014/23/3 8016/23/3
f 8022/25/3 8019/25/3 8018/25/3
f 8023/25/3 8019/25/3 8022/25/3
f 8024/25/3 8021/25/3 8020/25/3
f 8025/25/3 8021/25/3 8024/25/3
f 8030/25/3 8027/25/3 8026/25/3
f 8031/25/3 8027/25/3 8030/25/3
f 8032/25/3 8029/25/3 8028/25/3
f 8033/25/3 8029/25/3 8032/25/3
f 8036/23/3 8035/23/3 8034/23/3
f 8037/23/3 8035/23/3 8036/23/3
f 8040/23/3 8039/23/3 8038/23/3
f 8041/23/3 8039/23/3 8040/23/3
f 8044/23/3 8043/23/3 8042/23/3
f 8045/23/3 8043/23/3 8044/23/3
f 8048/25/3 8047/25/3 8046/25/3
f 8049/25/3 8047/25/3 8048/25/3
f 8054/25/3 8051/25/3 8050/25/3
f 8055/25/3 8051/25/3 8054/25/3
f 8056/25/3 8053/25/3 8052/25/3
f 8057/25/3 8053/25/3 8056/25/3
f 8060/25/3 8059/25/3 8058/25/3
f 8061/25/3 8059/25/3 8060/25/3
f 8064/1/3 8063/1/3 8062/1/3
f 8065/1/3 8063/1/3 8064/1/3
f 8068/1/3 8067/1/3 8066/1/3
f 8069/1/3 8067/1/3 8068/1/3
f 8072/25/3 8071/25/3 8070/25/3
f 8073/25/3 8071/25/3 8072/25/3
f 8076/25/3 8075/25/3 8074/25/3
f 8077/25/3 8075/25/3 8076/25/3
f 8080/25/3 8079/25/3 8078/25/3
f 8081/25/3 8079/25/3 8080/25/3
f 8084/23/3 8083/23/3 8082/23/3
f 8085/23/3 8083/23/3 8084/23/3
f 8088/23/3 8087/23/3 8086/23/3
f 8089/23/3 8087/23/3 8088/23/3
f 8092/23/3 8091/23/3 8090/23/3
f 8093/23/3 8091/23/3 8092/23/3
f 8096/25/3 8095/25/3 8094/25/3
f 8097/25/3 8095/25/3 8096/25/3
f 8100/23/3 8099/23/3 8098/23/3
f 8101/23/3 8099/23/3 8100/23/3
f 8104/23/3 8103/23/3 8102/23/3
f 8105/23/3 8103/23/3 8104/23/3
f 8108/23/3 8107/23/3 8106/23/3
f 8109/23/3 8107/23/3 8108/23/3
f 8112/23/3 8111/23/3 8110/23/3
f 8113/23/3 8111/23/3 8112/23/3
f 8116/25/3 8115/25/3 8114/25/3
f 8117/25/3 8115/25/3 8116/25/3
f 8121/1/3 8119/1/3 8118/1/3
f 8122/23/3 8120/23/3 8119/23/3
f 8122/1/3 8119/1/3 8121/1/3
f 8123/23/3 8120/23/3 8122/23/3
f 8126/25/3 8125/25/3 8124/25/3
f 8127/25/3 8125/25/3 8126/25/3
f 8132/25/3 8129/25/3 8128/25/3
f 8133/25/3 8129/25/3 8132/25/3
f 8134/25/3 8131/25/3 8130/25/3
f 8135/25/3 8131/25/3 8134/25/3
f 8141/1/3 8139/1/3 8138/1/3
f 8142/48/3 8140/48/3 8139/48/3
f 8142/1/3 8139/1/3 8141/1/3
f 8143/48/3 8140/48/3 8142/48/3
f 8144/23/3 8137/23/3 8136/23/3
f 8145/23/3 8137/23/3 8144/23/3
f 8149/23/3 8147/23/3 8146/23/3
f 8149/23/3 8148/23/3 8147/23/3
f 8150/23/3 8148/23/3 8149/23/3
f 8153/25/3 8152/25/3 8151/25/3
f 8154/25/3 8152/25/3 8153/25/3
f 8157/23/3 8156/23/3 8155/23/3
f 8158/23/3 8156/23/3 8157/23/3
f 8159/23/3 8156/23/3 8158/23/3
f 8163/1/3 8161/1/3 8160/1/3
f 8164/48/3 8162/48/3 8161/48/3
f 8164/1/3 8161/1/3 8163/1/3
f 8165/48/3 8162/48/3 8164/48/3
f 8169/1/3 8167/1/3 8166/1/3
f 8170/48/3 8168/48/3 8167/48/3
f 8170/1/3 8167/1/3 8169/1/3
f 8171/48/3 8168/48/3 8170/48/3
f 8174/25/3 8173/25/3 8172/25/3
f 8175/25/3 8173/25/3 8174/25/3
f 8176/37/4 8177/37/4 8178/37/4
f 8178/37/4 8177/37/4 8179/37/4
f 8180/1/4 8181/1/4 8182/1/4
f 8182/1/4 8181/1/4 8183/1/4
f 8184/34/4 8185/34/4 8186/34/4
f 8186/34/4 8185/34/4 8187/34/4
f 8187/34/4 8185/34/4 8188/34/4
f 8187/43/4 8188/43/4 8189/43/4
f 8189/43/4 8188/43/4 8190/43/4
f 8189/34/4 8190/34/4 8191/34/4
f 8191/34/4 8190/34/4 8192/34/4
f 8193/1/4 8194/1/4 8195/1/4
f 8195/1/4 8194/1/4 8196/1/4
f 8195/14/4 8196/14/4 8197/14/4
f 8197/14/4 8196/14/4 8198/14/4
f 8199/43/4 8200/43/4 8202/43/4
f 8201/37/4 8202/37/4 8203/37/4
f 8202/43/4 8200/43/4 8204/43/4
f 8203/37/4 8202/37/4 8204/37/4
f 8204/43/4 8200/43/4 8205/43/4
f 8204/34/4 8205/34/4 8206/34/4
f 8206/34/4 8205/34/4 8207/34/4
f 8206/43/4 8207/43/4 8208/43/4
f 8208/43/4 8207/43/4 8209/43/4
f 8208/34/4 8209/34/4 8210/34/4
f 8210/34/4 8209/34/4 8211/34/4
f 8210/43/4 8211/43/4 8212/43/4
f 8212/43/4 8211/43/4 8213/43/4
f 8212/34/4 8213/34/4 8214/34/4
f 8214/34/4 8213/34/4 8215/34/4
f 8214/43/4 8215/43/4 8216/43/4
f 8216/43/4 8215/43/4 8217/43/4
f 8216/34/4 8217/34/4 8218/34/4
f 8218/34/4 8217/34/4 8219/34/4
f 8218/43/4 8219/43/4 8220/43/4
f 8220/43/4 8219/43/4 8221/43/4
f 8220/34/4 8221/34/4 8222/34/4
f 8222/34/4 8221/34/4 8223/34/4
f 8222/43/4 8223/43/4 8224/43/4
f 8224/43/4 8223/43/4 8225/43/4
f 8224/34/4 8225/34/4 8226/34/4
f 8226/34/4 8225/34/4 8227/34/4
f 8226/43/4 8227/43/4 8228/43/4
f 8228/43/4 8227/43/4 8229/43/4
f 8228/34/4 8229/34/4 8230/34/4
f 8230/34/4 8229/34/4 8231/34/4
f 8230/43/4 8231/43/4 8232/43/4
f 8232/43/4 8231/43/4 8233/43/4
f 8232/34/4 8233/34/4 8234/34/4
f 8234/34/4 8233/34/4 8235/34/4
f 8234/43/4 8235/43/4 8236/43/4
f 8236/43/4 8235/43/4 8237/43/4
f 8236/34/4 8237/34/4 8239/34/4
f 8238/37/4 8239/37/4 8240/37/4
f 8239/34/4 8237/34/4 8241/34/4
f 8240/37/4 8239/37/4 8241/37/4
f 8241/34/4 8237/34/4 8242/34/4
f 8242/34/4 8237/34/4 8243/34/4
f 8242/43/4 8243/43/4 8244/43/4
f 8244/43/4 8243/43/4 8245/43/4
f 8246/46/4 8247/46/4 8248/46/4
f 8248/46/4 8247/46/4 8249/46/4
f 8250/4/4 8251/4/4 8252/4/4
f 8252/4/4 8251/4/4 8253/4/4
f 8254/1/4 8255/1/4 8257/1/4
f 8255/4/4 8256/4/4 8258/4/4
f 8257/1/4 8255/1/4 8258/1/4
f 8258/4/4 8256/4/4 8259/4/4
f 8260/48/4 8261/48/4 8264/48/4
f 8264/48/4 8261/48/4 8265/48/4
f 8262/48/4 8263/48/4 8266/48/4
f 8266/48/4 8263/48/4 8267/48/4
f 8268/48/4 8269/48/4 8270/48/4
f 8270/48/4 8269/48/4 8271/48/4
f 8272/48/4 8273/48/4 8274/48/4
f 8274/48/4 8273/48/4 8275/48/4
f 8276/35/4 8277/35/4 8278/35/4
f 8278/35/4 8277/35/4 8279/35/4
f 8278/29/4 8279/29/4 8280/29/4
f 8280/29/4 8279/29/4 8281/29/4
f 8280/35/4 8281/35/4 8282/35/4
f 8280/35/4 8282/35/4 8283/35/4
f 8280/35/4 8283/35/4 8284/35/4
f 8280/35/4 8284/35/4 8285/35/4
f 8280/35/4 8285/35/4 8286/35/4
f 8280/35/4 8286/35/4 8287/35/4
f 8280/35/4 8287/35/4 8288/35/4
f 8280/35/4 8288/35/4 8289/35/4
f 8280/35/4 8289/35/4 8290/35/4
f 8280/35/4 8290/35/4 8291/35/4
f 8280/35/4 8291/35/4 8292/35/4
f 8280/35/4 8292/35/4 8293/35/4
f 8280/35/4 8293/35/4 8294/35/4
f 8294/35/4 8293/35/4 8295/35/4
f 8296/20/4 8297/20/4 8302/20/4
f 8302/20/4 8297/20/4 8303/20/4
f 8298/20/4 8299/20/4 8304/20/4
f 8304/20/4 8299/20/4 8305/20/4
f 8300/20/4 8301/20/4 8306/20/4
f 8306/20/4 8301/20/4 8307/20/4
f 8308/35/4 8309/35/4 8310/35/4
f 8310/35/4 8309/35/4 8311/35/4
f 8310/29/4 8311/29/4 8312/29/4
f 8312/29/4 8311/29/4 8313/29/4
f 8312/35/4 8313/35/4 8314/35/4
f 8312/35/4 8314/35/4 8315/35/4
f 8312/35/4 8315/35/4 8316/35/4
f 8316/35/4 8315/35/4 8317/35/4
f 8316/29/4 8317/29/4 8318/29/4
f 8318/29/4 8317/29/4 8319/29/4
f 8318/35/4 8319/35/4 8320/35/4
f 8320/35/4 8319/35/4 8321/35/4
f 8320/29/4 8321/29/4 8322/29/4
f 8322/29/4 8321/29/4 8323/29/4
f 8322/35/4 8323/35/4 8324/35/4
f 8322/35/4 8324/35/4 8325/35/4
f 8325/35/4 8324/35/4 8326/35/4
f 8325/29/4 8326/29/4 8327/29/4
f 8327/29/4 8326/29/4 8328/29/4
f 8327/35/4 8328/35/4 8329/35/4
f 8327/35/4 8329/35/4 8330/35/4
f 8330/35/4 8329/35/4 8331/35/4
f 8330/29/4 8331/29/4 8332/29/4
f 8332/29/4 8331/29/4 8333/29/4
f 8332/35/4 8333/35/4 8334/35/4
f 8334/35/4 8333/35/4 8335/35/4
f 8334/29/4 8335/29/4 8336/29/4
f 8336/29/4 8335/29/4 8337/29/4
f 8336/35/4 8337/35/4 8338/35/4
f 8338/35/4 8337/35/4 8339/35/4
f 8338/29/4 8339/29/4 8340/29/4
f 8340/29/4 8339/29/4 8341/29/4
f 8340/35/4 8341/35/4 8342/35/4
f 8342/35/4 8341/35/4 8343/35/4
f 8342/29/4 8343/29/4 8344/29/4
f 8344/29/4 8343/29/4 8345/29/4
f 8344/35/4 8345/35/4 8346/35/4
f 8346/35/4 8345/35/4 8347/35/4
f 8346/29/4 8347/29/4 8348/29/4
f 8346/29/4 8348/29/4 8349/29/4
f 8349/29/4 8348/29/4 8350/29/4
f 8349/35/4 8350/35/4 8353/35/4
f 8351/20/4 8352/20/4 8354/20/4
f 8354/20/4 8352/20/4 8355/20/4
f 8349/35/4 8353/35/4 8356/35/4
f 8349/35/4 8356/35/4 8357/35/4
f 8349/35/4 8357/35/4 8358/35/4
f 8358/35/4 8357/35/4 8359/35/4
f 8360/48/4 8361/48/4 8362/48/4
f 8362/48/4 8361/48/4 8363/48/4
f 8362/48/4 8363/48/4 8365/48/4
f 8363/48/4 8364/48/4 8365/48/4
f 8365/48/4 8364/48/4 8366/48/4
f 8366/24/4 8367/24/4 8368/24/4
f 8368/24/4 8367/24/4 8369/24/4
f 8370/48/4 8371/48/4 8372/48/4
f 8370/48/4 8372/48/4 8374/48/4
f 8372/48/4 8373/48/4 8374/48/4
f 8374/48/4 8373/48/4 8375/48/4
f 8375/24/4 8376/24/4 8377/24/4
f 8377/24/4 8376/24/4 8378/24/4
f 8379/24/4 8380/24/4 8381/24/4
f 8381/24/4 8380/24/4 8382/24/4
f 8385/48/4 8386/48/4 8388/48/4
f 8386/24/4 8387/24/4 8389/24/4
f 8388/48/4 8386/48/4 8389/48/4
f 8389/24/4 8387/24/4 8390/24/4
f 8395/20/4 8396/20/4 8398/20/4
f 8396/48/4 8397/48/4 8398/48/4
f 8398/48/4 8397/48/4 8399/48/4
f 8391/20/4 8392/20/4 8400/20/4
f 8400/20/4 8392/20/4 8401/20/4
f 8393/20/4 8394/20/4 8402/20/4
f 8402/20/4 8394/20/4 8403/20/4
f 8395/20/4 8398/20/4 8404/20/4
f 8404/20/4 8398/20/4 8405/20/4
f 8383/1/4 8384/1/4 8406/1/4
f 8406/1/4 8384/1/4 8407/1/4
f 8408/30/4 8409/30/4 8410/30/4
f 8408/30/4 8410/30/4 8411/30/4
f 8408/30/4 8411/30/4 8412/30/4
f 8408/30/4 8412/30/4 8413/30/4
f 8408/30/4 8413/30/4 8414/30/4
f 8408/30/4 8414/30/4 8415/30/4
f 8408/30/4 8415/30/4 8416/30/4
f 8408/30/4 8416/30/4 8417/30/4
f 8408/30/4 8417/30/4 8418/30/4
f 8418/30/4 8417/30/4 8419/30/4
f 8420/1/4 8421/1/4 8422/1/4
f 8420/1/4 8422/1/4 8423/1/4
f 8420/1/4 8423/1/4 8424/1/4
f 8420/1/4 8424/1/4 8427/1/4
f 8425/48/4 8426/48/4 8428/48/4
f 8428/48/4 8426/48/4 8429/48/4
f 8429/48/4 8430/48/4 8431/48/4
f 8431/48/4 8430/48/4 8432/48/4
f 8420/1/4 8427/1/4 8434/1/4
f 8432/48/4 8433/48/4 8435/48/4
f 8435/48/4 8433/48/4 8436/48/4
f 8420/1/4 8434/1/4 8437/1/4
f 8440/48/4 8441/48/4 8442/48/4
f 8442/48/4 8441/48/4 8443/48/4
f 8438/24/4 8439/24/4 8444/24/4
f 8443/48/4 8444/48/4 8445/48/4
f 8444/24/4 8439/24/4 8445/24/4
f 8445/24/4 8439/24/4 8446/24/4
f 8445/48/4 8446/48/4 8449/48/4
f 8446/48/4 8447/48/4 8449/48/4
f 8443/48/4 8445/48/4 8449/48/4
f 8449/48/4 8447/48/4 8450/48/4
f 8450/48/4 8447/48/4 8451/48/4
f 8451/48/4 8447/48/4 8452/48/4
f 8448/48/4 8449/48/4 8454/48/4
f 8449/48/4 8450/48/4 8454/48/4
f 8454/48/4 8450/48/4 8455/48/4
f 8455/48/4 8450/48/4 8456/48/4
f 8451/48/4 8452/48/4 8457/48/4
f 8457/48/4 8452/48/4 8458/48/4
f 8453/48/4 8454/48/4 8459/48/4
f 8454/48/4 8455/48/4 8459/48/4
f 8459/48/4 8455/48/4 8460/48/4
f 8456/18/4 8457/18/4 8461/18/4
f 8461/18/4 8457/18/4 8462/18/4
f 8420/1/4 8437/1/4 8463/1/4
f 8420/1/4 8463/1/4 8464/1/4
f 8420/1/4 8464/1/4 8465/1/4
f 8420/1/4 8465/1/4 8466/1/4
f 8420/1/4 8466/1/4 8467/1/4
f 8420/1/4 8467/1/4 8470/1/4
f 8468/48/4 8469/48/4 8471/48/4
f 8471/48/4 8469/48/4 8472/48/4
f 8420/1/4 8470/1/4 8473/1/4
f 8420/1/4 8473/1/4 8474/1/4
f 8420/1/4 8474/1/4 8475/1/4
f 8475/1/4 8474/1/4 8476/1/4
f 8477/26/4 8478/26/4 8484/26/4
f 8478/26/4 8479/26/4 8484/26/4
f 8479/26/4 8480/26/4 8484/26/4
f 8484/26/4 8480/26/4 8485/26/4
f 8480/27/4 8481/27/4 8486/27/4
f 8485/26/4 8480/26/4 8486/26/4
f 8481/26/4 8482/26/4 8487/26/4
f 8486/27/4 8481/27/4 8487/27/4
f 8487/26/4 8482/26/4 8488/26/4
f 8484/27/4 8485/27/4 8489/27/4
f 8485/26/4 8486/26/4 8490/26/4
f 8489/27/4 8485/27/4 8490/27/4
f 8486/26/4 8487/26/4 8490/26/4
f 8490/26/4 8487/26/4 8491/26/4
f 8487/27/4 8488/27/4 8492/27/4
f 8491/26/4 8487/26/4 8492/26/4
f 8488/26/4 8482/26/4 8493/26/4
f 8492/27/4 8488/27/4 8493/27/4
f 8490/26/4 8491/26/4 8494/26/4
f 8489/26/4 8490/26/4 8494/26/4
f 8494/26/4 8491/26/4 8495/26/4
f 8495/26/4 8491/26/4 8496/26/4
f 8496/26/4 8491/26/4 8497/26/4
f 8491/27/4 8492/27/4 8498/27/4
f 8497/26/4 8491/26/4 8498/26/4
f 8492/26/4 8493/26/4 8499/26/4
f 8498/27/4 8492/27/4 8499/27/4
f 8482/48/4 8483/48/4 8500/48/4
f 8499/26/4 8493/26/4 8500/26/4
f 8493/26/4 8482/26/4 8500/26/4
f 8500/48/4 8483/48/4 8501/48/4
f 8502/8/4 8503/8/4 8504/8/4
f 8504/8/4 8503/8/4 8505/8/4
f 8506/30/4 8507/30/4 8508/30/4
f 8506/30/4 8508/30/4 8509/30/4
f 8506/30/4 8509/30/4 8510/30/4
f 8510/30/4 8509/30/4 8511/30/4
f 8510/46/4 8511/46/4 8512/46/4
f 8512/46/4 8511/46/4 8513/46/4
f 8512/30/4 8513/30/4 8514/30/4
f 8514/30/4 8513/30/4 8515/30/4
f 8514/46/4 8515/46/4 8516/46/4
f 8516/46/4 8515/46/4 8517/46/4
f 8516/30/4 8517/30/4 8518/30/4
f 8518/30/4 8517/30/4 8519/30/4
f 8518/46/4 8519/46/4 8520/46/4
f 8520/46/4 8519/46/4 8521/46/4
f 8520/30/4 8521/30/4 8522/30/4
f 8522/30/4 8521/30/4 8523/30/4
f 8522/46/4 8523/46/4 8524/46/4
f 8524/46/4 8523/46/4 8525/46/4
f 8524/30/4 8525/30/4 8526/30/4
f 8524/30/4 8526/30/4 8527/30/4
f 8527/30/4 8526/30/4 8528/30/4
f 8529/8/4 8530/8/4 8531/8/4
f 8531/8/4 8530/8/4 8532/8/4
f 8533/48/4 8534/48/4 8535/48/4
f 8535/48/4 8534/48/4 8536/48/4
f 8537/24/4 8538/24/4 8541/24/4
f 8541/24/4 8538/24/4 8542/24/4
f 8539/24/4 8540/24/4 8543/24/4
f 8543/24/4 8540/24/4 8544/24/4
f 8545/20/4 8546/20/4 8547/20/4
f 8547/20/4 8546/20/4 8548/20/4
f 8549/27/4 8550/27/4 8555/27/4
f 8550/26/4 8551/26/4 8556/26/4
f 8555/27/4 8550/27/4 8556/27/4
f 8551/27/4 8552/27/4 8557/27/4
f 8556/26/4 8551/26/4 8557/26/4
f 8552/26/4 8553/26/4 8558/26/4
f 8557/27/4 8552/27/4 8558/27/4
f 8553/48/4 8554/48/4 8559/48/4
f 8558/26/4 8553/26/4 8559/26/4
f 8559/48/4 8554/48/4 8560/48/4
f 8561/46/4 8562/46/4 8563/46/4
f 8563/46/4 8562/46/4 8564/46/4
f 8563/30/4 8564/30/4 8565/30/4
f 8563/30/4 8565/30/4 8566/30/4
f 8563/30/4 8566/30/4 8567/30/4
f 8567/30/4 8566/30/4 8568/30/4
f 8567/46/4 8568/46/4 8569/46/4
f 8569/46/4 8568/46/4 8570/46/4
f 8569/30/4 8570/30/4 8571/30/4
f 8571/30/4 8570/30/4 8572/30/4
f 8571/46/4 8572/46/4 8573/46/4
f 8573/46/4 8572/46/4 8574/46/4
f 8573/30/4 8574/30/4 8575/30/4
f 8573/30/4 8575/30/4 8576/30/4
f 8573/30/4 8576/30/4 8577/30/4
f 8577/30/4 8576/30/4 8578/30/4
f 8577/46/4 8578/46/4 8579/46/4
f 8579/46/4 8578/46/4 8580/46/4
f 8579/30/4 8580/30/4 8581/30/4
f 8579/30/4 8581/30/4 8582/30/4
f 8582/30/4 8581/30/4 8583/30/4
f 8582/46/4 8583/46/4 8584/46/4
f 8582/46/4 8584/46/4 8585/46/4
f 8585/46/4 8584/46/4 8586/46/4
f 8585/30/4 8586/30/4 8587/30/4
f 8587/30/4 8586/30/4 8588/30/4
f 8589/20/4 8590/20/4 8593/20/4
f 8593/20/4 8590/20/4 8594/20/4
f 8591/20/4 8592/20/4 8595/20/4
f 8595/20/4 8592/20/4 8596/20/4
f 8597/1/4 8598/1/4 8600/1/4
f 8598/48/4 8599/48/4 8601/48/4
f 8600/1/4 8598/1/4 8601/1/4
f 8601/48/4 8599/48/4 8602/48/4
f 8603/1/4 8604/1/4 8605/1/4
f 8605/1/4 8604/1/4 8606/1/4
f 8607/21/4 8608/21/4 8609/21/4
f 8609/21/4 8608/21/4 8610/21/4
f 8611/46/4 8612/46/4 8613/46/4
f 8613/46/4 8612/46/4 8614/46/4
f 8613/30/4 8614/30/4 8615/30/4
f 8615/30/4 8614/30/4 8616/30/4
f 8615/46/4 8616/46/4 8617/46/4
f 8617/46/4 8616/46/4 8618/46/4
f 8617/30/4 8618/30/4 8619/30/4
f 8619/30/4 8618/30/4 8620/30/4
f 8619/46/4 8620/46/4 8621/46/4
f 8621/46/4 8620/46/4 8622/46/4
f 8621/30/4 8622/30/4 8623/30/4
f 8623/30/4 8622/30/4 8624/30/4
f 8623/46/4 8624/46/4 8625/46/4
f 8625/46/4 8624/46/4 8626/46/4
f 8625/30/4 8626/30/4 8627/30/4
f 8627/30/4 8626/30/4 8628/30/4
f 8627/46/4 8628/46/4 8629/46/4
f 8627/46/4 8629/46/4 8630/46/4
f 8630/46/4 8629/46/4 8631/46/4
f 8630/30/4 8631/30/4 8632/30/4
f 8630/30/4 8632/30/4 8633/30/4
f 8633/30/4 8632/30/4 8634/30/4
f 8633/46/4 8634/46/4 8635/46/4
f 8635/46/4 8634/46/4 8636/46/4
f 8635/30/4 8636/30/4 8637/30/4
f 8635/30/4 8637/30/4 8638/30/4
f 8638/30/4 8637/30/4 8639/30/4
f 8640/1/4 8641/1/4 8642/1/4
f 8642/1/4 8641/1/4 8643/1/4
f 8648/20/4 8649/20/4 8650/20/4
f 8644/20/4 8645/20/4 8652/20/4
f 8652/20/4 8645/20/4 8653/20/4
f 8646/20/4 8647/20/4 8654/20/4
f 8654/20/4 8647/20/4 8655/20/4
f 8650/20/4 8651/20/4 8656/20/4
f 8648/20/4 8650/20/4 8656/20/4
f 8656/20/4 8651/20/4 8657/20/4
f 8658/21/4 8659/21/4 8660/21/4
f 8660/21/4 8659/21/4 8661/21/4
f 8662/8/4 8663/8/4 8664/8/4
f 8664/8/4 8663/8/4 8665/8/4
f 8666/36/4 8667/36/4 8674/36/4
f 8674/36/4 8667/36/4 8675/36/4
f 8675/36/4 8667/36/4 8676/36/4
f 8676/36/4 8667/36/4 8677/36/4
f 8668/36/4 8669/36/4 8678/36/4
f 8678/36/4 8669/36/4 8679/36/4
f 8670/36/4 8671/36/4 8680/36/4
f 8680/36/4 8671/36/4 8681/36/4
f 8672/36/4 8673/36/4 8682/36/4
f 8682/36/4 8673/36/4 8683/36/4
f 8684/48/4 8685/48/4 8686/48/4
f 8686/48/4 8685/48/4 8687/48/4
f 8687/48/4 8685/48/4 8688/48/4
f 8688/48/4 8685/48/4 8689/48/4
f 8689/48/4 8685/48/4 8690/48/4
f 8690/48/4 8685/48/4 8691/48/4
f 8691/48/4 8685/48/4 8692/48/4
f 8687/1/4 8688/1/4 8694/1/4
f 8694/1/4 8688/1/4 8695/1/4
f 8689/1/4 8690/1/4 8696/1/4
f 8696/1/4 8690/1/4 8697/1/4
f 8694/48/4 8695/48/4 8700/48/4
f 8698/48/4 8699/48/4 8700/48/4
f 8697/48/4 8698/48/4 8700/48/4
f 8696/48/4 8697/48/4 8700/48/4
f 8695/48/4 8696/48/4 8700/48/4
f 8693/48/4 8694/48/4 8700/48/4
f 8700/48/4 8699/48/4 8701/48/4
f 8702/8/4 8703/8/4 8704/8/4
f 8704/8/4 8703/8/4 8705/8/4
f 8706/26/4 8707/26/4 8709/26/4
f 8707/48/4 8708/48/4 8710/48/4
f 8709/26/4 8707/26/4 8710/26/4
f 8710/48/4 8708/48/4 8711/48/4
f 8712/46/4 8713/46/4 8714/46/4
f 8714/46/4 8713/46/4 8715/46/4
f 8712/46/4 8714/46/4 8718/46/4
f 8718/46/4 8714/46/4 8719/46/4
f 8715/46/4 8713/46/4 8720/46/4
f 8720/46/4 8713/46/4 8721/46/4
f 8718/35/4 8719/35/4 8722/35/4
f 8722/35/4 8719/35/4 8723/35/4
f 8720/35/4 8721/35/4 8724/35/4
f 8724/35/4 8721/35/4 8725/35/4
f 8722/46/4 8723/46/4 8729/46/4
f 8729/46/4 8723/46/4 8730/46/4
f 8716/21/4 8717/21/4 8731/21/4
f 8731/21/4 8717/21/4 8732/21/4
f 8726/26/4 8727/26/4 8733/26/4
f 8727/48/4 8728/48/4 8734/48/4
f 8733/26/4 8727/26/4 8734/26/4
f 8734/48/4 8728/48/4 8735/48/4
f 8729/35/4 8730/35/4 8736/35/4
f 8722/46/4 8729/46/4 8736/46/4
f 8736/35/4 8730/35/4 8737/35/4
f 8732/21/4 8717/21/4 8739/21/4
f 8718/35/4 8722/35/4 8740/35/4
f 8736/46/4 8737/46/4 8741/46/4
f 8740/35/4 8722/35/4 8741/35/4
f 8722/46/4 8736/46/4 8741/46/4
f 8724/46/4 8725/46/4 8742/46/4
f 8742/46/4 8725/46/4 8743/46/4
f 8724/46/4 8742/46/4 8744/46/4
f 8742/35/4 8743/35/4 8745/35/4
f 8744/46/4 8742/46/4 8745/46/4
f 8745/35/4 8743/35/4 8746/35/4
f 8744/35/4 8745/35/4 8747/35/4
f 8745/46/4 8746/46/4 8748/46/4
f 8747/35/4 8745/35/4 8748/35/4
f 8748/46/4 8746/46/4 8749/46/4
f 8740/46/4 8741/46/4 8750/46/4
f 8741/46/4 8737/46/4 8751/46/4
f 8750/46/4 8741/46/4 8751/46/4
f 8747/46/4 8748/46/4 8752/46/4
f 8748/35/4 8749/35/4 8753/35/4
f 8752/46/4 8748/46/4 8753/46/4
f 8753/35/4 8749/35/4 8754/35/4
f 8750/35/4 8751/35/4 8755/35/4
f 8751/46/4 8737/46/4 8756/46/4
f 8755/35/4 8751/35/4 8756/35/4
f 8756/46/4 8737/46/4 8757/46/4
f 8752/35/4 8753/35/4 8758/35/4
f 8753/46/4 8754/46/4 8759/46/4
f 8758/35/4 8753/35/4 8759/35/4
f 8756/35/4 8757/35/4 8760/35/4
f 8755/46/4 8756/46/4 8760/46/4
f 8760/35/4 8757/35/4 8761/35/4
f 8758/46/4 8759/46/4 8762/46/4
f 8759/46/4 8754/46/4 8763/46/4
f 8762/46/4 8759/46/4 8763/46/4
f 8762/35/4 8763/35/4 8764/35/4
f 8764/35/4 8763/35/4 8765/35/4
f 8760/46/4 8761/46/4 8766/46/4
f 8755/46/4 8760/46/4 8766/46/4
f 8766/46/4 8761/46/4 8767/46/4
f 8764/46/4 8765/46/4 8768/46/4
f 8768/46/4 8765/46/4 8769/46/4
f 8766/35/4 8767/35/4 8770/35/4
f 8767/46/4 8761/46/4 8771/46/4
f 8770/35/4 8767/35/4 8771/35/4
f 8771/46/4 8761/46/4 8772/46/4
f 8768/35/4 8769/35/4 8773/35/4
f 8773/35/4 8769/35/4 8774/35/4
f 8771/35/4 8772/35/4 8775/35/4
f 8770/46/4 8771/46/4 8775/46/4
f 8775/35/4 8772/35/4 8776/35/4
f 8768/35/4 8773/35/4 8777/35/4
f 8773/46/4 8774/46/4 8778/46/4
f 8777/35/4 8773/35/4 8778/35/4
f 8775/46/4 8776/46/4 8779/46/4
f 8770/46/4 8775/46/4 8779/46/4
f 8779/46/4 8776/46/4 8780/46/4
f 8778/46/4 8774/46/4 8781/46/4
f 8777/46/4 8778/46/4 8781/46/4
f 8781/46/4 8774/46/4 8782/46/4
f 8738/21/4 8739/21/4 8783/21/4
f 8739/21/4 8717/21/4 8784/21/4
f 8783/21/4 8739/21/4 8784/21/4
f 8779/35/4 8780/35/4 8785/35/4
f 8780/46/4 8776/46/4 8786/46/4
f 8785/35/4 8780/35/4 8786/35/4
f 8786/46/4 8776/46/4 8787/46/4
f 8784/21/4 8717/21/4 8789/21/4
f 8785/46/4 8786/46/4 8790/46/4
f 8786/35/4 8787/35/4 8790/35/4
f 8787/46/4 8776/46/4 8791/46/4
f 8790/35/4 8787/35/4 8791/35/4
f 8791/46/4 8776/46/4 8792/46/4
f 8785/46/4 8790/46/4 8793/46/4
f 8790/46/4 8791/46/4 8793/46/4
f 8791/35/4 8792/35/4 8794/35/4
f 8793/46/4 8791/46/4 8794/46/4
f 8794/35/4 8792/35/4 8795/35/4
f 8777/46/4 8781/46/4 8796/46/4
f 8781/35/4 8782/35/4 8797/35/4
f 8796/46/4 8781/46/4 8797/46/4
f 8785/46/4 8793/46/4 8798/46/4
f 8793/35/4 8794/35/4 8799/35/4
f 8798/46/4 8793/46/4 8799/46/4
f 8794/46/4 8795/46/4 8800/46/4
f 8799/35/4 8794/35/4 8800/35/4
f 8800/46/4 8795/46/4 8801/46/4
f 8796/35/4 8797/35/4 8802/35/4
f 8797/35/4 8782/35/4 8803/35/4
f 8802/35/4 8797/35/4 8803/35/4
f 8788/21/4 8789/21/4 8804/21/4
f 8789/21/4 8717/21/4 8805/21/4
f 8804/21/4 8789/21/4 8805/21/4
f 8798/35/4 8799/35/4 8806/35/4
f 8802/46/4 8803/46/4 8807/46/4
f 8806/35/4 8799/35/4 8807/35/4
f 8801/46/4 8802/46/4 8807/46/4
f 8800/46/4 8801/46/4 8807/46/4
f 8799/46/4 8800/46/4 8807/46/4
f 8807/46/4 8803/46/4 8808/46/4
f 8809/8/4 8810/8/4 8811/8/4
f 8811/8/4 8810/8/4 8812/8/4
f 8809/8/4 8811/8/4 8813/8/4
f 8809/8/4 8813/8/4 8815/8/4
f 8813/8/4 8814/8/4 8815/8/4
f 8815/8/4 8814/8/4 8816/8/4
f 8817/45/4 8818/45/4 8819/45/4
f 8819/45/4 8818/45/4 8820/45/4
f 8821/8/4 8822/8/4 8823/8/4
f 8823/8/4 8822/8/4 8824/8/4
f 8821/8/4 8823/8/4 8825/8/4
f 8821/8/4 8825/8/4 8827/8/4
f 8825/8/4 8826/8/4 8827/8/4
f 8827/8/4 8826/8/4 8828/8/4
f 8829/23/4 8830/23/4 8833/23/4
f 8833/23/4 8830/23/4 8834/23/4
f 8831/23/4 8832/23/4 8835/23/4
f 8835/23/4 8832/23/4 8836/23/4
f 8837/23/4 8838/23/4 8841/23/4
f 8841/23/4 8838/23/4 8842/23/4
f 8839/23/4 8840/23/4 8843/23/4
f 8843/23/4 8840/23/4 8844/23/4
f 8845/48/4 8846/48/4 8849/48/4
f 8849/48/4 8846/48/4 8850/48/4
f 8847/48/4 8848/48/4 8851/48/4
f 8851/48/4 8848/48/4 8852/48/4
f 8853/23/4 8854/23/4 8857/23/4
f 8857/23/4 8854/23/4 8858/23/4
f 8855/23/4 8856/23/4 8859/23/4
f 8859/23/4 8856/23/4 8860/23/4
f 8861/23/4 8862/23/4 8865/23/4
f 8865/23/4 8862/23/4 8866/23/4
f 8863/23/4 8864/23/4 8867/23/4
f 8867/23/4 8864/23/4 8868/23/4
f 8869/48/4 8870/48/4 8873/48/4
f 8870/26/4 8871/26/4 8874/26/4
f 8873/48/4 8870/48/4 8874/48/4
f 8871/48/4 8872/48/4 8875/48/4
f 8874/26/4 8871/26/4 8875/26/4
f 8875/48/4 8872/48/4 8876/48/4
f 8879/48/4 8880/48/4 8883/48/4
f 8880/26/4 8881/26/4 8884/26/4
f 8883/48/4 8880/48/4 8884/48/4
f 8881/48/4 8882/48/4 8885/48/4
f 8884/26/4 8881/26/4 8885/26/4
f 8885/48/4 8882/48/4 8886/48/4
f 8887/23/4 8888/23/4 8889/23/4
f 8889/23/4 8888/23/4 8890/23/4
f 8877/1/4 8878/1/4 8891/1/4
f 8891/1/4 8878/1/4 8892/1/4
f 8893/36/4 8894/36/4 8897/36/4
f 8897/36/4 8894/36/4 8898/36/4
f 8895/36/4 8896/36/4 8899/36/4
f 8899/36/4 8896/36/4 8900/36/4
f 8901/23/4 8902/23/4 8903/23/4
f 8903/23/4 8902/23/4 8904/23/4
f 8905/43/4 8906/43/4 8909/43/4
f 8909/43/4 8906/43/4 8910/43/4
f 8909/47/4 8910/47/4 8911/47/4
f 8911/47/4 8910/47/4 8912/47/4
f 8907/43/4 8908/43/4 8913/43/4
f 8913/43/4 8908/43/4 8914/43/4
f 8911/43/4 8912/43/4 8917/43/4
f 8917/43/4 8912/43/4 8918/43/4
f 8915/43/4 8916/43/4 8919/43/4
f 8919/43/4 8916/43/4 8920/43/4
f 8919/1/4 8920/1/4 8923/1/4
f 8923/1/4 8920/1/4 8924/1/4
f 8923/43/4 8924/43/4 8925/43/4
f 8925/43/4 8924/43/4 8926/43/4
f 8925/47/4 8926/47/4 8927/47/4
f 8927/47/4 8926/47/4 8928/47/4
f 8921/43/4 8922/43/4 8929/43/4
f 8929/43/4 8922/43/4 8930/43/4
f 8929/47/4 8930/47/4 8931/47/4
f 8931/47/4 8930/47/4 8932/47/4
f 8927/43/4 8928/43/4 8933/43/4
f 8933/43/4 8928/43/4 8934/43/4
f 8933/47/4 8934/47/4 8935/47/4
f 8935/47/4 8934/47/4 8936/47/4
f 8931/43/4 8932/43/4 8937/43/4
f 8937/43/4 8932/43/4 8938/43/4
f 8935/43/4 8936/43/4 8939/43/4
f 8939/43/4 8936/43/4 8940/43/4
f 8937/47/4 8938/47/4 8941/47/4
f 8941/47/4 8938/47/4 8942/47/4
f 8939/47/4 8940/47/4 8943/47/4
f 8943/47/4 8940/47/4 8944/47/4
f 8943/43/4 8944/43/4 8951/43/4
f 8951/43/4 8944/43/4 8952/43/4
f 8945/43/4 8946/43/4 8953/43/4
f 8953/43/4 8946/43/4 8954/43/4
f 8947/12/4 8948/12/4 8955/12/4
f 8955/12/4 8948/12/4 8956/12/4
f 8949/12/4 8950/12/4 8957/12/4
f 8957/12/4 8950/12/4 8958/12/4
f 8953/47/4 8954/47/4 8959/47/4
f 8959/47/4 8954/47/4 8960/47/4
f 8951/47/4 8952/47/4 8961/47/4
f 8961/47/4 8952/47/4 8962/47/4
f 8961/43/4 8962/43/4 8967/43/4
f 8967/43/4 8962/43/4 8968/43/4
f 8967/47/4 8968/47/4 8969/47/4
f 8969/47/4 8968/47/4 8970/47/4
f 8959/43/4 8960/43/4 8971/43/4
f 8971/43/4 8960/43/4 8972/43/4
f 8969/43/4 8970/43/4 8973/43/4
f 8973/43/4 8970/43/4 8974/43/4
f 8973/1/4 8974/1/4 8977/1/4
f 8977/1/4 8974/1/4 8978/1/4
f 8975/43/4 8976/43/4 8979/43/4
f 8979/43/4 8976/43/4 8980/43/4
f 8979/47/4 8980/47/4 8981/47/4
f 8981/47/4 8980/47/4 8982/47/4
f 8977/43/4 8978/43/4 8983/43/4
f 8983/43/4 8978/43/4 8984/43/4
f 8965/12/4 8966/12/4 8985/12/4
f 8985/12/4 8966/12/4 8986/12/4
f 8983/47/4 8984/47/4 8987/47/4
f 8987/47/4 8984/47/4 8988/47/4
f 8963/12/4 8964/12/4 8989/12/4
f 8989/12/4 8964/12/4 8990/12/4
f 8981/43/4 8982/43/4 8995/43/4
f 8995/43/4 8982/43/4 8996/43/4
f 8987/43/4 8988/43/4 8999/43/4
f 8999/43/4 8988/43/4 9000/43/4
f 8993/12/4 8994/12/4 9001/12/4
f 9001/12/4 8994/12/4 9002/12/4
f 8991/12/4 8992/12/4 9003/12/4
f 9003/12/4 8992/12/4 9004/12/4
f 8999/47/4 9000/47/4 9005/47/4
f 9005/47/4 9000/47/4 9006/47/4
f 8997/43/4 8998/43/4 9007/43/4
f 9007/43/4 8998/43/4 9008/43/4
f 9009/23/4 9010/23/4 9013/23/4
f 9013/23/4 9010/23/4 9014/23/4
f 9011/23/4 9012/23/4 9015/23/4
f 9015/23/4 9012/23/4 9016/23/4
f 9005/43/4 9006/43/4 9017/43/4
f 9019/43/4 9020/43/4 9032/43/4
f 9020/47/4 9021/47/4 9032/47/4
f 9021/43/4 9022/43/4 9033/43/4
f 9032/47/4 9021/47/4 9033/47/4
f 9033/43/4 9022/43/4 9034/43/4
f 9023/43/4 9024/43/4 9035/43/4
f 9024/47/4 9025/47/4 9036/47/4
f 9035/43/4 9024/43/4 9036/43/4
f 9025/43/4 9026/43/4 9037/43/4
f 9036/47/4 9025/47/4 9037/47/4
f 9026/1/4 9027/1/4 9038/1/4
f 9027/43/4 9028/43/4 9038/43/4
f 9038/43/4 9028/43/4 9039/43/4
f 9030/47/4 9031/47/4 9040/47/4
f 9029/43/4 9030/43/4 9040/43/4
f 9040/47/4 9031/47/4 9041/47/4
f 9005/43/4 9017/43/4 9042/43/4
f 9017/43/4 9018/43/4 9042/43/4
f 9018/1/4 9019/1/4 9043/1/4
f 9042/43/4 9018/43/4 9043/43/4
f 9019/43/4 9032/43/4 9044/43/4
f 9043/1/4 9019/1/4 9044/1/4
f 9033/43/4 9034/43/4 9044/43/4
f 9032/43/4 9033/43/4 9044/43/4
f 9034/47/4 9035/47/4 9045/47/4
f 9044/43/4 9034/43/4 9045/43/4
f 9035/47/4 9036/47/4 9045/47/4
f 9036/43/4 9037/43/4 9046/43/4
f 9045/47/4 9036/47/4 9046/47/4
f 9037/43/4 9026/43/4 9047/43/4
f 9046/43/4 9037/43/4 9047/43/4
f 9026/1/4 9038/1/4 9047/1/4
f 9038/47/4 9039/47/4 9048/47/4
f 9047/1/4 9038/1/4 9048/1/4
f 9048/47/4 9039/47/4 9049/47/4
f 9040/43/4 9041/43/4 9050/43/4
f 9029/43/4 9040/43/4 9050/43/4
f 9050/43/4 9041/43/4 9051/43/4
f 9007/47/4 9008/47/4 9052/47/4
f 9007/47/4 9052/47/4 9064/47/4
f 9052/43/4 9053/43/4 9065/43/4
f 9064/47/4 9052/47/4 9065/47/4
f 9054/43/4 9055/43/4 9066/43/4
f 9055/47/4 9056/47/4 9066/47/4
f 9056/43/4 9057/43/4 9067/43/4
f 9066/47/4 9056/47/4 9067/47/4
f 9067/43/4 9057/43/4 9068/43/4
f 9068/43/4 9057/43/4 9069/43/4
f 9057/47/4 9058/47/4 9070/47/4
f 9069/43/4 9057/43/4 9070/43/4
f 9058/43/4 9059/43/4 9071/43/4
f 9070/47/4 9058/47/4 9071/47/4
f 9071/43/4 9059/43/4 9072/43/4
f 9062/43/4 9063/43/4 9073/43/4
f 9073/43/4 9063/43/4 9074/43/4
f 9065/43/4 9053/43/4 9075/43/4
f 9064/43/4 9065/43/4 9075/43/4
f 9053/1/4 9054/1/4 9076/1/4
f 9075/43/4 9053/43/4 9076/43/4
f 9054/43/4 9066/43/4 9077/43/4
f 9076/1/4 9054/1/4 9077/1/4
f 9077/43/4 9066/43/4 9078/43/4
f 9067/47/4 9068/47/4 9079/47/4
f 9068/43/4 9069/43/4 9080/43/4
f 9079/47/4 9068/47/4 9080/47/4
f 9069/47/4 9070/47/4 9081/47/4
f 9080/43/4 9069/43/4 9081/43/4
f 9070/43/4 9071/43/4 9082/43/4
f 9081/47/4 9070/47/4 9082/47/4
f 9071/47/4 9072/47/4 9083/47/4
f 9082/43/4 9071/43/4 9083/43/4
f 9072/43/4 9059/43/4 9084/43/4
f 9083/47/4 9072/47/4 9084/47/4
f 9059/1/4 9060/1/4 9085/1/4
f 9084/43/4 9059/43/4 9085/43/4
f 9060/43/4 9061/43/4 9086/43/4
f 9085/1/4 9060/1/4 9086/1/4
f 9086/43/4 9061/43/4 9087/43/4
f 9062/43/4 9073/43/4 9088/43/4
f 9073/47/4 9074/47/4 9089/47/4
f 9088/43/4 9073/43/4 9089/43/4
f 9074/43/4 9063/43/4 9090/43/4
f 9089/47/4 9074/47/4 9090/47/4
f 9090/43/4 9063/43/4 9091/43/4
f 9064/43/4 9075/43/4 9092/43/4
f 9092/43/4 9075/43/4 9093/43/4
f 9076/23/4 9077/23/4 9094/23/4
f 9094/23/4 9077/23/4 9095/23/4
f 9085/23/4 9086/23/4 9096/23/4
f 9096/23/4 9086/23/4 9097/23/4
f 9064/43/4 9092/43/4 9098/43/4
f 9092/47/4 9093/47/4 9099/47/4
f 9098/43/4 9092/43/4 9099/43/4
f 9099/47/4 9093/47/4 9100/47/4
f 9098/47/4 9099/47/4 9101/47/4
f 9099/43/4 9100/43/4 9102/43/4
f 9101/47/4 9099/47/4 9102/47/4
f 9103/48/4 9104/48/4 9107/48/4
f 9104/26/4 9105/26/4 9108/26/4
f 9107/48/4 9104/48/4 9108/48/4
f 9105/48/4 9106/48/4 9109/48/4
f 9108/26/4 9105/26/4 9109/26/4
f 9107/1/4 9108/1/4 9110/1/4
f 9108/1/4 9109/1/4 9110/1/4
f 9110/1/4 9109/1/4 9111/1/4
f 9109/48/4 9106/48/4 9112/48/4
f 9111/1/4 9109/1/4 9112/1/4
f 9101/43/4 9102/43/4 9113/43/4
f 9102/43/4 9100/43/4 9114/43/4
f 9113/43/4 9102/43/4 9114/43/4
f 9110/48/4 9111/48/4 9115/48/4
f 9111/26/4 9112/26/4 9116/26/4
f 9115/48/4 9111/48/4 9116/48/4
f 9112/48/4 9106/48/4 9117/48/4
f 9116/26/4 9112/26/4 9117/26/4
f 9117/48/4 9106/48/4 9118/48/4
f 9113/47/4 9114/47/4 9121/47/4
f 9114/43/4 9100/43/4 9122/43/4
f 9121/47/4 9114/47/4 9122/47/4
f 9121/43/4 9122/43/4 9123/43/4
f 9122/43/4 9100/43/4 9123/43/4
f 9123/43/4 9100/43/4 9124/43/4
f 9121/43/4 9123/43/4 9125/43/4
f 9123/47/4 9124/47/4 9126/47/4
f 9125/43/4 9123/43/4 9126/43/4
f 9119/21/4 9120/21/4 9127/21/4
f 9127/21/4 9120/21/4 9128/21/4
f 9126/47/4 9124/47/4 9129/47/4
f 9129/47/4 9124/47/4 9130/47/4
f 9129/43/4 9130/43/4 9134/43/4
f 9133/43/4 9134/43/4 9135/43/4
f 9134/43/4 9130/43/4 9136/43/4
f 9135/43/4 9134/43/4 9136/43/4
f 9136/43/4 9130/43/4 9137/43/4
f 9131/47/4 9132/47/4 9139/47/4
f 9139/47/4 9132/47/4 9140/47/4
f 9136/1/4 9137/1/4 9142/1/4
f 9137/23/4 9138/23/4 9143/23/4
f 9142/1/4 9137/1/4 9143/1/4
f 9143/23/4 9138/23/4 9144/23/4
f 9141/43/4 9142/43/4 9145/43/4
f 9142/43/4 9143/43/4 9145/43/4
f 9145/43/4 9143/43/4 9146/43/4
f 9145/47/4 9146/47/4 9147/47/4
f 9146/43/4 9143/43/4 9148/43/4
f 9147/47/4 9146/47/4 9148/47/4
f 9147/43/4 9148/43/4 9149/43/4
f 9148/43/4 9143/43/4 9149/43/4
f 9149/43/4 9143/43/4 9150/43/4
f 9147/43/4 9149/43/4 9153/43/4
f 9149/47/4 9150/47/4 9154/47/4
f 9153/43/4 9149/43/4 9154/43/4
f 9154/47/4 9150/47/4 9155/47/4
f 9153/47/4 9154/47/4 9156/47/4
f 9154/43/4 9155/43/4 9157/43/4
f 9156/47/4 9154/47/4 9157/47/4
f 9151/21/4 9152/21/4 9158/21/4
f 9158/21/4 9152/21/4 9159/21/4
f 9156/43/4 9157/43/4 9160/43/4
f 9157/43/4 9155/43/4 9161/43/4
f 9160/43/4 9157/43/4 9161/43/4
f 9161/43/4 9155/43/4 9162/43/4
f 9161/43/4 9162/43/4 9167/43/4
f 9162/43/4 9163/43/4 9167/43/4
f 9163/47/4 9164/47/4 9168/47/4
f 9167/43/4 9163/43/4 9168/43/4
f 9164/43/4 9165/43/4 9169/43/4
f 9168/47/4 9164/47/4 9169/47/4
f 9169/43/4 9165/43/4 9170/43/4
f 9167/43/4 9168/43/4 9171/43/4
f 9166/43/4 9167/43/4 9171/43/4
f 9168/43/4 9169/43/4 9171/43/4
f 9169/47/4 9170/47/4 9172/47/4
f 9171/43/4 9169/43/4 9172/43/4
f 9170/43/4 9165/43/4 9173/43/4
f 9172/47/4 9170/47/4 9173/47/4
f 9173/43/4 9165/43/4 9174/43/4
f 9174/43/4 9165/43/4 9175/43/4
f 9174/47/4 9175/47/4 9176/47/4
f 9173/43/4 9174/43/4 9176/43/4
f 9176/47/4 9175/47/4 9177/47/4
f 9176/43/4 9177/43/4 9180/43/4
f 9173/43/4 9176/43/4 9180/43/4
f 9180/43/4 9177/43/4 9181/43/4
f 9178/19/4 9179/19/4 9184/19/4
f 9184/19/4 9179/19/4 9185/19/4
f 9181/43/4 9177/43/4 9186/43/4
f 9186/43/4 9177/43/4 9187/43/4
f 9182/1/4 9183/1/4 9189/1/4
f 9183/48/4 9184/48/4 9190/48/4
f 9189/1/4 9183/1/4 9190/1/4
f 9190/48/4 9184/48/4 9191/48/4
f 9186/47/4 9187/47/4 9193/47/4
f 9188/19/4 9189/19/4 9194/19/4
f 9189/1/4 9190/1/4 9195/1/4
f 9194/19/4 9189/19/4 9195/19/4
f 9190/19/4 9191/19/4 9196/19/4
f 9195/1/4 9190/1/4 9196/1/4
f 9196/19/4 9191/19/4 9197/19/4
f 9192/43/4 9193/43/4 9198/43/4
f 9193/47/4 9187/47/4 9199/47/4
f 9198/43/4 9193/43/4 9199/43/4
f 9199/47/4 9187/47/4 9200/47/4
f 9188/19/4 9194/19/4 9201/19/4
f 9201/19/4 9194/19/4 9202/19/4
f 9195/45/4 9196/45/4 9203/45/4
f 9196/48/4 9197/48/4 9204/48/4
f 9203/45/4 9196/45/4 9204/45/4
f 9204/48/4 9197/48/4 9205/48/4
f 9198/47/4 9199/47/4 9207/47/4
f 9199/43/4 9200/43/4 9208/43/4
f 9207/47/4 9199/47/4 9208/47/4
f 9202/19/4 9203/19/4 9209/19/4
f 9201/45/4 9202/45/4 9209/45/4
f 9209/19/4 9203/19/4 9210/19/4
f 9205/19/4 9206/19/4 9211/19/4
f 9211/19/4 9206/19/4 9212/19/4
f 9209/45/4 9210/45/4 9213/45/4
f 9201/45/4 9209/45/4 9213/45/4
f 9213/45/4 9210/45/4 9214/45/4
f 9208/43/4 9200/43/4 9215/43/4
f 9207/43/4 9208/43/4 9215/43/4
f 9215/43/4 9200/43/4 9216/43/4
f 9214/45/4 9210/45/4 9218/45/4
f 9218/45/4 9210/45/4 9219/45/4
f 9207/43/4 9215/43/4 9220/43/4
f 9215/47/4 9216/47/4 9221/47/4
f 9220/43/4 9215/43/4 9221/43/4
f 9221/47/4 9216/47/4 9222/47/4
f 9217/45/4 9218/45/4 9223/45/4
f 9223/45/4 9218/45/4 9224/45/4
f 9220/47/4 9221/47/4 9225/47/4
f 9221/43/4 9222/43/4 9226/43/4
f 9225/47/4 9221/47/4 9226/47/4
f 9225/43/4 9226/43/4 9227/43/4
f 9226/43/4 9222/43/4 9228/43/4
f 9227/43/4 9226/43/4 9228/43/4
f 9228/43/4 9222/43/4 9229/43/4
f 9228/47/4 9229/47/4 9231/47/4
f 9230/47/4 9231/47/4 9232/47/4
f 9231/47/4 9229/47/4 9233/47/4
f 9232/47/4 9231/47/4 9233/47/4
f 9232/43/4 9233/43/4 9236/43/4
f 9236/43/4 9233/43/4 9237/43/4
f 9237/43/4 9233/43/4 9238/43/4
f 9234/23/4 9235/23/4 9240/23/4
f 9240/23/4 9235/23/4 9241/23/4
f 9237/1/4 9238/1/4 9243/1/4
f 9238/23/4 9239/23/4 9244/23/4
f 9243/1/4 9238/1/4 9244/1/4
f 9244/23/4 9239/23/4 9245/23/4
f 9242/43/4 9243/43/4 9246/43/4
f 9243/43/4 9244/43/4 9246/43/4
f 9246/43/4 9244/43/4 9247/43/4
f 9242/43/4 9246/43/4 9248/43/4
f 9246/47/4 9247/47/4 9249/47/4
f 9248/43/4 9246/43/4 9249/43/4
f 9249/47/4 9247/47/4 9250/47/4
f 9248/47/4 9249/47/4 9251/47/4
f 9249/43/4 9250/43/4 9252/43/4
f 9251/47/4 9249/47/4 9252/47/4
f 9251/43/4 9252/43/4 9253/43/4
f 9252/43/4 9250/43/4 9254/43/4
f 9253/43/4 9252/43/4 9254/43/4
f 9254/43/4 9250/43/4 9256/43/4
f 9256/43/4 9250/43/4 9257/43/4
f 9255/47/4 9256/47/4 9258/47/4
f 9256/47/4 9257/47/4 9258/47/4
f 9258/47/4 9257/47/4 9259/47/4
f 9260/1/4 9261/1/4 9262/1/4
f 9262/1/4 9261/1/4 9263/1/4
f 9264/23/4 9265/23/4 9266/23/4
f 9266/23/4 9265/23/4 9267/23/4
f 9268/46/4 9269/46/4 9271/46/4
f 9269/46/4 9270/46/4 9271/46/4
f 9271/46/4 9270/46/4 9272/46/4
f 9272/46/4 9270/46/4 9273/46/4
f 9273/46/4 9270/46/4 9274/46/4
f 9272/46/4 9273/46/4 9275/46/4
f 9275/46/4 9273/46/4 9276/46/4
f 9273/28/4 9274/28/4 9277/28/4
f 9276/46/4 9273/46/4 9277/46/4
f 9274/46/4 9270/46/4 9278/46/4
f 9277/28/4 9274/28/4 9278/28/4
f 9278/46/4 9270/46/4 9279/46/4
f 9279/46/4 9270/46/4 9280/46/4
f 9280/46/4 9270/46/4 9281/46/4
f 9276/46/4 9277/46/4 9283/46/4
f 9277/46/4 9278/46/4 9283/46/4
f 9278/28/4 9279/28/4 9284/28/4
f 9283/46/4 9278/46/4 9284/46/4
f 9279/46/4 9280/46/4 9285/46/4
f 9284/28/4 9279/28/4 9285/28/4
f 9285/46/4 9280/46/4 9286/46/4
f 9286/46/4 9280/46/4 9287/46/4
f 9280/28/4 9281/28/4 9288/28/4
f 9287/46/4 9280/46/4 9288/46/4
f 9281/46/4 9270/46/4 9289/46/4
f 9288/28/4 9281/28/4 9289/28/4
f 9283/46/4 9284/46/4 9290/46/4
f 9282/46/4 9283/46/4 9290/46/4
f 9284/46/4 9285/46/4 9290/46/4
f 9285/28/4 9286/28/4 9290/28/4
f 9286/46/4 9287/46/4 9291/46/4
f 9290/28/4 9286/28/4 9291/28/4
f 9291/46/4 9287/46/4 9292/46/4
f 9287/28/4 9288/28/4 9293/28/4
f 9292/46/4 9287/46/4 9293/46/4
f 9288/46/4 9289/46/4 9294/46/4
f 9293/28/4 9288/28/4 9294/28/4
f 9282/46/4 9290/46/4 9295/46/4
f 9290/46/4 9291/46/4 9295/46/4
f 9295/46/4 9291/46/4 9296/46/4
f 9291/28/4 9292/28/4 9297/28/4
f 9296/46/4 9291/46/4 9297/46/4
f 9292/46/4 9293/46/4 9298/46/4
f 9297/28/4 9292/28/4 9298/28/4
f 9293/46/4 9294/46/4 9298/46/4
f 9294/46/4 9289/46/4 9299/46/4
f 9298/46/4 9294/46/4 9299/46/4
f 9289/46/4 9270/46/4 9299/46/4
f 9297/46/4 9298/46/4 9300/46/4
f 9296/46/4 9297/46/4 9300/46/4
f 9300/46/4 9298/46/4 9301/46/4
f 9301/46/4 9298/46/4 9302/46/4
f 9298/28/4 9299/28/4 9303/28/4
f 9302/46/4 9298/46/4 9303/46/4
f 9299/46/4 9270/46/4 9304/46/4
f 9303/28/4 9299/28/4 9304/28/4
f 9301/46/4 9302/46/4 9305/46/4
f 9302/28/4 9303/28/4 9306/28/4
f 9305/46/4 9302/46/4 9306/46/4
f 9303/46/4 9304/46/4 9307/46/4
f 9306/28/4 9303/28/4 9307/28/4
f 9307/46/4 9304/46/4 9308/46/4
f 9308/46/4 9304/46/4 9309/46/4
f 9305/28/4 9306/28/4 9310/28/4
f 9306/46/4 9307/46/4 9311/46/4
f 9310/28/4 9306/28/4 9311/28/4
f 9307/46/4 9308/46/4 9311/46/4
f 9308/28/4 9309/28/4 9312/28/4
f 9311/46/4 9308/46/4 9312/46/4
f 9312/28/4 9309/28/4 9313/28/4
f 9309/46/4 9304/46/4 9314/46/4
f 9313/28/4 9309/28/4 9314/28/4
f 9304/46/4 9270/46/4 9315/46/4
f 9314/46/4 9304/46/4 9315/46/4
f 9312/46/4 9313/46/4 9316/46/4
f 9310/46/4 9311/46/4 9316/46/4
f 9311/46/4 9312/46/4 9316/46/4
f 9313/28/4 9314/28/4 9317/28/4
f 9316/46/4 9313/46/4 9317/46/4
f 9314/28/4 9315/28/4 9317/28/4
f 9315/46/4 9270/46/4 9318/46/4
f 9317/28/4 9315/28/4 9318/28/4
f 9316/46/4 9317/46/4 9320/46/4
f 9317/46/4 9318/46/4 9320/46/4
f 9319/46/4 9320/46/4 9321/46/4
f 9318/46/4 9270/46/4 9322/46/4
f 9321/46/4 9320/46/4 9322/46/4
f 9320/46/4 9318/46/4 9322/46/4
f 9323/46/4 9324/46/4 9325/46/4
f 9325/46/4 9324/46/4 9326/46/4
f 9323/46/4 9325/46/4 9327/46/4
f 9327/46/4 9325/46/4 9328/46/4
f 9328/46/4 9325/46/4 9329/46/4
f 9325/28/4 9326/28/4 9330/28/4
f 9329/46/4 9325/46/4 9330/46/4
f 9326/46/4 9324/46/4 9331/46/4
f 9330/28/4 9326/28/4 9331/28/4
f 9328/46/4 9329/46/4 9332/46/4
f 9332/46/4 9329/46/4 9333/46/4
f 9333/46/4 9329/46/4 9334/46/4
f 9334/46/4 9329/46/4 9335/46/4
f 9329/28/4 9330/28/4 9336/28/4
f 9330/46/4 9331/46/4 9337/46/4
f 9336/28/4 9330/28/4 9337/28/4
f 9333/46/4 9334/46/4 9339/46/4
f 9334/28/4 9335/28/4 9340/28/4
f 9335/46/4 9329/46/4 9341/46/4
f 9340/28/4 9335/28/4 9341/28/4
f 9329/28/4 9336/28/4 9342/28/4
f 9341/46/4 9329/46/4 9342/46/4
f 9338/46/4 9339/46/4 9344/46/4
f 9340/46/4 9341/46/4 9345/46/4
f 9341/28/4 9342/28/4 9345/28/4
f 9342/28/4 9336/28/4 9346/28/4
f 9345/28/4 9342/28/4 9346/28/4
f 9336/46/4 9337/46/4 9347/46/4
f 9346/28/4 9336/28/4 9347/28/4
f 9331/46/4 9324/46/4 9348/46/4
f 9347/46/4 9337/46/4 9348/46/4
f 9337/46/4 9331/46/4 9348/46/4
f 9346/28/4 9347/28/4 9349/28/4
f 9347/28/4 9348/28/4 9349/28/4
f 9348/46/4 9324/46/4 9350/46/4
f 9349/28/4 9348/28/4 9350/28/4
f 9345/46/4 9346/46/4 9351/46/4
f 9340/46/4 9345/46/4 9351/46/4
f 9351/46/4 9346/46/4 9352/46/4
f 9343/46/4 9344/46/4 9353/46/4
f 9344/46/4 9339/46/4 9354/46/4
f 9353/46/4 9344/46/4 9354/46/4
f 9340/46/4 9351/46/4 9355/46/4
f 9351/28/4 9352/28/4 9355/28/4
f 9352/46/4 9346/46/4 9356/46/4
f 9355/28/4 9352/28/4 9356/28/4
f 9334/28/4 9340/28/4 9357/28/4
f 9339/46/4 9334/46/4 9357/46/4
f 9354/46/4 9339/46/4 9357/46/4
f 9340/46/4 9355/46/4 9358/46/4
f 9357/28/4 9340/28/4 9358/28/4
f 9355/46/4 9356/46/4 9358/46/4
f 9358/46/4 9356/46/4 9359/46/4
f 9356/46/4 9346/46/4 9360/46/4
f 9359/46/4 9356/46/4 9360/46/4
f 9346/28/4 9349/28/4 9360/28/4
f 9349/46/4 9350/46/4 9361/46/4
f 9360/28/4 9349/28/4 9361/28/4
f 9361/46/4 9350/46/4 9362/46/4
f 9357/46/4 9358/46/4 9364/46/4
f 9354/46/4 9357/46/4 9364/46/4
f 9358/28/4 9359/28/4 9365/28/4
f 9364/46/4 9358/46/4 9365/46/4
f 9359/46/4 9360/46/4 9366/46/4
f 9365/28/4 9359/28/4 9366/28/4
f 9360/46/4 9361/46/4 9366/46/4
f 9361/28/4 9362/28/4 9367/28/4
f 9366/46/4 9361/46/4 9367/46/4
f 9362/46/4 9350/46/4 9368/46/4
f 9367/28/4 9362/28/4 9368/28/4
f 9363/46/4 9364/46/4 9369/46/4
f 9366/46/4 9367/46/4 9369/46/4
f 9367/46/4 9368/46/4 9369/46/4
f 9365/46/4 9366/46/4 9369/46/4
f 9364/46/4 9365/46/4 9369/46/4
f 9368/46/4 9350/46/4 9370/46/4
f 9369/46/4 9368/46/4 9370/46/4
f 9350/46/4 9324/46/4 9370/46/4
f 9371/46/4 9372/46/4 9373/46/4
f 9373/46/4 9372/46/4 9374/46/4
f 9374/46/4 9372/46/4 9375/46/4
f 9375/46/4 9372/46/4 9376/46/4
f 9376/46/4 9372/46/4 9377/46/4
f 9377/46/4 9372/46/4 9378/46/4
f 9374/46/4 9375/46/4 9380/46/4
f 9380/46/4 9375/46/4 9381/46/4
f 9381/46/4 9375/46/4 9382/46/4
f 9378/46/4 9372/46/4 9383/46/4
f 9383/46/4 9372/46/4 9384/46/4
f 9379/46/4 9380/46/4 9385/46/4
f 9380/46/4 9381/46/4 9385/46/4
f 9385/46/4 9381/46/4 9386/46/4
f 9381/28/4 9382/28/4 9387/28/4
f 9386/46/4 9381/46/4 9387/46/4
f 9382/46/4 9375/46/4 9388/46/4
f 9387/28/4 9382/28/4 9388/28/4
f 9388/46/4 9375/46/4 9389/46/4
f 9386/46/4 9387/46/4 9391/46/4
f 9387/46/4 9388/46/4 9391/46/4
f 9377/28/4 9378/28/4 9392/28/4
f 9378/46/4 9383/46/4 9392/46/4
f 9383/28/4 9384/28/4 9393/28/4
f 9392/46/4 9383/46/4 9393/46/4
f 9388/28/4 9389/28/4 9394/28/4
f 9390/46/4 9391/46/4 9394/46/4
f 9391/46/4 9388/46/4 9394/46/4
f 9389/46/4 9375/46/4 9395/46/4
f 9394/28/4 9389/28/4 9395/28/4
f 9375/28/4 9376/28/4 9396/28/4
f 9395/46/4 9375/46/4 9396/46/4
f 9392/28/4 9393/28/4 9397/28/4
f 9377/28/4 9392/28/4 9397/28/4
f 9393/28/4 9384/28/4 9398/28/4
f 9397/28/4 9393/28/4 9398/28/4
f 9394/46/4 9395/46/4 9400/46/4
f 9390/46/4 9394/46/4 9400/46/4
f 9395/28/4 9396/28/4 9401/28/4
f 9400/46/4 9395/46/4 9401/46/4
f 9396/28/4 9376/28/4 9402/28/4
f 9401/28/4 9396/28/4 9402/28/4
f 9376/46/4 9377/46/4 9403/46/4
f 9402/28/4 9376/28/4 9403/28/4
f 9377/28/4 9397/28/4 9404/28/4
f 9403/46/4 9377/46/4 9404/46/4
f 9398/28/4 9384/28/4 9405/28/4
f 9384/46/4 9372/46/4 9405/46/4
f 9405/46/4 9372/46/4 9406/46/4
f 9400/46/4 9401/46/4 9407/46/4
f 9401/46/4 9402/46/4 9407/46/4
f 9399/46/4 9400/46/4 9407/46/4
f 9402/28/4 9403/28/4 9408/28/4
f 9407/46/4 9402/46/4 9408/46/4
f 9403/28/4 9404/28/4 9408/28/4
f 9408/28/4 9404/28/4 9409/28/4
f 9404/28/4 9397/28/4 9410/28/4
f 9409/28/4 9404/28/4 9410/28/4
f 9405/28/4 9406/28/4 9411/28/4
f 9398/28/4 9405/28/4 9411/28/4
f 9411/28/4 9406/28/4 9412/28/4
f 9399/46/4 9407/46/4 9415/46/4
f 9415/46/4 9407/46/4 9416/46/4
f 9416/46/4 9407/46/4 9417/46/4
f 9407/28/4 9408/28/4 9418/28/4
f 9417/46/4 9407/46/4 9418/46/4
f 9408/28/4 9409/28/4 9418/28/4
f 9418/28/4 9409/28/4 9419/28/4
f 9410/28/4 9397/28/4 9420/28/4
f 9397/46/4 9398/46/4 9420/46/4
f 9398/28/4 9411/28/4 9421/28/4
f 9420/46/4 9398/46/4 9421/46/4
f 9416/46/4 9417/46/4 9423/46/4
f 9410/28/4 9420/28/4 9424/28/4
f 9420/28/4 9421/28/4 9424/28/4
f 9421/28/4 9411/28/4 9425/28/4
f 9424/28/4 9421/28/4 9425/28/4
f 9422/46/4 9423/46/4 9427/46/4
f 9423/46/4 9417/46/4 9428/46/4
f 9427/46/4 9423/46/4 9428/46/4
f 9417/28/4 9418/28/4 9429/28/4
f 9428/46/4 9417/46/4 9429/46/4
f 9418/46/4 9419/46/4 9430/46/4
f 9429/28/4 9418/28/4 9430/28/4
f 9426/46/4 9427/46/4 9431/46/4
f 9428/28/4 9429/28/4 9431/28/4
f 9427/46/4 9428/46/4 9431/46/4
f 9429/46/4 9430/46/4 9432/46/4
f 9431/28/4 9429/28/4 9432/28/4
f 9425/28/4 9411/28/4 9433/28/4
f 9424/46/4 9425/46/4 9433/46/4
f 9411/46/4 9412/46/4 9434/46/4
f 9433/28/4 9411/28/4 9434/28/4
f 9413/14/4 9414/14/4 9435/14/4
f 9435/14/4 9414/14/4 9436/14/4
f 9426/46/4 9431/46/4 9437/46/4
f 9431/46/4 9432/46/4 9437/46/4
f 9437/46/4 9432/46/4 9438/46/4
f 9432/46/4 9430/46/4 9439/46/4
f 9438/46/4 9432/46/4 9439/46/4
f 9430/46/4 9419/46/4 9439/46/4
f 9419/28/4 9409/28/4 9439/28/4
f 9409/46/4 9410/46/4 9440/46/4
f 9439/28/4 9409/28/4 9440/28/4
f 9410/28/4 9424/28/4 9441/28/4
f 9440/46/4 9410/46/4 9441/46/4
f 9424/46/4 9433/46/4 9442/46/4
f 9441/28/4 9424/28/4 9442/28/4
f 9433/46/4 9434/46/4 9442/46/4
f 9440/46/4 9441/46/4 9444/46/4
f 9441/46/4 9442/46/4 9444/46/4
f 9439/46/4 9440/46/4 9444/46/4
f 9438/46/4 9439/46/4 9444/46/4
f 9443/46/4 9444/46/4 9445/46/4
f 9442/46/4 9434/46/4 9446/46/4
f 9445/46/4 9444/46/4 9446/46/4
f 9434/46/4 9412/46/4 9446/46/4
f 9444/46/4 9442/46/4 9446/46/4
f 9447/46/4 9448/46/4 9449/46/4
f 9449/46/4 9448/46/4 9450/46/4
f 9450/46/4 9448/46/4 9451/46/4
f 9451/46/4 9448/46/4 9452/46/4
f 9452/46/4 9448/46/4 9453/46/4
f 9450/35/4 9451/35/4 9455/35/4
f 9451/46/4 9452/46/4 9456/46/4
f 9455/35/4 9451/35/4 9456/35/4
f 9456/46/4 9452/46/4 9457/46/4
f 9454/46/4 9455/46/4 9458/46/4
f 9455/46/4 9456/46/4 9458/46/4
f 9458/46/4 9456/46/4 9459/46/4
f 9456/35/4 9457/35/4 9460/35/4
f 9459/46/4 9456/46/4 9460/46/4
f 9457/46/4 9452/46/4 9461/46/4
f 9460/35/4 9457/35/4 9461/35/4
f 9461/46/4 9452/46/4 9462/46/4
f 9459/46/4 9460/46/4 9463/46/4
f 9460/46/4 9461/46/4 9463/46/4
f 9463/46/4 9461/46/4 9464/46/4
f 9461/35/4 9462/35/4 9465/35/4
f 9464/46/4 9461/46/4 9465/46/4
f 9462/46/4 9452/46/4 9466/46/4
f 9465/35/4 9462/35/4 9466/35/4
f 9466/46/4 9452/46/4 9467/46/4
f 9453/46/4 9448/46/4 9468/46/4
f 9452/35/4 9453/35/4 9468/35/4
f 9468/46/4 9448/46/4 9469/46/4
f 9464/46/4 9465/46/4 9471/46/4
f 9465/46/4 9466/46/4 9471/46/4
f 9471/46/4 9466/46/4 9472/46/4
f 9466/35/4 9467/35/4 9473/35/4
f 9472/46/4 9466/46/4 9473/46/4
f 9467/46/4 9452/46/4 9474/46/4
f 9473/35/4 9467/35/4 9474/35/4
f 9468/35/4 9469/35/4 9475/35/4
f 9474/46/4 9452/46/4 9475/46/4
f 9452/35/4 9468/35/4 9475/35/4
f 9475/35/4 9469/35/4 9476/35/4
f 9469/46/4 9448/46/4 9477/46/4
f 9476/35/4 9469/35/4 9477/35/4
f 9471/46/4 9472/46/4 9478/46/4
f 9470/46/4 9471/46/4 9478/46/4
f 9472/35/4 9473/35/4 9479/35/4
f 9478/46/4 9472/46/4 9479/46/4
f 9473/35/4 9474/35/4 9479/35/4
f 9474/35/4 9475/35/4 9479/35/4
f 9475/35/4 9476/35/4 9479/35/4
f 9479/35/4 9476/35/4 9480/35/4
f 9470/46/4 9478/46/4 9481/46/4
f 9478/35/4 9479/35/4 9481/35/4
f 9479/46/4 9480/46/4 9482/46/4
f 9481/35/4 9479/35/4 9482/35/4
f 9470/46/4 9481/46/4 9483/46/4
f 9481/46/4 9482/46/4 9483/46/4
f 9483/46/4 9482/46/4 9484/46/4
f 9484/46/4 9482/46/4 9485/46/4
f 9482/46/4 9480/46/4 9486/46/4
f 9485/46/4 9482/46/4 9486/46/4
f 9484/46/4 9485/46/4 9487/46/4
f 9485/35/4 9486/35/4 9487/35/4
f 9486/46/4 9480/46/4 9488/46/4
f 9487/35/4 9486/35/4 9488/35/4
f 9484/46/4 9487/46/4 9490/46/4
f 9487/46/4 9488/46/4 9490/46/4
f 9490/46/4 9488/46/4 9491/46/4
f 9491/46/4 9488/46/4 9492/46/4
f 9489/46/4 9490/46/4 9493/46/4
f 9490/46/4 9491/46/4 9493/46/4
f 9491/35/4 9492/35/4 9493/35/4
f 9492/46/4 9488/46/4 9494/46/4
f 9493/35/4 9492/35/4 9494/35/4
f 9480/35/4 9476/35/4 9495/35/4
f 9494/46/4 9488/46/4 9495/46/4
f 9488/46/4 9480/46/4 9495/46/4
f 9476/46/4 9477/46/4 9496/46/4
f 9495/35/4 9476/35/4 9496/35/4
f 9493/46/4 9494/46/4 9497/46/4
f 9494/46/4 9495/46/4 9497/46/4
f 9495/46/4 9496/46/4 9497/46/4
f 9489/46/4 9493/46/4 9497/46/4
f 9496/46/4 9477/46/4 9498/46/4
f 9497/46/4 9496/46/4 9498/46/4
f 9477/46/4 9448/46/4 9498/46/4
f 9499/14/4 9500/14/4 9501/14/4
f 9501/14/4 9500/14/4 9502/14/4
f 9503/45/4 9504/45/4 9507/45/4
f 9505/1/4 9506/1/4 9509/1/4
f 9509/1/4 9506/1/4 9510/1/4
f 9507/45/4 9508/45/4 9511/45/4
f 9503/45/4 9507/45/4 9511/45/4
f 9511/45/4 9508/45/4 9512/45/4
f 9503/45/4 9511/45/4 9513/45/4
f 9511/37/4 9512/37/4 9513/37/4
f 9513/37/4 9512/37/4 9514/37/4
f 9503/45/4 9513/45/4 9515/45/4
f 9515/45/4 9513/45/4 9516/45/4
f 9517/2/4 9518/2/4 9519/2/4
f 9519/2/4 9518/2/4 9520/2/4
f 9521/2/4 9522/2/4 9523/2/4
f 9523/2/4 9522/2/4 9524/2/4
f 9528/2/4 9529/2/4 9530/2/4
f 9530/2/4 9529/2/4 9531/2/4
f 9525/1/4 9526/1/4 9532/1/4
f 9526/15/4 9527/15/4 9533/15/4
f 9532/1/4 9526/1/4 9533/1/4
f 9532/14/4 9533/14/4 9534/14/4
f 9533/15/4 9527/15/4 9535/15/4
f 9534/14/4 9533/14/4 9535/14/4
f 9535/15/4 9527/15/4 9536/15/4
f 9537/38/4 9538/38/4 9539/38/4
f 9539/38/4 9538/38/4 9540/38/4
f 9541/1/4 9542/1/4 9544/1/4
f 9542/15/4 9543/15/4 9545/15/4
f 9544/1/4 9542/1/4 9545/1/4
f 9545/15/4 9543/15/4 9546/15/4
f 9547/48/4 9548/48/4 9551/48/4
f 9549/10/4 9550/10/4 9552/10/4
f 9552/10/4 9550/10/4 9553/10/4
f 9547/48/4 9551/48/4 9554/48/4
f 9554/48/4 9551/48/4 9555/48/4
f 9556/14/4 9557/14/4 9559/14/4
f 9557/23/4 9558/23/4 9560/23/4
f 9559/14/4 9557/14/4 9560/14/4
f 9561/37/4 9562/37/4 9563/37/4
f 9563/37/4 9562/37/4 9564/37/4
f 9559/1/4 9560/1/4 9565/1/4
f 9560/23/4 9558/23/4 9566/23/4
f 9565/1/4 9560/1/4 9566/1/4
f 9566/23/4 9558/23/4 9567/23/4
f 9568/10/4 9569/10/4 9572/10/4
f 9572/10/4 9569/10/4 9573/10/4
f 9570/48/4 9571/48/4 9576/48/4
f 9576/48/4 9571/48/4 9577/48/4
f 9573/10/4 9574/10/4 9579/10/4
f 9572/1/4 9573/1/4 9579/1/4
f 9579/10/4 9574/10/4 9580/10/4
f 9576/1/4 9577/1/4 9581/1/4
f 9575/1/4 9576/1/4 9581/1/4
f 9577/48/4 9578/48/4 9582/48/4
f 9581/1/4 9577/1/4 9582/1/4
f 9582/48/4 9578/48/4 9583/48/4
f 9581/1/4 9582/1/4 9584/1/4
f 9582/1/4 9583/1/4 9584/1/4
f 9584/1/4 9583/1/4 9585/1/4
f 9579/1/4 9580/1/4 9586/1/4
f 9572/1/4 9579/1/4 9586/1/4
f 9580/44/4 9581/44/4 9587/44/4
f 9586/1/4 9580/1/4 9587/1/4
f 9581/1/4 9584/1/4 9588/1/4
f 9587/44/4 9581/44/4 9588/44/4
f 9584/48/4 9585/48/4 9589/48/4
f 9588/1/4 9584/1/4 9589/1/4
f 9589/48/4 9585/48/4 9590/48/4
f 9572/1/4 9586/1/4 9591/1/4
f 9586/10/4 9587/10/4 9592/10/4
f 9591/1/4 9586/1/4 9592/1/4
f 9588/48/4 9589/48/4 9593/48/4
f 9593/48/4 9589/48/4 9594/48/4
f 9591/10/4 9592/10/4 9595/10/4
f 9592/10/4 9587/10/4 9596/10/4
f 9595/10/4 9592/10/4 9596/10/4
f 9588/48/4 9593/48/4 9597/48/4
f 9597/48/4 9593/48/4 9598/48/4
f 9599/36/4 9600/36/4 9601/36/4
f 9601/36/4 9600/36/4 9602/36/4
f 9602/36/4 9603/36/4 9605/36/4
f 9605/36/4 9603/36/4 9606/36/4
f 9604/36/4 9605/36/4 9607/36/4
f 9607/36/4 9605/36/4 9608/36/4
f 9609/36/4 9610/36/4 9611/36/4
f 9611/36/4 9610/36/4 9612/36/4
f 9612/36/4 9613/36/4 9615/36/4
f 9615/36/4 9613/36/4 9616/36/4
f 9614/36/4 9615/36/4 9617/36/4
f 9617/36/4 9615/36/4 9618/36/4
f 9619/36/4 9620/36/4 9621/36/4
f 9621/36/4 9620/36/4 9622/36/4
f 9622/36/4 9623/36/4 9625/36/4
f 9625/36/4 9623/36/4 9626/36/4
f 9624/36/4 9625/36/4 9627/36/4
f 9627/36/4 9625/36/4 9628/36/4
f 9629/1/4 9630/1/4 9632/1/4
f 9632/1/4 9630/1/4 9633/1/4
f 9630/15/4 9631/15/4 9634/15/4
f 9633/1/4 9630/1/4 9634/1/4
f 9634/15/4 9631/15/4 9635/15/4
f 9636/1/4 9637/1/4 9639/1/4
f 9637/15/4 9638/15/4 9640/15/4
f 9639/1/4 9637/1/4 9640/1/4
f 9640/15/4 9638/15/4 9641/15/4
f 9642/38/4 9643/38/4 9645/38/4
f 9644/37/4 9645/37/4 9646/37/4
f 9645/38/4 9643/38/4 9647/38/4
f 9646/37/4 9645/37/4 9647/37/4
f 9647/38/4 9643/38/4 9648/38/4
f 9648/38/4 9643/38/4 9649/38/4
f 9650/35/4 9651/35/4 9652/35/4
f 9652/35/4 9651/35/4 9653/35/4
f 9654/35/4 9655/35/4 9656/35/4
f 9656/35/4 9655/35/4 9657/35/4
f 9658/41/4 9659/41/4 9660/41/4
f 9660/41/4 9659/41/4 9661/41/4
f 9662/41/4 9663/41/4 9664/41/4
f 9664/41/4 9663/41/4 9665/41/4
f 9666/35/4 9667/35/4 9668/35/4
f 9668/35/4 9667/35/4 9669/35/4
f 9670/37/4 9671/37/4 9674/37/4
f 9674/37/4 9671/37/4 9675/37/4
f 9672/36/4 9673/36/4 9676/36/4
f 9676/36/4 9673/36/4 9677/36/4
f 9674/1/4 9675/1/4 9678/1/4
f 9678/1/4 9675/1/4 9679/1/4
f 9679/38/4 9680/38/4 9681/38/4
f 9681/38/4 9680/38/4 9682/38/4
f 9683/35/4 9684/35/4 9685/35/4
f 9685/35/4 9684/35/4 9686/35/4
f 9689/36/4 9690/36/4 9691/36/4
f 9691/36/4 9690/36/4 9692/36/4
f 9687/35/4 9688/35/4 9694/35/4
f 9694/35/4 9688/35/4 9695/35/4
f 9693/1/4 9694/1/4 9695/1/4
f 9695/35/4 9688/35/4 9696/35/4
f 9693/1/4 9695/1/4 9697/1/4
f 9697/1/4 9695/1/4 9698/1/4
f 9697/35/4 9698/35/4 9699/35/4
f 9699/35/4 9698/35/4 9700/35/4
f 9701/35/4 9702/35/4 9703/35/4
f 9703/35/4 9702/35/4 9704/35/4
f 9705/41/4 9706/41/4 9708/41/4
f 9708/41/4 9706/41/4 9709/41/4
f 9710/36/4 9711/36/4 9712/36/4
f 9712/36/4 9711/36/4 9713/36/4
f 9707/1/4 9708/1/4 9716/1/4
f 9708/1/4 9709/1/4 9716/1/4
f 9716/1/4 9709/1/4 9717/1/4
f 9717/1/4 9709/1/4 9718/1/4
f 9714/39/4 9715/39/4 9720/39/4
f 9720/39/4 9715/39/4 9721/39/4
f 9717/41/4 9718/41/4 9723/41/4
f 9723/41/4 9718/41/4 9724/41/4
f 9719/40/4 9720/40/4 9725/40/4
f 9725/40/4 9720/40/4 9726/40/4
f 9721/35/4 9722/35/4 9727/35/4
f 9727/35/4 9722/35/4 9728/35/4
f 9729/1/4 9730/1/4 9733/1/4
f 9733/1/4 9730/1/4 9734/1/4
f 9731/45/4 9732/45/4 9735/45/4
f 9735/45/4 9732/45/4 9736/45/4
f 9736/45/4 9737/45/4 9738/45/4
f 9738/45/4 9737/45/4 9739/45/4
f 9738/37/4 9739/37/4 9741/37/4
f 9741/37/4 9739/37/4 9742/37/4
f 9740/45/4 9741/45/4 9743/45/4
f 9743/45/4 9741/45/4 9744/45/4
f 9745/39/4 9746/39/4 9749/39/4
f 9746/42/4 9747/42/4 9750/42/4
f 9749/39/4 9746/39/4 9750/39/4
f 9747/39/4 9748/39/4 9751/39/4
f 9750/42/4 9747/42/4 9751/42/4
f 9751/39/4 9748/39/4 9752/39/4
f 9749/1/4 9750/1/4 9753/1/4
f 9750/1/4 9751/1/4 9753/1/4
f 9751/1/4 9752/1/4 9753/1/4
f 9753/1/4 9752/1/4 9754/1/4
f 9755/40/4 9756/40/4 9757/40/4
f 9757/40/4 9756/40/4 9758/40/4
f 9759/23/4 9760/23/4 9761/23/4
f 9761/23/4 9760/23/4 9762/23/4
f 9762/23/4 9760/23/4 9763/23/4
f 9763/23/4 9764/23/4 9765/23/4
f 9762/23/4 9763/23/4 9765/23/4
f 9765/23/4 9764/23/4 9766/23/4
f 9766/23/4 9764/23/4 9767/23/4
f 9767/23/4 9764/23/4 9768/23/4
f 9768/23/4 9764/23/4 9769/23/4
f 9769/23/4 9764/23/4 9771/23/4
f 9770/23/4 9771/23/4 9773/23/4
f 9771/23/4 9764/23/4 9774/23/4
f 9773/23/4 9771/23/4 9774/23/4
f 9774/23/4 9764/23/4 9775/23/4
f 9772/23/4 9773/23/4 9776/23/4
f 9773/23/4 9774/23/4 9776/23/4
f 9776/23/4 9774/23/4 9777/23/4
f 9778/23/4 9779/23/4 9780/23/4
f 9780/23/4 9779/23/4 9781/23/4
f 9782/23/4 9783/23/4 9784/23/4
f 9784/23/4 9783/23/4 9785/23/4
f 9786/23/4 9787/23/4 9788/23/4
f 9788/23/4 9787/23/4 9789/23/4
f 9790/23/4 9791/23/4 9792/23/4
f 9792/23/4 9791/23/4 9793/23/4
f 9794/23/4 9795/23/4 9798/23/4
f 9798/23/4 9795/23/4 9799/23/4
f 9796/23/4 9797/23/4 9800/23/4
f 9800/23/4 9797/23/4 9801/23/4
f 9802/23/4 9803/23/4 9804/23/4
f 9804/23/4 9803/23/4 9805/23/4
f 9806/16/4 9807/16/4 9809/16/4
f 9809/16/4 9807/16/4 9810/16/4
f 9806/16/4 9809/16/4 9811/16/4
f 9809/29/4 9810/29/4 9811/29/4
f 9810/16/4 9807/16/4 9812/16/4
f 9811/29/4 9810/29/4 9812/29/4
f 9812/16/4 9807/16/4 9813/16/4
f 9811/16/4 9812/16/4 9814/16/4
f 9812/29/4 9813/29/4 9814/29/4
f 9813/16/4 9807/16/4 9815/16/4
f 9814/29/4 9813/29/4 9815/29/4
f 9815/16/4 9807/16/4 9816/16/4
f 9814/16/4 9815/16/4 9817/16/4
f 9815/29/4 9816/29/4 9817/29/4
f 9816/16/4 9807/16/4 9818/16/4
f 9817/29/4 9816/29/4 9818/29/4
f 9817/16/4 9818/16/4 9819/16/4
f 9818/16/4 9807/16/4 9820/16/4
f 9819/16/4 9818/16/4 9820/16/4
f 9814/16/4 9817/16/4 9821/16/4
f 9817/16/4 9819/16/4 9821/16/4
f 9819/29/4 9820/29/4 9822/29/4
f 9821/16/4 9819/16/4 9822/16/4
f 9820/16/4 9807/16/4 9823/16/4
f 9822/29/4 9820/29/4 9823/29/4
f 9814/16/4 9821/16/4 9824/16/4
f 9821/29/4 9822/29/4 9825/29/4
f 9824/16/4 9821/16/4 9825/16/4
f 9822/16/4 9823/16/4 9826/16/4
f 9825/29/4 9822/29/4 9826/29/4
f 9823/16/4 9807/16/4 9827/16/4
f 9826/16/4 9823/16/4 9827/16/4
f 9827/16/4 9807/16/4 9828/16/4
f 9814/16/4 9824/16/4 9829/16/4
f 9824/29/4 9825/29/4 9830/29/4
f 9829/16/4 9824/16/4 9830/16/4
f 9825/16/4 9826/16/4 9831/16/4
f 9830/29/4 9825/29/4 9831/29/4
f 9826/16/4 9827/16/4 9831/16/4
f 9831/16/4 9827/16/4 9832/16/4
f 9827/29/4 9828/29/4 9833/29/4
f 9832/16/4 9827/16/4 9833/16/4
f 9828/16/4 9807/16/4 9834/16/4
f 9833/29/4 9828/29/4 9834/29/4
f 9834/16/4 9807/16/4 9835/16/4
f 9811/16/4 9814/16/4 9836/16/4
f 9814/16/4 9829/16/4 9836/16/4
f 9829/29/4 9830/29/4 9837/29/4
f 9836/16/4 9829/16/4 9837/16/4
f 9831/16/4 9832/16/4 9838/16/4
f 9837/29/4 9830/29/4 9838/29/4
f 9830/16/4 9831/16/4 9838/16/4
f 9832/29/4 9833/29/4 9839/29/4
f 9838/16/4 9832/16/4 9839/16/4
f 9833/16/4 9834/16/4 9840/16/4
f 9839/29/4 9833/29/4 9840/29/4
f 9834/29/4 9835/29/4 9841/29/4
f 9840/16/4 9834/16/4 9841/16/4
f 9835/16/4 9807/16/4 9842/16/4
f 9841/29/4 9835/29/4 9842/29/4
f 9811/16/4 9836/16/4 9843/16/4
f 9836/29/4 9837/29/4 9844/29/4
f 9843/16/4 9836/16/4 9844/16/4
f 9837/16/4 9838/16/4 9845/16/4
f 9844/29/4 9837/29/4 9845/29/4
f 9839/16/4 9840/16/4 9845/16/4
f 9838/16/4 9839/16/4 9845/16/4
f 9840/29/4 9841/29/4 9846/29/4
f 9845/16/4 9840/16/4 9846/16/4
f 9841/16/4 9842/16/4 9847/16/4
f 9846/29/4 9841/29/4 9847/29/4
f 9843/29/4 9844/29/4 9848/29/4
f 9811/16/4 9843/16/4 9848/16/4
f 9844/16/4 9845/16/4 9849/16/4
f 9848/29/4 9844/29/4 9849/29/4
f 9845/16/4 9846/16/4 9849/16/4
f 9846/16/4 9847/16/4 9849/16/4
f 9849/16/4 9847/16/4 9850/16/4
f 9850/16/4 9847/16/4 9851/16/4
f 9806/16/4 9811/16/4 9852/16/4
f 9811/16/4 9848/16/4 9852/16/4
f 9848/16/4 9849/16/4 9852/16/4
f 9849/16/4 9850/16/4 9852/16/4
f 9852/16/4 9850/16/4 9853/16/4
f 9850/29/4 9851/29/4 9854/29/4
f 9853/16/4 9850/16/4 9854/16/4
f 9851/16/4 9847/16/4 9855/16/4
f 9854/29/4 9851/29/4 9855/29/4
f 9855/16/4 9847/16/4 9856/16/4
f 9852/29/4 9853/29/4 9857/29/4
f 9806/16/4 9852/16/4 9857/16/4
f 9853/16/4 9854/16/4 9858/16/4
f 9857/29/4 9853/29/4 9858/29/4
f 9854/16/4 9855/16/4 9858/16/4
f 9855/29/4 9856/29/4 9859/29/4
f 9858/16/4 9855/16/4 9859/16/4
f 9859/29/4 9856/29/4 9860/29/4
f 9856/16/4 9847/16/4 9861/16/4
f 9860/29/4 9856/29/4 9861/29/4
f 9806/16/4 9857/16/4 9862/16/4
f 9857/16/4 9858/16/4 9862/16/4
f 9862/16/4 9858/16/4 9863/16/4
f 9859/29/4 9860/29/4 9864/29/4
f 9863/16/4 9858/16/4 9864/16/4
f 9858/29/4 9859/29/4 9864/29/4
f 9864/29/4 9860/29/4 9865/29/4
f 9863/16/4 9864/16/4 9866/16/4
f 9865/29/4 9860/29/4 9866/29/4
f 9864/16/4 9865/16/4 9866/16/4
f 9860/16/4 9861/16/4 9867/16/4
f 9866/29/4 9860/29/4 9867/29/4
f 9867/16/4 9861/16/4 9868/16/4
f 9862/29/4 9863/29/4 9869/29/4
f 9863/16/4 9866/16/4 9869/16/4
f 9866/16/4 9867/16/4 9869/16/4
f 9867/29/4 9868/29/4 9870/29/4
f 9869/16/4 9867/16/4 9870/16/4
f 9806/16/4 9862/16/4 9871/16/4
f 9862/29/4 9869/29/4 9872/29/4
f 9871/16/4 9862/16/4 9872/16/4
f 9869/29/4 9870/29/4 9872/29/4
f 9868/16/4 9861/16/4 9873/16/4
f 9872/29/4 9870/29/4 9873/29/4
f 9870/29/4 9868/29/4 9873/29/4
f 9807/23/4 9808/23/4 9874/23/4
f 9873/16/4 9861/16/4 9874/16/4
f 9861/16/4 9847/16/4 9874/16/4
f 9847/16/4 9842/16/4 9874/16/4
f 9842/16/4 9807/16/4 9874/16/4
f 9872/1/4 9873/1/4 9875/1/4
f 9871/1/4 9872/1/4 9875/1/4
f 9873/1/4 9874/1/4 9875/1/4
f 9875/1/4 9874/1/4 9876/1/4
f 9876/1/4 9874/1/4 9877/1/4
f 9877/1/4 9874/1/4 9878/1/4
f 9878/1/4 9874/1/4 9879/1/4
f 9879/1/4 9874/1/4 9880/1/4
f 9880/1/4 9874/1/4 9881/1/4
f 9874/23/4 9808/23/4 9882/23/4
f 9881/1/4 9874/1/4 9882/1/4
f 9875/23/4 9876/23/4 9883/23/4
f 9883/23/4 9876/23/4 9884/23/4
f 9877/23/4 9878/23/4 9885/23/4
f 9885/23/4 9878/23/4 9886/23/4
f 9879/23/4 9880/23/4 9887/23/4
f 9887/23/4 9880/23/4 9888/23/4
f 9881/23/4 9882/23/4 9889/23/4
f 9882/23/4 9808/23/4 9890/23/4
f 9889/23/4 9882/23/4 9890/23/4
f 9891/1/4 9892/1/4 9894/1/4
f 9892/23/4 9893/23/4 9895/23/4
f 9894/1/4 9892/1/4 9895/1/4
f 9895/23/4 9893/23/4 9896/23/4
f 9897/25/4 9898/25/4 9899/25/4
f 9899/25/4 9898/25/4 9900/25/4
f 9901/25/4 9902/25/4 9903/25/4
f 9903/25/4 9902/25/4 9904/25/4
f 9905/25/4 9906/25/4 9909/25/4
f 9909/25/4 9906/25/4 9910/25/4
f 9907/25/4 9908/25/4 9911/25/4
f 9911/25/4 9908/25/4 9912/25/4
f 9913/1/4 9914/1/4 9915/1/4
f 9915/1/4 9914/1/4 9916/1/4
f 9917/1/4 9918/1/4 9919/1/4
f 9919/1/4 9918/1/4 9920/1/4
f 9921/23/4 9922/23/4 9923/23/4
f 9923/23/4 9922/23/4 9924/23/4
f 9924/23/4 9922/23/4 9925/23/4
f 9926/23/4 9927/23/4 9928/23/4
f 9928/23/4 9927/23/4 9929/23/4
f 9930/25/4 9931/25/4 9936/25/4
f 9936/25/4 9931/25/4 9937/25/4
f 9932/25/4 9933/25/4 9938/25/4
f 9938/25/4 9933/25/4 9939/25/4
f 9934/25/4 9935/25/4 9940/25/4
f 9940/25/4 9935/25/4 9941/25/4
f 9942/23/4 9943/23/4 9945/23/4
f 9943/23/4 9944/23/4 9945/23/4
f 9945/23/4 9944/23/4 9946/23/4
f 9947/25/4 9948/25/4 9951/25/4
f 9951/25/4 9948/25/4 9952/25/4
f 9949/25/4 9950/25/4 9953/25/4
f 9953/25/4 9950/25/4 9954/25/4
f 9955/23/4 9956/23/4 9957/23/4
f 9957/23/4 9956/23/4 9958/23/4
f 9959/25/4 9960/25/4 9963/25/4
f 9963/25/4 9960/25/4 9964/25/4
f 9961/25/4 9962/25/4 9965/25/4
f 9965/25/4 9962/25/4 9966/25/4
f 9967/1/4 9968/1/4 9970/1/4
f 9968/48/4 9969/48/4 9971/48/4
f 9970/1/4 9968/1/4 9971/1/4
f 9971/48/4 9969/48/4 9972/48/4
f 9973/25/4 9974/25/4 9975/25/4
f 9975/25/4 9974/25/4 9976/25/4
f 9977/23/4 9978/23/4 9979/23/4
f 9979/23/4 9978/23/4 9980/23/4
f 9981/23/4 9982/23/4 9983/23/4
f 9983/23/4 9982/23/4 9984/23/4
f 9984/23/4 9982/23/4 9985/23/4
f 9986/25/4 9987/25/4 9988/25/4
f 9988/25/4 9987/25/4 9989/25/4
f 9990/23/4 9991/23/4 9994/23/4
f 9994/23/4 9991/23/4 9995/23/4
f 9996/1/4 9997/1/4 9999/1/4
f 9997/48/4 9998/48/4 10000/48/4
f 9999/1/4 9997/1/4 10000/1/4
f 10000/48/4 9998/48/4 10001/48/4
f 10002/1/4 10003/1/4 10005/1/4
f 10003/48/4 10004/48/4 10006/48/4
f 10005/1/4 10003/1/4 10006/1/4
f 10006/48/4 10004/48/4 10007/48/4
f 9992/23/4 9993/23/4 10008/23/4
f 10008/23/4 9993/23/4 10009/23/4
f 10010/1/4 10011/1/4 10013/1/4
f 10011/48/4 10012/48/4 10014/48/4
f 10013/1/4 10011/1/4 10014/1/4
f 10014/48/4 10012/48/4 10015/48/4
f 10016/1/4 10017/1/4 10019/1/4
f 10017/48/4 10018/48/4 10020/48/4
f 10019/1/4 10017/1/4 10020/1/4
f 10020/48/4 10018/48/4 10021/48/4
f 10022/23/4 10023/23/4 10025/23/4
f 10023/23/4 10024/23/4 10025/23/4
f 10025/23/4 10024/23/4 10026/23/4
f 10027/23/4 10028/23/4 10029/23/4
f 10029/23/4 10028/23/4 10030/23/4
f 10030/23/4 10028/23/4 10031/23/4
f 10031/23/4 10032/23/4 10033/23/4
f 10030/23/4 10031/23/4 10033/23/4
f 10033/23/4 10032/23/4 10034/23/4
f 10034/23/4 10032/23/4 10035/23/4
f 10035/23/4 10032/23/4 10036/23/4
f 10036/23/4 10032/23/4 10037/23/4
f 10037/23/4 10032/23/4 10039/23/4
f 10038/23/4 10039/23/4 10041/23/4
f 10039/23/4 10032/23/4 10042/23/4
f 10041/23/4 10039/23/4 10042/23/4
f 10042/23/4 10032/23/4 10043/23/4
f 10040/23/4 10041/23/4 10044/23/4
f 10041/23/4 10042/23/4 10044/23/4
f 10044/23/4 10042/23/4 10045/23/4
f 10048/1/4 10049/1/4 10051/1/4
f 10049/48/4 10050/48/4 10052/48/4
f 10051/1/4 10049/1/4 10052/1/4
f 10052/48/4 10050/48/4 10053/48/4
f 10046/23/4 10047/23/4 10054/23/4
f 10054/23/4 10047/23/4 10055/23/4
f 10056/25/4 10057/25/4 10060/25/4
f 10060/25/4 10057/25/4 10061/25/4
f 10058/25/4 10059/25/4 10062/25/4
f 10062/25/4 10059/25/4 10063/25/4
f 10064/1/4 10065/1/4 10067/1/4
f 10065/23/4 10066/23/4 10068/23/4
f 10067/1/4 10065/1/4 10068/1/4
f 10068/23/4 10066/23/4 10069/23/4
f 10070/25/4 10071/25/4 10072/25/4
f 10072/25/4 10071/25/4 10073/25/4
f 10074/23/4 10075/23/4 10076/23/4
f 10076/23/4 10075/23/4 10077/23/4
f 10078/23/4 10079/23/4 10080/23/4
f 10080/23/4 10079/23/4 10081/23/4
f 10082/23/4 10083/23/4 10084/23/4
f 10084/23/4 10083/23/4 10085/23/4
f 10086/23/4 10087/23/4 10088/23/4
f 10088/23/4 10087/23/4 10089/23/4
f 10090/25/4 10091/25/4 10094/25/4
f 10094/25/4 10091/25/4 10095/25/4
f 10092/25/4 10093/25/4 10096/25/4
f 10096/25/4 10093/25/4 10097/25/4
f 10098/23/4 10099/23/4 10100/23/4
f 10100/23/4 10099/23/4 10101/23/4
f 10102/23/4 10103/23/4 10104/23/4
f 10104/23/4 10103/23/4 10105/23/4
f 10106/23/4 10107/23/4 10108/23/4
f 10108/23/4 10107/23/4 10109/23/4
f 10110/25/4 10111/25/4 10114/25/4
f 10114/25/4 10111/25/4 10115/25/4
f 10112/25/4 10113/25/4 10116/25/4
f 10116/25/4 10113/25/4 10117/25/4
f 10118/1/4 10119/1/4 10120/1/4
f 10120/1/4 10119/1/4 10121/1/4
f 10122/25/4 10123/25/4 10124/25/4
f 10124/25/4 10123/25/4 10125/25/4
f 10126/25/4 10127/25/4 10128/25/4
f 10128/25/4 10127/25/4 10129/25/4
f 10130/1/4 10131/1/4 10132/1/4
f 10132/1/4 10131/1/4 10133/1/4
f 10134/1/4 10135/1/4 10136/1/4
f 10136/1/4 10135/1/4 10137/1/4
f 10138/25/4 10139/25/4 10140/25/4
f 10140/25/4 10139/25/4 10141/25/4
f 10142/25/4 10143/25/4 10144/25/4
f 10144/25/4 10143/25/4 10145/25/4
f 10146/23/4 10147/23/4 10148/23/4
f 10148/23/4 10147/23/4 10149/23/4
f 10150/23/4 10151/23/4 10152/23/4
f 10152/23/4 10151/23/4 10153/23/4
f 10154/23/4 10155/23/4 10156/23/4
f 10156/23/4 10155/23/4 10157/23/4
f 10158/25/4 10159/25/4 10160/25/4
f 10160/25/4 10159/25/4 10161/25/4
f 10162/1/4 10163/1/4 10165/1/4
f 10163/23/4 10164/23/4 10166/23/4
f 10165/1/4 10163/1/4 10166/1/4
f 10166/23/4 10164/23/4 10167/23/4
f 10168/25/4 10169/25/4 10170/25/4
f 10170/25/4 10169/25/4 10171/25/4
f 10172/25/4 10173/25/4 10174/25/4
f 10174/25/4 10173/25/4 10175/25/4
f 10176/25/4 10177/25/4 10178/25/4
f 10178/25/4 10177/25/4 10179/25/4
f 10180/23/4 10181/23/4 10182/23/4
f 10182/23/4 10181/23/4 10183/23/4
f 10184/23/4 10185/23/4 10187/23/4
f 10185/23/4 10186/23/4 10187/23/4
f 10187/23/4 10186/23/4 10188/23/4
f 10189/25/4 10190/25/4 10191/25/4
f 10191/25/4 10190/25/4 10192/25/4
f 10193/14/4 10194/14/4 10195/14/4
f 10195/14/4 10194/14/4 10196/14/4
f 10195/1/4 10196/1/4 10199/1/4
f 10196/14/4 10194/14/4 10199/14/4
f 10199/14/4 10194/14/4 10200/14/4
f 10197/15/4 10198/15/4 10203/15/4
f 10203/15/4 10198/15/4 10204/15/4
f 10200/13/4 10201/13/4 10206/13/4
f 10199/1/4 10200/1/4 10206/1/4
f 10206/13/4 10201/13/4 10207/13/4
f 10202/23/4 10203/23/4 10208/23/4
f 10203/1/4 10204/1/4 10209/1/4
f 10208/23/4 10203/23/4 10209/23/4
f 10204/15/4 10205/15/4 10210/15/4
f 10209/1/4 10204/1/4 10210/1/4
f 10210/15/4 10205/15/4 10211/15/4
f 10208/1/4 10209/1/4 10213/1/4
f 10207/1/4 10208/1/4 10213/1/4
f 10210/1/4 10211/1/4 10213/1/4
f 10209/1/4 10210/1/4 10213/1/4
f 10206/1/4 10207/1/4 10213/1/4
f 10213/1/4 10211/1/4 10214/1/4
f 10211/15/4 10212/15/4 10215/15/4
f 10214/1/4 10211/1/4 10215/1/4
f 10215/15/4 10212/15/4 10216/15/4
f 10213/23/4 10214/23/4 10217/23/4
f 10206/1/4 10213/1/4 10217/1/4
f 10217/23/4 10214/23/4 10218/23/4
f 10217/1/4 10218/1/4 10221/1/4
f 10218/1/4 10219/1/4 10221/1/4
f 10219/15/4 10220/15/4 10222/15/4
f 10221/1/4 10219/1/4 10222/1/4
f 10222/15/4 10220/15/4 10223/15/4
f 10206/1/4 10217/1/4 10224/1/4
f 10217/1/4 10221/1/4 10224/1/4
f 10221/15/4 10222/15/4 10225/15/4
f 10224/1/4 10221/1/4 10225/1/4
f 10225/15/4 10222/15/4 10226/15/4
f 10206/1/4 10224/1/4 10227/1/4
f 10224/15/4 10225/15/4 10228/15/4
f 10227/1/4 10224/1/4 10228/1/4
f 10228/15/4 10225/15/4 10229/15/4
f 10229/15/4 10225/15/4 10230/15/4
f 10231/43/4 10232/43/4 10233/43/4
f 10233/43/4 10232/43/4 10234/43/4
f 10235/43/4 10236/43/4 10237/43/4
f 10237/43/4 10236/43/4 10238/43/4
f 10206/1/4 10227/1/4 10239/1/4
f 10206/1/4 10239/1/4 10241/1/4
f 10239/23/4 10240/23/4 10241/23/4
f 10241/23/4 10240/23/4 10242/23/4
f 10242/23/4 10240/23/4 10243/23/4
f 10243/23/4 10240/23/4 10244/23/4
f 10244/1/4 10245/1/4 10247/1/4
f 10243/1/4 10244/1/4 10247/1/4
f 10245/23/4 10246/23/4 10248/23/4
f 10247/1/4 10245/1/4 10248/1/4
f 10248/23/4 10246/23/4 10249/23/4
f 10243/1/4 10247/1/4 10250/1/4
f 10243/1/4 10250/1/4 10253/1/4
f 10250/1/4 10251/1/4 10253/1/4
f 10251/48/4 10252/48/4 10254/48/4
f 10253/1/4 10251/1/4 10254/1/4
f 10254/48/4 10252/48/4 10255/48/4
f 10243/1/4 10253/1/4 10256/1/4
f 10243/1/4 10256/1/4 10259/1/4
f 10256/1/4 10257/1/4 10259/1/4
f 10259/1/4 10257/1/4 10260/1/4
f 10257/23/4 10258/23/4 10261/23/4
f 10260/1/4 10257/1/4 10261/1/4
f 10261/23/4 10258/23/4 10262/23/4
f 10259/23/4 10260/23/4 10263/23/4
f 10263/23/4 10260/23/4 10264/23/4
f 10206/1/4 10241/1/4 10271/1/4
f 10265/23/4 10266/23/4 10272/23/4
f 10272/23/4 10266/23/4 10273/23/4
f 10267/25/4 10268/25/4 10274/25/4
f 10274/25/4 10268/25/4 10275/25/4
f 10269/23/4 10270/23/4 10276/23/4
f 10276/23/4 10270/23/4 10277/23/4
f 10206/1/4 10271/1/4 10278/1/4
f 10271/23/4 10272/23/4 10278/23/4
f 10272/1/4 10273/1/4 10279/1/4
f 10278/23/4 10272/23/4 10279/23/4
f 10273/23/4 10274/23/4 10280/23/4
f 10279/1/4 10273/1/4 10280/1/4
f 10274/1/4 10275/1/4 10281/1/4
f 10280/23/4 10274/23/4 10281/23/4
f 10275/23/4 10276/23/4 10282/23/4
f 10281/1/4 10275/1/4 10282/1/4
f 10276/15/4 10277/15/4 10283/15/4
f 10282/23/4 10276/23/4 10283/23/4
f 10283/15/4 10277/15/4 10284/15/4
f 10279/1/4 10280/1/4 10286/1/4
f 10284/1/4 10285/1/4 10286/1/4
f 10282/1/4 10283/1/4 10286/1/4
f 10280/1/4 10281/1/4 10286/1/4
f 10283/1/4 10284/1/4 10286/1/4
f 10278/1/4 10279/1/4 10286/1/4
f 10281/1/4 10282/1/4 10286/1/4
f 10278/1/4 10286/1/4 10288/1/4
f 10286/1/4 10287/1/4 10288/1/4
f 10288/1/4 10287/1/4 10289/1/4
f 10289/1/4 10287/1/4 10290/1/4
f 10195/1/4 10199/1/4 10291/1/4
f 10199/1/4 10206/1/4 10291/1/4
f 10206/1/4 10278/1/4 10291/1/4
f 10278/1/4 10288/1/4 10291/1/4
f 10288/14/4 10289/14/4 10292/14/4
f 10291/1/4 10288/1/4 10292/1/4
f 10291/14/4 10292/14/4 10293/14/4
f 10292/14/4 10289/14/4 10294/14/4
f 10293/14/4 10292/14/4 10294/14/4
f 10299/1/5 10297/1/5 10296/1/5
f 10299/14/5 10298/14/5 10297/14/5
f 10300/14/5 10298/14/5 10299/14/5
f 10301/1/5 10299/1/5 10296/1/5
f 10302/1/5 10299/1/5 10301/1/5
f 10303/1/5 10301/1/5 10296/1/5
f 10304/1/5 10299/1/5 10302/1/5
f 10305/4/5 10300/4/5 10299/4/5
f 10305/1/5 10304/1/5 10303/1/5
f 10305/1/5 10299/1/5 10304/1/5
f 10306/4/5 10300/4/5 10305/4/5
f 10307/4/5 10296/4/5 10295/4/5
f 10308/1/5 10303/1/5 10296/1/5
f 10308/4/5 10296/4/5 10307/4/5
f 10308/1/5 10305/1/5 10303/1/5
f 10309/14/5 10308/14/5 10307/14/5
f 10310/1/5 10305/1/5 10308/1/5
f 10310/14/5 10308/14/5 10309/14/5
f 10311/14/5 10306/14/5 10305/14/5
f 10311/1/5 10305/1/5 10310/1/5
f 10312/14/5 10306/14/5 10311/14/5
f 10316/26/5 10314/26/5 10313/26/5
f 10317/26/5 10314/26/5 10316/26/5
f 10320/26/5 10316/26/5 10315/26/5
f 10321/26/5 10316/26/5 10320/26/5
f 10322/26/5 10318/26/5 10317/26/5
f 10323/26/5 10318/26/5 10322/26/5
f 10325/26/5 10320/26/5 10319/26/5
f 10326/26/5 10320/26/5 10325/26/5
f 10327/26/5 10324/26/5 10323/26/5
f 10328/26/5 10324/26/5 10327/26/5
f 10331/26/5 10330/26/5 10329/26/5
f 10332/26/5 10330/26/5 10331/26/5
f 10337/40/5 10334/40/5 10333/40/5
f 10340/40/5 10336/40/5 10335/40/5
f 10341/40/5 10338/40/5 10337/40/5
f 10341/40/5 10337/40/5 10333/40/5
f 10342/40/5 10338/40/5 10341/40/5
f 10343/40/5 10341/40/5 10333/40/5
f 10344/40/5 10341/40/5 10343/40/5
f 10345/40/5 10340/40/5 10339/40/5
f 10346/40/5 10336/40/5 10340/40/5
f 10346/40/5 10340/40/5 10345/40/5
f 10349/37/5 10348/37/5 10347/37/5
f 10350/37/5 10348/37/5 10349/37/5
f 10354/45/5 10352/45/5 10351/45/5
f 10355/45/5 10352/45/5 10354/45/5
f 10357/45/5 10354/45/5 10353/45/5
f 10357/1/5 10355/1/5 10354/1/5
f 10358/45/5 10356/45/5 10355/45/5
f 10358/1/5 10355/1/5 10357/1/5
f 10359/45/5 10357/45/5 10353/45/5
f 10359/45/5 10358/45/5 10357/45/5
f 10360/45/5 10356/45/5 10358/45/5
f 10360/45/5 10358/45/5 10359/45/5
f 10363/45/5 10362/45/5 10361/45/5
f 10364/45/5 10362/45/5 10363/45/5
f 10365/45/5 10363/45/5 10361/45/5
f 10366/1/5 10364/1/5 10363/1/5
f 10366/45/5 10363/45/5 10365/45/5
f 10367/45/5 10362/45/5 10364/45/5
f 10367/1/5 10364/1/5 10366/1/5
f 10368/45/5 10362/45/5 10367/45/5
f 10369/45/5 10367/45/5 10366/45/5
f 10370/45/5 10367/45/5 10369/45/5
f 10389/34/5 10375/34/5 10374/34/5
f 10389/43/5 10376/43/5 10375/43/5
f 10390/34/5 10377/34/5 10376/34/5
f 10390/43/5 10376/43/5 10389/43/5
f 10391/43/5 10378/43/5 10377/43/5
f 10391/34/5 10377/34/5 10390/34/5
f 10392/43/5 10378/43/5 10391/43/5
f 10393/43/5 10378/43/5 10392/43/5
f 10394/34/5 10379/34/5 10378/34/5
f 10394/43/5 10378/43/5 10393/43/5
f 10395/34/5 10379/34/5 10394/34/5
f 10396/34/5 10379/34/5 10395/34/5
f 10397/43/5 10380/43/5 10379/43/5
f 10397/34/5 10381/34/5 10380/34/5
f 10398/34/5 10381/34/5 10397/34/5
f 10399/43/5 10382/43/5 10381/43/5
f 10399/34/5 10381/34/5 10398/34/5
f 10400/43/5 10382/43/5 10399/43/5
f 10401/43/5 10382/43/5 10400/43/5
f 10402/34/5 10383/34/5 10382/34/5
f 10402/43/5 10382/43/5 10401/43/5
f 10403/43/5 10384/43/5 10383/43/5
f 10403/34/5 10385/34/5 10384/34/5
f 10404/34/5 10385/34/5 10403/34/5
f 10405/34/5 10387/34/5 10386/34/5
f 10406/43/5 10388/43/5 10387/43/5
f 10406/34/5 10387/34/5 10405/34/5
f 10407/43/5 10388/43/5 10406/43/5
f 10408/43/5 10372/43/5 10371/43/5
f 10408/34/5 10373/34/5 10372/34/5
f 10409/34/5 10373/34/5 10408/34/5
f 10410/34/5 10390/34/5 10389/34/5
f 10410/43/5 10393/43/5 10392/43/5
f 10410/34/5 10391/34/5 10390/34/5
f 10410/34/5 10392/34/5 10391/34/5
f 10411/34/5 10394/34/5 10393/34/5
f 10411/43/5 10393/43/5 10410/43/5
f 10411/34/5 10395/34/5 10394/34/5
f 10412/43/5 10396/43/5 10395/43/5
f 10412/34/5 10395/34/5 10411/34/5
f 10413/34/5 10379/34/5 10396/34/5
f 10413/43/5 10396/43/5 10412/43/5
f 10414/43/5 10398/43/5 10397/43/5
f 10414/34/5 10379/34/5 10413/34/5
f 10414/43/5 10397/43/5 10379/43/5
f 10415/34/5 10399/34/5 10398/34/5
f 10415/43/5 10398/43/5 10414/43/5
f 10415/34/5 10400/34/5 10399/34/5
f 10416/43/5 10401/43/5 10400/43/5
f 10416/34/5 10400/34/5 10415/34/5
f 10417/34/5 10402/34/5 10401/34/5
f 10417/43/5 10401/43/5 10416/43/5
f 10418/34/5 10402/34/5 10417/34/5
f 10419/34/5 10383/34/5 10402/34/5
f 10419/34/5 10402/34/5 10418/34/5
f 10420/43/5 10404/43/5 10403/43/5
f 10420/34/5 10383/34/5 10419/34/5
f 10420/43/5 10403/43/5 10383/43/5
f 10421/34/5 10385/34/5 10404/34/5
f 10421/43/5 10404/43/5 10420/43/5
f 10422/43/5 10406/43/5 10405/43/5
f 10423/34/5 10407/34/5 10406/34/5
f 10423/43/5 10406/43/5 10422/43/5
f 10424/34/5 10407/34/5 10423/34/5
f 10425/43/5 10409/43/5 10408/43/5
f 10425/43/5 10408/43/5 10371/43/5
f 10426/34/5 10373/34/5 10409/34/5
f 10426/43/5 10409/43/5 10425/43/5
f 10427/34/5 10389/34/5 10374/34/5
f 10427/34/5 10412/34/5 10411/34/5
f 10427/34/5 10411/34/5 10410/34/5
f 10427/34/5 10413/34/5 10412/34/5
f 10427/34/5 10415/34/5 10414/34/5
f 10427/34/5 10414/34/5 10413/34/5
f 10427/34/5 10417/34/5 10416/34/5
f 10427/34/5 10418/34/5 10417/34/5
f 10427/34/5 10410/34/5 10389/34/5
f 10427/34/5 10416/34/5 10415/34/5
f 10428/43/5 10419/43/5 10418/43/5
f 10428/34/5 10418/34/5 10427/34/5
f 10429/34/5 10420/34/5 10419/34/5
f 10429/43/5 10419/43/5 10428/43/5
f 10429/34/5 10421/34/5 10420/34/5
f 10430/34/5 10385/34/5 10421/34/5
f 10430/34/5 10421/34/5 10429/34/5
f 10431/34/5 10423/34/5 10422/34/5
f 10432/43/5 10424/43/5 10423/43/5
f 10432/34/5 10423/34/5 10431/34/5
f 10433/34/5 10426/34/5 10425/34/5
f 10434/34/5 10426/34/5 10433/34/5
f 10438/34/5 10385/34/5 10430/34/5
f 10439/43/5 10432/43/5 10431/43/5
f 10440/43/5 10424/43/5 10432/43/5
f 10440/43/5 10432/43/5 10439/43/5
f 10441/43/5 10434/43/5 10433/43/5
f 10441/34/5 10426/34/5 10434/34/5
f 10442/34/5 10373/34/5 10426/34/5
f 10442/34/5 10426/34/5 10441/34/5
f 10443/34/5 10436/34/5 10435/34/5
f 10444/43/5 10437/43/5 10436/43/5
f 10444/34/5 10436/34/5 10443/34/5
f 10445/34/5 10438/34/5 10437/34/5
f 10445/43/5 10437/43/5 10444/43/5
f 10446/34/5 10438/34/5 10445/34/5
f 10447/34/5 10438/34/5 10446/34/5
f 10448/34/5 10438/34/5 10447/34/5
f 10449/34/5 10438/34/5 10448/34/5
f 10450/34/5 10438/34/5 10449/34/5
f 10451/34/5 10438/34/5 10450/34/5
f 10452/34/5 10438/34/5 10451/34/5
f 10453/34/5 10438/34/5 10452/34/5
f 10454/34/5 10440/34/5 10439/34/5
f 10455/34/5 10440/34/5 10454/34/5
f 10456/34/5 10373/34/5 10442/34/5
f 10456/43/5 10442/43/5 10441/43/5
f 10457/34/5 10373/34/5 10456/34/5
f 10458/34/5 10443/34/5 10435/34/5
f 10459/43/5 10444/43/5 10443/43/5
f 10459/34/5 10443/34/5 10458/34/5
f 10460/34/5 10445/34/5 10444/34/5
f 10460/43/5 10444/43/5 10459/43/5
f 10460/34/5 10446/34/5 10445/34/5
f 10461/43/5 10447/43/5 10446/43/5
f 10461/34/5 10446/34/5 10460/34/5
f 10462/34/5 10448/34/5 10447/34/5
f 10462/43/5 10447/43/5 10461/43/5
f 10463/34/5 10448/34/5 10462/34/5
f 10464/34/5 10448/34/5 10463/34/5
f 10465/34/5 10448/34/5 10464/34/5
f 10466/43/5 10449/43/5 10448/43/5
f 10466/34/5 10450/34/5 10449/34/5
f 10467/34/5 10450/34/5 10466/34/5
f 10468/34/5 10450/34/5 10467/34/5
f 10469/34/5 10450/34/5 10468/34/5
f 10470/34/5 10450/34/5 10469/34/5
f 10471/34/5 10450/34/5 10470/34/5
f 10472/43/5 10451/43/5 10450/43/5
f 10472/34/5 10452/34/5 10451/34/5
f 10473/34/5 10452/34/5 10472/34/5
f 10474/34/5 10452/34/5 10473/34/5
f 10475/43/5 10453/43/5 10452/43/5
f 10475/34/5 10452/34/5 10474/34/5
f 10476/34/5 10438/34/5 10453/34/5
f 10476/43/5 10453/43/5 10475/43/5
f 10477/34/5 10385/34/5 10438/34/5
f 10477/34/5 10438/34/5 10476/34/5
f 10478/43/5 10455/43/5 10454/43/5
f 10479/43/5 10455/43/5 10478/43/5
f 10480/43/5 10441/43/5 10433/43/5
f 10480/43/5 10457/43/5 10456/43/5
f 10480/43/5 10456/43/5 10441/43/5
f 10481/43/5 10457/43/5 10480/43/5
f 10482/34/5 10458/34/5 10435/34/5
f 10483/43/5 10459/43/5 10458/43/5
f 10483/34/5 10458/34/5 10482/34/5
f 10484/34/5 10460/34/5 10459/34/5
f 10484/43/5 10459/43/5 10483/43/5
f 10484/34/5 10461/34/5 10460/34/5
f 10484/34/5 10462/34/5 10461/34/5
f 10485/43/5 10463/43/5 10462/43/5
f 10485/34/5 10462/34/5 10484/34/5
f 10486/34/5 10464/34/5 10463/34/5
f 10486/43/5 10463/43/5 10485/43/5
f 10487/43/5 10465/43/5 10464/43/5
f 10487/34/5 10464/34/5 10486/34/5
f 10488/34/5 10448/34/5 10465/34/5
f 10488/43/5 10465/43/5 10487/43/5
f 10489/43/5 10466/43/5 10448/43/5
f 10489/34/5 10448/34/5 10488/34/5
f 10489/43/5 10467/43/5 10466/43/5
f 10490/34/5 10468/34/5 10467/34/5
f 10490/43/5 10467/43/5 10489/43/5
f 10491/43/5 10469/43/5 10468/43/5
f 10491/34/5 10468/34/5 10490/34/5
f 10492/34/5 10470/34/5 10469/34/5
f 10492/43/5 10469/43/5 10491/43/5
f 10493/43/5 10471/43/5 10470/43/5
f 10493/34/5 10470/34/5 10492/34/5
f 10494/34/5 10450/34/5 10471/34/5
f 10494/43/5 10471/43/5 10493/43/5
f 10495/43/5 10473/43/5 10472/43/5
f 10495/34/5 10450/34/5 10494/34/5
f 10495/43/5 10472/43/5 10450/43/5
f 10496/34/5 10474/34/5 10473/34/5
f 10496/43/5 10473/43/5 10495/43/5
f 10497/43/5 10475/43/5 10474/43/5
f 10497/34/5 10474/34/5 10496/34/5
f 10497/43/5 10476/43/5 10475/43/5
f 10497/43/5 10477/43/5 10476/43/5
f 10498/34/5 10385/34/5 10477/34/5
f 10498/43/5 10477/43/5 10497/43/5
f 10499/34/5 10385/34/5 10498/34/5
f 10500/34/5 10479/34/5 10478/34/5
f 10501/43/5 10455/43/5 10479/43/5
f 10501/34/5 10479/34/5 10500/34/5
f 10502/43/5 10455/43/5 10501/43/5
f 10506/1/5 10504/1/5 10503/1/5
f 10507/1/5 10504/1/5 10506/1/5
f 10508/1/5 10506/1/5 10505/1/5
f 10509/1/5 10506/1/5 10508/1/5
f 10512/26/5 10511/26/5 10510/26/5
f 10513/26/5 10511/26/5 10512/26/5
f 10514/1/5 10513/1/5 10512/1/5
f 10515/1/5 10513/1/5 10514/1/5
f 10518/37/5 10517/37/5 10516/37/5
f 10519/37/5 10517/37/5 10518/37/5
f 10523/37/5 10521/37/5 10520/37/5
f 10524/37/5 10521/37/5 10523/37/5
f 10530/35/5 10523/35/5 10522/35/5
f 10531/1/5 10524/1/5 10523/1/5
f 10531/35/5 10523/35/5 10530/35/5
f 10532/1/5 10524/1/5 10531/1/5
f 10536/45/5 10526/45/5 10525/45/5
f 10537/45/5 10526/45/5 10536/45/5
f 10538/45/5 10526/45/5 10537/45/5
f 10539/45/5 10526/45/5 10538/45/5
f 10542/45/5 10528/45/5 10527/45/5
f 10543/45/5 10528/45/5 10542/45/5
f 10544/45/5 10528/45/5 10543/45/5
f 10545/45/5 10528/45/5 10544/45/5
f 10547/35/5 10536/35/5 10535/35/5
f 10547/45/5 10537/45/5 10536/45/5
f 10548/1/5 10538/1/5 10537/1/5
f 10548/45/5 10537/45/5 10547/45/5
f 10549/45/5 10539/45/5 10538/45/5
f 10549/1/5 10538/1/5 10548/1/5
f 10550/35/5 10540/35/5 10539/35/5
f 10550/45/5 10539/45/5 10549/45/5
f 10551/35/5 10542/35/5 10541/35/5
f 10551/45/5 10543/45/5 10542/45/5
f 10552/1/5 10544/1/5 10543/1/5
f 10552/45/5 10543/45/5 10551/45/5
f 10553/45/5 10545/45/5 10544/45/5
f 10553/1/5 10544/1/5 10552/1/5
f 10554/35/5 10546/35/5 10545/35/5
f 10554/45/5 10545/45/5 10553/45/5
f 10555/1/5 10531/1/5 10530/1/5
f 10555/1/5 10532/1/5 10531/1/5
f 10555/1/5 10533/1/5 10532/1/5
f 10556/1/5 10533/1/5 10555/1/5
f 10557/1/5 10533/1/5 10556/1/5
f 10558/37/5 10534/37/5 10533/37/5
f 10558/1/5 10533/1/5 10557/1/5
f 10559/37/5 10534/37/5 10558/37/5
f 10560/1/5 10549/1/5 10548/1/5
f 10560/1/5 10548/1/5 10547/1/5
f 10560/1/5 10550/1/5 10549/1/5
f 10561/1/5 10550/1/5 10560/1/5
f 10562/1/5 10554/1/5 10553/1/5
f 10562/1/5 10553/1/5 10552/1/5
f 10562/1/5 10552/1/5 10551/1/5
f 10563/1/5 10554/1/5 10562/1/5
f 10564/1/5 10555/1/5 10530/1/5
f 10565/1/5 10557/1/5 10556/1/5
f 10566/37/5 10558/37/5 10557/37/5
f 10566/1/5 10557/1/5 10565/1/5
f 10567/37/5 10558/37/5 10566/37/5
f 10569/1/5 10560/1/5 10547/1/5
f 10570/1/5 10550/1/5 10561/1/5
f 10571/1/5 10562/1/5 10551/1/5
f 10572/1/5 10554/1/5 10563/1/5
f 10573/1/5 10565/1/5 10564/1/5
f 10573/1/5 10566/1/5 10565/1/5
f 10573/1/5 10567/1/5 10566/1/5
f 10574/37/5 10568/37/5 10567/37/5
f 10574/1/5 10567/1/5 10573/1/5
f 10575/1/5 10572/1/5 10571/1/5
f 10575/1/5 10554/1/5 10572/1/5
f 10576/35/5 10546/35/5 10554/35/5
f 10576/1/5 10554/1/5 10575/1/5
f 10577/35/5 10530/35/5 10529/35/5
f 10577/1/5 10564/1/5 10530/1/5
f 10577/1/5 10573/1/5 10564/1/5
f 10578/1/5 10573/1/5 10577/1/5
f 10579/1/5 10573/1/5 10578/1/5
f 10580/37/5 10568/37/5 10574/37/5
f 10581/37/5 10568/37/5 10580/37/5
f 10582/1/5 10571/1/5 10551/1/5
f 10582/1/5 10575/1/5 10571/1/5
f 10583/1/5 10575/1/5 10582/1/5
f 10584/1/5 10575/1/5 10583/1/5
f 10585/35/5 10577/35/5 10529/35/5
f 10585/35/5 10578/35/5 10577/35/5
f 10586/35/5 10578/35/5 10585/35/5
f 10587/1/5 10579/1/5 10578/1/5
f 10587/35/5 10578/35/5 10586/35/5
f 10588/1/5 10579/1/5 10587/1/5
f 10589/35/5 10547/35/5 10535/35/5
f 10590/1/5 10569/1/5 10547/1/5
f 10590/35/5 10547/35/5 10589/35/5
f 10590/1/5 10570/1/5 10569/1/5
f 10591/1/5 10550/1/5 10570/1/5
f 10591/1/5 10570/1/5 10590/1/5
f 10592/35/5 10540/35/5 10550/35/5
f 10592/1/5 10550/1/5 10591/1/5
f 10593/35/5 10540/35/5 10592/35/5
f 10594/35/5 10551/35/5 10541/35/5
f 10595/1/5 10582/1/5 10551/1/5
f 10595/35/5 10551/35/5 10594/35/5
f 10596/1/5 10575/1/5 10584/1/5
f 10597/1/5 10575/1/5 10596/1/5
f 10598/35/5 10546/35/5 10576/35/5
f 10599/35/5 10546/35/5 10598/35/5
f 10601/35/5 10588/35/5 10587/35/5
f 10601/35/5 10587/35/5 10586/35/5
f 10602/1/5 10579/1/5 10588/1/5
f 10602/35/5 10588/35/5 10601/35/5
f 10603/1/5 10579/1/5 10602/1/5
f 10606/1/5 10591/1/5 10590/1/5
f 10607/1/5 10591/1/5 10606/1/5
f 10608/1/5 10582/1/5 10595/1/5
f 10609/1/5 10582/1/5 10608/1/5
f 10611/1/5 10597/1/5 10596/1/5
f 10611/1/5 10598/1/5 10597/1/5
f 10612/1/5 10598/1/5 10611/1/5
f 10614/45/5 10601/45/5 10600/45/5
f 10615/1/5 10605/1/5 10604/1/5
f 10615/45/5 10601/45/5 10614/45/5
f 10615/1/5 10602/1/5 10601/1/5
f 10615/1/5 10603/1/5 10602/1/5
f 10615/1/5 10604/1/5 10603/1/5
f 10616/45/5 10606/45/5 10605/45/5
f 10616/1/5 10605/1/5 10615/1/5
f 10617/1/5 10607/1/5 10606/1/5
f 10617/45/5 10606/45/5 10616/45/5
f 10618/45/5 10608/45/5 10607/45/5
f 10618/1/5 10607/1/5 10617/1/5
f 10619/1/5 10610/1/5 10609/1/5
f 10619/45/5 10608/45/5 10618/45/5
f 10619/1/5 10612/1/5 10611/1/5
f 10619/1/5 10609/1/5 10608/1/5
f 10619/1/5 10611/1/5 10610/1/5
f 10620/45/5 10613/45/5 10612/45/5
f 10620/1/5 10612/1/5 10619/1/5
f 10621/45/5 10613/45/5 10620/45/5
f 10624/37/5 10623/37/5 10622/37/5
f 10625/37/5 10623/37/5 10624/37/5
f 10630/47/5 10627/47/5 10626/47/5
f 10631/47/5 10627/47/5 10630/47/5
f 10634/41/5 10629/41/5 10628/41/5
f 10635/41/5 10629/41/5 10634/41/5
f 10638/38/5 10633/38/5 10632/38/5
f 10639/38/5 10633/38/5 10638/38/5
f 10640/38/5 10637/38/5 10636/38/5
f 10641/38/5 10637/38/5 10640/38/5
f 10642/37/5 10641/37/5 10640/37/5
f 10643/37/5 10641/37/5 10642/37/5
f 10644/38/5 10643/38/5 10642/38/5
f 10645/38/5 10643/38/5 10644/38/5
f 10652/41/5 10647/41/5 10646/41/5
f 10653/41/5 10647/41/5 10652/41/5
f 10654/41/5 10649/41/5 10648/41/5
f 10655/41/5 10649/41/5 10654/41/5
f 10656/1/5 10651/1/5 10650/1/5
f 10657/1/5 10651/1/5 10656/1/5
f 10660/47/5 10659/47/5 10658/47/5
f 10661/47/5 10659/47/5 10660/47/5
f 10662/47/5 10659/47/5 10661/47/5
f 10695/1/5 10661/1/5 10660/1/5
f 10696/1/5 10661/1/5 10695/1/5
f 10697/46/5 10664/46/5 10663/46/5
f 10698/46/5 10664/46/5 10697/46/5
f 10699/46/5 10666/46/5 10665/46/5
f 10700/46/5 10666/46/5 10699/46/5
f 10701/46/5 10668/46/5 10667/46/5
f 10702/46/5 10668/46/5 10701/46/5
f 10703/46/5 10670/46/5 10669/46/5
f 10704/46/5 10670/46/5 10703/46/5
f 10705/46/5 10672/46/5 10671/46/5
f 10706/46/5 10672/46/5 10705/46/5
f 10707/46/5 10674/46/5 10673/46/5
f 10708/46/5 10674/46/5 10707/46/5
f 10709/46/5 10676/46/5 10675/46/5
f 10710/46/5 10676/46/5 10709/46/5
f 10711/46/5 10678/46/5 10677/46/5
f 10712/46/5 10678/46/5 10711/46/5
f 10713/46/5 10680/46/5 10679/46/5
f 10714/46/5 10680/46/5 10713/46/5
f 10715/46/5 10682/46/5 10681/46/5
f 10716/46/5 10682/46/5 10715/46/5
f 10717/46/5 10684/46/5 10683/46/5
f 10718/46/5 10684/46/5 10717/46/5
f 10719/46/5 10686/46/5 10685/46/5
f 10720/46/5 10686/46/5 10719/46/5
f 10721/46/5 10688/46/5 10687/46/5
f 10722/46/5 10688/46/5 10721/46/5
f 10723/46/5 10690/46/5 10689/46/5
f 10724/46/5 10690/46/5 10723/46/5
f 10725/46/5 10690/46/5 10724/46/5
f 10726/46/5 10692/46/5 10691/46/5
f 10727/46/5 10692/46/5 10726/46/5
f 10728/46/5 10694/46/5 10693/46/5
f 10729/46/5 10694/46/5 10728/46/5
f 10754/46/5 10731/46/5 10730/46/5
f 10755/46/5 10731/46/5 10754/46/5
f 10756/46/5 10733/46/5 10732/46/5
f 10757/46/5 10733/46/5 10756/46/5
f 10758/46/5 10733/46/5 10757/46/5
f 10759/46/5 10735/46/5 10734/46/5
f 10760/46/5 10735/46/5 10759/46/5
f 10761/46/5 10737/46/5 10736/46/5
f 10762/46/5 10737/46/5 10761/46/5
f 10763/46/5 10739/46/5 10738/46/5
f 10764/46/5 10739/46/5 10763/46/5
f 10765/46/5 10741/46/5 10740/46/5
f 10766/46/5 10741/46/5 10765/46/5
f 10767/46/5 10743/46/5 10742/46/5
f 10768/46/5 10743/46/5 10767/46/5
f 10769/46/5 10745/46/5 10744/46/5
f 10770/46/5 10745/46/5 10769/46/5
f 10771/46/5 10747/46/5 10746/46/5
f 10772/46/5 10747/46/5 10771/46/5
f 10773/46/5 10749/46/5 10748/46/5
f 10774/46/5 10749/46/5 10773/46/5
f 10775/46/5 10751/46/5 10750/46/5
f 10776/46/5 10751/46/5 10775/46/5
f 10777/46/5 10753/46/5 10752/46/5
f 10778/46/5 10753/46/5 10777/46/5
f 10781/26/5 10780/26/5 10779/26/5
f 10782/26/5 10780/26/5 10781/26/5
f 10795/31/5 10784/31/5 10783/31/5
f 10796/31/5 10784/31/5 10795/31/5
f 10797/46/5 10786/46/5 10785/46/5
f 10798/46/5 10786/46/5 10797/46/5
f 10799/28/5 10788/28/5 10787/28/5
f 10800/28/5 10788/28/5 10799/28/5
f 10801/46/5 10790/46/5 10789/46/5
f 10802/46/5 10790/46/5 10801/46/5
f 10803/46/5 10792/46/5 10791/46/5
f 10804/46/5 10792/46/5 10803/46/5
f 10805/46/5 10794/46/5 10793/46/5
f 10806/46/5 10794/46/5 10805/46/5
f 10813/31/5 10808/31/5 10807/31/5
f 10814/31/5 10808/31/5 10813/31/5
f 10815/31/5 10810/31/5 10809/31/5
f 10816/31/5 10810/31/5 10815/31/5
f 10817/46/5 10812/46/5 10811/46/5
f 10818/46/5 10812/46/5 10817/46/5
f 10823/31/5 10820/31/5 10819/31/5
f 10824/31/5 10820/31/5 10823/31/5
f 10825/31/5 10822/31/5 10821/31/5
f 10826/31/5 10822/31/5 10825/31/5
f 10831/31/5 10828/31/5 10827/31/5
f 10832/31/5 10828/31/5 10831/31/5
f 10834/47/5 10830/47/5 10829/47/5
f 10835/47/5 10830/47/5 10834/47/5
f 10836/47/5 10834/47/5 10833/47/5
f 10837/47/5 10834/47/5 10836/47/5
f 10840/31/5 10839/31/5 10838/31/5
f 10841/31/5 10839/31/5 10840/31/5
f 10844/26/5 10843/26/5 10842/26/5
f 10845/26/5 10843/26/5 10844/26/5
f 10848/7/5 10847/7/5 10846/7/5
f 10849/7/5 10847/7/5 10848/7/5
f 10854/35/5 10851/35/5 10850/35/5
f 10855/29/5 10852/29/5 10851/29/5
f 10855/35/5 10851/35/5 10854/35/5
f 10856/35/5 10853/35/5 10852/35/5
f 10856/29/5 10852/29/5 10855/29/5
f 10857/35/5 10853/35/5 10856/35/5
f 10859/35/5 10854/35/5 10850/35/5
f 10860/35/5 10854/35/5 10859/35/5
f 10861/35/5 10858/35/5 10857/35/5
f 10862/35/5 10858/35/5 10861/35/5
f 10863/14/5 10860/14/5 10859/14/5
f 10864/14/5 10863/14/5 10859/14/5
f 10865/14/5 10863/14/5 10864/14/5
f 10882/35/5 10867/35/5 10866/35/5
f 10882/29/5 10868/29/5 10867/29/5
f 10883/35/5 10869/35/5 10868/35/5
f 10883/29/5 10868/29/5 10882/29/5
f 10884/35/5 10869/35/5 10883/35/5
f 10885/35/5 10869/35/5 10884/35/5
f 10886/29/5 10870/29/5 10869/29/5
f 10886/35/5 10869/35/5 10885/35/5
f 10887/35/5 10871/35/5 10870/35/5
f 10887/29/5 10870/29/5 10886/29/5
f 10888/29/5 10872/29/5 10871/29/5
f 10888/35/5 10871/35/5 10887/35/5
f 10889/35/5 10873/35/5 10872/35/5
f 10889/29/5 10872/29/5 10888/29/5
f 10890/35/5 10873/35/5 10889/35/5
f 10891/35/5 10875/35/5 10874/35/5
f 10892/29/5 10876/29/5 10875/29/5
f 10892/35/5 10875/35/5 10891/35/5
f 10893/35/5 10877/35/5 10876/35/5
f 10893/29/5 10876/29/5 10892/29/5
f 10894/29/5 10878/29/5 10877/29/5
f 10895/35/5 10879/35/5 10878/35/5
f 10895/29/5 10878/29/5 10894/29/5
f 10896/35/5 10879/35/5 10895/35/5
f 10897/29/5 10880/29/5 10879/29/5
f 10898/35/5 10881/35/5 10880/35/5
f 10898/29/5 10880/29/5 10897/29/5
f 10899/35/5 10881/35/5 10898/35/5
f 10900/35/5 10882/35/5 10866/35/5
f 10900/35/5 10883/35/5 10882/35/5
f 10901/29/5 10884/29/5 10883/29/5
f 10901/35/5 10883/35/5 10900/35/5
f 10902/35/5 10885/35/5 10884/35/5
f 10902/29/5 10884/29/5 10901/29/5
f 10903/29/5 10886/29/5 10885/29/5
f 10903/35/5 10885/35/5 10902/35/5
f 10904/35/5 10887/35/5 10886/35/5
f 10904/29/5 10886/29/5 10903/29/5
f 10904/35/5 10888/35/5 10887/35/5
f 10904/35/5 10889/35/5 10888/35/5
f 10905/29/5 10890/29/5 10889/29/5
f 10905/35/5 10889/35/5 10904/35/5
f 10906/35/5 10873/35/5 10890/35/5
f 10906/29/5 10890/29/5 10905/29/5
f 10907/29/5 10874/29/5 10873/29/5
f 10907/35/5 10873/35/5 10906/35/5
f 10908/35/5 10891/35/5 10874/35/5
f 10908/29/5 10874/29/5 10907/29/5
f 10909/29/5 10892/29/5 10891/29/5
f 10909/35/5 10891/35/5 10908/35/5
f 10910/35/5 10893/35/5 10892/35/5
f 10910/29/5 10892/29/5 10909/29/5
f 10911/35/5 10877/35/5 10893/35/5
f 10911/35/5 10893/35/5 10910/35/5
f 10911/29/5 10894/29/5 10877/29/5
f 10912/35/5 10895/35/5 10894/35/5
f 10912/29/5 10894/29/5 10911/29/5
f 10913/29/5 10896/29/5 10895/29/5
f 10913/35/5 10895/35/5 10912/35/5
f 10914/35/5 10879/35/5 10896/35/5
f 10914/29/5 10896/29/5 10913/29/5
f 10915/29/5 10897/29/5 10879/29/5
f 10915/35/5 10879/35/5 10914/35/5
f 10916/35/5 10898/35/5 10897/35/5
f 10916/29/5 10897/29/5 10915/29/5
f 10917/29/5 10899/29/5 10898/29/5
f 10917/35/5 10898/35/5 10916/35/5
f 10918/35/5 10881/35/5 10899/35/5
f 10918/29/5 10899/29/5 10917/29/5
f 10919/35/5 10881/35/5 10918/35/5
f 10922/32/5 10921/32/5 10920/32/5
f 10923/32/5 10921/32/5 10922/32/5
f 10926/35/5 10925/35/5 10924/35/5
f 10927/35/5 10925/35/5 10926/35/5
f 10956/35/5 10929/35/5 10928/35/5
f 10957/29/5 10930/29/5 10929/29/5
f 10957/35/5 10929/35/5 10956/35/5
f 10957/29/5 10931/29/5 10930/29/5
f 10958/35/5 10932/35/5 10931/35/5
f 10958/29/5 10931/29/5 10957/29/5
f 10959/29/5 10933/29/5 10932/29/5
f 10959/35/5 10932/35/5 10958/35/5
f 10959/29/5 10934/29/5 10933/29/5
f 10960/35/5 10935/35/5 10934/35/5
f 10960/29/5 10934/29/5 10959/29/5
f 10960/35/5 10936/35/5 10935/35/5
f 10961/29/5 10937/29/5 10936/29/5
f 10961/35/5 10936/35/5 10960/35/5
f 10962/35/5 10938/35/5 10937/35/5
f 10962/29/5 10937/29/5 10961/29/5
f 10963/29/5 10939/29/5 10938/29/5
f 10963/35/5 10938/35/5 10962/35/5
f 10964/35/5 10940/35/5 10939/35/5
f 10964/29/5 10939/29/5 10963/29/5
f 10965/29/5 10941/29/5 10940/29/5
f 10965/35/5 10940/35/5 10964/35/5
f 10965/29/5 10942/29/5 10941/29/5
f 10966/35/5 10943/35/5 10942/35/5
f 10966/29/5 10942/29/5 10965/29/5
f 10967/29/5 10944/29/5 10943/29/5
f 10967/35/5 10943/35/5 10966/35/5
f 10968/35/5 10945/35/5 10944/35/5
f 10968/29/5 10944/29/5 10967/29/5
f 10969/29/5 10946/29/5 10945/29/5
f 10969/35/5 10945/35/5 10968/35/5
f 10970/35/5 10947/35/5 10946/35/5
f 10970/29/5 10946/29/5 10969/29/5
f 10971/29/5 10948/29/5 10947/29/5
f 10971/35/5 10947/35/5 10970/35/5
f 10972/35/5 10949/35/5 10948/35/5
f 10972/29/5 10948/29/5 10971/29/5
f 10972/35/5 10950/35/5 10949/35/5
f 10973/29/5 10952/29/5 10951/29/5
f 10973/35/5 10950/35/5 10972/35/5
f 10973/29/5 10951/29/5 10950/29/5
f 10974/35/5 10953/35/5 10952/35/5
f 10974/29/5 10952/29/5 10973/29/5
f 10975/29/5 10954/29/5 10953/29/5
f 10975/35/5 10953/35/5 10974/35/5
f 10976/35/5 10955/35/5 10954/35/5
f 10976/29/5 10954/29/5 10975/29/5
f 10977/35/5 10955/35/5 10976/35/5
f 10978/1/5 10975/1/5 10974/1/5
f 10978/1/5 10974/1/5 10973/1/5
f 10978/1/5 10977/1/5 10976/1/5
f 10978/1/5 10976/1/5 10975/1/5
f 10978/1/5 10970/1/5 10969/1/5
f 10978/1/5 10969/1/5 10968/1/5
f 10978/1/5 10968/1/5 10967/1/5
f 10978/1/5 10967/1/5 10966/1/5
f 10978/1/5 10966/1/5 10965/1/5
f 10978/1/5 10965/1/5 10964/1/5
f 10978/1/5 10971/1/5 10970/1/5
f 10978/1/5 10964/1/5 10963/1/5
f 10978/1/5 10963/1/5 10962/1/5
f 10978/1/5 10962/1/5 10961/1/5
f 10978/1/5 10961/1/5 10960/1/5
f 10978/1/5 10960/1/5 10959/1/5
f 10978/1/5 10972/1/5 10971/1/5
f 10978/1/5 10959/1/5 10958/1/5
f 10978/1/5 10973/1/5 10972/1/5
f 10978/1/5 10958/1/5 10957/1/5
f 10978/1/5 10957/1/5 10956/1/5
f 10979/1/5 10977/1/5 10978/1/5
f 10988/32/5 10981/32/5 10980/32/5
f 10989/32/5 10981/32/5 10988/32/5
f 10990/32/5 10981/32/5 10989/32/5
f 10991/32/5 10983/32/5 10982/32/5
f 10992/32/5 10983/32/5 10991/32/5
f 10993/32/5 10985/32/5 10984/32/5
f 10994/32/5 10985/32/5 10993/32/5
f 10995/32/5 10987/32/5 10986/32/5
f 10996/32/5 10987/32/5 10995/32/5
f 10999/1/5 10998/1/5 10997/1/5
f 11000/1/5 10998/1/5 10999/1/5
f 11003/32/5 11002/32/5 11001/32/5
f 11004/32/5 11002/32/5 11003/32/5
f 11009/48/5 11006/48/5 11005/48/5
f 11010/48/5 11006/48/5 11009/48/5
f 11011/48/5 11006/48/5 11010/48/5
f 11012/48/5 11008/48/5 11007/48/5
f 11013/48/5 11008/48/5 11012/48/5
f 11030/35/5 11015/35/5 11014/35/5
f 11031/29/5 11016/29/5 11015/29/5
f 11031/35/5 11015/35/5 11030/35/5
f 11032/35/5 11017/35/5 11016/35/5
f 11032/29/5 11016/29/5 11031/29/5
f 11033/29/5 11018/29/5 11017/29/5
f 11033/35/5 11017/35/5 11032/35/5
f 11034/35/5 11019/35/5 11018/35/5
f 11034/29/5 11018/29/5 11033/29/5
f 11035/29/5 11020/29/5 11019/29/5
f 11035/35/5 11019/35/5 11034/35/5
f 11036/35/5 11021/35/5 11020/35/5
f 11036/29/5 11020/29/5 11035/29/5
f 11037/29/5 11022/29/5 11021/29/5
f 11037/35/5 11021/35/5 11036/35/5
f 11038/35/5 11023/35/5 11022/35/5
f 11038/29/5 11022/29/5 11037/29/5
f 11039/29/5 11024/29/5 11023/29/5
f 11039/35/5 11023/35/5 11038/35/5
f 11040/35/5 11025/35/5 11024/35/5
f 11040/29/5 11024/29/5 11039/29/5
f 11041/29/5 11026/29/5 11025/29/5
f 11041/35/5 11025/35/5 11040/35/5
f 11042/35/5 11027/35/5 11026/35/5
f 11042/29/5 11026/29/5 11041/29/5
f 11043/29/5 11028/29/5 11027/29/5
f 11043/35/5 11027/35/5 11042/35/5
f 11044/35/5 11029/35/5 11028/35/5
f 11044/29/5 11028/29/5 11043/29/5
f 11045/35/5 11029/35/5 11044/35/5
f 11050/1/5 11034/1/5 11033/1/5
f 11050/1/5 11043/1/5 11042/1/5
f 11050/1/5 11031/1/5 11030/1/5
f 11050/1/5 11045/1/5 11044/1/5
f 11050/1/5 11044/1/5 11043/1/5
f 11050/1/5 11042/1/5 11041/1/5
f 11050/1/5 11041/1/5 11040/1/5
f 11050/1/5 11040/1/5 11039/1/5
f 11050/1/5 11039/1/5 11038/1/5
f 11050/1/5 11038/1/5 11037/1/5
f 11050/1/5 11037/1/5 11036/1/5
f 11050/1/5 11036/1/5 11035/1/5
f 11050/1/5 11035/1/5 11034/1/5
f 11050/1/5 11033/1/5 11032/1/5
f 11050/1/5 11032/1/5 11031/1/5
f 11051/1/5 11045/1/5 11050/1/5
f 11052/1/5 11045/1/5 11051/1/5
f 11053/1/5 11045/1/5 11052/1/5
f 11054/1/5 11045/1/5 11053/1/5
f 11055/1/5 11045/1/5 11054/1/5
f 11056/1/5 11045/1/5 11055/1/5
f 11057/1/5 11045/1/5 11056/1/5
f 11058/1/5 11045/1/5 11057/1/5
f 11059/1/5 11045/1/5 11058/1/5
f 11060/1/5 11045/1/5 11059/1/5
f 11061/32/5 11047/32/5 11046/32/5
f 11062/32/5 11047/32/5 11061/32/5
f 11063/32/5 11049/32/5 11048/32/5
f 11064/32/5 11049/32/5 11063/32/5
f 11066/1/5 11052/1/5 11051/1/5
f 11067/1/5 11052/1/5 11066/1/5
f 11068/1/5 11054/1/5 11053/1/5
f 11069/1/5 11054/1/5 11068/1/5
f 11072/1/5 11058/1/5 11057/1/5
f 11073/1/5 11058/1/5 11072/1/5
f 11074/1/5 11060/1/5 11059/1/5
f 11075/1/5 11073/1/5 11072/1/5
f 11075/1/5 11074/1/5 11073/1/5
f 11075/1/5 11060/1/5 11074/1/5
f 11075/1/5 11071/1/5 11070/1/5
f 11075/1/5 11072/1/5 11071/1/5
f 11075/1/5 11067/1/5 11066/1/5
f 11075/1/5 11070/1/5 11069/1/5
f 11075/1/5 11069/1/5 11068/1/5
f 11075/1/5 11068/1/5 11067/1/5
f 11075/1/5 11066/1/5 11065/1/5
f 11076/1/5 11060/1/5 11075/1/5
f 11077/1/5 11075/1/5 11065/1/5
f 11078/1/5 11075/1/5 11077/1/5
f 11079/1/5 11077/1/5 11065/1/5
f 11080/1/5 11077/1/5 11079/1/5
f 11085/32/5 11082/32/5 11081/32/5
f 11086/32/5 11082/32/5 11085/32/5
f 11087/32/5 11084/32/5 11083/32/5
f 11088/32/5 11084/32/5 11087/32/5
f 11093/24/5 11090/24/5 11089/24/5
f 11094/24/5 11090/24/5 11093/24/5
f 11095/24/5 11092/24/5 11091/24/5
f 11096/24/5 11092/24/5 11095/24/5
f 11103/48/5 11098/48/5 11097/48/5
f 11104/48/5 11098/48/5 11103/48/5
f 11105/48/5 11100/48/5 11099/48/5
f 11106/48/5 11100/48/5 11105/48/5
f 11107/48/5 11102/48/5 11101/48/5
f 11108/48/5 11102/48/5 11107/48/5
f 11121/32/5 11110/32/5 11109/32/5
f 11122/32/5 11110/32/5 11121/32/5
f 11123/32/5 11110/32/5 11122/32/5
f 11124/32/5 11112/32/5 11111/32/5
f 11125/32/5 11112/32/5 11124/32/5
f 11126/32/5 11114/32/5 11113/32/5
f 11127/32/5 11114/32/5 11126/32/5
f 11128/32/5 11116/32/5 11115/32/5
f 11129/32/5 11116/32/5 11128/32/5
f 11130/32/5 11118/32/5 11117/32/5
f 11131/32/5 11118/32/5 11130/32/5
f 11132/32/5 11120/32/5 11119/32/5
f 11133/32/5 11120/32/5 11132/32/5
f 11136/26/5 11135/26/5 11134/26/5
f 11137/26/5 11135/26/5 11136/26/5
f 11143/24/5 11139/24/5 11138/24/5
f 11144/24/5 11139/24/5 11143/24/5
f 11145/24/5 11141/24/5 11140/24/5
f 11146/24/5 11141/24/5 11145/24/5
f 11150/48/5 11143/48/5 11142/48/5
f 11151/1/5 11144/1/5 11143/1/5
f 11151/48/5 11143/48/5 11150/48/5
f 11152/24/5 11145/24/5 11144/24/5
f 11152/1/5 11144/1/5 11151/1/5
f 11153/24/5 11145/24/5 11152/24/5
f 11154/1/5 11146/1/5 11145/1/5
f 11154/24/5 11145/24/5 11153/24/5
f 11154/1/5 11147/1/5 11146/1/5
f 11155/1/5 11147/1/5 11154/1/5
f 11156/48/5 11149/48/5 11148/48/5
f 11157/48/5 11149/48/5 11156/48/5
f 11158/48/5 11152/48/5 11151/48/5
f 11159/48/5 11155/48/5 11154/48/5
f 11159/48/5 11154/48/5 11153/48/5
f 11160/48/5 11155/48/5 11159/48/5
f 11161/48/5 11158/48/5 11151/48/5
f 11161/48/5 11159/48/5 11158/48/5
f 11162/48/5 11159/48/5 11161/48/5
f 11167/32/5 11164/32/5 11163/32/5
f 11168/32/5 11164/32/5 11167/32/5
f 11169/32/5 11166/32/5 11165/32/5
f 11170/32/5 11166/32/5 11169/32/5
f 11176/24/5 11172/24/5 11171/24/5
f 11177/24/5 11172/24/5 11176/24/5
f 11178/24/5 11174/24/5 11173/24/5
f 11179/24/5 11174/24/5 11178/24/5
f 11180/48/5 11177/48/5 11176/48/5
f 11180/48/5 11176/48/5 11175/48/5
f 11181/48/5 11177/48/5 11180/48/5
f 11184/32/5 11183/32/5 11182/32/5
f 11185/32/5 11183/32/5 11184/32/5
f 11188/24/5 11187/24/5 11186/24/5
f 11189/24/5 11187/24/5 11188/24/5
f 11191/18/5 11190/18/5 11189/18/5
f 11193/18/5 11190/18/5 11191/18/5
f 11194/18/5 11190/18/5 11193/18/5
f 11195/24/5 11193/24/5 11192/24/5
f 11196/24/5 11193/24/5 11195/24/5
f 11199/23/5 11198/23/5 11197/23/5
f 11200/23/5 11198/23/5 11199/23/5
f 11207/23/5 11202/23/5 11201/23/5
f 11208/23/5 11202/23/5 11207/23/5
f 11209/23/5 11204/23/5 11203/23/5
f 11210/23/5 11204/23/5 11209/23/5
f 11211/23/5 11206/23/5 11205/23/5
f 11212/23/5 11206/23/5 11211/23/5
f 11215/24/5 11214/24/5 11213/24/5
f 11216/24/5 11214/24/5 11215/24/5
f 11219/24/5 11218/24/5 11217/24/5
f 11220/24/5 11218/24/5 11219/24/5
f 11251/43/5 11222/43/5 11221/43/5
f 11252/43/5 11222/43/5 11251/43/5
f 11253/47/5 11223/47/5 11222/47/5
f 11253/43/5 11222/43/5 11252/43/5
f 11254/43/5 11224/43/5 11223/43/5
f 11254/47/5 11223/47/5 11253/47/5
f 11255/1/5 11225/1/5 11224/1/5
f 11255/43/5 11224/43/5 11254/43/5
f 11256/43/5 11226/43/5 11225/43/5
f 11256/1/5 11225/1/5 11255/1/5
f 11257/47/5 11227/47/5 11226/47/5
f 11257/43/5 11226/43/5 11256/43/5
f 11258/43/5 11228/43/5 11227/43/5
f 11258/47/5 11227/47/5 11257/47/5
f 11259/47/5 11229/47/5 11228/47/5
f 11259/43/5 11228/43/5 11258/43/5
f 11260/47/5 11229/47/5 11259/47/5
f 11261/43/5 11230/43/5 11229/43/5
f 11261/47/5 11229/47/5 11260/47/5
f 11262/47/5 11231/47/5 11230/47/5
f 11262/43/5 11230/43/5 11261/43/5
f 11263/43/5 11232/43/5 11231/43/5
f 11263/47/5 11231/47/5 11262/47/5
f 11264/1/5 11233/1/5 11232/1/5
f 11264/43/5 11232/43/5 11263/43/5
f 11265/43/5 11234/43/5 11233/43/5
f 11265/1/5 11233/1/5 11264/1/5
f 11266/47/5 11235/47/5 11234/47/5
f 11266/43/5 11234/43/5 11265/43/5
f 11267/43/5 11236/43/5 11235/43/5
f 11267/47/5 11235/47/5 11266/47/5
f 11268/43/5 11236/43/5 11267/43/5
f 11269/43/5 11236/43/5 11268/43/5
f 11270/47/5 11237/47/5 11236/47/5
f 11270/43/5 11236/43/5 11269/43/5
f 11271/43/5 11238/43/5 11237/43/5
f 11271/47/5 11237/47/5 11270/47/5
f 11272/47/5 11239/47/5 11238/47/5
f 11272/43/5 11238/43/5 11271/43/5
f 11273/43/5 11240/43/5 11239/43/5
f 11273/47/5 11239/47/5 11272/47/5
f 11274/47/5 11241/47/5 11240/47/5
f 11274/43/5 11240/43/5 11273/43/5
f 11275/43/5 11242/43/5 11241/43/5
f 11275/47/5 11241/47/5 11274/47/5
f 11276/43/5 11242/43/5 11275/43/5
f 11277/43/5 11242/43/5 11276/43/5
f 11278/1/5 11243/1/5 11242/1/5
f 11278/43/5 11242/43/5 11277/43/5
f 11279/43/5 11244/43/5 11243/43/5
f 11279/1/5 11243/1/5 11278/1/5
f 11280/47/5 11245/47/5 11244/47/5
f 11280/43/5 11244/43/5 11279/43/5
f 11281/43/5 11246/43/5 11245/43/5
f 11281/47/5 11245/47/5 11280/47/5
f 11282/47/5 11247/47/5 11246/47/5
f 11282/43/5 11246/43/5 11281/43/5
f 11283/43/5 11248/43/5 11247/43/5
f 11283/47/5 11247/47/5 11282/47/5
f 11284/47/5 11249/47/5 11248/47/5
f 11284/43/5 11248/43/5 11283/43/5
f 11285/43/5 11250/43/5 11249/43/5
f 11285/47/5 11249/47/5 11284/47/5
f 11286/43/5 11250/43/5 11285/43/5
f 11287/43/5 11250/43/5 11286/43/5
f 11288/14/5 11252/14/5 11251/14/5
f 11289/14/5 11252/14/5 11288/14/5
f 11290/1/5 11256/1/5 11255/1/5
f 11291/1/5 11256/1/5 11290/1/5
f 11292/1/5 11261/1/5 11260/1/5
f 11293/1/5 11261/1/5 11292/1/5
f 11294/1/5 11265/1/5 11264/1/5
f 11295/1/5 11265/1/5 11294/1/5
f 11296/1/5 11269/1/5 11268/1/5
f 11297/1/5 11269/1/5 11296/1/5
f 11298/1/5 11277/1/5 11276/1/5
f 11299/1/5 11277/1/5 11298/1/5
f 11300/1/5 11279/1/5 11278/1/5
f 11301/1/5 11279/1/5 11300/1/5
f 11302/1/5 11286/1/5 11285/1/5
f 11302/1/5 11285/1/5 11284/1/5
f 11303/1/5 11286/1/5 11302/1/5
f 11306/26/5 11305/26/5 11304/26/5
f 11307/26/5 11305/26/5 11306/26/5
f 11329/47/5 11309/47/5 11308/47/5
f 11330/43/5 11310/43/5 11309/43/5
f 11330/47/5 11309/47/5 11329/47/5
f 11331/43/5 11310/43/5 11330/43/5
f 11332/43/5 11310/43/5 11331/43/5
f 11333/1/5 11311/1/5 11310/1/5
f 11333/43/5 11310/43/5 11332/43/5
f 11334/43/5 11312/43/5 11311/43/5
f 11334/1/5 11311/1/5 11333/1/5
f 11335/47/5 11313/47/5 11312/47/5
f 11335/43/5 11312/43/5 11334/43/5
f 11336/43/5 11314/43/5 11313/43/5
f 11336/47/5 11313/47/5 11335/47/5
f 11337/47/5 11315/47/5 11314/47/5
f 11337/43/5 11314/43/5 11336/43/5
f 11338/43/5 11316/43/5 11315/43/5
f 11338/47/5 11315/47/5 11337/47/5
f 11339/47/5 11317/47/5 11316/47/5
f 11339/43/5 11316/43/5 11338/43/5
f 11340/43/5 11318/43/5 11317/43/5
f 11340/47/5 11317/47/5 11339/47/5
f 11341/47/5 11319/47/5 11318/47/5
f 11341/43/5 11318/43/5 11340/43/5
f 11342/43/5 11320/43/5 11319/43/5
f 11342/47/5 11319/47/5 11341/47/5
f 11343/47/5 11321/47/5 11320/47/5
f 11343/43/5 11320/43/5 11342/43/5
f 11344/43/5 11322/43/5 11321/43/5
f 11344/47/5 11321/47/5 11343/47/5
f 11345/1/5 11323/1/5 11322/1/5
f 11345/43/5 11322/43/5 11344/43/5
f 11346/43/5 11324/43/5 11323/43/5
f 11346/1/5 11323/1/5 11345/1/5
f 11347/47/5 11325/47/5 11324/47/5
f 11347/43/5 11324/43/5 11346/43/5
f 11348/43/5 11326/43/5 11325/43/5
f 11348/47/5 11325/47/5 11347/47/5
f 11349/47/5 11327/47/5 11326/47/5
f 11349/43/5 11326/43/5 11348/43/5
f 11350/43/5 11328/43/5 11327/43/5
f 11350/47/5 11327/47/5 11349/47/5
f 11351/43/5 11328/43/5 11350/43/5
f 11352/23/5 11330/23/5 11329/23/5
f 11353/23/5 11330/23/5 11352/23/5
f 11354/23/5 11332/23/5 11331/23/5
f 11355/23/5 11332/23/5 11354/23/5
f 11362/23/5 11357/23/5 11356/23/5
f 11363/23/5 11357/23/5 11362/23/5
f 11364/23/5 11359/23/5 11358/23/5
f 11365/23/5 11359/23/5 11364/23/5
f 11366/23/5 11361/23/5 11360/23/5
f 11367/23/5 11361/23/5 11366/23/5
f 11372/8/5 11369/8/5 11368/8/5
f 11373/8/5 11369/8/5 11372/8/5
f 11374/8/5 11371/8/5 11370/8/5
f 11375/8/5 11371/8/5 11374/8/5
f 11376/8/5 11372/8/5 11368/8/5
f 11377/8/5 11369/8/5 11373/8/5
f 11378/8/5 11374/8/5 11370/8/5
f 11379/8/5 11371/8/5 11375/8/5
f 11380/8/5 11376/8/5 11368/8/5
f 11380/8/5 11377/8/5 11376/8/5
f 11381/8/5 11369/8/5 11377/8/5
f 11381/8/5 11377/8/5 11380/8/5
f 11382/8/5 11379/8/5 11378/8/5
f 11382/8/5 11378/8/5 11370/8/5
f 11383/8/5 11371/8/5 11379/8/5
f 11383/8/5 11379/8/5 11382/8/5
f 11386/23/5 11385/23/5 11384/23/5
f 11387/23/5 11385/23/5 11386/23/5
f 11392/13/5 11389/13/5 11388/13/5
f 11393/13/5 11389/13/5 11392/13/5
f 11394/1/5 11391/1/5 11390/1/5
f 11395/1/5 11391/1/5 11394/1/5
f 11396/13/5 11393/13/5 11392/13/5
f 11397/13/5 11393/13/5 11396/13/5
f 11402/9/5 11399/9/5 11398/9/5
f 11403/9/5 11399/9/5 11402/9/5
f 11404/9/5 11401/9/5 11400/9/5
f 11405/9/5 11401/9/5 11404/9/5
f 11413/23/5 11407/23/5 11406/23/5
f 11414/23/5 11407/23/5 11413/23/5
f 11415/23/5 11407/23/5 11414/23/5
f 11416/23/5 11407/23/5 11415/23/5
f 11417/23/5 11407/23/5 11416/23/5
f 11418/23/5 11407/23/5 11417/23/5
f 11419/23/5 11407/23/5 11418/23/5
f 11423/23/5 11413/23/5 11412/23/5
f 11423/23/5 11414/23/5 11413/23/5
f 11424/23/5 11414/23/5 11423/23/5
f 11425/23/5 11420/23/5 11419/23/5
f 11425/23/5 11419/23/5 11418/23/5
f 11426/23/5 11420/23/5 11425/23/5
f 11428/8/5 11409/8/5 11408/8/5
f 11429/8/5 11409/8/5 11428/8/5
f 11430/23/5 11422/23/5 11421/23/5
f 11431/23/5 11422/23/5 11430/23/5
f 11433/8/5 11411/8/5 11410/8/5
f 11434/8/5 11411/8/5 11433/8/5
f 11438/23/5 11423/23/5 11412/23/5
f 11439/23/5 11423/23/5 11438/23/5
f 11440/23/5 11420/23/5 11426/23/5
f 11441/23/5 11420/23/5 11440/23/5
f 11442/23/5 11429/23/5 11428/23/5
f 11442/23/5 11428/23/5 11427/23/5
f 11442/23/5 11430/23/5 11429/23/5
f 11443/1/5 11432/1/5 11431/1/5
f 11443/23/5 11430/23/5 11442/23/5
f 11443/1/5 11431/1/5 11430/1/5
f 11444/23/5 11434/23/5 11433/23/5
f 11444/1/5 11432/1/5 11443/1/5
f 11444/23/5 11435/23/5 11434/23/5
f 11444/23/5 11433/23/5 11432/23/5
f 11445/23/5 11435/23/5 11444/23/5
f 11446/23/5 11435/23/5 11445/23/5
f 11447/23/5 11437/23/5 11436/23/5
f 11448/23/5 11437/23/5 11447/23/5
f 11449/1/5 11443/1/5 11442/1/5
f 11449/1/5 11444/1/5 11443/1/5
f 11450/1/5 11444/1/5 11449/1/5
f 11451/1/5 11446/1/5 11445/1/5
f 11452/1/5 11446/1/5 11451/1/5
f 11457/23/5 11454/23/5 11453/23/5
f 11458/23/5 11454/23/5 11457/23/5
f 11459/12/5 11456/12/5 11455/12/5
f 11460/12/5 11456/12/5 11459/12/5
f 11461/12/5 11456/12/5 11460/12/5
f 11462/12/5 11456/12/5 11461/12/5
f 11463/12/5 11456/12/5 11462/12/5
f 11464/12/5 11456/12/5 11463/12/5
f 11465/23/5 11461/23/5 11460/23/5
f 11466/23/5 11461/23/5 11465/23/5
f 11467/23/5 11463/23/5 11462/23/5
f 11468/23/5 11463/23/5 11467/23/5
f 11482/43/5 11470/43/5 11469/43/5
f 11483/43/5 11470/43/5 11482/43/5
f 11484/43/5 11470/43/5 11483/43/5
f 11485/47/5 11471/47/5 11470/47/5
f 11485/43/5 11470/43/5 11484/43/5
f 11486/43/5 11472/43/5 11471/43/5
f 11486/47/5 11471/47/5 11485/47/5
f 11487/47/5 11473/47/5 11472/47/5
f 11487/43/5 11472/43/5 11486/43/5
f 11488/43/5 11474/43/5 11473/43/5
f 11488/47/5 11473/47/5 11487/47/5
f 11489/43/5 11474/43/5 11488/43/5
f 11490/47/5 11475/47/5 11474/47/5
f 11490/43/5 11474/43/5 11489/43/5
f 11491/43/5 11476/43/5 11475/43/5
f 11491/47/5 11475/47/5 11490/47/5
f 11492/1/5 11477/1/5 11476/1/5
f 11492/43/5 11476/43/5 11491/43/5
f 11493/43/5 11478/43/5 11477/43/5
f 11493/1/5 11477/1/5 11492/1/5
f 11494/47/5 11479/47/5 11478/47/5
f 11494/43/5 11478/43/5 11493/43/5
f 11495/43/5 11480/43/5 11479/43/5
f 11495/47/5 11479/47/5 11494/47/5
f 11496/47/5 11481/47/5 11480/47/5
f 11496/43/5 11480/43/5 11495/43/5
f 11497/47/5 11481/47/5 11496/47/5
f 11498/47/5 11481/47/5 11497/47/5
f 11499/1/5 11484/1/5 11483/1/5
f 11500/1/5 11484/1/5 11499/1/5
f 11501/1/5 11490/1/5 11489/1/5
f 11502/1/5 11490/1/5 11501/1/5
f 11503/1/5 11493/1/5 11492/1/5
f 11504/1/5 11493/1/5 11503/1/5
f 11505/1/5 11497/1/5 11496/1/5
f 11506/1/5 11497/1/5 11505/1/5
f 11509/12/5 11508/12/5 11507/12/5
f 11510/12/5 11508/12/5 11509/12/5
f 11511/12/5 11508/12/5 11510/12/5
f 11512/12/5 11508/12/5 11511/12/5
f 11513/12/5 11508/12/5 11512/12/5
f 11514/12/5 11508/12/5 11513/12/5
f 11515/23/5 11511/23/5 11510/23/5
f 11516/23/5 11511/23/5 11515/23/5
f 11517/23/5 11513/23/5 11512/23/5
f 11518/23/5 11513/23/5 11517/23/5
f 11523/48/5 11520/48/5 11519/48/5
f 11524/48/5 11520/48/5 11523/48/5
f 11525/48/5 11522/48/5 11521/48/5
f 11526/48/5 11522/48/5 11525/48/5
f 11531/23/5 11528/23/5 11527/23/5
f 11532/23/5 11528/23/5 11531/23/5
f 11533/23/5 11530/23/5 11529/23/5
f 11534/23/5 11530/23/5 11533/23/5
f 11537/46/5 11536/46/5 11535/46/5
f 11538/46/5 11536/46/5 11537/46/5
f 11545/1/5 11538/1/5 11537/1/5
f 11546/1/5 11538/1/5 11545/1/5
f 11547/47/5 11540/47/5 11539/47/5
f 11548/34/5 11541/34/5 11540/34/5
f 11548/47/5 11540/47/5 11547/47/5
f 11549/47/5 11542/47/5 11541/47/5
f 11549/34/5 11541/34/5 11548/34/5
f 11550/34/5 11543/34/5 11542/34/5
f 11550/47/5 11542/47/5 11549/47/5
f 11551/47/5 11544/47/5 11543/47/5
f 11551/34/5 11543/34/5 11550/34/5
f 11552/47/5 11544/47/5 11551/47/5
f 11553/47/5 11544/47/5 11552/47/5
f 11556/1/5 11550/1/5 11549/1/5
f 11556/1/5 11548/1/5 11547/1/5
f 11556/1/5 11549/1/5 11548/1/5
f 11556/1/5 11552/1/5 11551/1/5
f 11556/1/5 11551/1/5 11550/1/5
f 11557/34/5 11553/34/5 11552/34/5
f 11557/1/5 11552/1/5 11556/1/5
f 11558/34/5 11553/34/5 11557/34/5
f 11559/23/5 11555/23/5 11554/23/5
f 11560/23/5 11555/23/5 11559/23/5
f 11563/36/5 11562/36/5 11561/36/5
f 11564/36/5 11562/36/5 11563/36/5
f 11565/36/5 11562/36/5 11564/36/5
f 11566/36/5 11562/36/5 11565/36/5
f 11570/23/5 11568/23/5 11567/23/5
f 11571/23/5 11568/23/5 11570/23/5
f 11573/16/5 11570/16/5 11569/16/5
f 11574/1/5 11571/1/5 11570/1/5
f 11574/16/5 11570/16/5 11573/16/5
f 11575/23/5 11572/23/5 11571/23/5
f 11575/1/5 11571/1/5 11574/1/5
f 11576/23/5 11572/23/5 11575/23/5
f 11579/1/5 11578/1/5 11577/1/5
f 11580/1/5 11578/1/5 11579/1/5
f 11585/36/5 11584/36/5 11583/36/5
f 11586/36/5 11584/36/5 11585/36/5
f 11592/48/5 11588/48/5 11587/48/5
f 11593/48/5 11588/48/5 11592/48/5
f 11596/48/5 11582/48/5 11581/48/5
f 11597/48/5 11582/48/5 11596/48/5
f 11598/1/5 11590/1/5 11589/1/5
f 11599/1/5 11590/1/5 11598/1/5
f 11600/1/5 11590/1/5 11599/1/5
f 11601/1/5 11590/1/5 11600/1/5
f 11602/1/5 11590/1/5 11601/1/5
f 11603/23/5 11592/23/5 11591/23/5
f 11604/23/5 11592/23/5 11603/23/5
f 11605/23/5 11592/23/5 11604/23/5
f 11606/33/5 11595/33/5 11594/33/5
f 11607/33/5 11595/33/5 11606/33/5
f 11608/13/5 11599/13/5 11598/13/5
f 11609/13/5 11599/13/5 11608/13/5
f 11610/13/5 11601/13/5 11600/13/5
f 11611/13/5 11601/13/5 11610/13/5
f 11625/34/5 11613/34/5 11612/34/5
f 11626/34/5 11613/34/5 11625/34/5
f 11627/46/5 11615/46/5 11614/46/5
f 11628/35/5 11616/35/5 11615/35/5
f 11628/46/5 11615/46/5 11627/46/5
f 11629/46/5 11617/46/5 11616/46/5
f 11629/35/5 11616/35/5 11628/35/5
f 11630/35/5 11618/35/5 11617/35/5
f 11630/46/5 11617/46/5 11629/46/5
f 11631/46/5 11619/46/5 11618/46/5
f 11631/35/5 11618/35/5 11630/35/5
f 11632/35/5 11620/35/5 11619/35/5
f 11632/46/5 11619/46/5 11631/46/5
f 11633/46/5 11621/46/5 11620/46/5
f 11633/35/5 11620/35/5 11632/35/5
f 11634/35/5 11622/35/5 11621/35/5
f 11634/46/5 11621/46/5 11633/46/5
f 11635/46/5 11623/46/5 11622/46/5
f 11635/35/5 11622/35/5 11634/35/5
f 11636/35/5 11624/35/5 11623/35/5
f 11636/46/5 11623/46/5 11635/46/5
f 11637/35/5 11624/35/5 11636/35/5
f 11640/33/5 11639/33/5 11638/33/5
f 11641/33/5 11639/33/5 11640/33/5
f 11644/20/5 11643/20/5 11642/20/5
f 11645/20/5 11643/20/5 11644/20/5
f 11652/20/5 11647/20/5 11646/20/5
f 11653/20/5 11647/20/5 11652/20/5
f 11654/36/5 11649/36/5 11648/36/5
f 11655/36/5 11649/36/5 11654/36/5
f 11656/36/5 11651/36/5 11650/36/5
f 11657/36/5 11651/36/5 11656/36/5
f 11660/23/5 11659/23/5 11658/23/5
f 11661/23/5 11659/23/5 11660/23/5
f 11664/20/5 11663/20/5 11662/20/5
f 11665/20/5 11663/20/5 11664/20/5
f 11667/20/5 11663/20/5 11665/20/5
f 11668/20/5 11667/20/5 11666/20/5
f 11669/20/5 11663/20/5 11667/20/5
f 11669/20/5 11667/20/5 11668/20/5
f 11674/20/5 11671/20/5 11670/20/5
f 11675/20/5 11671/20/5 11674/20/5
f 11676/36/5 11673/36/5 11672/36/5
f 11677/36/5 11673/36/5 11676/36/5
f 11690/1/5 11679/1/5 11678/1/5
f 11690/1/5 11689/1/5 11688/1/5
f 11690/1/5 11688/1/5 11687/1/5
f 11690/1/5 11687/1/5 11686/1/5
f 11690/1/5 11686/1/5 11685/1/5
f 11690/1/5 11685/1/5 11684/1/5
f 11690/1/5 11684/1/5 11683/1/5
f 11690/1/5 11683/1/5 11682/1/5
f 11690/1/5 11682/1/5 11681/1/5
f 11690/1/5 11681/1/5 11680/1/5
f 11690/1/5 11680/1/5 11679/1/5
f 11691/1/5 11689/1/5 11690/1/5
f 11695/1/5 11690/1/5 11678/1/5
f 11696/1/5 11690/1/5 11695/1/5
f 11697/1/5 11689/1/5 11691/1/5
f 11698/1/5 11689/1/5 11697/1/5
f 11700/33/5 11693/33/5 11692/33/5
f 11701/33/5 11693/33/5 11700/33/5
f 11702/13/5 11696/13/5 11695/13/5
f 11702/13/5 11699/13/5 11698/13/5
f 11702/13/5 11695/13/5 11694/13/5
f 11702/13/5 11698/13/5 11697/13/5
f 11702/13/5 11697/13/5 11696/13/5
f 11703/13/5 11699/13/5 11702/13/5
f 11704/13/5 11699/13/5 11703/13/5
f 11705/13/5 11699/13/5 11704/13/5
f 11708/23/5 11707/23/5 11706/23/5
f 11709/23/5 11707/23/5 11708/23/5
f 11714/45/5 11711/45/5 11710/45/5
f 11715/45/5 11711/45/5 11714/45/5
f 11716/34/5 11713/34/5 11712/34/5
f 11717/34/5 11713/34/5 11716/34/5
f 11722/23/5 11719/23/5 11718/23/5
f 11723/23/5 11719/23/5 11722/23/5
f 11724/23/5 11719/23/5 11723/23/5
f 11725/23/5 11719/23/5 11724/23/5
f 11726/33/5 11721/33/5 11720/33/5
f 11727/33/5 11721/33/5 11726/33/5
f 11728/13/5 11723/13/5 11722/13/5
f 11729/13/5 11723/13/5 11728/13/5
f 11730/13/5 11725/13/5 11724/13/5
f 11731/13/5 11725/13/5 11730/13/5
f 11734/20/5 11733/20/5 11732/20/5
f 11735/20/5 11733/20/5 11734/20/5
f 11739/23/5 11737/23/5 11736/23/5
f 11740/23/5 11737/23/5 11739/23/5
f 11741/23/5 11737/23/5 11740/23/5
f 11742/23/5 11737/23/5 11741/23/5
f 11743/23/5 11737/23/5 11742/23/5
f 11744/23/5 11737/23/5 11743/23/5
f 11745/23/5 11737/23/5 11744/23/5
f 11749/23/5 11739/23/5 11738/23/5
f 11749/23/5 11740/23/5 11739/23/5
f 11750/23/5 11740/23/5 11749/23/5
f 11751/23/5 11746/23/5 11745/23/5
f 11751/23/5 11745/23/5 11744/23/5
f 11752/23/5 11746/23/5 11751/23/5
f 11753/45/5 11748/45/5 11747/45/5
f 11754/45/5 11748/45/5 11753/45/5
f 11755/23/5 11749/23/5 11738/23/5
f 11756/23/5 11749/23/5 11755/23/5
f 11757/23/5 11746/23/5 11752/23/5
f 11758/23/5 11746/23/5 11757/23/5
f 11761/20/5 11760/20/5 11759/20/5
f 11762/20/5 11760/20/5 11761/20/5
f 11766/18/5 11764/18/5 11763/18/5
f 11767/18/5 11764/18/5 11766/18/5
f 11771/19/5 11766/19/5 11765/19/5
f 11772/19/5 11766/19/5 11771/19/5
f 11773/19/5 11768/19/5 11767/19/5
f 11774/19/5 11768/19/5 11773/19/5
f 11775/1/5 11772/1/5 11771/1/5
f 11776/1/5 11772/1/5 11775/1/5
f 11777/45/5 11774/45/5 11773/45/5
f 11778/45/5 11774/45/5 11777/45/5
f 11785/48/5 11770/48/5 11769/48/5
f 11786/48/5 11770/48/5 11785/48/5
f 11787/14/5 11780/14/5 11779/14/5
f 11788/33/5 11781/33/5 11780/33/5
f 11788/14/5 11780/14/5 11787/14/5
f 11789/33/5 11781/33/5 11788/33/5
f 11790/33/5 11783/33/5 11782/33/5
f 11791/33/5 11783/33/5 11790/33/5
f 11792/14/5 11785/14/5 11784/14/5
f 11793/14/5 11785/14/5 11792/14/5
f 11794/14/5 11785/14/5 11793/14/5
f 11795/23/5 11793/23/5 11792/23/5
f 11796/23/5 11793/23/5 11795/23/5
f 11803/1/5 11798/1/5 11797/1/5
f 11804/1/5 11798/1/5 11803/1/5
f 11805/33/5 11800/33/5 11799/33/5
f 11806/33/5 11800/33/5 11805/33/5
f 11807/33/5 11802/33/5 11801/33/5
f 11808/33/5 11802/33/5 11807/33/5
f 11811/23/5 11810/23/5 11809/23/5
f 11812/23/5 11810/23/5 11811/23/5
f 11815/20/5 11814/20/5 11813/20/5
f 11816/20/5 11814/20/5 11815/20/5
f 11824/19/5 11818/19/5 11817/19/5
f 11825/19/5 11818/19/5 11824/19/5
f 11826/19/5 11820/19/5 11819/19/5
f 11827/19/5 11820/19/5 11826/19/5
f 11830/1/5 11823/1/5 11822/1/5
f 11830/1/5 11822/1/5 11821/1/5
f 11831/1/5 11823/1/5 11830/1/5
f 11832/33/5 11829/33/5 11828/33/5
f 11833/33/5 11829/33/5 11832/33/5
f 11836/20/5 11835/20/5 11834/20/5
f 11837/20/5 11835/20/5 11836/20/5
f 11840/30/5 11839/30/5 11838/30/5
f 11841/30/5 11839/30/5 11840/30/5
f 11842/30/5 11839/30/5 11841/30/5
f 11847/30/5 11840/30/5 11838/30/5
f 11848/30/5 11840/30/5 11847/30/5
f 11849/1/5 11842/1/5 11841/1/5
f 11850/1/5 11842/1/5 11849/1/5
f 11851/33/5 11844/33/5 11843/33/5
f 11852/33/5 11844/33/5 11851/33/5
f 11853/33/5 11846/33/5 11845/33/5
f 11854/33/5 11846/33/5 11853/33/5
f 11865/30/5 11856/30/5 11855/30/5
f 11866/46/5 11857/46/5 11856/46/5
f 11866/30/5 11856/30/5 11865/30/5
f 11867/30/5 11858/30/5 11857/30/5
f 11867/46/5 11857/46/5 11866/46/5
f 11868/46/5 11859/46/5 11858/46/5
f 11868/30/5 11858/30/5 11867/30/5
f 11869/30/5 11860/30/5 11859/30/5
f 11869/46/5 11859/46/5 11868/46/5
f 11870/46/5 11861/46/5 11860/46/5
f 11870/30/5 11860/30/5 11869/30/5
f 11871/30/5 11862/30/5 11861/30/5
f 11871/46/5 11861/46/5 11870/46/5
f 11872/46/5 11863/46/5 11862/46/5
f 11872/30/5 11862/30/5 11871/30/5
f 11873/30/5 11864/30/5 11863/30/5
f 11873/46/5 11863/46/5 11872/46/5
f 11874/30/5 11864/30/5 11873/30/5
f 11877/20/5 11876/20/5 11875/20/5
f 11878/20/5 11876/20/5 11877/20/5
f 11881/48/5 11880/48/5 11879/48/5
f 11882/48/5 11880/48/5 11881/48/5
f 11898/20/5 11884/20/5 11883/20/5
f 11899/20/5 11884/20/5 11898/20/5
f 11900/46/5 11886/46/5 11885/46/5
f 11901/30/5 11887/30/5 11886/30/5
f 11901/46/5 11886/46/5 11900/46/5
f 11902/46/5 11888/46/5 11887/46/5
f 11902/30/5 11887/30/5 11901/30/5
f 11903/30/5 11889/30/5 11888/30/5
f 11903/46/5 11888/46/5 11902/46/5
f 11903/30/5 11890/30/5 11889/30/5
f 11904/46/5 11891/46/5 11890/46/5
f 11904/30/5 11890/30/5 11903/30/5
f 11905/30/5 11892/30/5 11891/30/5
f 11905/46/5 11891/46/5 11904/46/5
f 11906/46/5 11893/46/5 11892/46/5
f 11906/30/5 11892/30/5 11905/30/5
f 11907/30/5 11894/30/5 11893/30/5
f 11907/46/5 11893/46/5 11906/46/5
f 11908/46/5 11895/46/5 11894/46/5
f 11908/30/5 11894/30/5 11907/30/5
f 11908/46/5 11896/46/5 11895/46/5
f 11909/30/5 11897/30/5 11896/30/5
f 11909/46/5 11896/46/5 11908/46/5
f 11910/30/5 11897/30/5 11909/30/5
f 11913/48/5 11912/48/5 11911/48/5
f 11914/48/5 11912/48/5 11913/48/5
f 11921/1/5 11916/1/5 11915/1/5
f 11922/1/5 11916/1/5 11921/1/5
f 11923/1/5 11916/1/5 11922/1/5
f 11924/1/5 11916/1/5 11923/1/5
f 11925/33/5 11918/33/5 11917/33/5
f 11926/33/5 11918/33/5 11925/33/5
f 11927/33/5 11920/33/5 11919/33/5
f 11928/33/5 11920/33/5 11927/33/5
f 11929/13/5 11922/13/5 11921/13/5
f 11930/13/5 11922/13/5 11929/13/5
f 11931/13/5 11924/13/5 11923/13/5
f 11932/13/5 11924/13/5 11931/13/5
f 11950/46/5 11934/46/5 11933/46/5
f 11950/46/5 11935/46/5 11934/46/5
f 11951/30/5 11936/30/5 11935/30/5
f 11951/46/5 11935/46/5 11950/46/5
f 11952/46/5 11937/46/5 11936/46/5
f 11952/30/5 11936/30/5 11951/30/5
f 11953/30/5 11938/30/5 11937/30/5
f 11953/46/5 11937/46/5 11952/46/5
f 11953/30/5 11939/30/5 11938/30/5
f 11954/46/5 11940/46/5 11939/46/5
f 11954/30/5 11939/30/5 11953/30/5
f 11955/30/5 11941/30/5 11940/30/5
f 11955/46/5 11940/46/5 11954/46/5
f 11956/46/5 11942/46/5 11941/46/5
f 11956/30/5 11941/30/5 11955/30/5
f 11957/30/5 11943/30/5 11942/30/5
f 11957/46/5 11942/46/5 11956/46/5
f 11958/46/5 11944/46/5 11943/46/5
f 11958/30/5 11943/30/5 11957/30/5
f 11958/46/5 11945/46/5 11944/46/5
f 11959/30/5 11947/30/5 11946/30/5
f 11959/46/5 11945/46/5 11958/46/5
f 11959/30/5 11946/30/5 11945/30/5
f 11960/46/5 11948/46/5 11947/46/5
f 11960/30/5 11947/30/5 11959/30/5
f 11961/30/5 11949/30/5 11948/30/5
f 11961/46/5 11948/46/5 11960/46/5
f 11962/30/5 11949/30/5 11961/30/5
f 11965/20/5 11964/20/5 11963/20/5
f 11966/20/5 11964/20/5 11965/20/5
f 11969/21/5 11968/21/5 11967/21/5
f 11970/21/5 11968/21/5 11969/21/5
f 11987/21/5 11969/21/5 11967/21/5
f 11988/21/5 11968/21/5 11970/21/5
f 11989/30/5 11972/30/5 11971/30/5
f 11990/46/5 11973/46/5 11972/46/5
f 11990/30/5 11972/30/5 11989/30/5
f 11990/46/5 11974/46/5 11973/46/5
f 11991/30/5 11975/30/5 11974/30/5
f 11991/46/5 11974/46/5 11990/46/5
f 11992/46/5 11976/46/5 11975/46/5
f 11992/30/5 11975/30/5 11991/30/5
f 11992/46/5 11977/46/5 11976/46/5
f 11993/30/5 11978/30/5 11977/30/5
f 11993/46/5 11977/46/5 11992/46/5
f 11993/30/5 11979/30/5 11978/30/5
f 11993/30/5 11980/30/5 11979/30/5
f 11994/46/5 11981/46/5 11980/46/5
f 11994/30/5 11980/30/5 11993/30/5
f 11994/46/5 11982/46/5 11981/46/5
f 11995/30/5 11983/30/5 11982/30/5
f 11995/46/5 11982/46/5 11994/46/5
f 11996/46/5 11985/46/5 11984/46/5
f 11996/30/5 11983/30/5 11995/30/5
f 11996/46/5 11984/46/5 11983/46/5
f 11997/30/5 11986/30/5 11985/30/5
f 11997/46/5 11985/46/5 11996/46/5
f 11998/30/5 11986/30/5 11997/30/5
f 11999/21/5 11987/21/5 11967/21/5
f 11999/21/5 11988/21/5 11987/21/5
f 12000/21/5 11988/21/5 11999/21/5
f 12001/21/5 11988/21/5 12000/21/5
f 12002/21/5 11988/21/5 12001/21/5
f 12003/21/5 11988/21/5 12002/21/5
f 12004/21/5 11968/21/5 11988/21/5
f 12004/21/5 11988/21/5 12003/21/5
f 12006/21/5 12001/21/5 12000/21/5
f 12007/21/5 12001/21/5 12006/21/5
f 12010/21/5 12003/21/5 12002/21/5
f 12011/21/5 12003/21/5 12010/21/5
f 12013/21/5 12008/21/5 12007/21/5
f 12013/21/5 12006/21/5 12005/21/5
f 12013/21/5 12007/21/5 12006/21/5
f 12014/21/5 12008/21/5 12013/21/5
f 12015/21/5 12012/21/5 12011/21/5
f 12015/21/5 12011/21/5 12010/21/5
f 12015/21/5 12010/21/5 12009/21/5
f 12016/21/5 12012/21/5 12015/21/5
f 12027/21/5 12013/21/5 12005/21/5
f 12028/21/5 12013/21/5 12027/21/5
f 12029/21/5 12008/21/5 12014/21/5
f 12030/21/5 12008/21/5 12029/21/5
f 12031/21/5 12015/21/5 12009/21/5
f 12032/21/5 12015/21/5 12031/21/5
f 12033/21/5 12012/21/5 12016/21/5
f 12034/21/5 12012/21/5 12033/21/5
f 12035/3/5 11996/3/5 11995/3/5
f 12035/3/5 11995/3/5 11994/3/5
f 12035/3/5 11998/3/5 11997/3/5
f 12035/3/5 11990/3/5 11989/3/5
f 12035/3/5 11991/3/5 11990/3/5
f 12035/3/5 11992/3/5 11991/3/5
f 12035/3/5 11993/3/5 11992/3/5
f 12035/3/5 11994/3/5 11993/3/5
f 12035/3/5 11997/3/5 11996/3/5
f 12036/3/5 11998/3/5 12035/3/5
f 12037/33/5 12018/33/5 12017/33/5
f 12038/33/5 12018/33/5 12037/33/5
f 12039/33/5 12020/33/5 12019/33/5
f 12040/33/5 12020/33/5 12039/33/5
f 12041/33/5 12022/33/5 12021/33/5
f 12042/33/5 12022/33/5 12041/33/5
f 12043/14/5 12024/14/5 12023/14/5
f 12044/14/5 12024/14/5 12043/14/5
f 12045/14/5 12026/14/5 12025/14/5
f 12046/14/5 12026/14/5 12045/14/5
f 12049/22/5 12048/22/5 12047/22/5
f 12050/22/5 12048/22/5 12049/22/5
f 12055/33/5 12052/33/5 12051/33/5
f 12056/33/5 12052/33/5 12055/33/5
f 12057/33/5 12054/33/5 12053/33/5
f 12058/33/5 12054/33/5 12057/33/5
f 12061/23/5 12060/23/5 12059/23/5
f 12062/23/5 12060/23/5 12061/23/5
f 12065/48/5 12064/48/5 12063/48/5
f 12066/48/5 12064/48/5 12065/48/5
f 12069/48/5 12068/48/5 12067/48/5
f 12070/48/5 12068/48/5 12069/48/5
f 12081/48/5 12072/48/5 12071/48/5
f 12082/48/5 12072/48/5 12081/48/5
f 12083/1/5 12074/1/5 12073/1/5
f 12084/1/5 12074/1/5 12083/1/5
f 12085/48/5 12076/48/5 12075/48/5
f 12086/48/5 12076/48/5 12085/48/5
f 12087/33/5 12078/33/5 12077/33/5
f 12088/33/5 12078/33/5 12087/33/5
f 12089/33/5 12080/33/5 12079/33/5
f 12090/33/5 12080/33/5 12089/33/5
f 12093/23/5 12092/23/5 12091/23/5
f 12094/23/5 12092/23/5 12093/23/5
f 12095/23/5 12092/23/5 12094/23/5
f 12096/22/5 12094/22/5 12093/22/5
f 12097/22/5 12094/22/5 12096/22/5
f 12098/23/5 12092/23/5 12095/23/5
f 12099/23/5 12092/23/5 12098/23/5
f 12105/48/5 12101/48/5 12100/48/5
f 12106/48/5 12101/48/5 12105/48/5
f 12109/43/5 12104/43/5 12103/43/5
f 12109/43/5 12103/43/5 12102/43/5
f 12112/43/5 12104/43/5 12109/43/5
f 12113/15/5 12111/15/5 12110/15/5
f 12114/15/5 12111/15/5 12113/15/5
f 12115/43/5 12104/43/5 12112/43/5
f 12117/43/5 12104/43/5 12115/43/5
f 12118/43/5 12104/43/5 12117/43/5
f 12119/43/5 12108/43/5 12107/43/5
f 12120/43/5 12108/43/5 12119/43/5
f 12123/23/5 12117/23/5 12116/23/5
f 12124/1/5 12118/1/5 12117/1/5
f 12124/23/5 12117/23/5 12123/23/5
f 12125/1/5 12118/1/5 12124/1/5
f 12126/1/5 12120/1/5 12119/1/5
f 12127/1/5 12120/1/5 12126/1/5
f 12128/23/5 12122/23/5 12121/23/5
f 12129/23/5 12122/23/5 12128/23/5
f 12130/43/5 12125/43/5 12124/43/5
f 12131/43/5 12125/43/5 12130/43/5
f 12132/43/5 12127/43/5 12126/43/5
f 12133/43/5 12127/43/5 12132/43/5
f 12134/43/5 12130/43/5 12124/43/5
f 12136/43/5 12132/43/5 12126/43/5
f 12139/43/5 12135/43/5 12134/43/5
f 12139/43/5 12134/43/5 12124/43/5
f 12140/43/5 12135/43/5 12139/43/5
f 12141/43/5 12137/43/5 12136/43/5
f 12141/43/5 12136/43/5 12126/43/5
f 12142/43/5 12137/43/5 12141/43/5
f 12145/23/5 12139/23/5 12138/23/5
f 12146/1/5 12140/1/5 12139/1/5
f 12146/23/5 12139/23/5 12145/23/5
f 12147/1/5 12140/1/5 12146/1/5
f 12148/1/5 12142/1/5 12141/1/5
f 12149/1/5 12142/1/5 12148/1/5
f 12150/23/5 12144/23/5 12143/23/5
f 12151/23/5 12144/23/5 12150/23/5
f 12152/43/5 12147/43/5 12146/43/5
f 12153/43/5 12147/43/5 12152/43/5
f 12154/43/5 12149/43/5 12148/43/5
f 12155/43/5 12149/43/5 12154/43/5
f 12156/43/5 12152/43/5 12146/43/5
f 12158/43/5 12154/43/5 12148/43/5
f 12160/43/5 12157/43/5 12156/43/5
f 12160/43/5 12156/43/5 12146/43/5
f 12161/43/5 12157/43/5 12160/43/5
f 12162/43/5 12159/43/5 12158/43/5
f 12162/43/5 12158/43/5 12148/43/5
f 12163/43/5 12159/43/5 12162/43/5
f 12168/48/5 12165/48/5 12164/48/5
f 12169/48/5 12165/48/5 12168/48/5
f 12170/48/5 12167/48/5 12166/48/5
f 12171/48/5 12167/48/5 12170/48/5
f 12174/15/5 12173/15/5 12172/15/5
f 12175/15/5 12173/15/5 12174/15/5
f 12180/23/5 12177/23/5 12176/23/5
f 12181/23/5 12177/23/5 12180/23/5
f 12182/23/5 12179/23/5 12178/23/5
f 12183/23/5 12179/23/5 12182/23/5
f 12192/23/5 12185/23/5 12184/23/5
f 12192/23/5 12191/23/5 12190/23/5
f 12192/23/5 12190/23/5 12189/23/5
f 12192/23/5 12189/23/5 12188/23/5
f 12192/23/5 12188/23/5 12187/23/5
f 12192/23/5 12187/23/5 12186/23/5
f 12192/23/5 12186/23/5 12185/23/5
f 12193/23/5 12191/23/5 12192/23/5
f 12194/23/5 12192/23/5 12184/23/5
f 12195/23/5 12192/23/5 12194/23/5
f 12196/23/5 12191/23/5 12193/23/5
f 12197/23/5 12196/23/5 12193/23/5
f 12198/23/5 12192/23/5 12195/23/5
f 12199/23/5 12192/23/5 12198/23/5
f 12200/23/5 12197/23/5 12193/23/5
f 12205/23/5 12200/23/5 12193/23/5
f 12206/23/5 12202/23/5 12201/23/5
f 12207/23/5 12202/23/5 12206/23/5
f 12208/23/5 12204/23/5 12203/23/5
f 12209/23/5 12204/23/5 12208/23/5
f 12210/1/5 12193/1/5 12192/1/5
f 12210/23/5 12192/23/5 12199/23/5
f 12211/23/5 12205/23/5 12193/23/5
f 12211/1/5 12193/1/5 12210/1/5
f 12212/23/5 12210/23/5 12199/23/5
f 12212/23/5 12211/23/5 12210/23/5
f 12213/23/5 12211/23/5 12212/23/5
f 12214/23/5 12211/23/5 12213/23/5
f 12215/23/5 12211/23/5 12214/23/5
f 12216/23/5 12211/23/5 12215/23/5
f 12217/23/5 12211/23/5 12216/23/5
f 12218/23/5 12211/23/5 12217/23/5
f 12219/23/5 12205/23/5 12211/23/5
f 12219/23/5 12211/23/5 12218/23/5
f 12228/23/5 12224/23/5 12223/23/5
f 12228/23/5 12227/23/5 12226/23/5
f 12228/23/5 12226/23/5 12225/23/5
f 12228/23/5 12225/23/5 12224/23/5
f 12228/23/5 12223/23/5 12222/23/5
f 12228/23/5 12221/23/5 12220/23/5
f 12228/23/5 12222/23/5 12221/23/5
f 12229/23/5 12227/23/5 12228/23/5
f 12230/23/5 12227/23/5 12229/23/5
f 12231/23/5 12228/23/5 12220/23/5
f 12232/23/5 12230/23/5 12229/23/5
f 12233/23/5 12228/23/5 12231/23/5
f 12234/1/5 12229/1/5 12228/1/5
f 12234/23/5 12228/23/5 12233/23/5
f 12235/23/5 12232/23/5 12229/23/5
f 12235/1/5 12229/1/5 12234/1/5
f 12236/23/5 12232/23/5 12235/23/5
f 12243/23/5 12238/23/5 12237/23/5
f 12244/23/5 12238/23/5 12243/23/5
f 12245/23/5 12240/23/5 12239/23/5
f 12246/23/5 12240/23/5 12245/23/5
f 12248/44/5 12242/44/5 12241/44/5
f 12249/44/5 12242/44/5 12248/44/5
f 12253/14/5 12244/14/5 12243/14/5
f 12254/14/5 12244/14/5 12253/14/5
f 12255/14/5 12246/14/5 12245/14/5
f 12256/14/5 12246/14/5 12255/14/5
f 12257/13/5 12248/13/5 12247/13/5
f 12258/1/5 12249/1/5 12248/1/5
f 12258/13/5 12248/13/5 12257/13/5
f 12259/13/5 12250/13/5 12249/13/5
f 12259/1/5 12249/1/5 12258/1/5
f 12260/1/5 12251/1/5 12250/1/5
f 12260/13/5 12250/13/5 12259/13/5
f 12261/13/5 12252/13/5 12251/13/5
f 12261/1/5 12251/1/5 12260/1/5
f 12262/13/5 12252/13/5 12261/13/5
f 12263/13/5 12252/13/5 12262/13/5
f 12265/1/5 12255/1/5 12254/1/5
f 12266/1/5 12255/1/5 12265/1/5
f 12268/1/5 12265/1/5 12264/1/5
f 12268/1/5 12267/1/5 12266/1/5
f 12268/1/5 12266/1/5 12265/1/5
f 12269/1/5 12267/1/5 12268/1/5
f 12281/47/5 12271/47/5 12270/47/5
f 12282/34/5 12272/34/5 12271/34/5
f 12282/47/5 12271/47/5 12281/47/5
f 12283/47/5 12273/47/5 12272/47/5
f 12283/34/5 12272/34/5 12282/34/5
f 12284/34/5 12274/34/5 12273/34/5
f 12284/47/5 12273/47/5 12283/47/5
f 12285/47/5 12275/47/5 12274/47/5
f 12285/34/5 12274/34/5 12284/34/5
f 12286/34/5 12276/34/5 12275/34/5
f 12286/47/5 12275/47/5 12285/47/5
f 12287/44/5 12278/44/5 12277/44/5
f 12288/44/5 12278/44/5 12287/44/5
f 12290/15/5 12280/15/5 12279/15/5
f 12291/15/5 12280/15/5 12290/15/5
f 12292/1/5 12282/1/5 12281/1/5
f 12292/1/5 12283/1/5 12282/1/5
f 12292/1/5 12284/1/5 12283/1/5
f 12292/1/5 12285/1/5 12284/1/5
f 12292/1/5 12286/1/5 12285/1/5
f 12293/34/5 12276/34/5 12286/34/5
f 12293/1/5 12286/1/5 12292/1/5
f 12294/34/5 12276/34/5 12293/34/5
f 12295/11/5 12288/11/5 12287/11/5
f 12296/11/5 12288/11/5 12295/11/5
f 12297/15/5 12290/15/5 12289/15/5
f 12298/15/5 12280/15/5 12291/15/5
f 12299/15/5 12280/15/5 12298/15/5
f 12300/15/5 12297/15/5 12289/15/5
f 12301/15/5 12297/15/5 12300/15/5
f 12302/15/5 12280/15/5 12299/15/5
f 12303/15/5 12280/15/5 12302/15/5
f 12306/23/5 12305/23/5 12304/23/5
f 12307/23/5 12305/23/5 12306/23/5
f 12310/23/5 12309/23/5 12308/23/5
f 12311/23/5 12309/23/5 12310/23/5
f 12314/23/5 12313/23/5 12312/23/5
f 12315/23/5 12313/23/5 12314/23/5
f 12318/23/5 12317/23/5 12316/23/5
f 12319/23/5 12317/23/5 12318/23/5
f 12322/23/5 12321/23/5 12320/23/5
f 12323/23/5 12321/23/5 12322/23/5
f 12326/23/5 12325/23/5 12324/23/5
f 12327/23/5 12325/23/5 12326/23/5
f 12330/36/5 12329/36/5 12328/36/5
f 12331/36/5 12329/36/5 12330/36/5
f 12334/34/5 12333/34/5 12332/34/5
f 12335/34/5 12333/34/5 12334/34/5
f 12336/34/5 12333/34/5 12335/34/5
f 12342/48/5 12338/48/5 12337/48/5
f 12343/48/5 12338/48/5 12342/48/5
f 12344/48/5 12340/48/5 12339/48/5
f 12345/48/5 12340/48/5 12344/48/5
f 12347/48/5 12343/48/5 12342/48/5
f 12347/48/5 12342/48/5 12341/48/5
f 12348/44/5 12344/44/5 12343/44/5
f 12348/48/5 12343/48/5 12347/48/5
f 12349/44/5 12344/44/5 12348/44/5
f 12350/48/5 12346/48/5 12345/48/5
f 12350/44/5 12344/44/5 12349/44/5
f 12350/48/5 12345/48/5 12344/48/5
f 12351/1/5 12349/1/5 12348/1/5
f 12352/1/5 12349/1/5 12351/1/5
f 12353/48/5 12346/48/5 12350/48/5
f 12354/48/5 12346/48/5 12353/48/5
f 12357/36/5 12356/36/5 12355/36/5
f 12358/36/5 12356/36/5 12357/36/5
f 12361/48/5 12360/48/5 12359/48/5
f 12362/48/5 12360/48/5 12361/48/5
f 12365/48/5 12364/48/5 12363/48/5
f 12366/48/5 12364/48/5 12365/48/5
f 12369/48/5 12368/48/5 12367/48/5
f 12370/48/5 12368/48/5 12369/48/5
f 12375/34/5 12372/34/5 12371/34/5
f 12376/34/5 12372/34/5 12375/34/5
f 12377/34/5 12372/34/5 12376/34/5
f 12378/34/5 12372/34/5 12377/34/5
f 12379/34/5 12374/34/5 12373/34/5
f 12380/34/5 12374/34/5 12379/34/5
f 12381/34/5 12374/34/5 12380/34/5
f 12384/23/5 12383/23/5 12382/23/5
f 12385/23/5 12383/23/5 12384/23/5
f 12390/14/5 12387/14/5 12386/14/5
f 12391/14/5 12387/14/5 12390/14/5
f 12392/14/5 12389/14/5 12388/14/5
f 12393/14/5 12389/14/5 12392/14/5
f 12396/2/5 12395/2/5 12394/2/5
f 12397/2/5 12395/2/5 12396/2/5
f 12400/25/5 12399/25/5 12398/25/5
f 12401/25/5 12399/25/5 12400/25/5
f 12404/25/5 12403/25/5 12402/25/5
f 12405/25/5 12403/25/5 12404/25/5
f 12408/25/5 12407/25/5 12406/25/5
f 12409/25/5 12407/25/5 12408/25/5
f 12412/25/5 12411/25/5 12410/25/5
f 12413/25/5 12411/25/5 12412/25/5
f 12416/25/5 12415/25/5 12414/25/5
f 12417/25/5 12415/25/5 12416/25/5
f 12420/25/5 12419/25/5 12418/25/5
f 12421/25/5 12419/25/5 12420/25/5
f 12424/25/5 12423/25/5 12422/25/5
f 12425/25/5 12423/25/5 12424/25/5
f 12428/25/5 12427/25/5 12426/25/5
f 12429/25/5 12427/25/5 12428/25/5
f 12432/25/5 12431/25/5 12430/25/5
f 12433/25/5 12431/25/5 12432/25/5
f 12436/25/5 12435/25/5 12434/25/5
f 12437/25/5 12435/25/5 12436/25/5
f 12440/25/5 12439/25/5 12438/25/5
f 12441/25/5 12439/25/5 12440/25/5
f 12444/25/5 12443/25/5 12442/25/5
f 12445/25/5 12443/25/5 12444/25/5
f 12448/25/5 12447/25/5 12446/25/5
f 12449/25/5 12447/25/5 12448/25/5
f 12452/25/5 12451/25/5 12450/25/5
f 12453/25/5 12451/25/5 12452/25/5
f 12456/25/5 12455/25/5 12454/25/5
f 12457/25/5 12455/25/5 12456/25/5
f 12460/25/5 12459/25/5 12458/25/5
f 12461/25/5 12459/25/5 12460/25/5
f 12464/25/5 12463/25/5 12462/25/5
f 12465/25/5 12463/25/5 12464/25/5
f 12468/25/5 12467/25/5 12466/25/5
f 12469/25/5 12467/25/5 12468/25/5
f 12472/25/5 12471/25/5 12470/25/5
f 12473/25/5 12471/25/5 12472/25/5
f 12476/25/5 12475/25/5 12474/25/5
f 12477/25/5 12475/25/5 12476/25/5
f 12480/1/5 12479/1/5 12478/1/5
f 12481/1/5 12479/1/5 12480/1/5
f 12486/23/5 12483/23/5 12482/23/5
f 12487/23/5 12483/23/5 12486/23/5
f 12488/23/5 12483/23/5 12487/23/5
f 12489/23/5 12483/23/5 12488/23/5
f 12490/23/5 12485/23/5 12484/23/5
f 12491/23/5 12485/23/5 12490/23/5
f 12492/1/5 12487/1/5 12486/1/5
f 12493/1/5 12487/1/5 12492/1/5
f 12494/1/5 12489/1/5 12488/1/5
f 12495/1/5 12489/1/5 12494/1/5
f 12496/1/5 12491/1/5 12490/1/5
f 12497/1/5 12491/1/5 12496/1/5
f 12500/1/5 12499/1/5 12498/1/5
f 12501/1/5 12499/1/5 12500/1/5
f 12504/25/5 12503/25/5 12502/25/5
f 12505/25/5 12503/25/5 12504/25/5
f 12508/25/5 12507/25/5 12506/25/5
f 12509/25/5 12507/25/5 12508/25/5
f 12512/25/5 12511/25/5 12510/25/5
f 12513/25/5 12511/25/5 12512/25/5
f 12516/25/5 12515/25/5 12514/25/5
f 12517/25/5 12515/25/5 12516/25/5
f 12520/25/5 12519/25/5 12518/25/5
f 12521/25/5 12519/25/5 12520/25/5
f 12524/25/5 12523/25/5 12522/25/5
f 12525/25/5 12523/25/5 12524/25/5
f 12528/25/5 12527/25/5 12526/25/5
f 12529/25/5 12527/25/5 12528/25/5
f 12532/25/5 12531/25/5 12530/25/5
f 12533/25/5 12531/25/5 12532/25/5
f 12536/25/5 12535/25/5 12534/25/5
f 12537/25/5 12535/25/5 12536/25/5
f 12541/15/5 12540/15/5 12539/15/5
f 12542/15/5 12540/15/5 12541/15/5
f 12543/23/5 12539/23/5 12538/23/5
f 12543/15/5 12541/15/5 12539/15/5
f 12544/15/5 12541/15/5 12543/15/5
f 12545/23/5 12543/23/5 12538/23/5
f 12546/23/5 12543/23/5 12545/23/5
f 12549/23/5 12548/23/5 12547/23/5
f 12550/23/5 12548/23/5 12549/23/5
f 12553/23/5 12552/23/5 12551/23/5
f 12554/23/5 12552/23/5 12553/23/5
f 12555/1/6 12556/1/6 12559/1/6
f 12559/1/6 12556/1/6 12560/1/6
f 12557/1/6 12558/1/6 12561/1/6
f 12561/1/6 12558/1/6 12562/1/6
f 12565/4/6 12566/4/6 12570/4/6
f 12563/4/6 12564/4/6 12571/4/6
f 12571/4/6 12564/4/6 12572/4/6
f 12568/4/6 12569/4/6 12573/4/6
f 12567/4/6 12568/4/6 12573/4/6
f 12571/4/6 12572/4/6 12574/4/6
f 12572/4/6 12573/4/6 12574/4/6
f 12573/4/6 12569/4/6 12574/4/6
f 12570/4/6 12571/4/6 12574/4/6
f 12574/4/6 12569/4/6 12575/4/6
f 12570/4/6 12574/4/6 12576/4/6
f 12574/46/6 12575/46/6 12577/46/6
f 12576/4/6 12574/4/6 12577/4/6
f 12570/4/6 12576/4/6 12578/4/6
f 12576/46/6 12577/46/6 12579/46/6
f 12578/4/6 12576/4/6 12579/4/6
f 12577/46/6 12575/46/6 12580/46/6
f 12579/46/6 12577/46/6 12580/46/6
f 12575/4/6 12569/4/6 12581/4/6
f 12580/46/6 12575/46/6 12581/46/6
f 12570/4/6 12578/4/6 12582/4/6
f 12582/4/6 12578/4/6 12583/4/6
f 12583/4/6 12578/4/6 12584/4/6
f 12579/46/6 12580/46/6 12585/46/6
f 12584/4/6 12578/4/6 12585/4/6
f 12578/46/6 12579/46/6 12585/46/6
f 12585/46/6 12580/46/6 12586/46/6
f 12580/4/6 12581/4/6 12587/4/6
f 12586/46/6 12580/46/6 12587/46/6
f 12565/4/6 12570/4/6 12588/4/6
f 12570/4/6 12582/4/6 12588/4/6
f 12588/4/6 12582/4/6 12589/4/6
f 12589/4/6 12582/4/6 12590/4/6
f 12582/46/6 12583/46/6 12591/46/6
f 12590/4/6 12582/4/6 12591/4/6
f 12583/4/6 12584/4/6 12592/4/6
f 12592/4/6 12584/4/6 12593/4/6
f 12593/4/6 12584/4/6 12594/4/6
f 12594/4/6 12584/4/6 12595/4/6
f 12595/4/6 12584/4/6 12596/4/6
f 12585/46/6 12586/46/6 12597/46/6
f 12596/4/6 12584/4/6 12597/4/6
f 12584/46/6 12585/46/6 12597/46/6
f 12597/46/6 12586/46/6 12598/46/6
f 12586/4/6 12587/4/6 12599/4/6
f 12598/46/6 12586/46/6 12599/46/6
f 12589/4/6 12590/4/6 12600/4/6
f 12588/46/6 12589/46/6 12600/46/6
f 12590/46/6 12591/46/6 12601/46/6
f 12600/4/6 12590/4/6 12601/4/6
f 12583/4/6 12592/4/6 12602/4/6
f 12602/4/6 12592/4/6 12603/4/6
f 12603/4/6 12592/4/6 12604/4/6
f 12604/4/6 12592/4/6 12605/4/6
f 12605/4/6 12592/4/6 12606/4/6
f 12592/46/6 12593/46/6 12607/46/6
f 12606/4/6 12592/4/6 12607/4/6
f 12595/4/6 12596/4/6 12608/4/6
f 12597/46/6 12598/46/6 12609/46/6
f 12608/4/6 12596/4/6 12609/4/6
f 12596/46/6 12597/46/6 12609/46/6
f 12609/46/6 12598/46/6 12610/46/6
f 12598/4/6 12599/4/6 12611/4/6
f 12610/46/6 12598/46/6 12611/46/6
f 12605/4/6 12606/4/6 12612/4/6
f 12606/46/6 12607/46/6 12613/46/6
f 12612/4/6 12606/4/6 12613/4/6
f 12607/46/6 12593/46/6 12614/46/6
f 12613/46/6 12607/46/6 12614/46/6
f 12614/46/6 12593/46/6 12615/46/6
f 12595/4/6 12608/4/6 12616/4/6
f 12609/46/6 12610/46/6 12617/46/6
f 12616/4/6 12608/4/6 12617/4/6
f 12608/46/6 12609/46/6 12617/46/6
f 12617/46/6 12610/46/6 12618/46/6
f 12610/4/6 12611/4/6 12619/4/6
f 12618/46/6 12610/46/6 12619/46/6
f 12565/4/6 12588/4/6 12620/4/6
f 12588/46/6 12600/46/6 12620/46/6
f 12600/46/6 12601/46/6 12620/46/6
f 12601/46/6 12591/46/6 12621/46/6
f 12620/46/6 12601/46/6 12621/46/6
f 12615/46/6 12593/46/6 12622/46/6
f 12614/4/6 12615/4/6 12622/4/6
f 12622/46/6 12593/46/6 12623/46/6
f 12593/4/6 12594/4/6 12624/4/6
f 12623/46/6 12593/46/6 12624/46/6
f 12624/4/6 12594/4/6 12625/4/6
f 12595/4/6 12616/4/6 12626/4/6
f 12616/46/6 12617/46/6 12627/46/6
f 12626/4/6 12616/4/6 12627/4/6
f 12617/46/6 12618/46/6 12627/46/6
f 12627/46/6 12618/46/6 12628/46/6
f 12618/4/6 12619/4/6 12629/4/6
f 12628/46/6 12618/46/6 12629/46/6
f 12621/46/6 12591/46/6 12630/46/6
f 12620/4/6 12621/4/6 12630/4/6
f 12591/46/6 12583/46/6 12631/46/6
f 12630/46/6 12591/46/6 12631/46/6
f 12625/4/6 12594/4/6 12632/4/6
f 12594/46/6 12595/46/6 12633/46/6
f 12632/4/6 12594/4/6 12633/4/6
f 12595/4/6 12626/4/6 12634/4/6
f 12633/46/6 12595/46/6 12634/46/6
f 12627/46/6 12628/46/6 12635/46/6
f 12634/4/6 12626/4/6 12635/4/6
f 12626/46/6 12627/46/6 12635/46/6
f 12628/4/6 12629/4/6 12636/4/6
f 12635/46/6 12628/46/6 12636/46/6
f 12599/4/6 12587/4/6 12637/4/6
f 12636/4/6 12629/4/6 12637/4/6
f 12629/4/6 12619/4/6 12637/4/6
f 12619/4/6 12611/4/6 12637/4/6
f 12611/4/6 12599/4/6 12637/4/6
f 12583/4/6 12602/4/6 12638/4/6
f 12602/46/6 12603/46/6 12639/46/6
f 12638/4/6 12602/4/6 12639/4/6
f 12603/4/6 12604/4/6 12640/4/6
f 12639/46/6 12603/46/6 12640/46/6
f 12604/46/6 12605/46/6 12641/46/6
f 12640/4/6 12604/4/6 12641/4/6
f 12605/4/6 12612/4/6 12642/4/6
f 12641/46/6 12605/46/6 12642/46/6
f 12612/46/6 12613/46/6 12643/46/6
f 12642/4/6 12612/4/6 12643/4/6
f 12613/46/6 12614/46/6 12643/46/6
f 12614/4/6 12622/4/6 12644/4/6
f 12643/46/6 12614/46/6 12644/46/6
f 12622/4/6 12623/4/6 12644/4/6
f 12623/46/6 12624/46/6 12645/46/6
f 12644/4/6 12623/4/6 12645/4/6
f 12624/46/6 12625/46/6 12645/46/6
f 12620/4/6 12630/4/6 12646/4/6
f 12630/4/6 12631/4/6 12646/4/6
f 12565/4/6 12620/4/6 12646/4/6
f 12631/46/6 12583/46/6 12647/46/6
f 12646/4/6 12631/4/6 12647/4/6
f 12635/46/6 12636/46/6 12648/46/6
f 12625/4/6 12632/4/6 12648/4/6
f 12633/46/6 12634/46/6 12648/46/6
f 12634/46/6 12635/46/6 12648/46/6
f 12636/46/6 12637/46/6 12648/46/6
f 12632/46/6 12633/46/6 12648/46/6
f 12648/46/6 12637/46/6 12649/46/6
f 12649/46/6 12637/46/6 12650/46/6
f 12637/4/6 12587/4/6 12651/4/6
f 12650/46/6 12637/46/6 12651/46/6
f 12565/4/6 12646/4/6 12652/4/6
f 12646/46/6 12647/46/6 12653/46/6
f 12652/4/6 12646/4/6 12653/4/6
f 12641/46/6 12642/46/6 12654/46/6
f 12644/46/6 12645/46/6 12654/46/6
f 12643/46/6 12644/46/6 12654/46/6
f 12639/46/6 12640/46/6 12654/46/6
f 12638/46/6 12639/46/6 12654/46/6
f 12642/46/6 12643/46/6 12654/46/6
f 12583/4/6 12638/4/6 12654/4/6
f 12640/46/6 12641/46/6 12654/46/6
f 12654/46/6 12645/46/6 12655/46/6
f 12655/46/6 12645/46/6 12656/46/6
f 12656/46/6 12645/46/6 12657/46/6
f 12657/46/6 12645/46/6 12658/46/6
f 12658/46/6 12645/46/6 12659/46/6
f 12659/46/6 12645/46/6 12660/46/6
f 12645/46/6 12625/46/6 12661/46/6
f 12660/46/6 12645/46/6 12661/46/6
f 12648/4/6 12649/4/6 12661/4/6
f 12625/4/6 12648/4/6 12661/4/6
f 12565/4/6 12652/4/6 12662/4/6
f 12652/46/6 12653/46/6 12663/46/6
f 12662/4/6 12652/4/6 12663/4/6
f 12565/4/6 12662/4/6 12664/4/6
f 12662/46/6 12663/46/6 12665/46/6
f 12664/4/6 12662/4/6 12665/4/6
f 12653/46/6 12647/46/6 12666/46/6
f 12665/46/6 12663/46/6 12666/46/6
f 12663/46/6 12653/46/6 12666/46/6
f 12647/46/6 12583/46/6 12667/46/6
f 12666/46/6 12647/46/6 12667/46/6
f 12650/4/6 12651/4/6 12668/4/6
f 12668/4/6 12651/4/6 12669/4/6
f 12565/4/6 12664/4/6 12670/4/6
f 12665/46/6 12666/46/6 12671/46/6
f 12670/4/6 12664/4/6 12671/4/6
f 12664/46/6 12665/46/6 12671/46/6
f 12671/46/6 12666/46/6 12672/46/6
f 12666/4/6 12667/4/6 12673/4/6
f 12672/46/6 12666/46/6 12673/46/6
f 12659/46/6 12660/46/6 12674/46/6
f 12658/4/6 12659/4/6 12674/4/6
f 12660/4/6 12661/4/6 12675/4/6
f 12674/46/6 12660/46/6 12675/46/6
f 12661/4/6 12649/4/6 12676/4/6
f 12675/4/6 12661/4/6 12676/4/6
f 12649/46/6 12650/46/6 12677/46/6
f 12676/4/6 12649/4/6 12677/4/6
f 12650/4/6 12668/4/6 12678/4/6
f 12677/46/6 12650/46/6 12678/46/6
f 12668/46/6 12669/46/6 12679/46/6
f 12678/4/6 12668/4/6 12679/4/6
f 12679/46/6 12669/46/6 12680/46/6
f 12680/46/6 12669/46/6 12681/46/6
f 12669/4/6 12651/4/6 12682/4/6
f 12681/46/6 12669/46/6 12682/46/6
f 12651/4/6 12587/4/6 12683/4/6
f 12682/4/6 12651/4/6 12683/4/6
f 12671/46/6 12672/46/6 12684/46/6
f 12670/46/6 12671/46/6 12684/46/6
f 12672/4/6 12673/4/6 12685/4/6
f 12684/46/6 12672/46/6 12685/46/6
f 12677/46/6 12678/46/6 12686/46/6
f 12679/46/6 12680/46/6 12686/46/6
f 12676/46/6 12677/46/6 12686/46/6
f 12678/46/6 12679/46/6 12686/46/6
f 12681/46/6 12682/46/6 12687/46/6
f 12687/46/6 12682/46/6 12688/46/6
f 12683/4/6 12587/4/6 12689/4/6
f 12565/4/6 12670/4/6 12690/4/6
f 12670/46/6 12684/46/6 12690/46/6
f 12684/4/6 12685/4/6 12691/4/6
f 12690/46/6 12684/46/6 12691/46/6
f 12654/4/6 12655/4/6 12692/4/6
f 12655/46/6 12656/46/6 12692/46/6
f 12656/4/6 12657/4/6 12693/4/6
f 12692/46/6 12656/46/6 12693/46/6
f 12657/46/6 12658/46/6 12694/46/6
f 12693/4/6 12657/4/6 12694/4/6
f 12674/4/6 12675/4/6 12695/4/6
f 12694/46/6 12658/46/6 12695/46/6
f 12675/4/6 12676/4/6 12695/4/6
f 12658/4/6 12674/4/6 12695/4/6
f 12687/46/6 12688/46/6 12696/46/6
f 12676/46/6 12686/46/6 12696/46/6
f 12686/46/6 12687/46/6 12696/46/6
f 12688/4/6 12689/4/6 12697/4/6
f 12696/46/6 12688/46/6 12697/46/6
f 12673/4/6 12667/4/6 12698/4/6
f 12685/4/6 12673/4/6 12698/4/6
f 12667/46/6 12583/46/6 12698/46/6
f 12691/4/6 12685/4/6 12698/4/6
f 12690/4/6 12691/4/6 12698/4/6
f 12693/4/6 12694/4/6 12699/4/6
f 12698/46/6 12583/46/6 12699/46/6
f 12694/4/6 12695/4/6 12699/4/6
f 12654/4/6 12692/4/6 12699/4/6
f 12692/4/6 12693/4/6 12699/4/6
f 12583/4/6 12654/4/6 12699/4/6
f 12676/46/6 12696/46/6 12700/46/6
f 12699/4/6 12695/4/6 12700/4/6
f 12695/4/6 12676/4/6 12700/4/6
f 12696/4/6 12697/4/6 12701/4/6
f 12700/46/6 12696/46/6 12701/46/6
f 12698/4/6 12699/4/6 12702/4/6
f 12699/4/6 12700/4/6 12702/4/6
f 12700/4/6 12701/4/6 12702/4/6
f 12702/4/6 12701/4/6 12703/4/6
f 12698/4/6 12702/4/6 12704/4/6
f 12703/4/6 12701/4/6 12705/4/6
f 12690/4/6 12698/4/6 12706/4/6
f 12704/4/6 12705/4/6 12706/4/6
f 12565/4/6 12690/4/6 12706/4/6
f 12698/4/6 12704/4/6 12706/4/6
f 12587/4/6 12581/4/6 12707/4/6
f 12706/4/6 12705/4/6 12707/4/6
f 12697/4/6 12689/4/6 12707/4/6
f 12701/4/6 12697/4/6 12707/4/6
f 12581/4/6 12569/4/6 12707/4/6
f 12705/4/6 12701/4/6 12707/4/6
f 12689/4/6 12587/4/6 12707/4/6
f 12706/46/6 12707/46/6 12708/46/6
f 12708/46/6 12707/46/6 12709/46/6
f 12708/4/6 12709/4/6 12710/4/6
f 12710/4/6 12709/4/6 12711/4/6
f 12711/4/6 12709/4/6 12712/4/6
f 12712/4/6 12709/4/6 12713/4/6
f 12708/4/6 12710/4/6 12714/4/6
f 12714/4/6 12710/4/6 12715/4/6
f 12711/4/6 12712/4/6 12716/4/6
f 12716/4/6 12712/4/6 12717/4/6
f 12718/1/6 12719/1/6 12720/1/6
f 12720/1/6 12719/1/6 12721/1/6
f 12708/4/6 12714/4/6 12722/4/6
f 12717/4/6 12712/4/6 12725/4/6
f 12722/4/6 12723/4/6 12726/4/6
f 12724/4/6 12725/4/6 12729/4/6
f 12713/4/6 12709/4/6 12730/4/6
f 12730/4/6 12709/4/6 12731/4/6
f 12731/4/6 12709/4/6 12732/4/6
f 12732/4/6 12709/4/6 12733/4/6
f 12733/4/6 12709/4/6 12734/4/6
f 12728/4/6 12729/4/6 12735/4/6
f 12708/4/6 12722/4/6 12735/4/6
f 12727/4/6 12728/4/6 12735/4/6
f 12722/4/6 12726/4/6 12735/4/6
f 12726/4/6 12727/4/6 12735/4/6
f 12725/4/6 12712/4/6 12736/4/6
f 12735/4/6 12729/4/6 12736/4/6
f 12729/4/6 12725/4/6 12736/4/6
f 12730/23/6 12731/23/6 12737/23/6
f 12737/23/6 12731/23/6 12738/23/6
f 12732/4/6 12733/4/6 12739/4/6
f 12739/4/6 12733/4/6 12740/4/6
f 12740/4/6 12733/4/6 12741/4/6
f 12734/4/6 12709/4/6 12742/4/6
f 12742/4/6 12709/4/6 12743/4/6
f 12708/4/6 12735/4/6 12744/4/6
f 12744/4/6 12735/4/6 12745/4/6
f 12745/4/6 12735/4/6 12746/4/6
f 12746/4/6 12735/4/6 12747/4/6
f 12747/4/6 12735/4/6 12748/4/6
f 12748/4/6 12735/4/6 12749/4/6
f 12749/4/6 12735/4/6 12750/4/6
f 12740/4/6 12741/4/6 12751/4/6
f 12751/4/6 12741/4/6 12752/4/6
f 12752/4/6 12741/4/6 12753/4/6
f 12753/4/6 12741/4/6 12754/4/6
f 12752/4/6 12753/4/6 12755/4/6
f 12755/4/6 12753/4/6 12756/4/6
f 12708/4/6 12744/4/6 12757/4/6
f 12757/4/6 12744/4/6 12758/4/6
f 12745/4/6 12746/4/6 12759/4/6
f 12759/4/6 12746/4/6 12760/4/6
f 12760/4/6 12746/4/6 12761/4/6
f 12761/4/6 12746/4/6 12762/4/6
f 12747/4/6 12748/4/6 12763/4/6
f 12763/4/6 12748/4/6 12764/4/6
f 12764/4/6 12748/4/6 12765/4/6
f 12765/4/6 12748/4/6 12766/4/6
f 12749/4/6 12750/4/6 12767/4/6
f 12767/4/6 12750/4/6 12768/4/6
f 12708/4/6 12757/4/6 12769/4/6
f 12760/4/6 12761/4/6 12772/4/6
f 12772/4/6 12761/4/6 12773/4/6
f 12764/4/6 12765/4/6 12776/4/6
f 12776/4/6 12765/4/6 12777/4/6
f 12768/4/6 12750/4/6 12780/4/6
f 12769/4/6 12770/4/6 12781/4/6
f 12773/4/6 12774/4/6 12782/4/6
f 12771/4/6 12772/4/6 12782/4/6
f 12772/4/6 12773/4/6 12782/4/6
f 12782/4/6 12774/4/6 12783/4/6
f 12777/4/6 12778/4/6 12784/4/6
f 12775/4/6 12776/4/6 12784/4/6
f 12776/4/6 12777/4/6 12784/4/6
f 12784/4/6 12778/4/6 12785/4/6
f 12779/4/6 12780/4/6 12786/4/6
f 12782/4/6 12783/4/6 12787/4/6
f 12785/4/6 12786/4/6 12787/4/6
f 12769/4/6 12781/4/6 12787/4/6
f 12784/4/6 12785/4/6 12787/4/6
f 12783/4/6 12784/4/6 12787/4/6
f 12708/4/6 12769/4/6 12787/4/6
f 12781/4/6 12782/4/6 12787/4/6
f 12786/4/6 12780/4/6 12788/4/6
f 12787/4/6 12786/4/6 12788/4/6
f 12780/4/6 12750/4/6 12788/4/6
f 12789/1/6 12790/1/6 12794/1/6
f 12794/1/6 12790/1/6 12795/1/6
f 12791/1/6 12792/1/6 12796/1/6
f 12792/14/6 12793/14/6 12797/14/6
f 12796/1/6 12792/1/6 12797/1/6
f 12797/14/6 12793/14/6 12798/14/6
f 12799/17/6 12800/17/6 12801/17/6
f 12801/17/6 12800/17/6 12802/17/6
f 12802/17/6 12800/17/6 12803/17/6
f 12803/17/6 12800/17/6 12804/17/6
f 12802/17/6 12803/17/6 12805/17/6
f 12805/17/6 12803/17/6 12806/17/6
f 12806/17/6 12803/17/6 12807/17/6
f 12803/23/6 12804/23/6 12808/23/6
f 12807/17/6 12803/17/6 12808/17/6
f 12808/23/6 12804/23/6 12809/23/6
f 12806/17/6 12807/17/6 12818/17/6
f 12818/17/6 12807/17/6 12819/17/6
f 12810/1/6 12811/1/6 12820/1/6
f 12820/1/6 12811/1/6 12821/1/6
f 12812/36/6 12813/36/6 12823/36/6
f 12823/36/6 12813/36/6 12824/36/6
f 12814/36/6 12815/36/6 12827/36/6
f 12827/36/6 12815/36/6 12828/36/6
f 12816/36/6 12817/36/6 12831/36/6
f 12831/36/6 12817/36/6 12832/36/6
f 12822/36/6 12823/36/6 12834/36/6
f 12834/36/6 12823/36/6 12835/36/6
f 12824/36/6 12825/36/6 12836/36/6
f 12836/36/6 12825/36/6 12837/36/6
f 12826/36/6 12827/36/6 12838/36/6
f 12838/36/6 12827/36/6 12839/36/6
f 12828/36/6 12829/36/6 12840/36/6
f 12840/36/6 12829/36/6 12841/36/6
f 12830/36/6 12831/36/6 12842/36/6
f 12842/36/6 12831/36/6 12843/36/6
f 12832/36/6 12833/36/6 12844/36/6
f 12844/36/6 12833/36/6 12845/36/6
f 12835/36/6 12836/36/6 12846/36/6
f 12846/36/6 12836/36/6 12847/36/6
f 12839/36/6 12840/36/6 12848/36/6
f 12848/36/6 12840/36/6 12849/36/6
f 12843/36/6 12844/36/6 12850/36/6
f 12850/36/6 12844/36/6 12851/36/6
f 12852/45/6 12853/45/6 12854/45/6
f 12854/45/6 12853/45/6 12855/45/6
f 12856/37/6 12857/37/6 12858/37/6
f 12858/37/6 12857/37/6 12859/37/6
f 12860/1/6 12861/1/6 12864/1/6
f 12862/1/6 12863/1/6 12864/1/6
f 12861/1/6 12862/1/6 12864/1/6
f 12864/1/6 12863/1/6 12865/1/6
f 12864/1/6 12865/1/6 12868/1/6
f 12865/1/6 12866/1/6 12868/1/6
f 12868/1/6 12866/1/6 12869/1/6
f 12869/1/6 12866/1/6 12870/1/6
f 12870/1/6 12866/1/6 12871/1/6
f 12867/1/6 12868/1/6 12872/1/6
f 12868/1/6 12869/1/6 12872/1/6
f 12872/1/6 12869/1/6 12873/1/6
f 12873/1/6 12869/1/6 12874/1/6
f 12870/1/6 12871/1/6 12875/1/6
f 12875/1/6 12871/1/6 12876/1/6
f 12876/1/6 12871/1/6 12877/1/6
f 12873/1/6 12874/1/6 12878/1/6
f 12875/1/6 12876/1/6 12878/1/6
f 12874/1/6 12875/1/6 12878/1/6
f 12878/1/6 12876/1/6 12879/1/6
f 12879/1/6 12876/1/6 12880/1/6
f 12880/1/6 12876/1/6 12881/1/6
f 12882/40/6 12883/40/6 12886/40/6
f 12886/40/6 12883/40/6 12887/40/6
f 12887/40/6 12883/40/6 12888/40/6
f 12884/40/6 12885/40/6 12891/40/6
f 12891/40/6 12885/40/6 12892/40/6
f 12892/40/6 12885/40/6 12893/40/6
f 12888/40/6 12889/40/6 12895/40/6
f 12895/40/6 12889/40/6 12896/40/6
f 12890/40/6 12891/40/6 12897/40/6
f 12894/40/6 12895/40/6 12900/40/6
f 12900/40/6 12895/40/6 12901/40/6
f 12898/40/6 12899/40/6 12902/40/6
f 12890/40/6 12897/40/6 12902/40/6
f 12897/40/6 12898/40/6 12902/40/6
f 12902/40/6 12899/40/6 12903/40/6
f 12904/37/6 12905/37/6 12906/37/6
f 12906/37/6 12905/37/6 12907/37/6
f 12908/45/6 12909/45/6 12911/45/6
f 12911/45/6 12909/45/6 12912/45/6
f 12910/45/6 12911/45/6 12914/45/6
f 12910/45/6 12914/45/6 12917/45/6
f 12917/45/6 12914/45/6 12918/45/6
f 12912/45/6 12913/45/6 12919/45/6
f 12919/45/6 12913/45/6 12920/45/6
f 12915/26/6 12916/26/6 12921/26/6
f 12921/26/6 12916/26/6 12922/26/6
f 12921/1/6 12922/1/6 12923/1/6
f 12923/1/6 12922/1/6 12924/1/6
f 12925/45/6 12926/45/6 12929/45/6
f 12925/45/6 12929/45/6 12930/45/6
f 12930/45/6 12929/45/6 12931/45/6
f 12927/45/6 12928/45/6 12933/45/6
f 12933/45/6 12928/45/6 12934/45/6
f 12931/45/6 12932/45/6 12935/45/6
f 12932/45/6 12933/45/6 12935/45/6
f 12935/45/6 12933/45/6 12936/45/6
f 12936/45/6 12933/45/6 12937/45/6
f 12939/34/6 12940/34/6 12952/34/6
f 12940/43/6 12941/43/6 12952/43/6
f 12941/34/6 12942/34/6 12953/34/6
f 12952/43/6 12941/43/6 12953/43/6
f 12942/43/6 12943/43/6 12954/43/6
f 12953/34/6 12942/34/6 12954/34/6
f 12954/43/6 12943/43/6 12955/43/6
f 12955/43/6 12943/43/6 12956/43/6
f 12943/34/6 12944/34/6 12957/34/6
f 12956/43/6 12943/43/6 12957/43/6
f 12957/34/6 12944/34/6 12958/34/6
f 12958/34/6 12944/34/6 12959/34/6
f 12944/43/6 12945/43/6 12960/43/6
f 12945/34/6 12946/34/6 12960/34/6
f 12960/34/6 12946/34/6 12961/34/6
f 12946/43/6 12947/43/6 12962/43/6
f 12961/34/6 12946/34/6 12962/34/6
f 12962/43/6 12947/43/6 12963/43/6
f 12963/43/6 12947/43/6 12964/43/6
f 12947/34/6 12948/34/6 12965/34/6
f 12964/43/6 12947/43/6 12965/43/6
f 12949/34/6 12950/34/6 12966/34/6
f 12948/43/6 12949/43/6 12966/43/6
f 12966/34/6 12950/34/6 12967/34/6
f 12967/34/6 12950/34/6 12968/34/6
f 12950/43/6 12951/43/6 12969/43/6
f 12968/34/6 12950/34/6 12969/34/6
f 12969/43/6 12951/43/6 12970/43/6
f 12938/43/6 12939/43/6 12971/43/6
f 12939/34/6 12952/34/6 12971/34/6
f 12952/34/6 12953/34/6 12971/34/6
f 12953/34/6 12954/34/6 12971/34/6
f 12954/34/6 12955/34/6 12971/34/6
f 12971/34/6 12955/34/6 12972/34/6
f 12955/43/6 12956/43/6 12973/43/6
f 12972/34/6 12955/34/6 12973/34/6
f 12956/34/6 12957/34/6 12974/34/6
f 12973/43/6 12956/43/6 12974/43/6
f 12957/34/6 12958/34/6 12974/34/6
f 12958/43/6 12959/43/6 12975/43/6
f 12974/34/6 12958/34/6 12975/34/6
f 12959/34/6 12944/34/6 12976/34/6
f 12975/43/6 12959/43/6 12976/43/6
f 12960/43/6 12961/43/6 12977/43/6
f 12976/34/6 12944/34/6 12977/34/6
f 12944/43/6 12960/43/6 12977/43/6
f 12962/34/6 12963/34/6 12978/34/6
f 12977/43/6 12961/43/6 12978/43/6
f 12961/34/6 12962/34/6 12978/34/6
f 12963/43/6 12964/43/6 12979/43/6
f 12978/34/6 12963/34/6 12979/34/6
f 12964/34/6 12965/34/6 12980/34/6
f 12979/43/6 12964/43/6 12980/43/6
f 12980/34/6 12965/34/6 12981/34/6
f 12965/34/6 12948/34/6 12982/34/6
f 12981/34/6 12965/34/6 12982/34/6
f 12966/43/6 12967/43/6 12983/43/6
f 12982/34/6 12948/34/6 12983/34/6
f 12948/43/6 12966/43/6 12983/43/6
f 12967/34/6 12968/34/6 12984/34/6
f 12983/43/6 12967/43/6 12984/43/6
f 12968/43/6 12969/43/6 12985/43/6
f 12984/34/6 12968/34/6 12985/34/6
f 12969/34/6 12970/34/6 12986/34/6
f 12985/43/6 12969/43/6 12986/43/6
f 12986/34/6 12970/34/6 12987/34/6
f 12971/43/6 12972/43/6 12988/43/6
f 12938/43/6 12971/43/6 12988/43/6
f 12980/34/6 12981/34/6 12989/34/6
f 12988/43/6 12972/43/6 12989/43/6
f 12974/34/6 12975/34/6 12989/34/6
f 12973/34/6 12974/34/6 12989/34/6
f 12976/34/6 12977/34/6 12989/34/6
f 12975/34/6 12976/34/6 12989/34/6
f 12972/34/6 12973/34/6 12989/34/6
f 12979/34/6 12980/34/6 12989/34/6
f 12977/34/6 12978/34/6 12989/34/6
f 12978/34/6 12979/34/6 12989/34/6
f 12989/34/6 12981/34/6 12990/34/6
f 12981/43/6 12982/43/6 12991/43/6
f 12990/34/6 12981/34/6 12991/34/6
f 12982/34/6 12983/34/6 12992/34/6
f 12991/43/6 12982/43/6 12992/43/6
f 12984/34/6 12985/34/6 12992/34/6
f 12983/34/6 12984/34/6 12992/34/6
f 12985/34/6 12986/34/6 12992/34/6
f 12992/34/6 12986/34/6 12993/34/6
f 12993/34/6 12986/34/6 12994/34/6
f 12986/43/6 12987/43/6 12995/43/6
f 12994/34/6 12986/34/6 12995/34/6
f 12988/34/6 12989/34/6 12996/34/6
f 12989/34/6 12990/34/6 12996/34/6
f 12996/34/6 12990/34/6 12997/34/6
f 12997/34/6 12990/34/6 12998/34/6
f 12993/34/6 12994/34/6 13001/34/6
f 12994/43/6 12995/43/6 13002/43/6
f 13001/34/6 12994/34/6 13002/34/6
f 12995/43/6 12987/43/6 13003/43/6
f 13002/43/6 12995/43/6 13003/43/6
f 12996/43/6 12997/43/6 13004/43/6
f 12997/34/6 12998/34/6 13004/34/6
f 12998/34/6 12999/34/6 13004/34/6
f 13004/34/6 12999/34/6 13005/34/6
f 13005/34/6 12999/34/6 13006/34/6
f 12999/43/6 13000/43/6 13007/43/6
f 13006/34/6 12999/34/6 13007/34/6
f 13001/34/6 13002/34/6 13008/34/6
f 13007/43/6 13000/43/6 13008/43/6
f 13000/34/6 13001/34/6 13008/34/6
f 13002/34/6 13003/34/6 13008/34/6
f 13008/34/6 13003/34/6 13009/34/6
f 13009/34/6 13003/34/6 13010/34/6
f 13010/34/6 13003/34/6 13011/34/6
f 13011/34/6 13003/34/6 13012/34/6
f 13012/34/6 13003/34/6 13013/34/6
f 13013/34/6 13003/34/6 13014/34/6
f 13014/34/6 13003/34/6 13015/34/6
f 13015/34/6 13003/34/6 13016/34/6
f 13016/34/6 13003/34/6 13017/34/6
f 13017/34/6 13003/34/6 13018/34/6
f 13004/43/6 13005/43/6 13019/43/6
f 13005/34/6 13006/34/6 13019/34/6
f 13019/34/6 13006/34/6 13020/34/6
f 13020/34/6 13006/34/6 13021/34/6
f 13006/43/6 13007/43/6 13022/43/6
f 13021/34/6 13006/34/6 13022/34/6
f 13007/34/6 13008/34/6 13023/34/6
f 13022/43/6 13007/43/6 13023/43/6
f 13008/34/6 13009/34/6 13023/34/6
f 13009/43/6 13010/43/6 13024/43/6
f 13023/34/6 13009/34/6 13024/34/6
f 13010/34/6 13011/34/6 13025/34/6
f 13024/43/6 13010/43/6 13025/43/6
f 13025/34/6 13011/34/6 13026/34/6
f 13026/34/6 13011/34/6 13027/34/6
f 13027/34/6 13011/34/6 13028/34/6
f 13011/43/6 13012/43/6 13029/43/6
f 13012/34/6 13013/34/6 13029/34/6
f 13029/34/6 13013/34/6 13030/34/6
f 13030/34/6 13013/34/6 13031/34/6
f 13031/34/6 13013/34/6 13032/34/6
f 13032/34/6 13013/34/6 13033/34/6
f 13033/34/6 13013/34/6 13034/34/6
f 13013/43/6 13014/43/6 13035/43/6
f 13014/34/6 13015/34/6 13035/34/6
f 13035/34/6 13015/34/6 13036/34/6
f 13036/34/6 13015/34/6 13037/34/6
f 13015/43/6 13016/43/6 13038/43/6
f 13037/34/6 13015/34/6 13038/34/6
f 13016/34/6 13017/34/6 13039/34/6
f 13038/43/6 13016/43/6 13039/43/6
f 13039/34/6 13017/34/6 13040/34/6
f 13017/43/6 13018/43/6 13041/43/6
f 13040/34/6 13017/34/6 13041/34/6
f 13041/43/6 13018/43/6 13042/43/6
f 12996/43/6 13004/43/6 13043/43/6
f 13019/43/6 13020/43/6 13043/43/6
f 13004/43/6 13019/43/6 13043/43/6
f 13020/34/6 13021/34/6 13044/34/6
f 13043/43/6 13020/43/6 13044/43/6
f 13021/43/6 13022/43/6 13045/43/6
f 13044/34/6 13021/34/6 13045/34/6
f 13022/34/6 13023/34/6 13046/34/6
f 13045/43/6 13022/43/6 13046/43/6
f 13023/34/6 13024/34/6 13046/34/6
f 13024/34/6 13025/34/6 13046/34/6
f 13025/43/6 13026/43/6 13047/43/6
f 13046/34/6 13025/34/6 13047/34/6
f 13026/34/6 13027/34/6 13048/34/6
f 13047/43/6 13026/43/6 13048/43/6
f 13027/43/6 13028/43/6 13049/43/6
f 13048/34/6 13027/34/6 13049/34/6
f 13028/34/6 13011/34/6 13050/34/6
f 13049/43/6 13028/43/6 13050/43/6
f 13011/43/6 13029/43/6 13051/43/6
f 13050/34/6 13011/34/6 13051/34/6
f 13029/43/6 13030/43/6 13051/43/6
f 13030/34/6 13031/34/6 13052/34/6
f 13051/43/6 13030/43/6 13052/43/6
f 13031/43/6 13032/43/6 13053/43/6
f 13052/34/6 13031/34/6 13053/34/6
f 13032/34/6 13033/34/6 13054/34/6
f 13053/43/6 13032/43/6 13054/43/6
f 13033/43/6 13034/43/6 13055/43/6
f 13054/34/6 13033/34/6 13055/34/6
f 13034/34/6 13013/34/6 13056/34/6
f 13055/43/6 13034/43/6 13056/43/6
f 13035/43/6 13036/43/6 13057/43/6
f 13056/34/6 13013/34/6 13057/34/6
f 13013/43/6 13035/43/6 13057/43/6
f 13036/34/6 13037/34/6 13058/34/6
f 13057/43/6 13036/43/6 13058/43/6
f 13039/43/6 13040/43/6 13059/43/6
f 13058/34/6 13037/34/6 13059/34/6
f 13038/43/6 13039/43/6 13059/43/6
f 13037/43/6 13038/43/6 13059/43/6
f 13041/34/6 13042/34/6 13060/34/6
f 13059/43/6 13040/43/6 13060/43/6
f 13040/34/6 13041/34/6 13060/34/6
f 13042/43/6 13018/43/6 13061/43/6
f 13060/34/6 13042/34/6 13061/34/6
f 13061/43/6 13018/43/6 13062/43/6
f 13063/1/6 13064/1/6 13066/1/6
f 13066/1/6 13064/1/6 13067/1/6
f 13065/1/6 13066/1/6 13068/1/6
f 13068/1/6 13066/1/6 13069/1/6
f 13072/35/6 13073/35/6 13079/35/6
f 13079/35/6 13073/35/6 13080/35/6
f 13074/45/6 13075/45/6 13084/45/6
f 13084/45/6 13075/45/6 13085/45/6
f 13085/45/6 13075/45/6 13086/45/6
f 13086/45/6 13075/45/6 13087/45/6
f 13076/45/6 13077/45/6 13090/45/6
f 13090/45/6 13077/45/6 13091/45/6
f 13091/45/6 13077/45/6 13092/45/6
f 13092/45/6 13077/45/6 13093/45/6
f 13078/35/6 13079/35/6 13095/35/6
f 13079/1/6 13080/1/6 13095/1/6
f 13095/1/6 13080/1/6 13096/1/6
f 13081/1/6 13082/1/6 13097/1/6
f 13097/1/6 13082/1/6 13098/1/6
f 13083/35/6 13084/35/6 13099/35/6
f 13084/45/6 13085/45/6 13099/45/6
f 13099/45/6 13085/45/6 13100/45/6
f 13086/45/6 13087/45/6 13101/45/6
f 13087/35/6 13088/35/6 13102/35/6
f 13101/45/6 13087/45/6 13102/45/6
f 13090/45/6 13091/45/6 13103/45/6
f 13089/35/6 13090/35/6 13103/35/6
f 13103/45/6 13091/45/6 13104/45/6
f 13092/45/6 13093/45/6 13105/45/6
f 13093/35/6 13094/35/6 13106/35/6
f 13105/45/6 13093/45/6 13106/45/6
f 13070/37/6 13071/37/6 13107/37/6
f 13107/37/6 13071/37/6 13108/37/6
f 13078/35/6 13095/35/6 13111/35/6
f 13083/35/6 13099/35/6 13113/35/6
f 13102/35/6 13088/35/6 13116/35/6
f 13089/35/6 13103/35/6 13117/35/6
f 13106/35/6 13094/35/6 13120/35/6
f 13111/35/6 13112/35/6 13121/35/6
f 13078/35/6 13111/35/6 13121/35/6
f 13121/35/6 13112/35/6 13122/35/6
f 13122/35/6 13112/35/6 13123/35/6
f 13083/35/6 13113/35/6 13126/35/6
f 13113/1/6 13114/1/6 13127/1/6
f 13126/35/6 13113/35/6 13127/35/6
f 13127/1/6 13114/1/6 13128/1/6
f 13115/1/6 13116/1/6 13130/1/6
f 13116/35/6 13088/35/6 13131/35/6
f 13130/1/6 13116/1/6 13131/1/6
f 13131/35/6 13088/35/6 13132/35/6
f 13089/35/6 13117/35/6 13133/35/6
f 13117/1/6 13118/1/6 13134/1/6
f 13133/35/6 13117/35/6 13134/35/6
f 13134/1/6 13118/1/6 13135/1/6
f 13119/1/6 13120/1/6 13136/1/6
f 13120/35/6 13094/35/6 13137/35/6
f 13136/1/6 13120/1/6 13137/1/6
f 13137/35/6 13094/35/6 13138/35/6
f 13124/35/6 13125/35/6 13139/35/6
f 13122/35/6 13123/35/6 13139/35/6
f 13123/35/6 13124/35/6 13139/35/6
f 13139/35/6 13125/35/6 13140/35/6
f 13109/37/6 13110/37/6 13141/37/6
f 13141/37/6 13110/37/6 13142/37/6
f 13128/1/6 13129/1/6 13143/1/6
f 13127/1/6 13128/1/6 13143/1/6
f 13143/1/6 13129/1/6 13144/1/6
f 13134/1/6 13135/1/6 13145/1/6
f 13135/1/6 13136/1/6 13145/1/6
f 13136/1/6 13137/1/6 13145/1/6
f 13145/1/6 13137/1/6 13146/1/6
f 13147/37/6 13148/37/6 13149/37/6
f 13149/37/6 13148/37/6 13150/37/6
f 13147/37/6 13149/37/6 13153/37/6
f 13153/37/6 13149/37/6 13154/37/6
f 13150/37/6 13148/37/6 13156/37/6
f 13151/35/6 13152/35/6 13158/35/6
f 13158/35/6 13152/35/6 13159/35/6
f 13161/41/6 13162/41/6 13165/41/6
f 13165/41/6 13162/41/6 13166/41/6
f 13163/41/6 13164/41/6 13167/41/6
f 13167/41/6 13164/41/6 13168/41/6
f 13155/38/6 13156/38/6 13169/38/6
f 13156/37/6 13148/37/6 13170/37/6
f 13169/38/6 13156/38/6 13170/38/6
f 13157/35/6 13158/35/6 13173/35/6
f 13158/35/6 13159/35/6 13173/35/6
f 13159/35/6 13160/35/6 13173/35/6
f 13173/35/6 13160/35/6 13174/35/6
f 13174/35/6 13160/35/6 13175/35/6
f 13175/35/6 13160/35/6 13176/35/6
f 13171/37/6 13172/37/6 13177/37/6
f 13177/37/6 13172/37/6 13178/37/6
f 13170/37/6 13148/37/6 13180/37/6
f 13174/35/6 13175/35/6 13181/35/6
f 13181/35/6 13175/35/6 13182/35/6
f 13179/1/6 13180/1/6 13185/1/6
f 13180/37/6 13148/37/6 13186/37/6
f 13185/1/6 13180/1/6 13186/1/6
f 13186/37/6 13148/37/6 13187/37/6
f 13183/45/6 13184/45/6 13189/45/6
f 13184/45/6 13185/45/6 13189/45/6
f 13186/1/6 13187/1/6 13190/1/6
f 13189/45/6 13185/45/6 13190/45/6
f 13185/1/6 13186/1/6 13190/1/6
f 13187/45/6 13188/45/6 13191/45/6
f 13190/1/6 13187/1/6 13191/1/6
f 13191/45/6 13188/45/6 13192/45/6
f 13192/45/6 13188/45/6 13193/45/6
f 13189/1/6 13190/1/6 13194/1/6
f 13190/1/6 13191/1/6 13194/1/6
f 13191/1/6 13192/1/6 13194/1/6
f 13194/1/6 13192/1/6 13195/1/6
f 13189/1/6 13194/1/6 13196/1/6
f 13196/1/6 13194/1/6 13197/1/6
f 13198/38/6 13199/38/6 13200/38/6
f 13200/38/6 13199/38/6 13201/38/6
f 13202/1/6 13203/1/6 13204/1/6
f 13204/1/6 13203/1/6 13205/1/6
f 13206/48/6 13207/48/6 13209/48/6
f 13209/48/6 13207/48/6 13210/48/6
f 13208/48/6 13209/48/6 13213/48/6
f 13210/48/6 13211/48/6 13214/48/6
f 13214/48/6 13211/48/6 13215/48/6
f 13212/48/6 13213/48/6 13217/48/6
f 13213/48/6 13209/48/6 13217/48/6
f 13217/48/6 13209/48/6 13218/48/6
f 13212/48/6 13217/48/6 13219/48/6
f 13219/48/6 13217/48/6 13220/48/6
f 13215/48/6 13216/48/6 13223/48/6
f 13223/48/6 13216/48/6 13224/48/6
f 13220/48/6 13221/48/6 13225/48/6
f 13225/48/6 13221/48/6 13226/48/6
f 13222/48/6 13223/48/6 13227/48/6
f 13227/48/6 13223/48/6 13228/48/6
f 13226/48/6 13227/48/6 13229/48/6
f 13229/48/6 13227/48/6 13230/48/6
f 13231/26/6 13232/26/6 13233/26/6
f 13233/26/6 13232/26/6 13234/26/6
f 13235/47/6 13236/47/6 13237/47/6
f 13237/47/6 13236/47/6 13238/47/6
f 13238/47/6 13236/47/6 13239/47/6
f 13237/1/6 13238/1/6 13240/1/6
f 13240/1/6 13238/1/6 13241/1/6
f 13242/31/6 13243/31/6 13244/31/6
f 13244/31/6 13243/31/6 13245/31/6
f 13246/47/6 13247/47/6 13248/47/6
f 13248/47/6 13247/47/6 13249/47/6
f 13250/1/6 13251/1/6 13252/1/6
f 13252/1/6 13251/1/6 13253/1/6
f 13254/31/6 13255/31/6 13258/31/6
f 13258/31/6 13255/31/6 13259/31/6
f 13256/31/6 13257/31/6 13260/31/6
f 13260/31/6 13257/31/6 13261/31/6
f 13262/1/6 13263/1/6 13264/1/6
f 13264/1/6 13263/1/6 13265/1/6
f 13266/31/6 13267/31/6 13270/31/6
f 13270/31/6 13267/31/6 13271/31/6
f 13268/31/6 13269/31/6 13272/31/6
f 13272/31/6 13269/31/6 13273/31/6
f 13274/38/6 13275/38/6 13284/38/6
f 13275/1/6 13276/1/6 13285/1/6
f 13276/1/6 13277/1/6 13285/1/6
f 13284/38/6 13275/38/6 13285/38/6
f 13283/38/6 13284/38/6 13287/38/6
f 13284/1/6 13285/1/6 13288/1/6
f 13287/38/6 13284/38/6 13288/38/6
f 13285/1/6 13277/1/6 13289/1/6
f 13288/1/6 13285/1/6 13289/1/6
f 13277/38/6 13278/38/6 13290/38/6
f 13289/1/6 13277/1/6 13290/1/6
f 13290/38/6 13278/38/6 13291/38/6
f 13286/38/6 13287/38/6 13292/38/6
f 13287/1/6 13288/1/6 13293/1/6
f 13292/38/6 13287/38/6 13293/38/6
f 13288/1/6 13289/1/6 13293/1/6
f 13279/41/6 13280/41/6 13295/41/6
f 13280/1/6 13281/1/6 13296/1/6
f 13295/41/6 13280/41/6 13296/41/6
f 13281/41/6 13282/41/6 13297/41/6
f 13296/1/6 13281/1/6 13297/1/6
f 13295/1/6 13296/1/6 13297/1/6
f 13297/41/6 13282/41/6 13298/41/6
f 13286/38/6 13292/38/6 13300/38/6
f 13292/1/6 13293/1/6 13300/1/6
f 13293/1/6 13289/1/6 13301/1/6
f 13300/1/6 13293/1/6 13301/1/6
f 13289/38/6 13290/38/6 13302/38/6
f 13301/1/6 13289/1/6 13302/1/6
f 13302/38/6 13290/38/6 13303/38/6
f 13300/38/6 13301/38/6 13305/38/6
f 13286/38/6 13300/38/6 13305/38/6
f 13302/1/6 13303/1/6 13306/1/6
f 13305/38/6 13301/38/6 13306/38/6
f 13301/1/6 13302/1/6 13306/1/6
f 13303/38/6 13304/38/6 13307/38/6
f 13306/1/6 13303/1/6 13307/1/6
f 13307/38/6 13304/38/6 13308/38/6
f 13294/41/6 13295/41/6 13309/41/6
f 13295/1/6 13297/1/6 13310/1/6
f 13309/41/6 13295/41/6 13310/41/6
f 13297/1/6 13298/1/6 13310/1/6
f 13298/41/6 13299/41/6 13311/41/6
f 13310/1/6 13298/1/6 13311/1/6
f 13311/41/6 13299/41/6 13312/41/6
f 13306/1/6 13307/1/6 13313/1/6
f 13313/1/6 13307/1/6 13314/1/6
f 13315/31/6 13316/31/6 13317/31/6
f 13317/31/6 13316/31/6 13318/31/6
f 13319/47/6 13320/47/6 13322/47/6
f 13322/47/6 13320/47/6 13323/47/6
f 13321/47/6 13322/47/6 13324/47/6
f 13324/47/6 13322/47/6 13325/47/6
f 13326/26/6 13327/26/6 13328/26/6
f 13328/26/6 13327/26/6 13329/26/6
f 13330/1/6 13331/1/6 13332/1/6
f 13332/1/6 13331/1/6 13333/1/6
f 13334/31/6 13335/31/6 13336/31/6
f 13336/31/6 13335/31/6 13337/31/6
f 13338/1/6 13339/1/6 13340/1/6
f 13340/1/6 13339/1/6 13341/1/6
f 13342/35/6 13343/35/6 13346/35/6
f 13343/29/6 13344/29/6 13347/29/6
f 13346/35/6 13343/35/6 13347/35/6
f 13344/35/6 13345/35/6 13348/35/6
f 13347/29/6 13344/29/6 13348/29/6
f 13348/35/6 13345/35/6 13349/35/6
f 13349/35/6 13345/35/6 13350/35/6
f 13350/35/6 13345/35/6 13351/35/6
f 13351/35/6 13345/35/6 13352/35/6
f 13352/35/6 13345/35/6 13353/35/6
f 13353/35/6 13345/35/6 13354/35/6
f 13354/35/6 13345/35/6 13355/35/6
f 13355/35/6 13345/35/6 13356/35/6
f 13356/35/6 13345/35/6 13357/35/6
f 13357/35/6 13345/35/6 13358/35/6
f 13358/35/6 13345/35/6 13359/35/6
f 13359/35/6 13345/35/6 13360/35/6
f 13360/35/6 13345/35/6 13361/35/6
f 13361/35/6 13362/35/6 13363/35/6
f 13363/35/6 13362/35/6 13364/35/6
f 13365/35/6 13366/35/6 13381/35/6
f 13366/29/6 13367/29/6 13381/29/6
f 13367/35/6 13368/35/6 13382/35/6
f 13381/29/6 13367/29/6 13382/29/6
f 13382/35/6 13368/35/6 13383/35/6
f 13383/35/6 13368/35/6 13384/35/6
f 13368/29/6 13369/29/6 13385/29/6
f 13384/35/6 13368/35/6 13385/35/6
f 13369/35/6 13370/35/6 13386/35/6
f 13385/29/6 13369/29/6 13386/29/6
f 13370/29/6 13371/29/6 13387/29/6
f 13386/35/6 13370/35/6 13387/35/6
f 13371/35/6 13372/35/6 13388/35/6
f 13387/29/6 13371/29/6 13388/29/6
f 13388/35/6 13372/35/6 13389/35/6
f 13373/35/6 13374/35/6 13390/35/6
f 13374/29/6 13375/29/6 13391/29/6
f 13390/35/6 13374/35/6 13391/35/6
f 13375/35/6 13376/35/6 13392/35/6
f 13391/29/6 13375/29/6 13392/29/6
f 13376/29/6 13377/29/6 13393/29/6
f 13377/35/6 13378/35/6 13394/35/6
f 13393/29/6 13377/29/6 13394/29/6
f 13394/35/6 13378/35/6 13395/35/6
f 13378/29/6 13379/29/6 13396/29/6
f 13379/35/6 13380/35/6 13397/35/6
f 13396/29/6 13379/29/6 13397/29/6
f 13397/35/6 13380/35/6 13398/35/6
f 13365/35/6 13381/35/6 13399/35/6
f 13381/35/6 13382/35/6 13399/35/6
f 13382/29/6 13383/29/6 13400/29/6
f 13399/35/6 13382/35/6 13400/35/6
f 13383/35/6 13384/35/6 13401/35/6
f 13400/29/6 13383/29/6 13401/29/6
f 13401/35/6 13384/35/6 13402/35/6
f 13402/35/6 13384/35/6 13403/35/6
f 13384/29/6 13385/29/6 13404/29/6
f 13403/35/6 13384/35/6 13404/35/6
f 13385/35/6 13386/35/6 13405/35/6
f 13404/29/6 13385/29/6 13405/29/6
f 13386/35/6 13387/35/6 13405/35/6
f 13387/35/6 13388/35/6 13405/35/6
f 13388/29/6 13389/29/6 13406/29/6
f 13405/35/6 13388/35/6 13406/35/6
f 13389/35/6 13372/35/6 13407/35/6
f 13406/29/6 13389/29/6 13407/29/6
f 13407/35/6 13372/35/6 13408/35/6
f 13372/29/6 13373/29/6 13409/29/6
f 13408/35/6 13372/35/6 13409/35/6
f 13373/35/6 13390/35/6 13410/35/6
f 13409/29/6 13373/29/6 13410/29/6
f 13410/35/6 13390/35/6 13411/35/6
f 13390/29/6 13391/29/6 13412/29/6
f 13411/35/6 13390/35/6 13412/35/6
f 13391/35/6 13392/35/6 13413/35/6
f 13412/29/6 13391/29/6 13413/29/6
f 13392/35/6 13376/35/6 13414/35/6
f 13413/35/6 13392/35/6 13414/35/6
f 13376/29/6 13393/29/6 13414/29/6
f 13393/35/6 13394/35/6 13415/35/6
f 13414/29/6 13393/29/6 13415/29/6
f 13394/29/6 13395/29/6 13416/29/6
f 13415/35/6 13394/35/6 13416/35/6
f 13395/35/6 13378/35/6 13417/35/6
f 13416/29/6 13395/29/6 13417/29/6
f 13378/29/6 13396/29/6 13418/29/6
f 13417/35/6 13378/35/6 13418/35/6
f 13396/35/6 13397/35/6 13419/35/6
f 13418/29/6 13396/29/6 13419/29/6
f 13397/29/6 13398/29/6 13420/29/6
f 13419/35/6 13397/35/6 13420/35/6
f 13420/29/6 13398/29/6 13421/29/6
f 13398/35/6 13380/35/6 13422/35/6
f 13421/29/6 13398/29/6 13422/29/6
f 13422/35/6 13380/35/6 13423/35/6
f 13423/35/6 13380/35/6 13424/35/6
f 13424/35/6 13380/35/6 13425/35/6
f 13425/35/6 13380/35/6 13426/35/6
f 13426/35/6 13427/35/6 13428/35/6
f 13428/35/6 13427/35/6 13429/35/6
f 13430/7/6 13431/7/6 13432/7/6
f 13432/7/6 13431/7/6 13433/7/6
f 13434/35/6 13435/35/6 13456/35/6
f 13435/29/6 13436/29/6 13457/29/6
f 13456/35/6 13435/35/6 13457/35/6
f 13436/35/6 13437/35/6 13458/35/6
f 13457/29/6 13436/29/6 13458/29/6
f 13437/29/6 13438/29/6 13459/29/6
f 13458/35/6 13437/35/6 13459/35/6
f 13459/29/6 13438/29/6 13460/29/6
f 13438/35/6 13439/35/6 13461/35/6
f 13460/29/6 13438/29/6 13461/29/6
f 13439/29/6 13440/29/6 13462/29/6
f 13461/35/6 13439/35/6 13462/35/6
f 13440/35/6 13441/35/6 13463/35/6
f 13462/29/6 13440/29/6 13463/29/6
f 13441/29/6 13442/29/6 13464/29/6
f 13463/35/6 13441/35/6 13464/35/6
f 13442/35/6 13443/35/6 13465/35/6
f 13464/29/6 13442/29/6 13465/29/6
f 13443/29/6 13444/29/6 13466/29/6
f 13465/35/6 13443/35/6 13466/35/6
f 13466/29/6 13444/29/6 13467/29/6
f 13444/35/6 13445/35/6 13468/35/6
f 13467/29/6 13444/29/6 13468/29/6
f 13445/29/6 13446/29/6 13469/29/6
f 13468/35/6 13445/35/6 13469/35/6
f 13446/35/6 13447/35/6 13470/35/6
f 13469/29/6 13446/29/6 13470/29/6
f 13447/29/6 13448/29/6 13471/29/6
f 13470/35/6 13447/35/6 13471/35/6
f 13448/35/6 13449/35/6 13472/35/6
f 13471/29/6 13448/29/6 13472/29/6
f 13449/29/6 13450/29/6 13473/29/6
f 13472/35/6 13449/35/6 13473/35/6
f 13450/35/6 13451/35/6 13474/35/6
f 13473/29/6 13450/29/6 13474/29/6
f 13451/29/6 13452/29/6 13475/29/6
f 13474/35/6 13451/35/6 13475/35/6
f 13475/29/6 13452/29/6 13476/29/6
f 13452/35/6 13453/35/6 13477/35/6
f 13476/29/6 13452/29/6 13477/29/6
f 13453/29/6 13454/29/6 13478/29/6
f 13477/35/6 13453/35/6 13478/35/6
f 13454/35/6 13455/35/6 13479/35/6
f 13478/29/6 13454/29/6 13479/29/6
f 13479/35/6 13455/35/6 13480/35/6
f 13480/35/6 13455/35/6 13481/35/6
f 13481/35/6 13482/35/6 13483/35/6
f 13483/35/6 13482/35/6 13484/35/6
f 13485/32/6 13486/32/6 13489/32/6
f 13489/32/6 13486/32/6 13490/32/6
f 13487/32/6 13488/32/6 13491/32/6
f 13491/32/6 13488/32/6 13492/32/6
f 13493/1/6 13494/1/6 13495/1/6
f 13495/1/6 13494/1/6 13496/1/6
f 13497/35/6 13498/35/6 13517/35/6
f 13517/35/6 13498/35/6 13518/35/6
f 13498/29/6 13499/29/6 13519/29/6
f 13518/35/6 13498/35/6 13519/35/6
f 13499/35/6 13500/35/6 13520/35/6
f 13519/29/6 13499/29/6 13520/29/6
f 13500/35/6 13501/35/6 13520/35/6
f 13520/35/6 13501/35/6 13521/35/6
f 13521/35/6 13501/35/6 13522/35/6
f 13522/35/6 13501/35/6 13523/35/6
f 13501/29/6 13502/29/6 13524/29/6
f 13523/35/6 13501/35/6 13524/35/6
f 13502/29/6 13503/29/6 13524/29/6
f 13524/29/6 13503/29/6 13525/29/6
f 13525/29/6 13503/29/6 13526/29/6
f 13503/35/6 13504/35/6 13527/35/6
f 13526/29/6 13503/29/6 13527/29/6
f 13504/35/6 13505/35/6 13527/35/6
f 13505/35/6 13506/35/6 13527/35/6
f 13506/29/6 13507/29/6 13528/29/6
f 13527/35/6 13506/35/6 13528/35/6
f 13507/35/6 13508/35/6 13529/35/6
f 13528/29/6 13507/29/6 13529/29/6
f 13508/29/6 13509/29/6 13530/29/6
f 13529/35/6 13508/35/6 13530/35/6
f 13509/35/6 13510/35/6 13531/35/6
f 13530/29/6 13509/29/6 13531/29/6
f 13510/29/6 13511/29/6 13532/29/6
f 13531/35/6 13510/35/6 13532/35/6
f 13511/35/6 13512/35/6 13533/35/6
f 13532/29/6 13511/29/6 13533/29/6
f 13533/35/6 13512/35/6 13534/35/6
f 13512/29/6 13513/29/6 13535/29/6
f 13534/35/6 13512/35/6 13535/35/6
f 13513/35/6 13514/35/6 13536/35/6
f 13535/29/6 13513/29/6 13536/29/6
f 13514/29/6 13515/29/6 13537/29/6
f 13536/35/6 13514/35/6 13537/35/6
f 13537/29/6 13515/29/6 13538/29/6
f 13515/35/6 13516/35/6 13539/35/6
f 13538/29/6 13515/29/6 13539/29/6
f 13539/35/6 13516/35/6 13540/35/6
f 13540/35/6 13516/35/6 13541/35/6
f 13541/35/6 13542/35/6 13543/35/6
f 13543/35/6 13542/35/6 13544/35/6
f 13545/32/6 13546/32/6 13551/32/6
f 13551/32/6 13546/32/6 13552/32/6
f 13547/32/6 13548/32/6 13553/32/6
f 13553/32/6 13548/32/6 13554/32/6
f 13549/32/6 13550/32/6 13555/32/6
f 13555/32/6 13550/32/6 13556/32/6
f 13557/48/6 13558/48/6 13561/48/6
f 13561/48/6 13558/48/6 13562/48/6
f 13559/48/6 13560/48/6 13563/48/6
f 13563/48/6 13560/48/6 13564/48/6
f 13565/35/6 13566/35/6 13585/35/6
f 13566/29/6 13567/29/6 13585/29/6
f 13585/29/6 13567/29/6 13586/29/6
f 13586/29/6 13567/29/6 13587/29/6
f 13567/35/6 13568/35/6 13588/35/6
f 13587/29/6 13567/29/6 13588/29/6
f 13571/35/6 13572/35/6 13589/35/6
f 13573/35/6 13574/35/6 13590/35/6
f 13575/35/6 13576/35/6 13591/35/6
f 13576/29/6 13577/29/6 13591/29/6
f 13577/35/6 13578/35/6 13592/35/6
f 13591/29/6 13577/29/6 13592/29/6
f 13578/29/6 13579/29/6 13593/29/6
f 13592/35/6 13578/35/6 13593/35/6
f 13593/29/6 13579/29/6 13594/29/6
f 13582/29/6 13583/29/6 13595/29/6
f 13583/35/6 13584/35/6 13596/35/6
f 13595/29/6 13583/29/6 13596/29/6
f 13565/35/6 13585/35/6 13597/35/6
f 13585/35/6 13586/35/6 13597/35/6
f 13597/35/6 13586/35/6 13598/35/6
f 13586/29/6 13587/29/6 13599/29/6
f 13598/35/6 13586/35/6 13599/35/6
f 13587/35/6 13588/35/6 13600/35/6
f 13599/29/6 13587/29/6 13600/29/6
f 13600/35/6 13588/35/6 13601/35/6
f 13588/35/6 13568/35/6 13602/35/6
f 13601/35/6 13588/35/6 13602/35/6
f 13568/29/6 13569/29/6 13603/29/6
f 13602/35/6 13568/35/6 13603/35/6
f 13603/29/6 13569/29/6 13604/29/6
f 13569/35/6 13570/35/6 13605/35/6
f 13604/29/6 13569/29/6 13605/29/6
f 13605/35/6 13570/35/6 13606/35/6
f 13570/29/6 13571/29/6 13607/29/6
f 13606/35/6 13570/35/6 13607/35/6
f 13571/35/6 13589/35/6 13608/35/6
f 13607/29/6 13571/29/6 13608/29/6
f 13589/35/6 13590/35/6 13608/35/6
f 13608/35/6 13590/35/6 13609/35/6
f 13574/29/6 13575/29/6 13610/29/6
f 13609/35/6 13590/35/6 13610/35/6
f 13590/35/6 13574/35/6 13610/35/6
f 13575/35/6 13591/35/6 13611/35/6
f 13610/29/6 13575/29/6 13611/29/6
f 13591/35/6 13592/35/6 13611/35/6
f 13592/35/6 13593/35/6 13611/35/6
f 13593/35/6 13594/35/6 13611/35/6
f 13611/35/6 13594/35/6 13612/35/6
f 13594/29/6 13579/29/6 13613/29/6
f 13612/35/6 13594/35/6 13613/35/6
f 13579/35/6 13580/35/6 13614/35/6
f 13613/29/6 13579/29/6 13614/29/6
f 13580/29/6 13581/29/6 13615/29/6
f 13614/35/6 13580/35/6 13615/35/6
f 13581/35/6 13582/35/6 13616/35/6
f 13615/29/6 13581/29/6 13616/29/6
f 13616/35/6 13582/35/6 13617/35/6
f 13582/29/6 13595/29/6 13618/29/6
f 13617/35/6 13582/35/6 13618/35/6
f 13595/35/6 13596/35/6 13619/35/6
f 13618/29/6 13595/29/6 13619/29/6
f 13596/35/6 13584/35/6 13620/35/6
f 13619/35/6 13596/35/6 13620/35/6
f 13620/35/6 13621/35/6 13622/35/6
f 13622/35/6 13621/35/6 13623/35/6
f 13624/32/6 13625/32/6 13630/32/6
f 13630/32/6 13625/32/6 13631/32/6
f 13626/32/6 13627/32/6 13632/32/6
f 13632/32/6 13627/32/6 13633/32/6
f 13628/32/6 13629/32/6 13634/32/6
f 13634/32/6 13629/32/6 13635/32/6
f 13636/26/6 13637/26/6 13638/26/6
f 13638/26/6 13637/26/6 13639/26/6
f 13640/48/6 13641/48/6 13644/48/6
f 13644/48/6 13641/48/6 13645/48/6
f 13642/48/6 13643/48/6 13646/48/6
f 13646/48/6 13643/48/6 13647/48/6
f 13648/35/6 13649/35/6 13664/35/6
f 13649/29/6 13650/29/6 13665/29/6
f 13664/35/6 13649/35/6 13665/35/6
f 13665/29/6 13650/29/6 13666/29/6
f 13666/29/6 13650/29/6 13667/29/6
f 13650/35/6 13651/35/6 13668/35/6
f 13667/29/6 13650/29/6 13668/29/6
f 13651/29/6 13652/29/6 13669/29/6
f 13668/35/6 13651/35/6 13669/35/6
f 13652/35/6 13653/35/6 13670/35/6
f 13669/29/6 13652/29/6 13670/29/6
f 13653/29/6 13654/29/6 13671/29/6
f 13670/35/6 13653/35/6 13671/35/6
f 13654/35/6 13655/35/6 13672/35/6
f 13671/29/6 13654/29/6 13672/29/6
f 13655/29/6 13656/29/6 13673/29/6
f 13672/35/6 13655/35/6 13673/35/6
f 13673/29/6 13656/29/6 13674/29/6
f 13674/29/6 13656/29/6 13675/29/6
f 13656/35/6 13657/35/6 13676/35/6
f 13675/29/6 13656/29/6 13676/29/6
f 13657/29/6 13658/29/6 13677/29/6
f 13676/35/6 13657/35/6 13677/35/6
f 13677/29/6 13658/29/6 13678/29/6
f 13658/35/6 13659/35/6 13679/35/6
f 13678/29/6 13658/29/6 13679/29/6
f 13659/29/6 13660/29/6 13680/29/6
f 13679/35/6 13659/35/6 13680/35/6
f 13660/35/6 13661/35/6 13681/35/6
f 13680/29/6 13660/29/6 13681/29/6
f 13681/35/6 13661/35/6 13682/35/6
f 13661/29/6 13662/29/6 13683/29/6
f 13682/35/6 13661/35/6 13683/35/6
f 13683/29/6 13662/29/6 13684/29/6
f 13662/35/6 13663/35/6 13685/35/6
f 13684/29/6 13662/29/6 13685/29/6
f 13685/35/6 13663/35/6 13686/35/6
f 13686/35/6 13687/35/6 13688/35/6
f 13688/35/6 13687/35/6 13689/35/6
f 13690/32/6 13691/32/6 13694/32/6
f 13694/32/6 13691/32/6 13695/32/6
f 13692/32/6 13693/32/6 13696/32/6
f 13696/32/6 13693/32/6 13697/32/6
f 13698/48/6 13699/48/6 13702/48/6
f 13702/48/6 13699/48/6 13703/48/6
f 13700/48/6 13701/48/6 13704/48/6
f 13704/48/6 13701/48/6 13705/48/6
f 13706/35/6 13707/35/6 13722/35/6
f 13722/35/6 13707/35/6 13723/35/6
f 13707/29/6 13708/29/6 13724/29/6
f 13723/35/6 13707/35/6 13724/35/6
f 13708/35/6 13709/35/6 13725/35/6
f 13724/29/6 13708/29/6 13725/29/6
f 13725/35/6 13709/35/6 13726/35/6
f 13709/29/6 13710/29/6 13727/29/6
f 13726/35/6 13709/35/6 13727/35/6
f 13710/35/6 13711/35/6 13728/35/6
f 13727/29/6 13710/29/6 13728/29/6
f 13711/29/6 13712/29/6 13729/29/6
f 13728/35/6 13711/35/6 13729/35/6
f 13712/35/6 13713/35/6 13730/35/6
f 13729/29/6 13712/29/6 13730/29/6
f 13730/35/6 13713/35/6 13731/35/6
f 13713/29/6 13714/29/6 13732/29/6
f 13731/35/6 13713/35/6 13732/35/6
f 13714/35/6 13715/35/6 13733/35/6
f 13732/29/6 13714/29/6 13733/29/6
f 13733/35/6 13715/35/6 13734/35/6
f 13715/29/6 13716/29/6 13735/29/6
f 13734/35/6 13715/35/6 13735/35/6
f 13716/35/6 13717/35/6 13736/35/6
f 13735/29/6 13716/29/6 13736/29/6
f 13717/29/6 13718/29/6 13737/29/6
f 13736/35/6 13717/35/6 13737/35/6
f 13718/35/6 13719/35/6 13738/35/6
f 13737/29/6 13718/29/6 13738/29/6
f 13738/35/6 13719/35/6 13739/35/6
f 13719/29/6 13720/29/6 13740/29/6
f 13739/35/6 13719/35/6 13740/35/6
f 13740/29/6 13720/29/6 13741/29/6
f 13720/35/6 13721/35/6 13742/35/6
f 13741/29/6 13720/29/6 13742/29/6
f 13742/35/6 13721/35/6 13743/35/6
f 13743/35/6 13744/35/6 13745/35/6
f 13745/35/6 13744/35/6 13746/35/6
f 13747/32/6 13748/32/6 13759/32/6
f 13759/32/6 13748/32/6 13760/32/6
f 13760/32/6 13748/32/6 13761/32/6
f 13749/32/6 13750/32/6 13762/32/6
f 13762/32/6 13750/32/6 13763/32/6
f 13751/32/6 13752/32/6 13764/32/6
f 13764/32/6 13752/32/6 13765/32/6
f 13753/32/6 13754/32/6 13766/32/6
f 13766/32/6 13754/32/6 13767/32/6
f 13755/32/6 13756/32/6 13768/32/6
f 13768/32/6 13756/32/6 13769/32/6
f 13757/32/6 13758/32/6 13770/32/6
f 13770/32/6 13758/32/6 13771/32/6
f 13772/24/6 13773/24/6 13776/24/6
f 13776/24/6 13773/24/6 13777/24/6
f 13774/24/6 13775/24/6 13778/24/6
f 13778/24/6 13775/24/6 13779/24/6
f 13780/48/6 13781/48/6 13782/48/6
f 13782/48/6 13781/48/6 13783/48/6
f 13784/48/6 13785/48/6 13786/48/6
f 13786/48/6 13785/48/6 13787/48/6
f 13788/35/6 13789/35/6 13802/35/6
f 13789/29/6 13790/29/6 13802/29/6
f 13802/29/6 13790/29/6 13803/29/6
f 13803/29/6 13790/29/6 13804/29/6
f 13790/35/6 13791/35/6 13805/35/6
f 13804/29/6 13790/29/6 13805/29/6
f 13791/29/6 13792/29/6 13806/29/6
f 13805/35/6 13791/35/6 13806/35/6
f 13792/35/6 13793/35/6 13807/35/6
f 13806/29/6 13792/29/6 13807/29/6
f 13793/29/6 13794/29/6 13808/29/6
f 13807/35/6 13793/35/6 13808/35/6
f 13808/29/6 13794/29/6 13809/29/6
f 13809/29/6 13794/29/6 13810/29/6
f 13794/35/6 13795/35/6 13811/35/6
f 13810/29/6 13794/29/6 13811/29/6
f 13795/29/6 13796/29/6 13812/29/6
f 13811/35/6 13795/35/6 13812/35/6
f 13796/35/6 13797/35/6 13813/35/6
f 13812/29/6 13796/29/6 13813/29/6
f 13797/29/6 13798/29/6 13814/29/6
f 13813/35/6 13797/35/6 13814/35/6
f 13798/35/6 13799/35/6 13815/35/6
f 13814/29/6 13798/29/6 13815/29/6
f 13799/29/6 13800/29/6 13816/29/6
f 13815/35/6 13799/35/6 13816/35/6
f 13800/35/6 13801/35/6 13817/35/6
f 13816/29/6 13800/29/6 13817/29/6
f 13788/35/6 13802/35/6 13818/35/6
f 13802/35/6 13803/35/6 13818/35/6
f 13803/29/6 13804/29/6 13819/29/6
f 13818/35/6 13803/35/6 13819/35/6
f 13806/35/6 13807/35/6 13820/35/6
f 13819/29/6 13804/29/6 13820/29/6
f 13805/35/6 13806/35/6 13820/35/6
f 13808/35/6 13809/35/6 13820/35/6
f 13807/35/6 13808/35/6 13820/35/6
f 13804/35/6 13805/35/6 13820/35/6
f 13809/29/6 13810/29/6 13821/29/6
f 13820/35/6 13809/35/6 13821/35/6
f 13816/35/6 13817/35/6 13822/35/6
f 13821/29/6 13810/29/6 13822/29/6
f 13815/35/6 13816/35/6 13822/35/6
f 13813/35/6 13814/35/6 13822/35/6
f 13812/35/6 13813/35/6 13822/35/6
f 13811/35/6 13812/35/6 13822/35/6
f 13810/35/6 13811/35/6 13822/35/6
f 13814/35/6 13815/35/6 13822/35/6
f 13817/35/6 13801/35/6 13823/35/6
f 13822/35/6 13817/35/6 13823/35/6
f 13823/35/6 13824/35/6 13825/35/6
f 13825/35/6 13824/35/6 13826/35/6
f 13827/32/6 13828/32/6 13835/32/6
f 13835/32/6 13828/32/6 13836/32/6
f 13829/32/6 13830/32/6 13837/32/6
f 13837/32/6 13830/32/6 13838/32/6
f 13831/32/6 13832/32/6 13839/32/6
f 13839/32/6 13832/32/6 13840/32/6
f 13833/32/6 13834/32/6 13841/32/6
f 13841/32/6 13834/32/6 13842/32/6
f 13843/24/6 13844/24/6 13846/24/6
f 13846/24/6 13844/24/6 13847/24/6
f 13847/24/6 13844/24/6 13848/24/6
f 13848/24/6 13844/24/6 13849/24/6
f 13845/48/6 13846/48/6 13850/48/6
f 13846/48/6 13847/48/6 13850/48/6
f 13850/48/6 13847/48/6 13851/48/6
f 13848/24/6 13849/24/6 13852/24/6
f 13852/24/6 13849/24/6 13853/24/6
f 13854/35/6 13855/35/6 13860/35/6
f 13860/35/6 13855/35/6 13861/35/6
f 13856/35/6 13857/35/6 13862/35/6
f 13862/35/6 13857/35/6 13863/35/6
f 13858/35/6 13859/35/6 13864/35/6
f 13864/35/6 13859/35/6 13865/35/6
f 13854/35/6 13860/35/6 13869/35/6
f 13860/1/6 13861/1/6 13870/1/6
f 13869/35/6 13860/35/6 13870/35/6
f 13870/1/6 13861/1/6 13871/1/6
f 13862/1/6 13863/1/6 13872/1/6
f 13872/1/6 13863/1/6 13873/1/6
f 13864/1/6 13865/1/6 13874/1/6
f 13874/1/6 13865/1/6 13875/1/6
f 13865/35/6 13866/35/6 13876/35/6
f 13875/1/6 13865/1/6 13876/1/6
f 13876/35/6 13866/35/6 13877/35/6
f 13867/32/6 13868/32/6 13878/32/6
f 13878/32/6 13868/32/6 13879/32/6
f 13880/24/6 13881/24/6 13882/24/6
f 13882/24/6 13881/24/6 13883/24/6
f 13883/18/6 13884/18/6 13885/18/6
f 13885/18/6 13884/18/6 13887/18/6
f 13887/18/6 13884/18/6 13888/18/6
f 13886/24/6 13887/24/6 13889/24/6
f 13889/24/6 13887/24/6 13890/24/6
f 13891/23/6 13892/23/6 13897/23/6
f 13897/23/6 13892/23/6 13898/23/6
f 13893/23/6 13894/23/6 13899/23/6
f 13899/23/6 13894/23/6 13900/23/6
f 13895/23/6 13896/23/6 13901/23/6
f 13901/23/6 13896/23/6 13902/23/6
f 13903/24/6 13904/24/6 13906/24/6
f 13904/24/6 13905/24/6 13906/24/6
f 13906/24/6 13905/24/6 13907/24/6
f 13906/48/6 13907/48/6 13908/48/6
f 13908/48/6 13907/48/6 13909/48/6
f 13909/48/6 13907/48/6 13910/48/6
f 13911/26/6 13912/26/6 13913/26/6
f 13913/26/6 13912/26/6 13914/26/6
f 13915/24/6 13916/24/6 13917/24/6
f 13917/24/6 13916/24/6 13918/24/6
f 13919/24/6 13920/24/6 13921/24/6
f 13921/24/6 13920/24/6 13922/24/6
f 13923/43/6 13924/43/6 13940/43/6
f 13940/43/6 13924/43/6 13941/43/6
f 13924/47/6 13925/47/6 13942/47/6
f 13941/43/6 13924/43/6 13942/43/6
f 13925/43/6 13926/43/6 13943/43/6
f 13942/47/6 13925/47/6 13943/47/6
f 13926/1/6 13927/1/6 13944/1/6
f 13943/43/6 13926/43/6 13944/43/6
f 13927/43/6 13928/43/6 13945/43/6
f 13944/1/6 13927/1/6 13945/1/6
f 13928/47/6 13929/47/6 13946/47/6
f 13945/43/6 13928/43/6 13946/43/6
f 13929/43/6 13930/43/6 13947/43/6
f 13946/47/6 13929/47/6 13947/47/6
f 13930/47/6 13931/47/6 13948/47/6
f 13947/43/6 13930/43/6 13948/43/6
f 13948/47/6 13931/47/6 13949/47/6
f 13931/43/6 13932/43/6 13950/43/6
f 13949/47/6 13931/47/6 13950/47/6
f 13932/47/6 13933/47/6 13951/47/6
f 13950/43/6 13932/43/6 13951/43/6
f 13933/43/6 13934/43/6 13952/43/6
f 13951/47/6 13933/47/6 13952/47/6
f 13934/1/6 13935/1/6 13953/1/6
f 13952/43/6 13934/43/6 13953/43/6
f 13935/43/6 13936/43/6 13954/43/6
f 13953/1/6 13935/1/6 13954/1/6
f 13936/47/6 13937/47/6 13955/47/6
f 13954/43/6 13936/43/6 13955/43/6
f 13937/43/6 13938/43/6 13956/43/6
f 13955/47/6 13937/47/6 13956/47/6
f 13956/43/6 13938/43/6 13957/43/6
f 13957/43/6 13938/43/6 13958/43/6
f 13938/47/6 13939/47/6 13959/47/6
f 13958/43/6 13938/43/6 13959/43/6
f 13959/47/6 13939/47/6 13960/47/6
f 13940/14/6 13941/14/6 13968/14/6
f 13968/14/6 13941/14/6 13969/14/6
f 13944/1/6 13945/1/6 13970/1/6
f 13970/1/6 13945/1/6 13971/1/6
f 13949/1/6 13950/1/6 13972/1/6
f 13972/1/6 13950/1/6 13973/1/6
f 13953/1/6 13954/1/6 13974/1/6
f 13974/1/6 13954/1/6 13975/1/6
f 13957/1/6 13958/1/6 13976/1/6
f 13976/1/6 13958/1/6 13977/1/6
f 13962/1/6 13963/1/6 13978/1/6
f 13961/1/6 13962/1/6 13978/1/6
f 13978/1/6 13963/1/6 13979/1/6
f 13964/1/6 13965/1/6 13980/1/6
f 13980/1/6 13965/1/6 13981/1/6
f 13966/1/6 13967/1/6 13982/1/6
f 13982/1/6 13967/1/6 13983/1/6
f 13984/43/6 13985/43/6 13994/43/6
f 13985/47/6 13986/47/6 13995/47/6
f 13994/43/6 13985/43/6 13995/43/6
f 13986/43/6 13987/43/6 13996/43/6
f 13995/47/6 13986/47/6 13996/47/6
f 13987/47/6 13988/47/6 13997/47/6
f 13996/43/6 13987/43/6 13997/43/6
f 13988/43/6 13989/43/6 13998/43/6
f 13997/47/6 13988/47/6 13998/47/6
f 13998/43/6 13989/43/6 13999/43/6
f 13990/43/6 13991/43/6 14000/43/6
f 13991/47/6 13992/47/6 14001/47/6
f 14000/43/6 13991/43/6 14001/43/6
f 13992/43/6 13993/43/6 14002/43/6
f 14001/47/6 13992/47/6 14002/47/6
f 14002/43/6 13993/43/6 14003/43/6
f 14004/23/6 14005/23/6 14006/23/6
f 14006/23/6 14005/23/6 14007/23/6
f 14008/23/6 14009/23/6 14016/23/6
f 14016/23/6 14009/23/6 14017/23/6
f 14010/23/6 14011/23/6 14028/23/6
f 14028/23/6 14011/23/6 14029/23/6
f 14012/23/6 14013/23/6 14035/23/6
f 14035/23/6 14013/23/6 14036/23/6
f 14014/47/6 14015/47/6 14037/47/6
f 14015/43/6 14016/43/6 14038/43/6
f 14037/47/6 14015/47/6 14038/47/6
f 14038/43/6 14016/43/6 14039/43/6
f 14039/43/6 14016/43/6 14040/43/6
f 14040/43/6 14016/43/6 14041/43/6
f 14017/43/6 14018/43/6 14042/43/6
f 14018/47/6 14019/47/6 14043/47/6
f 14042/43/6 14018/43/6 14043/43/6
f 14019/43/6 14020/43/6 14044/43/6
f 14043/47/6 14019/47/6 14044/47/6
f 14020/47/6 14021/47/6 14045/47/6
f 14044/43/6 14020/43/6 14045/43/6
f 14021/43/6 14022/43/6 14046/43/6
f 14045/47/6 14021/47/6 14046/47/6
f 14022/47/6 14023/47/6 14047/47/6
f 14046/43/6 14022/43/6 14047/43/6
f 14023/43/6 14024/43/6 14048/43/6
f 14047/47/6 14023/47/6 14048/47/6
f 14024/47/6 14025/47/6 14049/47/6
f 14048/43/6 14024/43/6 14049/43/6
f 14025/43/6 14026/43/6 14050/43/6
f 14049/47/6 14025/47/6 14050/47/6
f 14026/47/6 14027/47/6 14051/47/6
f 14050/43/6 14026/43/6 14051/43/6
f 14027/43/6 14028/43/6 14052/43/6
f 14051/47/6 14027/47/6 14052/47/6
f 14052/43/6 14028/43/6 14053/43/6
f 14029/43/6 14030/43/6 14054/43/6
f 14030/47/6 14031/47/6 14055/47/6
f 14054/43/6 14030/43/6 14055/43/6
f 14031/43/6 14032/43/6 14056/43/6
f 14055/47/6 14031/47/6 14056/47/6
f 14032/47/6 14033/47/6 14057/47/6
f 14056/43/6 14032/43/6 14057/43/6
f 14033/43/6 14034/43/6 14058/43/6
f 14057/47/6 14033/47/6 14058/47/6
f 14058/43/6 14034/43/6 14059/43/6
f 14037/23/6 14038/23/6 14060/23/6
f 14039/23/6 14040/23/6 14061/23/6
f 14061/23/6 14040/23/6 14062/23/6
f 14037/23/6 14060/23/6 14067/23/6
f 14060/23/6 14061/23/6 14067/23/6
f 14061/23/6 14062/23/6 14067/23/6
f 14062/23/6 14063/23/6 14067/23/6
f 14067/23/6 14063/23/6 14068/23/6
f 14064/23/6 14065/23/6 14069/23/6
f 14065/13/6 14066/13/6 14070/13/6
f 14069/23/6 14065/23/6 14070/23/6
f 14070/13/6 14066/13/6 14071/13/6
f 14070/1/6 14071/1/6 14072/1/6
f 14072/1/6 14071/1/6 14073/1/6
f 14076/23/6 14077/23/6 14080/23/6
f 14080/23/6 14077/23/6 14081/23/6
f 14078/23/6 14079/23/6 14082/23/6
f 14082/23/6 14079/23/6 14083/23/6
f 14074/23/6 14075/23/6 14085/23/6
f 14085/23/6 14075/23/6 14086/23/6
f 14084/23/6 14085/23/6 14088/23/6
f 14086/23/6 14087/23/6 14088/23/6
f 14085/23/6 14086/23/6 14088/23/6
f 14088/23/6 14087/23/6 14089/23/6
f 14090/14/6 14091/14/6 14093/14/6
f 14091/14/6 14092/14/6 14093/14/6
f 14093/14/6 14092/14/6 14094/14/6
f 14095/23/6 14096/23/6 14097/23/6
f 14097/23/6 14096/23/6 14098/23/6
f 14099/8/6 14100/8/6 14103/8/6
f 14103/8/6 14100/8/6 14104/8/6
f 14101/8/6 14102/8/6 14105/8/6
f 14105/8/6 14102/8/6 14106/8/6
f 14099/8/6 14103/8/6 14107/8/6
f 14104/8/6 14100/8/6 14108/8/6
f 14101/8/6 14105/8/6 14109/8/6
f 14106/8/6 14102/8/6 14110/8/6
f 14099/8/6 14107/8/6 14113/8/6
f 14107/8/6 14108/8/6 14113/8/6
f 14113/8/6 14108/8/6 14114/8/6
f 14108/8/6 14100/8/6 14115/8/6
f 14114/8/6 14108/8/6 14115/8/6
f 14115/8/6 14100/8/6 14116/8/6
f 14101/8/6 14109/8/6 14117/8/6
f 14109/8/6 14110/8/6 14117/8/6
f 14117/8/6 14110/8/6 14118/8/6
f 14110/8/6 14102/8/6 14119/8/6
f 14118/8/6 14110/8/6 14119/8/6
f 14119/8/6 14102/8/6 14120/8/6
f 14111/23/6 14112/23/6 14122/23/6
f 14122/23/6 14112/23/6 14123/23/6
f 14123/23/6 14112/23/6 14124/23/6
f 14124/23/6 14112/23/6 14125/23/6
f 14125/23/6 14112/23/6 14126/23/6
f 14126/23/6 14112/23/6 14127/23/6
f 14127/23/6 14112/23/6 14128/23/6
f 14121/23/6 14122/23/6 14133/23/6
f 14122/23/6 14123/23/6 14133/23/6
f 14133/23/6 14123/23/6 14134/23/6
f 14128/23/6 14129/23/6 14135/23/6
f 14127/23/6 14128/23/6 14135/23/6
f 14135/23/6 14129/23/6 14136/23/6
f 14114/8/6 14115/8/6 14138/8/6
f 14138/8/6 14115/8/6 14139/8/6
f 14131/23/6 14132/23/6 14140/23/6
f 14130/23/6 14131/23/6 14140/23/6
f 14140/23/6 14132/23/6 14141/23/6
f 14118/8/6 14119/8/6 14142/8/6
f 14142/8/6 14119/8/6 14143/8/6
f 14121/23/6 14133/23/6 14145/23/6
f 14145/23/6 14133/23/6 14146/23/6
f 14136/23/6 14129/23/6 14147/23/6
f 14147/23/6 14129/23/6 14148/23/6
f 14138/23/6 14139/23/6 14153/23/6
f 14137/23/6 14138/23/6 14153/23/6
f 14139/23/6 14140/23/6 14153/23/6
f 14140/1/6 14141/1/6 14154/1/6
f 14153/23/6 14140/23/6 14154/23/6
f 14142/23/6 14143/23/6 14155/23/6
f 14154/1/6 14141/1/6 14155/1/6
f 14143/23/6 14144/23/6 14155/23/6
f 14141/23/6 14142/23/6 14155/23/6
f 14155/23/6 14144/23/6 14156/23/6
f 14156/23/6 14144/23/6 14157/23/6
f 14149/13/6 14150/13/6 14158/13/6
f 14158/13/6 14150/13/6 14159/13/6
f 14151/13/6 14152/13/6 14160/13/6
f 14160/13/6 14152/13/6 14161/13/6
f 14162/23/6 14163/23/6 14164/23/6
f 14164/23/6 14163/23/6 14165/23/6
f 14166/8/6 14167/8/6 14170/8/6
f 14170/8/6 14167/8/6 14171/8/6
f 14168/8/6 14169/8/6 14172/8/6
f 14172/8/6 14169/8/6 14173/8/6
f 14174/12/6 14175/12/6 14176/12/6
f 14176/12/6 14175/12/6 14177/12/6
f 14177/12/6 14175/12/6 14178/12/6
f 14178/12/6 14175/12/6 14179/12/6
f 14179/12/6 14175/12/6 14180/12/6
f 14180/12/6 14175/12/6 14181/12/6
f 14177/23/6 14178/23/6 14182/23/6
f 14182/23/6 14178/23/6 14183/23/6
f 14179/23/6 14180/23/6 14184/23/6
f 14184/23/6 14180/23/6 14185/23/6
f 14186/1/6 14187/1/6 14195/1/6
f 14187/1/6 14188/1/6 14195/1/6
f 14195/1/6 14188/1/6 14196/1/6
f 14189/1/6 14190/1/6 14197/1/6
f 14197/1/6 14190/1/6 14198/1/6
f 14191/1/6 14192/1/6 14199/1/6
f 14199/1/6 14192/1/6 14200/1/6
f 14193/1/6 14194/1/6 14201/1/6
f 14201/1/6 14194/1/6 14202/1/6
f 14203/12/6 14204/12/6 14220/12/6
f 14220/12/6 14204/12/6 14221/12/6
f 14221/12/6 14204/12/6 14222/12/6
f 14222/12/6 14204/12/6 14223/12/6
f 14223/12/6 14204/12/6 14224/12/6
f 14224/12/6 14204/12/6 14225/12/6
f 14205/43/6 14206/43/6 14226/43/6
f 14206/47/6 14207/47/6 14227/47/6
f 14226/43/6 14206/43/6 14227/43/6
f 14207/43/6 14208/43/6 14228/43/6
f 14227/47/6 14207/47/6 14228/47/6
f 14208/47/6 14209/47/6 14229/47/6
f 14228/43/6 14208/43/6 14229/43/6
f 14209/43/6 14210/43/6 14230/43/6
f 14229/47/6 14209/47/6 14230/47/6
f 14210/47/6 14211/47/6 14231/47/6
f 14230/43/6 14210/43/6 14231/43/6
f 14211/43/6 14212/43/6 14232/43/6
f 14231/47/6 14211/47/6 14232/47/6
f 14212/47/6 14213/47/6 14233/47/6
f 14232/43/6 14212/43/6 14233/43/6
f 14213/43/6 14214/43/6 14234/43/6
f 14233/47/6 14213/47/6 14234/47/6
f 14234/43/6 14214/43/6 14235/43/6
f 14215/43/6 14216/43/6 14236/43/6
f 14216/47/6 14217/47/6 14237/47/6
f 14236/43/6 14216/43/6 14237/43/6
f 14217/43/6 14218/43/6 14238/43/6
f 14237/47/6 14217/47/6 14238/47/6
f 14218/47/6 14219/47/6 14239/47/6
f 14238/43/6 14218/43/6 14239/43/6
f 14239/47/6 14219/47/6 14240/47/6
f 14221/23/6 14222/23/6 14241/23/6
f 14241/23/6 14222/23/6 14242/23/6
f 14223/23/6 14224/23/6 14243/23/6
f 14243/23/6 14224/23/6 14244/23/6
f 14245/47/6 14246/47/6 14247/47/6
f 14247/47/6 14246/47/6 14248/47/6
f 14249/48/6 14250/48/6 14253/48/6
f 14253/48/6 14250/48/6 14254/48/6
f 14251/48/6 14252/48/6 14255/48/6
f 14255/48/6 14252/48/6 14256/48/6
f 14257/23/6 14258/23/6 14259/23/6
f 14259/23/6 14258/23/6 14260/23/6
f 14261/23/6 14262/23/6 14265/23/6
f 14265/23/6 14262/23/6 14266/23/6
f 14263/23/6 14264/23/6 14267/23/6
f 14267/23/6 14264/23/6 14268/23/6
f 14269/47/6 14270/47/6 14273/47/6
f 14270/34/6 14271/34/6 14274/34/6
f 14273/47/6 14270/47/6 14274/47/6
f 14271/47/6 14272/47/6 14275/47/6
f 14274/34/6 14271/34/6 14275/34/6
f 14275/47/6 14272/47/6 14276/47/6
f 14277/23/6 14278/23/6 14283/23/6
f 14283/23/6 14278/23/6 14284/23/6
f 14279/13/6 14280/13/6 14285/13/6
f 14285/13/6 14280/13/6 14286/13/6
f 14281/13/6 14282/13/6 14287/13/6
f 14287/13/6 14282/13/6 14288/13/6
f 14289/36/6 14290/36/6 14291/36/6
f 14291/36/6 14290/36/6 14292/36/6
f 14293/23/6 14294/23/6 14295/23/6
f 14295/23/6 14294/23/6 14296/23/6
f 14297/48/6 14298/48/6 14299/48/6
f 14299/48/6 14298/48/6 14300/48/6
f 14303/36/6 14304/36/6 14305/36/6
f 14305/36/6 14304/36/6 14306/36/6
f 14301/48/6 14302/48/6 14309/48/6
f 14309/48/6 14302/48/6 14310/48/6
f 14307/48/6 14308/48/6 14317/48/6
f 14311/48/6 14312/48/6 14320/48/6
f 14320/48/6 14312/48/6 14321/48/6
f 14313/1/6 14314/1/6 14322/1/6
f 14322/1/6 14314/1/6 14323/1/6
f 14315/23/6 14316/23/6 14324/23/6
f 14324/23/6 14316/23/6 14325/23/6
f 14317/48/6 14308/48/6 14326/48/6
f 14326/48/6 14308/48/6 14327/48/6
f 14318/33/6 14319/33/6 14328/33/6
f 14328/33/6 14319/33/6 14329/33/6
f 14330/34/6 14331/34/6 14332/34/6
f 14332/34/6 14331/34/6 14333/34/6
f 14334/20/6 14335/20/6 14338/20/6
f 14338/20/6 14335/20/6 14339/20/6
f 14336/36/6 14337/36/6 14340/36/6
f 14340/36/6 14337/36/6 14341/36/6
f 14342/23/6 14343/23/6 14348/23/6
f 14348/23/6 14343/23/6 14349/23/6
f 14344/33/6 14345/33/6 14350/33/6
f 14350/33/6 14345/33/6 14351/33/6
f 14346/13/6 14347/13/6 14352/13/6
f 14352/13/6 14347/13/6 14353/13/6
f 14353/13/6 14347/13/6 14354/13/6
f 14354/13/6 14347/13/6 14355/13/6
f 14356/20/6 14357/20/6 14358/20/6
f 14358/20/6 14357/20/6 14359/20/6
f 14360/20/6 14361/20/6 14362/20/6
f 14362/20/6 14361/20/6 14363/20/6
f 14364/33/6 14365/33/6 14366/33/6
f 14366/33/6 14365/33/6 14367/33/6
f 14368/20/6 14369/20/6 14374/20/6
f 14374/20/6 14369/20/6 14375/20/6
f 14370/36/6 14371/36/6 14376/36/6
f 14376/36/6 14371/36/6 14377/36/6
f 14372/36/6 14373/36/6 14378/36/6
f 14378/36/6 14373/36/6 14379/36/6
f 14380/1/6 14381/1/6 14393/1/6
f 14391/1/6 14392/1/6 14393/1/6
f 14390/1/6 14391/1/6 14393/1/6
f 14389/1/6 14390/1/6 14393/1/6
f 14388/1/6 14389/1/6 14393/1/6
f 14387/1/6 14388/1/6 14393/1/6
f 14386/1/6 14387/1/6 14393/1/6
f 14385/1/6 14386/1/6 14393/1/6
f 14384/1/6 14385/1/6 14393/1/6
f 14383/1/6 14384/1/6 14393/1/6
f 14382/1/6 14383/1/6 14393/1/6
f 14381/1/6 14382/1/6 14393/1/6
f 14393/1/6 14392/1/6 14394/1/6
f 14380/1/6 14393/1/6 14397/1/6
f 14397/1/6 14393/1/6 14398/1/6
f 14394/1/6 14392/1/6 14399/1/6
f 14399/1/6 14392/1/6 14400/1/6
f 14395/33/6 14396/33/6 14401/33/6
f 14401/33/6 14396/33/6 14402/33/6
f 14403/23/6 14404/23/6 14405/23/6
f 14405/23/6 14404/23/6 14406/23/6
f 14407/20/6 14408/20/6 14409/20/6
f 14409/20/6 14408/20/6 14410/20/6
f 14411/45/6 14412/45/6 14418/45/6
f 14418/45/6 14412/45/6 14419/45/6
f 14413/34/6 14414/34/6 14420/34/6
f 14420/34/6 14414/34/6 14421/34/6
f 14415/34/6 14416/34/6 14423/34/6
f 14423/34/6 14416/34/6 14424/34/6
f 14417/34/6 14418/34/6 14425/34/6
f 14425/34/6 14418/34/6 14426/34/6
f 14425/1/6 14426/1/6 14427/1/6
f 14421/1/6 14422/1/6 14430/1/6
f 14420/1/6 14421/1/6 14430/1/6
f 14427/1/6 14426/1/6 14432/1/6
f 14432/1/6 14426/1/6 14433/1/6
f 14428/23/6 14429/23/6 14439/23/6
f 14439/23/6 14429/23/6 14440/23/6
f 14432/1/6 14433/1/6 14441/1/6
f 14430/1/6 14431/1/6 14441/1/6
f 14420/1/6 14430/1/6 14441/1/6
f 14431/1/6 14432/1/6 14441/1/6
f 14433/34/6 14434/34/6 14442/34/6
f 14441/1/6 14433/1/6 14442/1/6
f 14442/34/6 14434/34/6 14443/34/6
f 14435/33/6 14436/33/6 14444/33/6
f 14444/33/6 14436/33/6 14445/33/6
f 14437/33/6 14438/33/6 14446/33/6
f 14446/33/6 14438/33/6 14447/33/6
f 14448/46/6 14449/46/6 14468/46/6
f 14449/35/6 14450/35/6 14469/35/6
f 14468/46/6 14449/46/6 14469/46/6
f 14450/46/6 14451/46/6 14470/46/6
f 14469/35/6 14450/35/6 14470/35/6
f 14451/35/6 14452/35/6 14471/35/6
f 14470/46/6 14451/46/6 14471/46/6
f 14452/46/6 14453/46/6 14472/46/6
f 14471/35/6 14452/35/6 14472/35/6
f 14453/35/6 14454/35/6 14473/35/6
f 14472/46/6 14453/46/6 14473/46/6
f 14454/46/6 14455/46/6 14474/46/6
f 14473/35/6 14454/35/6 14474/35/6
f 14455/35/6 14456/35/6 14475/35/6
f 14474/46/6 14455/46/6 14475/46/6
f 14456/46/6 14457/46/6 14476/46/6
f 14475/35/6 14456/35/6 14476/35/6
f 14457/35/6 14458/35/6 14477/35/6
f 14476/46/6 14457/46/6 14477/46/6
f 14458/46/6 14459/46/6 14478/46/6
f 14477/35/6 14458/35/6 14478/35/6
f 14459/35/6 14460/35/6 14479/35/6
f 14478/46/6 14459/46/6 14479/46/6
f 14460/46/6 14461/46/6 14480/46/6
f 14479/35/6 14460/35/6 14480/35/6
f 14480/46/6 14461/46/6 14481/46/6
f 14462/45/6 14463/45/6 14482/45/6
f 14482/45/6 14463/45/6 14483/45/6
f 14483/45/6 14463/45/6 14484/45/6
f 14484/45/6 14463/45/6 14485/45/6
f 14464/45/6 14465/45/6 14486/45/6
f 14486/45/6 14465/45/6 14487/45/6
f 14486/19/6 14487/19/6 14488/19/6
f 14485/19/6 14486/19/6 14488/19/6
f 14484/19/6 14485/19/6 14488/19/6
f 14488/19/6 14487/19/6 14489/19/6
f 14489/19/6 14487/19/6 14490/19/6
f 14466/45/6 14467/45/6 14491/45/6
f 14484/19/6 14488/19/6 14492/19/6
f 14492/19/6 14488/19/6 14493/19/6
f 14491/45/6 14467/45/6 14494/45/6
f 14494/45/6 14467/45/6 14495/45/6
f 14496/13/6 14497/13/6 14502/13/6
f 14502/13/6 14497/13/6 14503/13/6
f 14498/13/6 14499/13/6 14504/13/6
f 14504/13/6 14499/13/6 14505/13/6
f 14500/13/6 14501/13/6 14506/13/6
f 14506/13/6 14501/13/6 14507/13/6
f 14496/13/6 14502/13/6 14508/13/6
f 14508/13/6 14502/13/6 14509/13/6
f 14510/20/6 14511/20/6 14512/20/6
f 14512/20/6 14511/20/6 14513/20/6
f 14514/23/6 14515/23/6 14517/23/6
f 14517/23/6 14515/23/6 14518/23/6
f 14518/23/6 14515/23/6 14519/23/6
f 14519/23/6 14515/23/6 14520/23/6
f 14520/23/6 14515/23/6 14521/23/6
f 14521/23/6 14515/23/6 14522/23/6
f 14522/23/6 14515/23/6 14523/23/6
f 14523/23/6 14515/23/6 14524/23/6
f 14516/23/6 14517/23/6 14529/23/6
f 14517/23/6 14518/23/6 14529/23/6
f 14529/23/6 14518/23/6 14530/23/6
f 14524/23/6 14525/23/6 14531/23/6
f 14523/23/6 14524/23/6 14531/23/6
f 14531/23/6 14525/23/6 14532/23/6
f 14526/19/6 14527/19/6 14533/19/6
f 14527/45/6 14528/45/6 14534/45/6
f 14533/19/6 14527/19/6 14534/19/6
f 14534/45/6 14528/45/6 14535/45/6
f 14516/23/6 14529/23/6 14536/23/6
f 14536/23/6 14529/23/6 14537/23/6
f 14532/23/6 14525/23/6 14538/23/6
f 14538/23/6 14525/23/6 14539/23/6
f 14540/20/6 14541/20/6 14542/20/6
f 14542/20/6 14541/20/6 14543/20/6
f 14544/18/6 14545/18/6 14547/18/6
f 14547/18/6 14545/18/6 14548/18/6
f 14546/19/6 14547/19/6 14552/19/6
f 14547/19/6 14548/19/6 14552/19/6
f 14548/19/6 14549/19/6 14552/19/6
f 14552/19/6 14549/19/6 14553/19/6
f 14553/19/6 14549/19/6 14554/19/6
f 14554/19/6 14549/19/6 14555/19/6
f 14550/48/6 14551/48/6 14561/48/6
f 14561/48/6 14551/48/6 14562/48/6
f 14556/14/6 14557/14/6 14563/14/6
f 14557/33/6 14558/33/6 14564/33/6
f 14563/14/6 14557/14/6 14564/14/6
f 14564/33/6 14558/33/6 14565/33/6
f 14559/33/6 14560/33/6 14566/33/6
f 14566/33/6 14560/33/6 14567/33/6
f 14568/48/6 14569/48/6 14574/48/6
f 14569/19/6 14570/19/6 14575/19/6
f 14574/48/6 14569/48/6 14575/48/6
f 14570/48/6 14571/48/6 14576/48/6
f 14575/19/6 14570/19/6 14576/19/6
f 14576/48/6 14571/48/6 14577/48/6
f 14572/1/6 14573/1/6 14586/1/6
f 14586/1/6 14573/1/6 14587/1/6
f 14578/33/6 14579/33/6 14588/33/6
f 14588/33/6 14579/33/6 14589/33/6
f 14580/33/6 14581/33/6 14590/33/6
f 14590/33/6 14581/33/6 14591/33/6
f 14582/14/6 14583/14/6 14592/14/6
f 14592/14/6 14583/14/6 14593/14/6
f 14584/14/6 14585/14/6 14594/14/6
f 14594/14/6 14585/14/6 14595/14/6
f 14593/1/6 14594/1/6 14597/1/6
f 14597/1/6 14594/1/6 14598/1/6
f 14596/1/6 14597/1/6 14600/1/6
f 14598/1/6 14599/1/6 14600/1/6
f 14597/1/6 14598/1/6 14600/1/6
f 14600/1/6 14599/1/6 14601/1/6
f 14602/23/6 14603/23/6 14604/23/6
f 14604/23/6 14603/23/6 14605/23/6
f 14606/20/6 14607/20/6 14608/20/6
f 14608/20/6 14607/20/6 14609/20/6
f 14610/19/6 14611/19/6 14616/19/6
f 14616/19/6 14611/19/6 14617/19/6
f 14612/19/6 14613/19/6 14618/19/6
f 14618/19/6 14613/19/6 14619/19/6
f 14614/1/6 14615/1/6 14620/1/6
f 14620/1/6 14615/1/6 14621/1/6
f 14622/30/6 14623/30/6 14624/30/6
f 14624/30/6 14623/30/6 14625/30/6
f 14625/30/6 14623/30/6 14626/30/6
f 14626/30/6 14623/30/6 14627/30/6
f 14627/30/6 14623/30/6 14628/30/6
f 14628/30/6 14623/30/6 14629/30/6
f 14629/30/6 14623/30/6 14630/30/6
f 14630/30/6 14623/30/6 14631/30/6
f 14631/30/6 14623/30/6 14632/30/6
f 14632/30/6 14623/30/6 14633/30/6
f 14634/33/6 14635/33/6 14638/33/6
f 14638/33/6 14635/33/6 14639/33/6
f 14636/33/6 14637/33/6 14640/33/6
f 14640/33/6 14637/33/6 14641/33/6
f 14642/30/6 14643/30/6 14652/30/6
f 14652/30/6 14643/30/6 14653/30/6
f 14653/30/6 14643/30/6 14654/30/6
f 14654/30/6 14643/30/6 14655/30/6
f 14643/46/6 14644/46/6 14656/46/6
f 14655/30/6 14643/30/6 14656/30/6
f 14644/30/6 14645/30/6 14657/30/6
f 14656/46/6 14644/46/6 14657/46/6
f 14645/46/6 14646/46/6 14658/46/6
f 14657/30/6 14645/30/6 14658/30/6
f 14646/30/6 14647/30/6 14659/30/6
f 14658/46/6 14646/46/6 14659/46/6
f 14647/46/6 14648/46/6 14660/46/6
f 14659/30/6 14647/30/6 14660/30/6
f 14648/30/6 14649/30/6 14661/30/6
f 14660/46/6 14648/46/6 14661/46/6
f 14649/46/6 14650/46/6 14662/46/6
f 14661/30/6 14649/30/6 14662/30/6
f 14650/30/6 14651/30/6 14663/30/6
f 14662/46/6 14650/46/6 14663/46/6
f 14663/30/6 14651/30/6 14664/30/6
f 14664/30/6 14651/30/6 14665/30/6
f 14666/48/6 14667/48/6 14668/48/6
f 14668/48/6 14667/48/6 14669/48/6
f 14670/20/6 14671/20/6 14672/20/6
f 14672/20/6 14671/20/6 14673/20/6
f 14676/30/6 14677/30/6 14688/30/6
f 14677/46/6 14678/46/6 14689/46/6
f 14688/30/6 14677/30/6 14689/30/6
f 14678/30/6 14679/30/6 14690/30/6
f 14689/46/6 14678/46/6 14690/46/6
f 14690/30/6 14679/30/6 14691/30/6
f 14691/30/6 14679/30/6 14692/30/6
f 14679/46/6 14680/46/6 14693/46/6
f 14692/30/6 14679/30/6 14693/30/6
f 14680/30/6 14681/30/6 14694/30/6
f 14693/46/6 14680/46/6 14694/46/6
f 14681/46/6 14682/46/6 14695/46/6
f 14694/30/6 14681/30/6 14695/30/6
f 14682/30/6 14683/30/6 14696/30/6
f 14695/46/6 14682/46/6 14696/46/6
f 14696/30/6 14683/30/6 14697/30/6
f 14697/30/6 14683/30/6 14698/30/6
f 14683/46/6 14684/46/6 14699/46/6
f 14698/30/6 14683/30/6 14699/30/6
f 14684/30/6 14685/30/6 14700/30/6
f 14699/46/6 14684/46/6 14700/46/6
f 14700/30/6 14685/30/6 14701/30/6
f 14685/46/6 14686/46/6 14702/46/6
f 14701/30/6 14685/30/6 14702/30/6
f 14702/46/6 14686/46/6 14703/46/6
f 14686/30/6 14687/30/6 14704/30/6
f 14703/46/6 14686/46/6 14704/46/6
f 14704/30/6 14687/30/6 14705/30/6
f 14674/20/6 14675/20/6 14706/20/6
f 14706/20/6 14675/20/6 14707/20/6
f 14707/20/6 14675/20/6 14708/20/6
f 14706/48/6 14707/48/6 14709/48/6
f 14709/48/6 14707/48/6 14710/48/6
f 14711/1/6 14712/1/6 14715/1/6
f 14715/1/6 14712/1/6 14716/1/6
f 14713/33/6 14714/33/6 14717/33/6
f 14717/33/6 14714/33/6 14718/33/6
f 14719/30/6 14720/30/6 14733/30/6
f 14720/46/6 14721/46/6 14734/46/6
f 14733/30/6 14720/30/6 14734/30/6
f 14721/30/6 14722/30/6 14735/30/6
f 14734/46/6 14721/46/6 14735/46/6
f 14722/46/6 14723/46/6 14736/46/6
f 14735/30/6 14722/30/6 14736/30/6
f 14723/30/6 14724/30/6 14737/30/6
f 14736/46/6 14723/46/6 14737/46/6
f 14724/46/6 14725/46/6 14738/46/6
f 14737/30/6 14724/30/6 14738/30/6
f 14725/30/6 14726/30/6 14739/30/6
f 14738/46/6 14725/46/6 14739/46/6
f 14726/46/6 14727/46/6 14740/46/6
f 14739/30/6 14726/30/6 14740/30/6
f 14727/30/6 14728/30/6 14741/30/6
f 14740/46/6 14727/46/6 14741/46/6
f 14728/46/6 14729/46/6 14742/46/6
f 14741/30/6 14728/30/6 14742/30/6
f 14742/46/6 14729/46/6 14743/46/6
f 14729/30/6 14730/30/6 14744/30/6
f 14743/46/6 14729/46/6 14744/46/6
f 14744/30/6 14730/30/6 14745/30/6
f 14730/46/6 14731/46/6 14746/46/6
f 14745/30/6 14730/30/6 14746/30/6
f 14731/30/6 14732/30/6 14747/30/6
f 14746/46/6 14731/46/6 14747/46/6
f 14747/30/6 14732/30/6 14748/30/6
f 14748/30/6 14732/30/6 14749/30/6
f 14750/20/6 14751/20/6 14752/20/6
f 14752/20/6 14751/20/6 14753/20/6
f 14754/20/6 14755/20/6 14756/20/6
f 14756/20/6 14755/20/6 14757/20/6
f 14758/21/6 14759/21/6 14762/21/6
f 14762/21/6 14759/21/6 14763/21/6
f 14760/21/6 14761/21/6 14764/21/6
f 14764/21/6 14761/21/6 14765/21/6
f 14766/30/6 14767/30/6 14776/30/6
f 14767/46/6 14768/46/6 14777/46/6
f 14776/30/6 14767/30/6 14777/30/6
f 14777/46/6 14768/46/6 14778/46/6
f 14768/30/6 14769/30/6 14779/30/6
f 14778/46/6 14768/46/6 14779/46/6
f 14779/30/6 14769/30/6 14780/30/6
f 14769/46/6 14770/46/6 14781/46/6
f 14780/30/6 14769/30/6 14781/30/6
f 14781/46/6 14770/46/6 14782/46/6
f 14770/30/6 14771/30/6 14783/30/6
f 14782/46/6 14770/46/6 14783/46/6
f 14771/46/6 14772/46/6 14784/46/6
f 14783/30/6 14771/30/6 14784/30/6
f 14784/46/6 14772/46/6 14785/46/6
f 14772/30/6 14773/30/6 14786/30/6
f 14785/46/6 14772/46/6 14786/46/6
f 14773/46/6 14774/46/6 14787/46/6
f 14786/30/6 14773/30/6 14787/30/6
f 14787/46/6 14774/46/6 14788/46/6
f 14774/30/6 14775/30/6 14789/30/6
f 14788/46/6 14774/46/6 14789/46/6
f 14789/30/6 14775/30/6 14790/30/6
f 14791/21/6 14792/21/6 14796/21/6
f 14796/21/6 14792/21/6 14797/21/6
f 14793/21/6 14794/21/6 14800/21/6
f 14800/21/6 14794/21/6 14801/21/6
f 14797/21/6 14798/21/6 14803/21/6
f 14795/21/6 14796/21/6 14803/21/6
f 14796/21/6 14797/21/6 14803/21/6
f 14803/21/6 14798/21/6 14804/21/6
f 14801/21/6 14802/21/6 14805/21/6
f 14800/21/6 14801/21/6 14805/21/6
f 14799/21/6 14800/21/6 14805/21/6
f 14805/21/6 14802/21/6 14806/21/6
f 14795/21/6 14803/21/6 14818/21/6
f 14818/21/6 14803/21/6 14819/21/6
f 14804/21/6 14798/21/6 14820/21/6
f 14820/21/6 14798/21/6 14821/21/6
f 14799/21/6 14805/21/6 14823/21/6
f 14823/21/6 14805/21/6 14824/21/6
f 14806/21/6 14802/21/6 14825/21/6
f 14825/21/6 14802/21/6 14826/21/6
f 14807/33/6 14808/33/6 14828/33/6
f 14828/33/6 14808/33/6 14829/33/6
f 14809/14/6 14810/14/6 14830/14/6
f 14830/14/6 14810/14/6 14831/14/6
f 14811/14/6 14812/14/6 14832/14/6
f 14832/14/6 14812/14/6 14833/14/6
f 14813/14/6 14814/14/6 14834/14/6
f 14834/14/6 14814/14/6 14835/14/6
f 14835/14/6 14814/14/6 14836/14/6
f 14814/47/6 14815/47/6 14837/47/6
f 14836/14/6 14814/14/6 14837/14/6
f 14815/23/6 14816/23/6 14838/23/6
f 14837/47/6 14815/47/6 14838/47/6
f 14838/23/6 14816/23/6 14839/23/6
f 14817/13/6 14818/13/6 14840/13/6
f 14840/13/6 14818/13/6 14841/13/6
f 14821/13/6 14822/13/6 14842/13/6
f 14842/13/6 14822/13/6 14843/13/6
f 14826/13/6 14827/13/6 14844/13/6
f 14844/13/6 14827/13/6 14845/13/6
f 14846/21/6 14847/21/6 14849/21/6
f 14849/21/6 14847/21/6 14850/21/6
f 14848/21/6 14849/21/6 14852/21/6
f 14850/21/6 14851/21/6 14853/21/6
f 14848/21/6 14852/21/6 14864/21/6
f 14852/21/6 14853/21/6 14864/21/6
f 14853/21/6 14851/21/6 14865/21/6
f 14864/21/6 14853/21/6 14865/21/6
f 14854/30/6 14855/30/6 14866/30/6
f 14855/46/6 14856/46/6 14867/46/6
f 14866/30/6 14855/30/6 14867/30/6
f 14867/46/6 14856/46/6 14868/46/6
f 14856/30/6 14857/30/6 14869/30/6
f 14868/46/6 14856/46/6 14869/46/6
f 14869/30/6 14857/30/6 14870/30/6
f 14857/46/6 14858/46/6 14871/46/6
f 14870/30/6 14857/30/6 14871/30/6
f 14858/30/6 14859/30/6 14872/30/6
f 14871/46/6 14858/46/6 14872/46/6
f 14872/30/6 14859/30/6 14873/30/6
f 14873/30/6 14859/30/6 14874/30/6
f 14874/30/6 14859/30/6 14875/30/6
f 14875/30/6 14859/30/6 14876/30/6
f 14859/46/6 14860/46/6 14877/46/6
f 14876/30/6 14859/30/6 14877/30/6
f 14860/30/6 14861/30/6 14878/30/6
f 14877/46/6 14860/46/6 14878/46/6
f 14878/30/6 14861/30/6 14879/30/6
f 14861/46/6 14862/46/6 14880/46/6
f 14879/30/6 14861/30/6 14880/30/6
f 14862/30/6 14863/30/6 14881/30/6
f 14880/46/6 14862/46/6 14881/46/6
f 14881/30/6 14863/30/6 14882/30/6
f 14882/30/6 14863/30/6 14883/30/6
f 14884/15/6 14885/15/6 14891/15/6
f 14891/15/6 14885/15/6 14892/15/6
f 14886/15/6 14887/15/6 14893/15/6
f 14893/15/6 14887/15/6 14894/15/6
f 14888/15/6 14889/15/6 14896/15/6
f 14889/1/6 14890/1/6 14897/1/6
f 14896/15/6 14889/15/6 14897/15/6
f 14891/15/6 14892/15/6 14898/15/6
f 14894/15/6 14895/15/6 14898/15/6
f 14890/15/6 14891/15/6 14898/15/6
f 14893/15/6 14894/15/6 14898/15/6
f 14892/15/6 14893/15/6 14898/15/6
f 14897/1/6 14890/1/6 14899/1/6
f 14890/15/6 14898/15/6 14900/15/6
f 14899/1/6 14890/1/6 14900/1/6
f 14900/15/6 14898/15/6 14901/15/6
f 14901/15/6 14898/15/6 14902/15/6
f 14899/1/6 14900/1/6 14904/1/6
f 14900/1/6 14901/1/6 14904/1/6
f 14904/1/6 14901/1/6 14905/1/6
f 14903/1/6 14904/1/6 14907/1/6
f 14905/1/6 14906/1/6 14907/1/6
f 14904/1/6 14905/1/6 14907/1/6
f 14907/1/6 14906/1/6 14908/1/6
f 14908/1/6 14906/1/6 14909/1/6
f 14909/1/6 14906/1/6 14910/1/6
f 14903/1/6 14907/1/6 14911/1/6
f 14908/1/6 14909/1/6 14912/1/6
f 14912/1/6 14909/1/6 14913/1/6
f 14910/1/6 14906/1/6 14914/1/6
f 14914/1/6 14906/1/6 14915/1/6
f 14915/1/6 14906/1/6 14916/1/6
f 14912/1/6 14913/1/6 14917/1/6
f 14911/1/6 14912/1/6 14917/1/6
f 14914/1/6 14915/1/6 14917/1/6
f 14913/1/6 14914/1/6 14917/1/6
f 14911/1/6 14917/1/6 14919/1/6
f 14917/1/6 14918/1/6 14919/1/6
f 14919/1/6 14918/1/6 14920/1/6
f 14920/1/6 14918/1/6 14921/1/6
f 14921/1/6 14918/1/6 14922/1/6
f 14922/1/6 14918/1/6 14923/1/6
f 14923/1/6 14918/1/6 14924/1/6
f 14924/1/6 14918/1/6 14925/1/6
f 14925/1/6 14918/1/6 14926/1/6
f 14911/1/6 14919/1/6 14927/1/6
f 14920/1/6 14921/1/6 14928/1/6
f 14928/1/6 14921/1/6 14929/1/6
f 14922/1/6 14923/1/6 14930/1/6
f 14930/1/6 14923/1/6 14931/1/6
f 14924/1/6 14925/1/6 14932/1/6
f 14932/1/6 14925/1/6 14933/1/6
f 14930/1/6 14931/1/6 14935/1/6
f 14933/1/6 14934/1/6 14935/1/6
f 14932/1/6 14933/1/6 14935/1/6
f 14931/1/6 14932/1/6 14935/1/6
f 14911/1/6 14927/1/6 14935/1/6
f 14929/1/6 14930/1/6 14935/1/6
f 14928/1/6 14929/1/6 14935/1/6
f 14927/1/6 14928/1/6 14935/1/6
f 14935/1/6 14934/1/6 14936/1/6
f 14936/1/6 14934/1/6 14937/1/6
f 14937/1/6 14934/1/6 14938/1/6
f 14938/1/6 14934/1/6 14939/1/6
f 14939/1/6 14934/1/6 14940/1/6
f 14911/1/6 14935/1/6 14941/1/6
f 14936/1/6 14937/1/6 14942/1/6
f 14942/1/6 14937/1/6 14943/1/6
f 14938/1/6 14939/1/6 14944/1/6
f 14944/1/6 14939/1/6 14945/1/6
f 14940/1/6 14934/1/6 14946/1/6
f 14946/1/6 14934/1/6 14947/1/6
f 14947/1/6 14934/1/6 14948/1/6
f 14944/1/6 14945/1/6 14949/1/6
f 14942/1/6 14943/1/6 14949/1/6
f 14946/1/6 14947/1/6 14949/1/6
f 14945/1/6 14946/1/6 14949/1/6
f 14941/1/6 14942/1/6 14949/1/6
f 14943/1/6 14944/1/6 14949/1/6
f 14948/1/6 14934/1/6 14950/1/6
f 14941/1/6 14949/1/6 14951/1/6
f 14949/1/6 14950/1/6 14951/1/6
f 14951/1/6 14950/1/6 14952/1/6
f 14941/1/6 14951/1/6 14953/1/6
f 14952/1/6 14950/1/6 14954/1/6
f 14954/1/6 14950/1/6 14955/1/6
f 14953/1/6 14954/1/6 14955/1/6
f 14950/1/6 14934/1/6 14956/1/6
f 14955/1/6 14950/1/6 14956/1/6
f 14903/1/6 14911/1/6 14957/1/6
f 14953/1/6 14955/1/6 14957/1/6
f 14911/1/6 14941/1/6 14957/1/6
f 14941/1/6 14953/1/6 14957/1/6
f 14957/1/6 14955/1/6 14958/1/6
f 14958/1/6 14955/1/6 14959/1/6
f 14959/1/6 14955/1/6 14960/1/6
f 14960/1/6 14955/1/6 14961/1/6
f 14956/1/6 14934/1/6 14962/1/6
f 14903/1/6 14957/1/6 14963/1/6
f 14958/1/6 14959/1/6 14964/1/6
f 14964/1/6 14959/1/6 14965/1/6
f 14960/1/6 14961/1/6 14966/1/6
f 14961/1/6 14962/1/6 14966/1/6
f 14964/1/6 14965/1/6 14967/1/6
f 14965/1/6 14966/1/6 14967/1/6
f 14966/1/6 14962/1/6 14967/1/6
f 14963/1/6 14964/1/6 14967/1/6
f 14967/1/6 14962/1/6 14968/1/6
f 14968/1/6 14962/1/6 14969/1/6
f 14969/1/6 14962/1/6 14970/1/6
f 14970/1/6 14962/1/6 14971/1/6
f 14971/1/6 14962/1/6 14972/1/6
f 14963/1/6 14967/1/6 14973/1/6
f 14968/1/6 14969/1/6 14974/1/6
f 14974/1/6 14969/1/6 14975/1/6
f 14970/1/6 14971/1/6 14976/1/6
f 14976/1/6 14971/1/6 14977/1/6
f 14972/1/6 14962/1/6 14978/1/6
f 14976/1/6 14977/1/6 14979/1/6
f 14977/1/6 14978/1/6 14979/1/6
f 14974/1/6 14975/1/6 14979/1/6
f 14963/1/6 14973/1/6 14979/1/6
f 14975/1/6 14976/1/6 14979/1/6
f 14973/1/6 14974/1/6 14979/1/6
f 14979/1/6 14978/1/6 14980/1/6
f 14980/1/6 14978/1/6 14981/1/6
f 14981/1/6 14978/1/6 14982/1/6
f 14963/1/6 14979/1/6 14983/1/6
f 14980/1/6 14981/1/6 14984/1/6
f 14984/1/6 14981/1/6 14985/1/6
f 14982/1/6 14978/1/6 14986/1/6
f 14984/1/6 14985/1/6 14987/1/6
f 14985/1/6 14986/1/6 14987/1/6
f 14986/1/6 14978/1/6 14987/1/6
f 14983/1/6 14984/1/6 14987/1/6
f 14987/1/6 14978/1/6 14988/1/6
f 14978/1/6 14962/1/6 14989/1/6
f 14988/1/6 14978/1/6 14989/1/6
f 14989/1/6 14962/1/6 14990/1/6
f 14962/1/6 14934/1/6 14991/1/6
f 14990/1/6 14962/1/6 14991/1/6
f 14991/1/6 14934/1/6 14992/1/6
f 14983/1/6 14987/1/6 14993/1/6
f 14988/1/6 14989/1/6 14994/1/6
f 14994/1/6 14989/1/6 14995/1/6
f 14990/1/6 14991/1/6 14996/1/6
f 14996/1/6 14991/1/6 14997/1/6
f 14992/1/6 14934/1/6 14998/1/6
f 14996/1/6 14997/1/6 14999/1/6
f 14997/1/6 14998/1/6 14999/1/6
f 14998/1/6 14934/1/6 14999/1/6
f 14994/1/6 14995/1/6 14999/1/6
f 14995/1/6 14996/1/6 14999/1/6
f 14993/1/6 14994/1/6 14999/1/6
f 14999/1/6 14934/1/6 15000/1/6
f 14983/1/6 14993/1/6 15001/1/6
f 14993/1/6 14999/1/6 15001/1/6
f 15001/1/6 14999/1/6 15002/1/6
f 15002/1/6 14999/1/6 15003/1/6
f 15000/1/6 14934/1/6 15004/1/6
f 14903/1/6 14963/1/6 15005/1/6
f 14963/1/6 14983/1/6 15005/1/6
f 14983/1/6 15001/1/6 15005/1/6
f 15005/1/6 15001/1/6 15006/1/6
f 15003/1/6 15004/1/6 15007/1/6
f 15002/1/6 15003/1/6 15007/1/6
f 15004/1/6 14934/1/6 15008/1/6
f 15007/1/6 15004/1/6 15008/1/6
f 15011/21/6 15012/21/6 15013/21/6
f 15013/21/6 15012/21/6 15014/21/6
f 15015/30/6 15016/30/6 15034/30/6
f 15034/30/6 15016/30/6 15035/30/6
f 15016/46/6 15017/46/6 15036/46/6
f 15035/30/6 15016/30/6 15036/30/6
f 15017/30/6 15018/30/6 15037/30/6
f 15036/46/6 15017/46/6 15037/46/6
f 15018/46/6 15019/46/6 15038/46/6
f 15037/30/6 15018/30/6 15038/30/6
f 15019/30/6 15020/30/6 15039/30/6
f 15038/46/6 15019/46/6 15039/46/6
f 15020/46/6 15021/46/6 15040/46/6
f 15039/30/6 15020/30/6 15040/30/6
f 15040/46/6 15021/46/6 15041/46/6
f 15021/30/6 15022/30/6 15042/30/6
f 15041/46/6 15021/46/6 15042/46/6
f 15022/46/6 15023/46/6 15043/46/6
f 15042/30/6 15022/30/6 15043/30/6
f 15023/30/6 15024/30/6 15044/30/6
f 15043/46/6 15023/46/6 15044/46/6
f 15024/46/6 15025/46/6 15045/46/6
f 15044/30/6 15024/30/6 15045/30/6
f 15045/46/6 15025/46/6 15046/46/6
f 15025/30/6 15026/30/6 15047/30/6
f 15046/46/6 15025/46/6 15047/46/6
f 15047/30/6 15026/30/6 15048/30/6
f 15026/46/6 15027/46/6 15049/46/6
f 15048/30/6 15026/30/6 15049/30/6
f 15027/30/6 15028/30/6 15050/30/6
f 15049/46/6 15027/46/6 15050/46/6
f 15050/30/6 15028/30/6 15051/30/6
f 15029/47/6 15030/47/6 15052/47/6
f 15030/43/6 15031/43/6 15053/43/6
f 15052/47/6 15030/47/6 15053/47/6
f 15053/43/6 15031/43/6 15054/43/6
f 15032/43/6 15033/43/6 15055/43/6
f 15055/43/6 15033/43/6 15056/43/6
f 15009/48/6 15010/48/6 15061/48/6
f 15061/48/6 15010/48/6 15062/48/6
f 15057/33/6 15058/33/6 15063/33/6
f 15063/33/6 15058/33/6 15064/33/6
f 15059/33/6 15060/33/6 15065/33/6
f 15065/33/6 15060/33/6 15066/33/6
f 15067/15/6 15068/15/6 15069/15/6
f 15069/15/6 15068/15/6 15070/15/6
f 15071/23/6 15072/23/6 15073/23/6
f 15073/23/6 15072/23/6 15074/23/6
f 15074/23/6 15072/23/6 15076/23/6
f 15075/23/6 15076/23/6 15077/23/6
f 15076/23/6 15072/23/6 15078/23/6
f 15077/23/6 15076/23/6 15078/23/6
f 15079/46/6 15080/46/6 15081/46/6
f 15081/46/6 15080/46/6 15082/46/6
f 15081/1/6 15082/1/6 15083/1/6
f 15083/1/6 15082/1/6 15084/1/6
f 15085/30/6 15086/30/6 15103/30/6
f 15086/46/6 15087/46/6 15104/46/6
f 15103/30/6 15086/30/6 15104/30/6
f 15087/30/6 15088/30/6 15105/30/6
f 15104/46/6 15087/46/6 15105/46/6
f 15088/46/6 15089/46/6 15106/46/6
f 15105/30/6 15088/30/6 15106/30/6
f 15089/30/6 15090/30/6 15107/30/6
f 15106/46/6 15089/46/6 15107/46/6
f 15090/46/6 15091/46/6 15108/46/6
f 15107/30/6 15090/30/6 15108/30/6
f 15091/30/6 15092/30/6 15109/30/6
f 15108/46/6 15091/46/6 15109/46/6
f 15092/46/6 15093/46/6 15110/46/6
f 15109/30/6 15092/30/6 15110/30/6
f 15093/30/6 15094/30/6 15111/30/6
f 15110/46/6 15093/46/6 15111/46/6
f 15094/46/6 15095/46/6 15112/46/6
f 15111/30/6 15094/30/6 15112/30/6
f 15095/30/6 15096/30/6 15113/30/6
f 15112/46/6 15095/46/6 15113/46/6
f 15096/46/6 15097/46/6 15114/46/6
f 15113/30/6 15096/30/6 15114/30/6
f 15097/30/6 15098/30/6 15115/30/6
f 15114/46/6 15097/46/6 15115/46/6
f 15115/30/6 15098/30/6 15116/30/6
f 15083/48/6 15084/48/6 15117/48/6
f 15117/48/6 15084/48/6 15122/48/6
f 15122/48/6 15084/48/6 15123/48/6
f 15118/33/6 15119/33/6 15124/33/6
f 15124/33/6 15119/33/6 15125/33/6
f 15120/33/6 15121/33/6 15126/33/6
f 15126/33/6 15121/33/6 15127/33/6
f 15099/43/6 15100/43/6 15128/43/6
f 15129/15/6 15130/15/6 15131/15/6
f 15131/15/6 15130/15/6 15132/15/6
f 15128/43/6 15100/43/6 15133/43/6
f 15133/43/6 15100/43/6 15136/43/6
f 15136/43/6 15100/43/6 15137/43/6
f 15101/43/6 15102/43/6 15138/43/6
f 15138/43/6 15102/43/6 15139/43/6
f 15134/23/6 15135/23/6 15142/23/6
f 15142/23/6 15135/23/6 15143/23/6
f 15140/23/6 15141/23/6 15148/23/6
f 15148/23/6 15141/23/6 15149/23/6
f 15150/23/6 15151/23/6 15152/23/6
f 15152/23/6 15151/23/6 15153/23/6
f 15144/43/6 15145/43/6 15156/43/6
f 15156/43/6 15145/43/6 15157/43/6
f 15146/43/6 15147/43/6 15158/43/6
f 15158/43/6 15147/43/6 15159/43/6
f 15154/23/6 15155/23/6 15162/23/6
f 15162/23/6 15155/23/6 15163/23/6
f 15160/23/6 15161/23/6 15168/23/6
f 15168/23/6 15161/23/6 15169/23/6
f 15164/43/6 15165/43/6 15170/43/6
f 15170/43/6 15165/43/6 15171/43/6
f 15166/43/6 15167/43/6 15172/43/6
f 15172/43/6 15167/43/6 15173/43/6
f 15174/48/6 15175/48/6 15178/48/6
f 15178/48/6 15175/48/6 15179/48/6
f 15176/48/6 15177/48/6 15180/48/6
f 15180/48/6 15177/48/6 15181/48/6
f 15182/30/6 15183/30/6 15184/30/6
f 15184/30/6 15183/30/6 15185/30/6
f 15186/15/6 15187/15/6 15190/15/6
f 15190/15/6 15187/15/6 15191/15/6
f 15188/15/6 15189/15/6 15192/15/6
f 15192/15/6 15189/15/6 15193/15/6
f 15194/23/6 15195/23/6 15196/23/6
f 15196/23/6 15195/23/6 15197/23/6
f 15198/23/6 15199/23/6 15205/23/6
f 15205/23/6 15199/23/6 15206/23/6
f 15200/23/6 15201/23/6 15207/23/6
f 15207/23/6 15201/23/6 15208/23/6
f 15202/23/6 15203/23/6 15209/23/6
f 15209/23/6 15203/23/6 15210/23/6
f 15207/23/6 15208/23/6 15212/23/6
f 15210/23/6 15211/23/6 15212/23/6
f 15209/23/6 15210/23/6 15212/23/6
f 15208/23/6 15209/23/6 15212/23/6
f 15205/23/6 15206/23/6 15212/23/6
f 15206/23/6 15207/23/6 15212/23/6
f 15204/23/6 15205/23/6 15212/23/6
f 15212/23/6 15211/23/6 15213/23/6
f 15204/23/6 15212/23/6 15217/23/6
f 15214/1/6 15215/1/6 15218/1/6
f 15218/1/6 15215/1/6 15219/1/6
f 15216/23/6 15217/23/6 15220/23/6
f 15217/23/6 15212/23/6 15221/23/6
f 15220/23/6 15217/23/6 15221/23/6
f 15214/1/6 15218/1/6 15222/1/6
f 15222/1/6 15218/1/6 15223/1/6
f 15219/1/6 15215/1/6 15224/1/6
f 15224/1/6 15215/1/6 15225/1/6
f 15213/23/6 15211/23/6 15226/23/6
f 15214/1/6 15222/1/6 15228/1/6
f 15228/1/6 15222/1/6 15229/1/6
f 15225/1/6 15215/1/6 15230/1/6
f 15230/1/6 15215/1/6 15231/1/6
f 15226/23/6 15227/23/6 15232/23/6
f 15213/23/6 15226/23/6 15232/23/6
f 15232/23/6 15227/23/6 15233/23/6
f 15221/23/6 15212/23/6 15237/23/6
f 15234/1/6 15235/1/6 15238/1/6
f 15238/1/6 15235/1/6 15239/1/6
f 15236/23/6 15237/23/6 15240/23/6
f 15237/23/6 15212/23/6 15241/23/6
f 15240/23/6 15237/23/6 15241/23/6
f 15214/1/6 15228/1/6 15242/1/6
f 15231/1/6 15215/1/6 15245/1/6
f 15213/23/6 15232/23/6 15246/23/6
f 15242/1/6 15243/1/6 15250/1/6
f 15244/1/6 15245/1/6 15253/1/6
f 15213/23/6 15246/23/6 15254/23/6
f 15246/23/6 15247/23/6 15254/23/6
f 15254/23/6 15247/23/6 15255/23/6
f 15248/23/6 15249/23/6 15256/23/6
f 15256/23/6 15249/23/6 15257/23/6
f 15250/1/6 15251/1/6 15258/1/6
f 15252/1/6 15253/1/6 15259/1/6
f 15214/1/6 15242/1/6 15260/1/6
f 15258/1/6 15259/1/6 15260/1/6
f 15250/1/6 15258/1/6 15260/1/6
f 15242/1/6 15250/1/6 15260/1/6
f 15259/1/6 15253/1/6 15261/1/6
f 15260/1/6 15259/1/6 15261/1/6
f 15245/1/6 15215/1/6 15261/1/6
f 15253/1/6 15245/1/6 15261/1/6
f 15241/23/6 15212/23/6 15262/23/6
f 15213/23/6 15254/23/6 15263/23/6
f 15241/23/6 15262/23/6 15264/23/6
f 15262/23/6 15263/23/6 15264/23/6
f 15264/23/6 15263/23/6 15265/23/6
f 15265/23/6 15263/23/6 15266/23/6
f 15266/23/6 15263/23/6 15267/23/6
f 15267/23/6 15263/23/6 15268/23/6
f 15268/23/6 15263/23/6 15269/23/6
f 15269/23/6 15263/23/6 15270/23/6
f 15263/23/6 15254/23/6 15271/23/6
f 15270/23/6 15263/23/6 15271/23/6
f 15265/23/6 15266/23/6 15272/23/6
f 15272/23/6 15266/23/6 15273/23/6
f 15267/23/6 15268/23/6 15274/23/6
f 15274/23/6 15268/23/6 15275/23/6
f 15269/23/6 15270/23/6 15276/23/6
f 15276/23/6 15270/23/6 15277/23/6
f 15278/23/6 15279/23/6 15285/23/6
f 15285/23/6 15279/23/6 15286/23/6
f 15280/23/6 15281/23/6 15287/23/6
f 15287/23/6 15281/23/6 15288/23/6
f 15282/23/6 15283/23/6 15289/23/6
f 15289/23/6 15283/23/6 15290/23/6
f 15287/23/6 15288/23/6 15292/23/6
f 15290/23/6 15291/23/6 15292/23/6
f 15289/23/6 15290/23/6 15292/23/6
f 15288/23/6 15289/23/6 15292/23/6
f 15285/23/6 15286/23/6 15292/23/6
f 15286/23/6 15287/23/6 15292/23/6
f 15284/23/6 15285/23/6 15292/23/6
f 15292/23/6 15291/23/6 15293/23/6
f 15294/1/6 15295/1/6 15296/1/6
f 15296/1/6 15295/1/6 15297/1/6
f 15293/23/6 15291/23/6 15298/23/6
f 15284/23/6 15292/23/6 15301/23/6
f 15294/1/6 15296/1/6 15302/1/6
f 15302/1/6 15296/1/6 15303/1/6
f 15297/1/6 15295/1/6 15304/1/6
f 15304/1/6 15295/1/6 15305/1/6
f 15293/23/6 15298/23/6 15306/23/6
f 15298/23/6 15299/23/6 15306/23/6
f 15306/23/6 15299/23/6 15307/23/6
f 15300/23/6 15301/23/6 15308/23/6
f 15301/23/6 15292/23/6 15309/23/6
f 15308/23/6 15301/23/6 15309/23/6
f 15294/1/6 15302/1/6 15310/1/6
f 15310/1/6 15302/1/6 15311/1/6
f 15305/1/6 15295/1/6 15312/1/6
f 15312/1/6 15295/1/6 15313/1/6
f 15293/23/6 15306/23/6 15314/23/6
f 15314/23/6 15306/23/6 15315/23/6
f 15316/14/6 15317/14/6 15320/14/6
f 15317/1/6 15318/1/6 15321/1/6
f 15320/14/6 15317/14/6 15321/14/6
f 15318/14/6 15319/14/6 15322/14/6
f 15321/1/6 15318/1/6 15322/1/6
f 15322/14/6 15319/14/6 15323/14/6
f 15323/14/6 15319/14/6 15324/14/6
f 15325/23/6 15326/23/6 15331/23/6
f 15331/23/6 15326/23/6 15332/23/6
f 15327/23/6 15328/23/6 15333/23/6
f 15333/23/6 15328/23/6 15334/23/6
f 15329/23/6 15330/23/6 15336/23/6
f 15336/23/6 15330/23/6 15337/23/6
f 15335/13/6 15336/13/6 15339/13/6
f 15339/13/6 15336/13/6 15340/13/6
f 15337/13/6 15338/13/6 15341/13/6
f 15341/13/6 15338/13/6 15342/13/6
f 15343/44/6 15344/44/6 15350/44/6
f 15350/44/6 15344/44/6 15351/44/6
f 15345/13/6 15346/13/6 15355/13/6
f 15355/13/6 15346/13/6 15356/13/6
f 15347/13/6 15348/13/6 15357/13/6
f 15357/13/6 15348/13/6 15358/13/6
f 15349/13/6 15350/13/6 15359/13/6
f 15359/13/6 15350/13/6 15360/13/6
f 15351/13/6 15352/13/6 15361/13/6
f 15361/13/6 15352/13/6 15362/13/6
f 15353/23/6 15354/23/6 15363/23/6
f 15363/23/6 15354/23/6 15364/23/6
f 15359/1/6 15360/1/6 15365/1/6
f 15365/1/6 15360/1/6 15366/1/6
f 15357/1/6 15358/1/6 15367/1/6
f 15367/1/6 15358/1/6 15368/1/6
f 15361/1/6 15362/1/6 15371/1/6
f 15369/1/6 15370/1/6 15372/1/6
f 15370/1/6 15371/1/6 15372/1/6
f 15368/1/6 15369/1/6 15372/1/6
f 15367/1/6 15368/1/6 15372/1/6
f 15371/1/6 15362/1/6 15373/1/6
f 15372/1/6 15371/1/6 15373/1/6
f 15374/48/6 15375/48/6 15377/48/6
f 15377/48/6 15375/48/6 15378/48/6
f 15376/48/6 15377/48/6 15381/48/6
f 15378/48/6 15379/48/6 15381/48/6
f 15377/48/6 15378/48/6 15381/48/6
f 15381/48/6 15379/48/6 15382/48/6
f 15380/48/6 15381/48/6 15384/48/6
f 15382/48/6 15383/48/6 15384/48/6
f 15381/48/6 15382/48/6 15384/48/6
f 15384/48/6 15383/48/6 15385/48/6
f 15380/48/6 15384/48/6 15386/48/6
f 15385/48/6 15383/48/6 15387/48/6
f 15380/48/6 15386/48/6 15388/48/6
f 15386/48/6 15387/48/6 15388/48/6
f 15388/48/6 15387/48/6 15389/48/6
f 15387/48/6 15383/48/6 15390/48/6
f 15389/48/6 15387/48/6 15390/48/6
f 15390/48/6 15383/48/6 15391/48/6
f 15389/48/6 15390/48/6 15392/48/6
f 15392/48/6 15390/48/6 15393/48/6
f 15393/48/6 15390/48/6 15394/48/6
f 15394/48/6 15390/48/6 15395/48/6
f 15393/48/6 15394/48/6 15396/48/6
f 15396/48/6 15394/48/6 15397/48/6
f 15398/48/6 15399/48/6 15401/48/6
f 15401/48/6 15399/48/6 15402/48/6
f 15400/48/6 15401/48/6 15404/48/6
f 15402/48/6 15403/48/6 15404/48/6
f 15401/48/6 15402/48/6 15404/48/6
f 15404/48/6 15403/48/6 15405/48/6
f 15406/34/6 15407/34/6 15414/34/6
f 15407/47/6 15408/47/6 15415/47/6
f 15414/34/6 15407/34/6 15415/34/6
f 15408/34/6 15409/34/6 15416/34/6
f 15415/47/6 15408/47/6 15416/47/6
f 15416/34/6 15409/34/6 15417/34/6
f 15410/44/6 15411/44/6 15418/44/6
f 15418/44/6 15411/44/6 15419/44/6
f 15412/15/6 15413/15/6 15421/15/6
f 15420/15/6 15421/15/6 15424/15/6
f 15421/15/6 15413/15/6 15424/15/6
f 15424/15/6 15413/15/6 15425/15/6
f 15418/11/6 15419/11/6 15426/11/6
f 15426/11/6 15419/11/6 15427/11/6
f 15422/11/6 15423/11/6 15428/11/6
f 15428/11/6 15423/11/6 15429/11/6
f 15426/10/6 15427/10/6 15430/10/6
f 15430/10/6 15427/10/6 15431/10/6
f 15422/11/6 15428/11/6 15432/11/6
f 15432/11/6 15428/11/6 15433/11/6
f 15436/10/6 15437/10/6 15438/10/6
f 15438/10/6 15437/10/6 15439/10/6
f 15420/15/6 15424/15/6 15440/15/6
f 15440/15/6 15424/15/6 15441/15/6
f 15434/23/6 15435/23/6 15442/23/6
f 15442/23/6 15435/23/6 15443/23/6
f 15425/15/6 15413/15/6 15444/15/6
f 15444/15/6 15413/15/6 15445/15/6
f 15446/47/6 15447/47/6 15449/47/6
f 15447/34/6 15448/34/6 15450/34/6
f 15449/47/6 15447/47/6 15450/47/6
f 15450/34/6 15448/34/6 15451/34/6
f 15452/15/6 15453/15/6 15456/15/6
f 15456/15/6 15453/15/6 15457/15/6
f 15454/10/6 15455/10/6 15459/10/6
f 15458/10/6 15459/10/6 15460/10/6
f 15460/10/6 15459/10/6 15461/10/6
f 15461/10/6 15459/10/6 15462/10/6
f 15462/10/6 15459/10/6 15463/10/6
f 15461/10/6 15462/10/6 15464/10/6
f 15464/10/6 15462/10/6 15465/10/6
f 15463/10/6 15459/10/6 15466/10/6
f 15459/10/6 15455/10/6 15467/10/6
f 15466/10/6 15459/10/6 15467/10/6
f 15468/23/6 15469/23/6 15470/23/6
f 15470/23/6 15469/23/6 15471/23/6
f 15472/23/6 15473/23/6 15474/23/6
f 15474/23/6 15473/23/6 15475/23/6
f 15476/23/6 15477/23/6 15478/23/6
f 15478/23/6 15477/23/6 15479/23/6
f 15480/23/6 15481/23/6 15482/23/6
f 15482/23/6 15481/23/6 15483/23/6
f 15484/23/6 15485/23/6 15486/23/6
f 15486/23/6 15485/23/6 15487/23/6
f 15488/23/6 15489/23/6 15490/23/6
f 15490/23/6 15489/23/6 15491/23/6
f 15452/15/6 15456/15/6 15492/15/6
f 15492/15/6 15456/15/6 15493/15/6
f 15457/15/6 15453/15/6 15494/15/6
f 15494/15/6 15453/15/6 15495/15/6
f 15496/36/6 15497/36/6 15498/36/6
f 15498/36/6 15497/36/6 15499/36/6
f 15500/15/6 15501/15/6 15502/15/6
f 15502/15/6 15501/15/6 15503/15/6
f 15504/23/6 15505/23/6 15506/23/6
f 15506/23/6 15505/23/6 15507/23/6
f 15504/23/6 15506/23/6 15508/23/6
f 15508/23/6 15506/23/6 15509/23/6
f 15510/23/6 15511/23/6 15512/23/6
f 15507/23/6 15505/23/6 15513/23/6
f 15510/23/6 15512/23/6 15514/23/6
f 15512/23/6 15513/23/6 15514/23/6
f 15513/23/6 15505/23/6 15515/23/6
f 15514/23/6 15513/23/6 15515/23/6
f 15516/23/6 15517/23/6 15518/23/6
f 15518/23/6 15517/23/6 15519/23/6
f 15500/15/6 15502/15/6 15520/15/6
f 15520/15/6 15502/15/6 15521/15/6
f 15503/15/6 15501/15/6 15522/15/6
f 15522/15/6 15501/15/6 15523/15/6
f 15516/23/6 15518/23/6 15524/23/6
f 15524/23/6 15518/23/6 15525/23/6
f 15519/23/6 15517/23/6 15526/23/6
f 15526/23/6 15517/23/6 15527/23/6
f 15528/48/6 15529/48/6 15531/48/6
f 15531/48/6 15529/48/6 15532/48/6
f 15530/48/6 15531/48/6 15535/48/6
f 15535/48/6 15531/48/6 15536/48/6
f 15533/48/6 15534/48/6 15537/48/6
f 15537/48/6 15534/48/6 15538/48/6
f 15539/23/6 15540/23/6 15541/23/6
f 15541/23/6 15540/23/6 15542/23/6
f 15543/36/6 15544/36/6 15545/36/6
f 15545/36/6 15544/36/6 15546/36/6
f 15547/34/6 15548/34/6 15549/34/6
f 15549/34/6 15548/34/6 15550/34/6
f 15550/34/6 15548/34/6 15551/34/6
f 15552/48/6 15553/48/6 15554/48/6
f 15554/48/6 15553/48/6 15555/48/6
f 15556/48/6 15557/48/6 15559/48/6
f 15559/48/6 15557/48/6 15560/48/6
f 15558/48/6 15559/48/6 15562/48/6
f 15562/48/6 15559/48/6 15563/48/6
f 15560/48/6 15561/48/6 15564/48/6
f 15564/48/6 15561/48/6 15565/48/6
f 15566/34/6 15567/34/6 15568/34/6
f 15568/34/6 15567/34/6 15569/34/6
f 15569/34/6 15567/34/6 15570/34/6
f 15570/34/6 15567/34/6 15571/34/6
f 15572/48/6 15573/48/6 15574/48/6
f 15574/48/6 15573/48/6 15575/48/6
f 15572/48/6 15574/48/6 15576/48/6
f 15574/1/6 15575/1/6 15577/1/6
f 15576/48/6 15574/48/6 15577/48/6
f 15575/48/6 15573/48/6 15578/48/6
f 15577/1/6 15575/1/6 15578/1/6
f 15578/48/6 15573/48/6 15579/48/6
f 15580/23/6 15581/23/6 15582/23/6
f 15582/23/6 15581/23/6 15583/23/6
f 15584/23/6 15585/23/6 15586/23/6
f 15586/23/6 15585/23/6 15587/23/6
f 15588/14/6 15589/14/6 15592/14/6
f 15592/14/6 15589/14/6 15593/14/6
f 15590/14/6 15591/14/6 15594/14/6
f 15594/14/6 15591/14/6 15595/14/6
f 15596/25/6 15597/25/6 15598/25/6
f 15598/25/6 15597/25/6 15599/25/6
f 15600/25/6 15601/25/6 15602/25/6
f 15602/25/6 15601/25/6 15603/25/6
f 15604/25/6 15605/25/6 15606/25/6
f 15606/25/6 15605/25/6 15607/25/6
f 15608/25/6 15609/25/6 15610/25/6
f 15610/25/6 15609/25/6 15611/25/6
f 15612/25/6 15613/25/6 15614/25/6
f 15614/25/6 15613/25/6 15615/25/6
f 15616/25/6 15617/25/6 15618/25/6
f 15618/25/6 15617/25/6 15619/25/6
f 15620/25/6 15621/25/6 15622/25/6
f 15622/25/6 15621/25/6 15623/25/6
f 15624/25/6 15625/25/6 15626/25/6
f 15626/25/6 15625/25/6 15627/25/6
f 15628/25/6 15629/25/6 15630/25/6
f 15630/25/6 15629/25/6 15631/25/6
f 15632/25/6 15633/25/6 15634/25/6
f 15634/25/6 15633/25/6 15635/25/6
f 15636/25/6 15637/25/6 15638/25/6
f 15638/25/6 15637/25/6 15639/25/6
f 15640/25/6 15641/25/6 15642/25/6
f 15642/25/6 15641/25/6 15643/25/6
f 15644/25/6 15645/25/6 15646/25/6
f 15646/25/6 15645/25/6 15647/25/6
f 15648/25/6 15649/25/6 15650/25/6
f 15650/25/6 15649/25/6 15651/25/6
f 15652/25/6 15653/25/6 15654/25/6
f 15654/25/6 15653/25/6 15655/25/6
f 15656/25/6 15657/25/6 15658/25/6
f 15658/25/6 15657/25/6 15659/25/6
f 15660/25/6 15661/25/6 15662/25/6
f 15662/25/6 15661/25/6 15663/25/6
f 15664/25/6 15665/25/6 15666/25/6
f 15666/25/6 15665/25/6 15667/25/6
f 15668/25/6 15669/25/6 15670/25/6
f 15670/25/6 15669/25/6 15671/25/6
f 15672/25/6 15673/25/6 15674/25/6
f 15674/25/6 15673/25/6 15675/25/6
f 15676/25/6 15677/25/6 15678/25/6
f 15678/25/6 15677/25/6 15679/25/6
f 15680/25/6 15681/25/6 15682/25/6
f 15682/25/6 15681/25/6 15683/25/6
f 15684/1/6 15685/1/6 15686/1/6
f 15686/1/6 15685/1/6 15687/1/6
f 15688/23/6 15689/23/6 15692/23/6
f 15692/23/6 15689/23/6 15693/23/6
f 15690/23/6 15691/23/6 15694/23/6
f 15694/23/6 15691/23/6 15695/23/6
f 15696/25/6 15697/25/6 15698/25/6
f 15698/25/6 15697/25/6 15699/25/6
f 15700/25/6 15701/25/6 15702/25/6
f 15702/25/6 15701/25/6 15703/25/6
f 15704/25/6 15705/25/6 15706/25/6
f 15706/25/6 15705/25/6 15707/25/6
f 15708/25/6 15709/25/6 15710/25/6
f 15710/25/6 15709/25/6 15711/25/6
f 15712/25/6 15713/25/6 15714/25/6
f 15714/25/6 15713/25/6 15715/25/6
f 15716/25/6 15717/25/6 15718/25/6
f 15718/25/6 15717/25/6 15719/25/6
f 15720/25/6 15721/25/6 15722/25/6
f 15722/25/6 15721/25/6 15723/25/6
f 15724/25/6 15725/25/6 15726/25/6
f 15726/25/6 15725/25/6 15727/25/6
f 15728/25/6 15729/25/6 15730/25/6
f 15730/25/6 15729/25/6 15731/25/6
f 15732/25/6 15733/25/6 15734/25/6
f 15734/25/6 15733/25/6 15735/25/6
f 15737/15/6 15738/15/6 15739/15/6
f 15739/15/6 15738/15/6 15740/15/6
f 15737/15/6 15739/15/6 15741/15/6
f 15736/23/6 15737/23/6 15745/23/6
f 15737/15/6 15741/15/6 15746/15/6
f 15745/23/6 15737/23/6 15746/23/6
f 15746/15/6 15741/15/6 15747/15/6
f 15743/14/6 15744/14/6 15748/14/6
f 15742/14/6 15743/14/6 15748/14/6
f 15748/14/6 15744/14/6 15749/14/6
f 15750/15/6 15751/15/6 15752/15/6
f 15752/15/6 15751/15/6 15753/15/6
f 15753/15/6 15751/15/6 15754/15/6
f 15752/1/6 15753/1/6 15755/1/6
f 15752/1/6 15755/1/6 15756/1/6
f 15756/1/6 15755/1/6 15757/1/6
f 15758/1/6 15759/1/6 15760/1/6
f 15760/1/6 15759/1/6 15761/1/6
f 15762/15/6 15763/15/6 15764/15/6
f 15764/15/6 15763/15/6 15765/15/6
f 15765/15/6 15763/15/6 15766/15/6
f 15764/1/6 15765/1/6 15768/1/6
f 15767/1/6 15768/1/6 15769/1/6
f 15768/1/6 15765/1/6 15770/1/6
f 15769/1/6 15768/1/6 15770/1/6
f 15770/1/6 15765/1/6 15771/1/6
f 15771/1/6 15765/1/6 15772/1/6
