# Blender v3.0.1 OBJ File: 'blend namas.blend'
# www.blender.org
mtllib blend namas.mtl
o Cube
v 1.032538 2.953054 -0.806550
v 1.032538 0.953054 -0.806550
v 1.032538 2.953054 0.806550
v 1.032538 0.953054 0.806550
v -0.967462 2.953054 -0.806550
v -0.967462 0.953054 -0.806550
v -0.967462 2.953054 0.806550
v -0.967462 0.953054 0.806550
vt 0.625000 0.500000
vt 0.875000 0.500000
vt 0.875000 0.750000
vt 0.625000 0.750000
vt 0.375000 0.750000
vt 0.625000 1.000000
vt 0.375000 1.000000
vt 0.375000 0.000000
vt 0.625000 0.000000
vt 0.625000 0.250000
vt 0.375000 0.250000
vt 0.125000 0.500000
vt 0.375000 0.500000
vt 0.125000 0.750000
vn 0.0000 1.0000 0.0000
vn 0.0000 0.0000 1.0000
vn -1.0000 0.0000 0.0000
vn 0.0000 -1.0000 0.0000
vn 1.0000 0.0000 0.0000
vn 0.0000 0.0000 -1.0000
usemtl Material.001
s off
f 1/1/1 5/2/1 7/3/1 3/4/1
f 4/5/2 3/4/2 7/6/2 8/7/2
f 8/8/3 7/9/3 5/10/3 6/11/3
f 6/12/4 2/13/4 4/5/4 8/14/4
f 2/13/5 1/1/5 3/4/5 4/5/5
f 6/11/6 5/10/6 1/1/6 2/13/6
o Cube.001
v 1.043266 2.553832 -0.604508
v 1.043266 1.364308 -0.604508
v 1.043266 2.553832 0.613912
v 1.043266 1.364308 0.613912
v -0.993511 2.553832 -0.604508
v -0.993511 1.364308 -0.604508
v -0.993511 2.553832 0.613912
v -0.993511 1.364308 0.613912
vt 0.625000 0.500000
vt 0.875000 0.500000
vt 0.875000 0.750000
vt 0.625000 0.750000
vt 0.375000 0.750000
vt 0.625000 1.000000
vt 0.375000 1.000000
vt 0.375000 0.000000
vt 0.625000 0.000000
vt 0.625000 0.250000
vt 0.375000 0.250000
vt 0.125000 0.500000
vt 0.375000 0.500000
vt 0.125000 0.750000
vn 0.0000 1.0000 0.0000
vn 0.0000 0.0000 1.0000
vn -1.0000 0.0000 0.0000
vn 0.0000 -1.0000 0.0000
vn 1.0000 0.0000 0.0000
vn 0.0000 0.0000 -1.0000
usemtl Material
s off
f 9/15/7 13/16/7 15/17/7 11/18/7
f 12/19/8 11/18/8 15/20/8 16/21/8
f 16/22/9 15/23/9 13/24/9 14/25/9
f 14/26/10 10/27/10 12/19/10 16/28/10
f 10/27/11 9/15/11 11/18/11 12/19/11
f 14/25/12 13/24/12 9/15/12 10/27/12
o Cube.021_Cube.025
v 0.875121 1.362005 0.320279
v 0.872380 2.616435 0.315359
v 0.875104 1.362144 0.355490
v 0.872363 2.616573 0.350571
v 1.162383 1.362633 0.320415
v 1.159642 2.617063 0.315496
v 1.162366 1.362772 0.355627
v 1.159625 2.617201 0.350707
v 0.930331 1.895590 -0.723930
v 0.930331 1.895477 -0.672615
v 0.930331 1.850392 -0.724030
v 0.930331 1.850279 -0.672714
v 1.217594 1.895590 -0.723930
v 1.217594 1.895477 -0.672615
v 1.217594 1.850392 -0.724030
v 1.217594 1.850279 -0.672715
v 0.929607 1.365036 0.610674
v 0.929607 2.631816 0.638049
v 0.929607 1.363723 0.671456
v 0.929607 2.630502 0.698830
v 1.216870 1.365036 0.610674
v 1.216870 2.631816 0.638049
v 1.216870 1.363723 0.671456
v 1.216870 2.630502 0.698830
v 0.929445 2.615287 -0.627634
v 0.929445 2.633811 0.639306
v 0.929445 2.554498 -0.626745
v 0.929445 2.573022 0.640195
v 1.216708 2.615287 -0.627634
v 1.216708 2.633811 0.639306
v 1.216708 2.554498 -0.626745
v 1.216708 2.573021 0.640195
v 0.929607 1.348083 -0.706005
v 0.929607 2.614862 -0.678631
v 0.929607 1.346770 -0.645224
v 0.929607 2.613549 -0.617850
v 1.216870 1.348083 -0.706005
v 1.216870 2.614862 -0.678631
v 1.216870 1.346770 -0.645224
v 1.216870 2.613549 -0.617850
v 0.929445 1.410671 -0.653308
v 0.929445 1.429194 0.613632
v 0.929445 1.349882 -0.652419
v 0.929445 1.368405 0.614521
v 1.216708 1.410670 -0.653308
v 1.216708 1.429194 0.613632
v 1.216708 1.349881 -0.652420
v 1.216708 1.368405 0.614521
v 1.181494 2.101793 -0.657891
v 1.172819 2.109510 0.622057
v 1.120729 2.103297 -0.658312
v 1.112054 2.111013 0.621637
v 1.177000 1.920499 -0.656828
v 1.168325 1.928215 0.623120
v 1.116236 1.922002 -0.657249
v 1.107561 1.929718 0.622699
v 1.198837 1.378913 -0.051197
v 1.191767 2.565575 -0.053756
v 1.138083 1.378548 -0.052680
v 1.131013 2.565209 -0.055238
v 1.195964 1.379150 0.066494
v 1.188894 2.565811 0.063936
v 1.135210 1.378785 0.065012
v 1.128140 2.565446 0.062453
v 0.802548 2.449544 -0.639049
v 0.799700 2.462573 0.664429
v 0.802539 2.431513 -0.638869
v 0.799691 2.444542 0.664609
v 1.089810 2.449412 -0.638420
v 1.086962 2.462440 0.665058
v 1.089801 2.431381 -0.638240
v 1.086953 2.444409 0.665238
v 0.819065 2.187710 -0.677657
v 0.816156 2.201019 0.653840
v 0.819057 2.169678 -0.677477
v 0.816147 2.182987 0.654020
v 1.106327 2.187577 -0.677028
v 1.103418 2.200886 0.654469
v 1.106318 2.169546 -0.676848
v 1.103409 2.182854 0.654649
v 0.817162 1.870512 -0.664133
v 0.814311 1.883551 0.640316
v 0.817153 1.852481 -0.663953
v 0.814303 1.865520 0.640496
v 1.104424 1.870380 -0.663504
v 1.101573 1.883418 0.640945
v 1.104415 1.852348 -0.663324
v 1.101565 1.865387 0.641125
v 0.835267 1.622208 -0.677277
v 0.832383 1.635403 0.642881
v 0.835259 1.604176 -0.677097
v 0.832374 1.617372 0.643062
v 1.122529 1.622075 -0.676648
v 1.119645 1.635270 0.643510
v 1.122521 1.604044 -0.676468
v 1.119636 1.617239 0.643690
v 0.872439 1.362005 -0.350466
v 0.869698 2.616435 -0.355386
v 0.872422 1.362144 -0.315255
v 0.869681 2.616573 -0.320174
v 1.159701 1.362634 -0.350330
v 1.156960 2.617063 -0.355249
v 1.159684 1.362772 -0.315118
v 1.156943 2.617201 -0.320038
v 1.158183 1.951158 0.572811
v 1.157864 2.097101 0.573366
v 1.158174 1.951089 0.590843
v 1.157855 2.097032 0.591398
v 1.213191 1.951278 0.572838
v 1.212872 2.097221 0.573393
v 1.213182 1.951209 0.590870
v 1.212863 2.097152 0.591425
v 1.156562 2.090830 0.107887
v 1.155527 2.095566 0.581745
v 1.156553 2.072798 0.108067
v 1.155518 2.077535 0.581926
v 1.211570 2.090804 0.108007
v 1.210535 2.095541 0.581866
v 1.211562 2.072773 0.108187
v 1.210526 2.077510 0.582046
v 1.145531 1.964292 0.107887
v 1.144496 1.969028 0.581745
v 1.145522 1.946260 0.108067
v 1.144487 1.950997 0.581925
v 1.200540 1.964266 0.108007
v 1.199504 1.969003 0.581865
v 1.200531 1.946235 0.108187
v 1.199495 1.950971 0.582046
v 1.152701 2.052007 0.109854
v 1.151666 2.056744 0.583712
v 1.152693 2.033976 0.110034
v 1.151657 2.038713 0.583893
v 1.207710 2.051982 0.109974
v 1.206674 2.056719 0.583833
v 1.207701 2.033951 0.110154
v 1.206666 2.038687 0.584013
v 1.152701 2.007314 0.109854
v 1.151666 2.012050 0.583712
v 1.152693 1.989282 0.110034
v 1.151657 1.994019 0.583893
v 1.207710 2.007288 0.109974
v 1.206674 2.012025 0.583833
v 1.207701 1.989257 0.110154
v 1.206666 1.993994 0.584013
v 1.158183 1.943891 0.096122
v 1.157864 2.089834 0.096677
v 1.158174 1.943823 0.114154
v 1.157855 2.089766 0.114709
v 1.213191 1.944011 0.096149
v 1.212872 2.089954 0.096704
v 1.213182 1.943943 0.114181
v 1.212863 2.089886 0.114736
v 1.177847 2.084554 0.093814
v 1.182712 2.085515 0.578492
v 1.155502 2.085017 0.094037
v 1.160367 2.085978 0.578715
v 1.175175 1.955341 0.094097
v 1.180040 1.956301 0.578775
v 1.152829 1.955803 0.094320
v 1.157694 1.956764 0.578998
v 1.158303 1.951158 -0.115638
v 1.157978 2.097101 -0.115087
v 1.158065 1.951089 -0.097608
v 1.157739 2.097032 -0.097057
v 1.213307 1.951278 -0.114910
v 1.212981 2.097221 -0.114359
v 1.213068 1.951209 -0.096880
v 1.212742 2.097152 -0.096329
v 1.162609 2.090830 -0.580545
v 1.155534 2.095566 -0.106739
v 1.162598 2.072798 -0.580365
v 1.155523 2.077535 -0.106559
v 1.217612 2.090804 -0.579724
v 1.210536 2.095541 -0.105917
v 1.217601 2.072773 -0.579544
v 1.210525 2.077510 -0.105737
v 1.151579 1.964292 -0.580686
v 1.144504 1.969028 -0.106880
v 1.151568 1.946260 -0.580506
v 1.144493 1.950997 -0.106699
v 1.206582 1.964266 -0.579865
v 1.199506 1.969003 -0.106058
v 1.206571 1.946235 -0.579685
v 1.199495 1.950971 -0.105878
v 1.158724 2.052007 -0.578628
v 1.151648 2.056744 -0.104821
v 1.158713 2.033976 -0.578448
v 1.151637 2.038713 -0.104641
v 1.213726 2.051982 -0.577806
v 1.206651 2.056719 -0.103999
v 1.213715 2.033951 -0.577626
v 1.206640 2.038687 -0.103819
v 1.158724 2.007314 -0.578628
v 1.151648 2.012050 -0.104821
v 1.158713 1.989282 -0.578448
v 1.151637 1.994019 -0.104641
v 1.213726 2.007288 -0.577806
v 1.206651 2.012025 -0.103999
v 1.213715 1.989257 -0.577626
v 1.206640 1.993994 -0.103819
v 1.164380 1.943891 -0.592289
v 1.164054 2.089834 -0.591738
v 1.164141 1.943823 -0.574259
v 1.163815 2.089766 -0.573708
v 1.219383 1.944011 -0.591561
v 1.219058 2.089954 -0.591009
v 1.219145 1.943943 -0.573530
v 1.218819 2.089886 -0.572979
v 1.184072 2.084554 -0.594346
v 1.182759 2.085515 -0.109646
v 1.161726 2.085017 -0.594408
v 1.160412 2.085978 -0.109707
v 1.181396 1.955341 -0.594097
v 1.180083 1.956301 -0.109397
v 1.159050 1.955803 -0.594159
v 1.157736 1.956764 -0.109458
v 1.212387 1.367986 -0.676729
v 1.211817 1.372155 0.643488
v 1.194359 1.368295 -0.676738
v 1.193789 1.372464 0.643479
v 1.209183 1.181229 -0.676141
v 1.208613 1.185397 0.644076
v 1.191154 1.181538 -0.676150
v 1.190585 1.185706 0.644067
v 1.208492 1.242544 0.572811
v 1.208174 1.388487 0.573366
v 1.208484 1.242476 0.590843
v 1.208165 1.388419 0.591398
v 1.263501 1.242664 0.572838
v 1.263182 1.388608 0.573393
v 1.263492 1.242596 0.590870
v 1.263173 1.388539 0.591425
v 1.206872 1.382216 0.107887
v 1.205837 1.386953 0.581745
v 1.206863 1.364185 0.108067
v 1.205828 1.368922 0.581926
v 1.261880 1.382191 0.108007
v 1.260845 1.386927 0.581866
v 1.261871 1.364160 0.108187
v 1.260836 1.368896 0.582046
v 1.195841 1.255678 0.107887
v 1.194806 1.260414 0.581745
v 1.195832 1.237647 0.108067
v 1.194797 1.242383 0.581925
v 1.250849 1.255653 0.108007
v 1.249814 1.260389 0.581866
v 1.250841 1.237621 0.108187
v 1.249805 1.242358 0.582046
v 1.203011 1.343394 0.109854
v 1.201976 1.348130 0.583712
v 1.203002 1.325363 0.110034
v 1.201967 1.330099 0.583893
v 1.258020 1.343369 0.109974
v 1.256984 1.348105 0.583833
v 1.258011 1.325337 0.110154
v 1.256976 1.330074 0.584013
v 1.203011 1.298700 0.109854
v 1.201976 1.303437 0.583712
v 1.203002 1.280669 0.110034
v 1.201967 1.285405 0.583893
v 1.258020 1.298675 0.109974
v 1.256984 1.303411 0.583833
v 1.258011 1.280644 0.110154
v 1.256976 1.285380 0.584013
v 1.208493 1.235277 0.096122
v 1.208174 1.381221 0.096677
v 1.208484 1.235209 0.114154
v 1.208165 1.381152 0.114709
v 1.263501 1.235398 0.096149
v 1.263182 1.381341 0.096704
v 1.263492 1.235329 0.114181
v 1.263173 1.381272 0.114736
v 1.228157 1.375941 0.093814
v 1.233022 1.376902 0.578492
v 1.205812 1.376403 0.094037
v 1.210677 1.377364 0.578715
v 1.225485 1.246727 0.094097
v 1.230350 1.247688 0.578775
v 1.203139 1.247190 0.094320
v 1.208004 1.248150 0.578998
v 1.206926 1.236876 -0.115638
v 1.206600 1.382819 -0.115087
v 1.206687 1.236807 -0.097608
v 1.206362 1.382750 -0.097057
v 1.261930 1.236996 -0.114910
v 1.261604 1.382939 -0.114359
v 1.261691 1.236927 -0.096880
v 1.261365 1.382870 -0.096329
v 1.211232 1.376548 -0.580545
v 1.204156 1.381284 -0.106739
v 1.211221 1.358516 -0.580365
v 1.204145 1.363253 -0.106559
v 1.266234 1.376522 -0.579724
v 1.259159 1.381259 -0.105917
v 1.266223 1.358491 -0.579544
v 1.259148 1.363227 -0.105737
v 1.200202 1.250010 -0.580686
v 1.193126 1.254746 -0.106879
v 1.200191 1.231978 -0.580506
v 1.193115 1.236715 -0.106699
v 1.255204 1.249984 -0.579865
v 1.248129 1.254720 -0.106058
v 1.255193 1.231953 -0.579685
v 1.248118 1.236689 -0.105878
v 1.207347 1.337725 -0.578628
v 1.200271 1.342462 -0.104821
v 1.207336 1.319694 -0.578448
v 1.200260 1.324431 -0.104641
v 1.262349 1.337700 -0.577806
v 1.255273 1.342436 -0.103999
v 1.262338 1.319669 -0.577626
v 1.255262 1.324405 -0.103819
v 1.207347 1.293032 -0.578628
v 1.200271 1.297768 -0.104821
v 1.207336 1.275000 -0.578448
v 1.200260 1.279737 -0.104641
v 1.262349 1.293006 -0.577806
v 1.255273 1.297743 -0.103999
v 1.262338 1.274975 -0.577626
v 1.255262 1.279711 -0.103819
v 1.213003 1.229609 -0.592289
v 1.212677 1.375552 -0.591738
v 1.212764 1.229540 -0.574259
v 1.212438 1.375484 -0.573708
v 1.268006 1.229729 -0.591560
v 1.267680 1.375672 -0.591009
v 1.267767 1.229661 -0.573530
v 1.267442 1.375604 -0.572979
v 1.232695 1.370272 -0.594346
v 1.231381 1.371233 -0.109646
v 1.210348 1.370735 -0.594407
v 1.209035 1.371696 -0.109707
v 1.230019 1.241058 -0.594097
v 1.228705 1.242019 -0.109397
v 1.207672 1.241521 -0.594159
v 1.206359 1.242482 -0.109458
v 1.198107 1.346920 -0.596546
v 1.197614 1.350524 0.545153
v 0.863691 1.352657 -0.596708
v 0.863198 1.356261 0.544991
v 1.195887 1.217531 -0.596138
v 1.195394 1.221136 0.545561
v 0.861471 1.223268 -0.596301
v 0.860978 1.226873 0.545398
v 0.976795 2.488952 -0.702994
v 0.976795 2.293633 -0.702994
v 1.179551 2.488952 -0.692081
v 1.179551 2.293633 -0.692081
v 0.974167 2.488952 -0.654168
v 0.974167 2.293633 -0.654168
v 1.176924 2.488952 -0.643255
v 1.176924 2.293633 -0.643255
v 0.981492 2.302812 -0.739061
v 0.981492 2.284091 -0.739062
v 1.184249 2.302812 -0.728148
v 1.184249 2.284091 -0.728148
v 0.978864 2.302812 -0.690235
v 0.978864 2.284091 -0.690235
v 1.181621 2.302812 -0.679322
v 1.181621 2.284091 -0.679322
v 0.981492 2.491226 -0.727396
v 0.981492 2.472505 -0.727396
v 1.184248 2.491226 -0.716483
v 1.184248 2.472505 -0.716483
v 0.978864 2.491226 -0.678570
v 0.978864 2.472505 -0.678570
v 1.181620 2.491226 -0.667657
v 1.181620 2.472505 -0.667657
v 0.981492 2.457074 -0.727396
v 0.981492 2.438353 -0.727396
v 1.184248 2.457074 -0.716483
v 1.184248 2.438353 -0.716483
v 0.978864 2.457074 -0.678570
v 0.978864 2.438353 -0.678570
v 1.181620 2.457074 -0.667657
v 1.181620 2.438353 -0.667657
v 0.981492 2.417306 -0.727396
v 0.981492 2.398585 -0.727396
v 1.184248 2.417306 -0.716483
v 1.184248 2.398586 -0.716483
v 0.978864 2.417306 -0.678570
v 0.978864 2.398586 -0.678570
v 1.181620 2.417306 -0.667657
v 1.181620 2.398586 -0.667657
v 0.981492 2.381240 -0.731103
v 0.981492 2.362519 -0.731103
v 1.184248 2.381240 -0.720190
v 1.184248 2.362519 -0.720189
v 0.978864 2.381240 -0.682276
v 0.978864 2.362519 -0.682276
v 1.181620 2.381240 -0.671363
v 1.181620 2.362519 -0.671363
v 0.981492 2.339348 -0.731102
v 0.981492 2.320627 -0.731102
v 1.184248 2.339348 -0.720190
v 1.184248 2.320627 -0.720190
v 0.978864 2.339348 -0.682276
v 0.978864 2.320627 -0.682276
v 1.181620 2.339348 -0.671363
v 1.181620 2.320627 -0.671363
v 0.976795 1.698463 -0.702994
v 0.976795 1.503144 -0.702994
v 1.179551 1.698463 -0.692081
v 1.179551 1.503144 -0.692081
v 0.974167 1.698463 -0.654168
v 0.974167 1.503144 -0.654168
v 1.176923 1.698464 -0.643255
v 1.176923 1.503144 -0.643255
v 0.981492 1.512323 -0.739062
v 0.981492 1.493602 -0.739062
v 1.184248 1.512323 -0.728149
v 1.184248 1.493602 -0.728149
v 0.978864 1.512323 -0.690235
v 0.978864 1.493602 -0.690235
v 1.181620 1.512323 -0.679322
v 1.181620 1.493602 -0.679322
v 0.981492 1.700737 -0.727396
v 0.981492 1.682016 -0.727396
v 1.184248 1.700737 -0.716483
v 1.184248 1.682016 -0.716483
v 0.978864 1.700737 -0.678570
v 0.978864 1.682016 -0.678570
v 1.181620 1.700737 -0.667657
v 1.181620 1.682016 -0.667657
v 0.981492 1.666585 -0.727396
v 0.981492 1.647864 -0.727396
v 1.184248 1.666585 -0.716483
v 1.184248 1.647864 -0.716483
v 0.978864 1.666585 -0.678570
v 0.978864 1.647864 -0.678570
v 1.181620 1.666585 -0.667657
v 1.181620 1.647864 -0.667657
v 0.981492 1.626818 -0.727396
v 0.981492 1.608097 -0.727396
v 1.184248 1.626818 -0.716483
v 1.184248 1.608097 -0.716483
v 0.978864 1.626818 -0.678570
v 0.978864 1.608097 -0.678570
v 1.181620 1.626818 -0.667657
v 1.181620 1.608097 -0.667657
v 0.981492 1.590751 -0.731103
v 0.981492 1.572030 -0.731103
v 1.184248 1.590751 -0.720190
v 1.184248 1.572030 -0.720189
v 0.978864 1.590751 -0.682276
v 0.978864 1.572030 -0.682276
v 1.181620 1.590751 -0.671363
v 1.181620 1.572030 -0.671363
v 0.981492 1.548859 -0.731103
v 0.981492 1.530138 -0.731103
v 1.184248 1.548859 -0.720190
v 1.184248 1.530138 -0.720190
v 0.978864 1.548859 -0.682276
v 0.978864 1.530138 -0.682276
v 1.181620 1.548859 -0.671363
v 1.181620 1.530138 -0.671363
v 1.189016 1.914639 0.696437
v 1.189016 1.719319 0.696437
v 0.985983 1.914639 0.693809
v 0.985983 1.719319 0.693809
v 1.189649 1.914639 0.647544
v 1.189649 1.719319 0.647544
v 0.986616 1.914639 0.644916
v 0.986616 1.719319 0.644916
v 1.185795 1.728498 0.732666
v 1.185795 1.709777 0.732666
v 0.982762 1.728498 0.730038
v 0.982762 1.709777 0.730038
v 1.186428 1.728498 0.683773
v 1.186428 1.709777 0.683773
v 0.983395 1.728498 0.681146
v 0.983395 1.709777 0.681146
v 1.185319 1.916913 0.721010
v 1.185319 1.898191 0.721010
v 0.982286 1.916913 0.718383
v 0.982286 1.898191 0.718383
v 1.185952 1.916913 0.672118
v 1.185952 1.898191 0.672118
v 0.982919 1.916913 0.669490
v 0.982919 1.898191 0.669490
v 1.185319 1.882760 0.721010
v 1.185319 1.864039 0.721010
v 0.982286 1.882760 0.718383
v 0.982286 1.864039 0.718383
v 1.185952 1.882760 0.672118
v 1.185952 1.864039 0.672118
v 0.982919 1.882760 0.669490
v 0.982919 1.864039 0.669490
v 1.185319 1.842993 0.721010
v 1.185319 1.824272 0.721010
v 0.982286 1.842993 0.718383
v 0.982286 1.824272 0.718383
v 1.185952 1.842993 0.672118
v 1.185952 1.824272 0.672118
v 0.982919 1.842993 0.669490
v 0.982919 1.824272 0.669490
v 1.185470 1.806926 0.724714
v 1.185470 1.788205 0.724714
v 0.982438 1.806926 0.722086
v 0.982438 1.788205 0.722086
v 1.186103 1.806926 0.675821
v 1.186103 1.788205 0.675821
v 0.983070 1.806926 0.673193
v 0.983070 1.788205 0.673193
v 1.185470 1.765034 0.724714
v 1.185470 1.746313 0.724714
v 0.982438 1.765034 0.722086
v 0.982438 1.746313 0.722086
v 1.186103 1.765034 0.675821
v 1.186103 1.746313 0.675821
v 0.983070 1.765034 0.673193
v 0.983070 1.746313 0.673193
v 1.200322 2.607363 0.227159
v 1.200322 2.633738 0.227159
v 1.200322 2.607364 -0.299555
v 1.200322 2.633738 -0.299555
v 1.024318 2.607364 0.227159
v 1.024318 2.633738 0.227159
v 1.024318 2.607364 -0.299555
v 1.024318 2.633738 -0.299555
v 1.191070 2.731927 0.228102
v 1.191070 2.731776 0.210874
v 1.191070 2.603568 0.230477
v 1.191070 2.603417 0.213248
v 1.015065 2.731927 0.228102
v 1.015065 2.731776 0.210874
v 1.015065 2.603568 0.230477
v 1.015065 2.603417 0.213248
v 1.191070 2.731927 0.106141
v 1.191070 2.731776 0.088913
v 1.191070 2.603568 0.108516
v 1.191070 2.603417 0.091287
v 1.015065 2.731927 0.106141
v 1.015065 2.731776 0.088913
v 1.015065 2.603568 0.108516
v 1.015065 2.603417 0.091287
v 1.191070 2.731269 -0.040885
v 1.191070 2.731118 -0.058113
v 1.191070 2.602910 -0.038511
v 1.191070 2.602760 -0.055739
v 1.015065 2.731269 -0.040885
v 1.015065 2.731119 -0.058113
v 1.015065 2.602910 -0.038511
v 1.015065 2.602760 -0.055739
v 1.191070 2.728365 -0.168767
v 1.191070 2.728214 -0.185995
v 1.191070 2.600006 -0.166392
v 1.191070 2.599855 -0.183621
v 1.015065 2.728365 -0.168767
v 1.015065 2.728214 -0.185995
v 1.015065 2.600006 -0.166392
v 1.015065 2.599855 -0.183621
v 1.191070 2.728448 -0.284091
v 1.191070 2.728297 -0.301319
v 1.191070 2.600089 -0.281716
v 1.191070 2.599938 -0.298945
v 1.015065 2.728448 -0.284091
v 1.015065 2.728297 -0.301319
v 1.015065 2.600089 -0.281716
v 1.015065 2.599938 -0.298945
v 1.197440 2.709048 0.227242
v 1.197440 2.735422 0.227070
v 1.197440 2.707429 -0.299467
v 1.197440 2.733804 -0.299638
v 1.021435 2.709048 0.227242
v 1.021435 2.735422 0.227070
v 1.021435 2.707429 -0.299467
v 1.021435 2.733804 -0.299638
v 1.191070 2.731927 0.034263
v 1.191070 2.731776 0.017035
v 1.191070 2.603568 0.036637
v 1.191070 2.603417 0.019409
v 1.015065 2.731927 0.034263
v 1.015065 2.731776 0.017035
v 1.015065 2.603568 0.036637
v 1.015065 2.603417 0.019409
v 1.191070 2.731539 0.174348
v 1.191070 2.731389 0.157119
v 1.191070 2.603180 0.176722
v 1.191070 2.603029 0.159494
v 1.015065 2.731539 0.174348
v 1.015065 2.731389 0.157119
v 1.015065 2.603180 0.176722
v 1.015065 2.603029 0.159494
v 1.191070 2.731269 -0.102322
v 1.191070 2.731118 -0.119550
v 1.191070 2.602910 -0.099947
v 1.191070 2.602760 -0.117176
v 1.015065 2.731269 -0.102322
v 1.015065 2.731119 -0.119550
v 1.015065 2.602910 -0.099947
v 1.015065 2.602760 -0.117176
v 1.191070 2.731269 -0.239897
v 1.191070 2.731119 -0.257125
v 1.191070 2.602910 -0.237523
v 1.191070 2.602760 -0.254751
v 1.015065 2.731269 -0.239897
v 1.015065 2.731119 -0.257125
v 1.015065 2.602910 -0.237523
v 1.015065 2.602760 -0.254751
v 1.191070 2.782517 0.286626
v 1.191070 2.782298 0.269397
v 1.191070 2.595854 0.289000
v 1.191070 2.595634 0.271772
v 1.015065 2.782517 0.286626
v 1.015065 2.782298 0.269397
v 1.015065 2.595854 0.289000
v 1.015065 2.595634 0.271772
v 1.187416 2.618858 0.593933
v 1.187416 2.657212 0.593933
v 1.187416 2.618858 0.274131
v 1.187416 2.657213 0.274131
v 1.011411 2.618858 0.593933
v 1.011411 2.657213 0.593933
v 1.011411 2.618858 0.274131
v 1.011411 2.657213 0.274131
v 1.187416 2.675331 0.593933
v 1.187416 2.713686 0.593933
v 1.187416 2.675331 0.274131
v 1.187416 2.713686 0.274131
v 1.011411 2.675331 0.593933
v 1.011411 2.713686 0.593933
v 1.011411 2.675331 0.274131
v 1.011411 2.713686 0.274131
v 1.187416 2.739217 0.593933
v 1.187416 2.777572 0.593933
v 1.187416 2.739217 0.274132
v 1.187416 2.777572 0.274132
v 1.011411 2.739217 0.593933
v 1.011411 2.777572 0.593933
v 1.011411 2.739217 0.274132
v 1.011411 2.777572 0.274132
v 1.191070 2.782517 0.598302
v 1.191070 2.782298 0.581073
v 1.191070 2.595854 0.600676
v 1.191070 2.595634 0.583448
v 1.015065 2.782517 0.598302
v 1.015065 2.782298 0.581073
v 1.015065 2.595854 0.600676
v 1.015065 2.595634 0.583448
v 1.187416 2.618858 0.593933
v 1.187416 2.657212 0.593933
v 1.187416 2.618858 0.274131
v 1.187416 2.657213 0.274131
v 1.011411 2.618858 0.593933
v 1.011411 2.657213 0.593933
v 1.011411 2.618858 0.274131
v 1.011411 2.657213 0.274131
v 1.191070 2.746591 -0.622938
v 1.191070 2.746448 -0.634208
v 1.191070 2.559937 -0.620564
v 1.191070 2.559793 -0.631834
v 1.015065 2.746591 -0.622938
v 1.015065 2.746448 -0.634208
v 1.015065 2.559937 -0.620564
v 1.015065 2.559793 -0.631834
v 1.187416 2.581598 -0.421167
v 1.187416 2.619948 -0.421336
v 1.187416 2.583004 -0.630392
v 1.187416 2.621355 -0.630561
v 1.011411 2.581598 -0.421167
v 1.011411 2.619948 -0.421336
v 1.011411 2.583004 -0.630392
v 1.011411 2.621355 -0.630561
v 1.187416 2.638065 -0.421416
v 1.187416 2.676415 -0.421584
v 1.187416 2.639471 -0.630641
v 1.187416 2.677822 -0.630809
v 1.011411 2.638065 -0.421416
v 1.011411 2.676415 -0.421584
v 1.011411 2.639471 -0.630641
v 1.011411 2.677822 -0.630809
v 1.187416 2.701945 -0.421697
v 1.187416 2.740295 -0.421865
v 1.187416 2.703351 -0.630921
v 1.187416 2.741701 -0.631090
v 1.011411 2.701945 -0.421697
v 1.011411 2.740295 -0.421865
v 1.011411 2.703351 -0.630922
v 1.011411 2.741701 -0.631090
v 1.191070 2.745221 -0.419029
v 1.191070 2.745077 -0.430299
v 1.191070 2.558566 -0.416654
v 1.191070 2.558423 -0.427925
v 1.015065 2.745221 -0.419029
v 1.015065 2.745077 -0.430299
v 1.015065 2.558566 -0.416654
v 1.015065 2.558423 -0.427925
v 1.187416 2.581598 -0.421167
v 1.187416 2.619948 -0.421336
v 1.187416 2.583004 -0.630392
v 1.187416 2.621355 -0.630561
v 1.011411 2.581598 -0.421167
v 1.011411 2.619948 -0.421336
v 1.011411 2.583004 -0.630392
v 1.011411 2.621355 -0.630561
v 0.930331 2.030315 -0.723930
v 0.930331 2.030202 -0.672615
v 0.930331 1.985117 -0.724029
v 0.930331 1.985004 -0.672715
v 1.217594 2.030315 -0.723930
v 1.217594 2.030202 -0.672615
v 1.217594 1.985117 -0.724030
v 1.217594 1.985004 -0.672715
v 0.927826 2.129360 0.662614
v 0.927826 2.129247 0.713928
v 0.927826 2.084162 0.662514
v 0.927826 2.084049 0.713829
v 1.215089 2.129360 0.662613
v 1.215089 2.129247 0.713928
v 1.215089 2.084162 0.662514
v 1.215089 2.084049 0.713829
v 0.927826 2.301025 0.662613
v 0.927826 2.300912 0.713928
v 0.927826 2.255826 0.662514
v 0.927826 2.255713 0.713829
v 1.215089 2.301025 0.662613
v 1.215089 2.300912 0.713928
v 1.215089 2.255826 0.662514
v 1.215089 2.255713 0.713829
v 0.927826 2.476424 0.662613
v 0.927826 2.476311 0.713928
v 0.927826 2.431226 0.662514
v 0.927826 2.431113 0.713829
v 1.215089 2.476424 0.662613
v 1.215089 2.476311 0.713928
v 1.215089 2.431226 0.662514
v 1.215089 2.431113 0.713829
vt 0.625000 0.500000
vt 0.875000 0.500000
vt 0.875000 0.750000
vt 0.625000 0.750000
vt 0.375000 0.750000
vt 0.625000 1.000000
vt 0.375000 1.000000
vt 0.375000 0.000000
vt 0.625000 0.000000
vt 0.625000 0.250000
vt 0.375000 0.250000
vt 0.125000 0.500000
vt 0.375000 0.500000
vt 0.125000 0.750000
vt 0.625000 0.500000
vt 0.875000 0.500000
vt 0.875000 0.750000
vt 0.625000 0.750000
vt 0.375000 0.750000
vt 0.625000 1.000000
vt 0.375000 1.000000
vt 0.375000 0.000000
vt 0.625000 0.000000
vt 0.625000 0.250000
vt 0.375000 0.250000
vt 0.125000 0.500000
vt 0.375000 0.500000
vt 0.125000 0.750000
vt 0.625000 0.500000
vt 0.875000 0.500000
vt 0.875000 0.750000
vt 0.625000 0.750000
vt 0.375000 0.750000
vt 0.625000 1.000000
vt 0.375000 1.000000
vt 0.375000 0.000000
vt 0.625000 0.000000
vt 0.625000 0.250000
vt 0.375000 0.250000
vt 0.125000 0.500000
vt 0.375000 0.500000
vt 0.125000 0.750000
vt 0.625000 0.500000
vt 0.875000 0.500000
vt 0.875000 0.750000
vt 0.625000 0.750000
vt 0.375000 0.750000
vt 0.625000 1.000000
vt 0.375000 1.000000
vt 0.375000 0.000000
vt 0.625000 0.000000
vt 0.625000 0.250000
vt 0.375000 0.250000
vt 0.125000 0.500000
vt 0.375000 0.500000
vt 0.125000 0.750000
vt 0.625000 0.500000
vt 0.875000 0.500000
vt 0.875000 0.750000
vt 0.625000 0.750000
vt 0.375000 0.750000
vt 0.625000 1.000000
vt 0.375000 1.000000
vt 0.375000 0.000000
vt 0.625000 0.000000
vt 0.625000 0.250000
vt 0.375000 0.250000
vt 0.125000 0.500000
vt 0.375000 0.500000
vt 0.125000 0.750000
vt 0.625000 0.500000
vt 0.875000 0.500000
vt 0.875000 0.750000
vt 0.625000 0.750000
vt 0.375000 0.750000
vt 0.625000 1.000000
vt 0.375000 1.000000
vt 0.375000 0.000000
vt 0.625000 0.000000
vt 0.625000 0.250000
vt 0.375000 0.250000
vt 0.125000 0.500000
vt 0.375000 0.500000
vt 0.125000 0.750000
vt 0.625000 0.500000
vt 0.875000 0.500000
vt 0.875000 0.750000
vt 0.625000 0.750000
vt 0.375000 0.750000
vt 0.625000 1.000000
vt 0.375000 1.000000
vt 0.375000 0.000000
vt 0.625000 0.000000
vt 0.625000 0.250000
vt 0.375000 0.250000
vt 0.125000 0.500000
vt 0.375000 0.500000
vt 0.125000 0.750000
vt 0.625000 0.500000
vt 0.875000 0.500000
vt 0.875000 0.750000
vt 0.625000 0.750000
vt 0.375000 0.750000
vt 0.625000 1.000000
vt 0.375000 1.000000
vt 0.375000 0.000000
vt 0.625000 0.000000
vt 0.625000 0.250000
vt 0.375000 0.250000
vt 0.125000 0.500000
vt 0.375000 0.500000
vt 0.125000 0.750000
vt 0.625000 0.500000
vt 0.875000 0.500000
vt 0.875000 0.750000
vt 0.625000 0.750000
vt 0.375000 0.750000
vt 0.625000 1.000000
vt 0.375000 1.000000
vt 0.375000 0.000000
vt 0.625000 0.000000
vt 0.625000 0.250000
vt 0.375000 0.250000
vt 0.125000 0.500000
vt 0.375000 0.500000
vt 0.125000 0.750000
vt 0.625000 0.500000
vt 0.875000 0.500000
vt 0.875000 0.750000
vt 0.625000 0.750000
vt 0.375000 0.750000
vt 0.625000 1.000000
vt 0.375000 1.000000
vt 0.375000 0.000000
vt 0.625000 0.000000
vt 0.625000 0.250000
vt 0.375000 0.250000
vt 0.125000 0.500000
vt 0.375000 0.500000
vt 0.125000 0.750000
vt 0.625000 0.500000
vt 0.875000 0.500000
vt 0.875000 0.750000
vt 0.625000 0.750000
vt 0.375000 0.750000
vt 0.625000 1.000000
vt 0.375000 1.000000
vt 0.375000 0.000000
vt 0.625000 0.000000
vt 0.625000 0.250000
vt 0.375000 0.250000
vt 0.125000 0.500000
vt 0.375000 0.500000
vt 0.125000 0.750000
vt 0.625000 0.500000
vt 0.875000 0.500000
vt 0.875000 0.750000
vt 0.625000 0.750000
vt 0.375000 0.750000
vt 0.625000 1.000000
vt 0.375000 1.000000
vt 0.375000 0.000000
vt 0.625000 0.000000
vt 0.625000 0.250000
vt 0.375000 0.250000
vt 0.125000 0.500000
vt 0.375000 0.500000
vt 0.125000 0.750000
vt 0.625000 0.500000
vt 0.875000 0.500000
vt 0.875000 0.750000
vt 0.625000 0.750000
vt 0.375000 0.750000
vt 0.625000 1.000000
vt 0.375000 1.000000
vt 0.375000 0.000000
vt 0.625000 0.000000
vt 0.625000 0.250000
vt 0.375000 0.250000
vt 0.125000 0.500000
vt 0.375000 0.500000
vt 0.125000 0.750000
vt 0.625000 0.500000
vt 0.875000 0.500000
vt 0.875000 0.750000
vt 0.625000 0.750000
vt 0.375000 0.750000
vt 0.625000 1.000000
vt 0.375000 1.000000
vt 0.375000 0.000000
vt 0.625000 0.000000
vt 0.625000 0.250000
vt 0.375000 0.250000
vt 0.125000 0.500000
vt 0.375000 0.500000
vt 0.125000 0.750000
vt 0.625000 0.500000
vt 0.875000 0.500000
vt 0.875000 0.750000
vt 0.625000 0.750000
vt 0.375000 0.750000
vt 0.625000 1.000000
vt 0.375000 1.000000
vt 0.375000 0.000000
vt 0.625000 0.000000
vt 0.625000 0.250000
vt 0.375000 0.250000
vt 0.125000 0.500000
vt 0.375000 0.500000
vt 0.125000 0.750000
vt 0.625000 0.500000
vt 0.875000 0.500000
vt 0.875000 0.750000
vt 0.625000 0.750000
vt 0.375000 0.750000
vt 0.625000 1.000000
vt 0.375000 1.000000
vt 0.375000 0.000000
vt 0.625000 0.000000
vt 0.625000 0.250000
vt 0.375000 0.250000
vt 0.125000 0.500000
vt 0.375000 0.500000
vt 0.125000 0.750000
vt 0.625000 0.500000
vt 0.875000 0.500000
vt 0.875000 0.750000
vt 0.625000 0.750000
vt 0.375000 0.750000
vt 0.625000 1.000000
vt 0.375000 1.000000
vt 0.375000 0.000000
vt 0.625000 0.000000
vt 0.625000 0.250000
vt 0.375000 0.250000
vt 0.125000 0.500000
vt 0.375000 0.500000
vt 0.125000 0.750000
vt 0.625000 0.500000
vt 0.875000 0.500000
vt 0.875000 0.750000
vt 0.625000 0.750000
vt 0.375000 0.750000
vt 0.625000 1.000000
vt 0.375000 1.000000
vt 0.375000 0.000000
vt 0.625000 0.000000
vt 0.625000 0.250000
vt 0.375000 0.250000
vt 0.125000 0.500000
vt 0.375000 0.500000
vt 0.125000 0.750000
vt 0.625000 0.500000
vt 0.875000 0.500000
vt 0.875000 0.750000
vt 0.625000 0.750000
vt 0.375000 0.750000
vt 0.625000 1.000000
vt 0.375000 1.000000
vt 0.375000 0.000000
vt 0.625000 0.000000
vt 0.625000 0.250000
vt 0.375000 0.250000
vt 0.125000 0.500000
vt 0.375000 0.500000
vt 0.125000 0.750000
vt 0.625000 0.500000
vt 0.875000 0.500000
vt 0.875000 0.750000
vt 0.625000 0.750000
vt 0.375000 0.750000
vt 0.625000 1.000000
vt 0.375000 1.000000
vt 0.375000 0.000000
vt 0.625000 0.000000
vt 0.625000 0.250000
vt 0.375000 0.250000
vt 0.125000 0.500000
vt 0.375000 0.500000
vt 0.125000 0.750000
vt 0.625000 0.500000
vt 0.875000 0.500000
vt 0.875000 0.750000
vt 0.625000 0.750000
vt 0.375000 0.750000
vt 0.625000 1.000000
vt 0.375000 1.000000
vt 0.375000 0.000000
vt 0.625000 0.000000
vt 0.625000 0.250000
vt 0.375000 0.250000
vt 0.125000 0.500000
vt 0.375000 0.500000
vt 0.125000 0.750000
vt 0.625000 0.500000
vt 0.875000 0.500000
vt 0.875000 0.750000
vt 0.625000 0.750000
vt 0.375000 0.750000
vt 0.625000 1.000000
vt 0.375000 1.000000
vt 0.375000 0.000000
vt 0.625000 0.000000
vt 0.625000 0.250000
vt 0.375000 0.250000
vt 0.125000 0.500000
vt 0.375000 0.500000
vt 0.125000 0.750000
vt 0.625000 0.500000
vt 0.875000 0.500000
vt 0.875000 0.750000
vt 0.625000 0.750000
vt 0.375000 0.750000
vt 0.625000 1.000000
vt 0.375000 1.000000
vt 0.375000 0.000000
vt 0.625000 0.000000
vt 0.625000 0.250000
vt 0.375000 0.250000
vt 0.125000 0.500000
vt 0.375000 0.500000
vt 0.125000 0.750000
vt 0.625000 0.500000
vt 0.875000 0.500000
vt 0.875000 0.750000
vt 0.625000 0.750000
vt 0.375000 0.750000
vt 0.625000 1.000000
vt 0.375000 1.000000
vt 0.375000 0.000000
vt 0.625000 0.000000
vt 0.625000 0.250000
vt 0.375000 0.250000
vt 0.125000 0.500000
vt 0.375000 0.500000
vt 0.125000 0.750000
vt 0.625000 0.500000
vt 0.875000 0.500000
vt 0.875000 0.750000
vt 0.625000 0.750000
vt 0.375000 0.750000
vt 0.625000 1.000000
vt 0.375000 1.000000
vt 0.375000 0.000000
vt 0.625000 0.000000
vt 0.625000 0.250000
vt 0.375000 0.250000
vt 0.125000 0.500000
vt 0.375000 0.500000
vt 0.125000 0.750000
vt 0.625000 0.500000
vt 0.875000 0.500000
vt 0.875000 0.750000
vt 0.625000 0.750000
vt 0.375000 0.750000
vt 0.625000 1.000000
vt 0.375000 1.000000
vt 0.375000 0.000000
vt 0.625000 0.000000
vt 0.625000 0.250000
vt 0.375000 0.250000
vt 0.125000 0.500000
vt 0.375000 0.500000
vt 0.125000 0.750000
vt 0.625000 0.500000
vt 0.875000 0.500000
vt 0.875000 0.750000
vt 0.625000 0.750000
vt 0.375000 0.750000
vt 0.625000 1.000000
vt 0.375000 1.000000
vt 0.375000 0.000000
vt 0.625000 0.000000
vt 0.625000 0.250000
vt 0.375000 0.250000
vt 0.125000 0.500000
vt 0.375000 0.500000
vt 0.125000 0.750000
vt 0.625000 0.500000
vt 0.875000 0.500000
vt 0.875000 0.750000
vt 0.625000 0.750000
vt 0.375000 0.750000
vt 0.625000 1.000000
vt 0.375000 1.000000
vt 0.375000 0.000000
vt 0.625000 0.000000
vt 0.625000 0.250000
vt 0.375000 0.250000
vt 0.125000 0.500000
vt 0.375000 0.500000
vt 0.125000 0.750000
vt 0.625000 0.500000
vt 0.875000 0.500000
vt 0.875000 0.750000
vt 0.625000 0.750000
vt 0.375000 0.750000
vt 0.625000 1.000000
vt 0.375000 1.000000
vt 0.375000 0.000000
vt 0.625000 0.000000
vt 0.625000 0.250000
vt 0.375000 0.250000
vt 0.125000 0.500000
vt 0.375000 0.500000
vt 0.125000 0.750000
vt 0.625000 0.500000
vt 0.875000 0.500000
vt 0.875000 0.750000
vt 0.625000 0.750000
vt 0.375000 0.750000
vt 0.625000 1.000000
vt 0.375000 1.000000
vt 0.375000 0.000000
vt 0.625000 0.000000
vt 0.625000 0.250000
vt 0.375000 0.250000
vt 0.125000 0.500000
vt 0.375000 0.500000
vt 0.125000 0.750000
vt 0.625000 0.500000
vt 0.875000 0.500000
vt 0.875000 0.750000
vt 0.625000 0.750000
vt 0.375000 0.750000
vt 0.625000 1.000000
vt 0.375000 1.000000
vt 0.375000 0.000000
vt 0.625000 0.000000
vt 0.625000 0.250000
vt 0.375000 0.250000
vt 0.125000 0.500000
vt 0.375000 0.500000
vt 0.125000 0.750000
vt 0.625000 0.500000
vt 0.875000 0.500000
vt 0.875000 0.750000
vt 0.625000 0.750000
vt 0.375000 0.750000
vt 0.625000 1.000000
vt 0.375000 1.000000
vt 0.375000 0.000000
vt 0.625000 0.000000
vt 0.625000 0.250000
vt 0.375000 0.250000
vt 0.125000 0.500000
vt 0.375000 0.500000
vt 0.125000 0.750000
vt 0.625000 0.500000
vt 0.875000 0.500000
vt 0.875000 0.750000
vt 0.625000 0.750000
vt 0.375000 0.750000
vt 0.625000 1.000000
vt 0.375000 1.000000
vt 0.375000 0.000000
vt 0.625000 0.000000
vt 0.625000 0.250000
vt 0.375000 0.250000
vt 0.125000 0.500000
vt 0.375000 0.500000
vt 0.125000 0.750000
vt 0.625000 0.500000
vt 0.875000 0.500000
vt 0.875000 0.750000
vt 0.625000 0.750000
vt 0.375000 0.750000
vt 0.625000 1.000000
vt 0.375000 1.000000
vt 0.375000 0.000000
vt 0.625000 0.000000
vt 0.625000 0.250000
vt 0.375000 0.250000
vt 0.125000 0.500000
vt 0.375000 0.500000
vt 0.125000 0.750000
vt 0.625000 0.500000
vt 0.875000 0.500000
vt 0.875000 0.750000
vt 0.625000 0.750000
vt 0.375000 0.750000
vt 0.625000 1.000000
vt 0.375000 1.000000
vt 0.375000 0.000000
vt 0.625000 0.000000
vt 0.625000 0.250000
vt 0.375000 0.250000
vt 0.125000 0.500000
vt 0.375000 0.500000
vt 0.125000 0.750000
vt 0.625000 0.500000
vt 0.875000 0.500000
vt 0.875000 0.750000
vt 0.625000 0.750000
vt 0.375000 0.750000
vt 0.625000 1.000000
vt 0.375000 1.000000
vt 0.375000 0.000000
vt 0.625000 0.000000
vt 0.625000 0.250000
vt 0.375000 0.250000
vt 0.125000 0.500000
vt 0.375000 0.500000
vt 0.125000 0.750000
vt 0.625000 0.500000
vt 0.875000 0.500000
vt 0.875000 0.750000
vt 0.625000 0.750000
vt 0.375000 0.750000
vt 0.625000 1.000000
vt 0.375000 1.000000
vt 0.375000 0.000000
vt 0.625000 0.000000
vt 0.625000 0.250000
vt 0.375000 0.250000
vt 0.125000 0.500000
vt 0.375000 0.500000
vt 0.125000 0.750000
vt 0.625000 0.500000
vt 0.875000 0.500000
vt 0.875000 0.750000
vt 0.625000 0.750000
vt 0.375000 0.750000
vt 0.625000 1.000000
vt 0.375000 1.000000
vt 0.375000 0.000000
vt 0.625000 0.000000
vt 0.625000 0.250000
vt 0.375000 0.250000
vt 0.125000 0.500000
vt 0.375000 0.500000
vt 0.125000 0.750000
vt 0.625000 0.500000
vt 0.875000 0.500000
vt 0.875000 0.750000
vt 0.625000 0.750000
vt 0.375000 0.750000
vt 0.625000 1.000000
vt 0.375000 1.000000
vt 0.375000 0.000000
vt 0.625000 0.000000
vt 0.625000 0.250000
vt 0.375000 0.250000
vt 0.125000 0.500000
vt 0.375000 0.500000
vt 0.125000 0.750000
vt 0.625000 0.500000
vt 0.875000 0.500000
vt 0.875000 0.750000
vt 0.625000 0.750000
vt 0.375000 0.750000
vt 0.625000 1.000000
vt 0.375000 1.000000
vt 0.375000 0.000000
vt 0.625000 0.000000
vt 0.625000 0.250000
vt 0.375000 0.250000
vt 0.125000 0.500000
vt 0.375000 0.500000
vt 0.125000 0.750000
vt 0.625000 0.500000
vt 0.875000 0.500000
vt 0.875000 0.750000
vt 0.625000 0.750000
vt 0.375000 0.750000
vt 0.625000 1.000000
vt 0.375000 1.000000
vt 0.375000 0.000000
vt 0.625000 0.000000
vt 0.625000 0.250000
vt 0.375000 0.250000
vt 0.125000 0.500000
vt 0.375000 0.500000
vt 0.125000 0.750000
vt 0.625000 0.500000
vt 0.875000 0.500000
vt 0.875000 0.750000
vt 0.625000 0.750000
vt 0.375000 0.750000
vt 0.625000 1.000000
vt 0.375000 1.000000
vt 0.375000 0.000000
vt 0.625000 0.000000
vt 0.625000 0.250000
vt 0.375000 0.250000
vt 0.125000 0.500000
vt 0.375000 0.500000
vt 0.125000 0.750000
vt 0.625000 0.500000
vt 0.875000 0.500000
vt 0.875000 0.750000
vt 0.625000 0.750000
vt 0.375000 0.750000
vt 0.625000 1.000000
vt 0.375000 1.000000
vt 0.375000 0.000000
vt 0.625000 0.000000
vt 0.625000 0.250000
vt 0.375000 0.250000
vt 0.125000 0.500000
vt 0.375000 0.500000
vt 0.125000 0.750000
vt 0.625000 0.500000
vt 0.875000 0.500000
vt 0.875000 0.750000
vt 0.625000 0.750000
vt 0.375000 0.750000
vt 0.625000 1.000000
vt 0.375000 1.000000
vt 0.375000 0.000000
vt 0.625000 0.000000
vt 0.625000 0.250000
vt 0.375000 0.250000
vt 0.125000 0.500000
vt 0.375000 0.500000
vt 0.125000 0.750000
vt 0.625000 0.500000
vt 0.875000 0.500000
vt 0.875000 0.750000
vt 0.625000 0.750000
vt 0.375000 0.750000
vt 0.625000 1.000000
vt 0.375000 1.000000
vt 0.375000 0.000000
vt 0.625000 0.000000
vt 0.625000 0.250000
vt 0.375000 0.250000
vt 0.125000 0.500000
vt 0.375000 0.500000
vt 0.125000 0.750000
vt 0.625000 0.500000
vt 0.875000 0.500000
vt 0.875000 0.750000
vt 0.625000 0.750000
vt 0.375000 0.750000
vt 0.625000 1.000000
vt 0.375000 1.000000
vt 0.375000 0.000000
vt 0.625000 0.000000
vt 0.625000 0.250000
vt 0.375000 0.250000
vt 0.125000 0.500000
vt 0.375000 0.500000
vt 0.125000 0.750000
vt 0.625000 0.500000
vt 0.875000 0.500000
vt 0.875000 0.750000
vt 0.625000 0.750000
vt 0.375000 0.750000
vt 0.625000 1.000000
vt 0.375000 1.000000
vt 0.375000 0.000000
vt 0.625000 0.000000
vt 0.625000 0.250000
vt 0.375000 0.250000
vt 0.125000 0.500000
vt 0.375000 0.500000
vt 0.125000 0.750000
vt 0.375000 0.000000
vt 0.625000 0.000000
vt 0.625000 0.250000
vt 0.375000 0.250000
vt 0.625000 0.500000
vt 0.375000 0.500000
vt 0.625000 0.750000
vt 0.375000 0.750000
vt 0.625000 1.000000
vt 0.375000 1.000000
vt 0.125000 0.500000
vt 0.125000 0.750000
vt 0.875000 0.500000
vt 0.875000 0.750000
vt 0.375000 0.000000
vt 0.625000 0.000000
vt 0.625000 0.250000
vt 0.375000 0.250000
vt 0.625000 0.500000
vt 0.375000 0.500000
vt 0.625000 0.750000
vt 0.375000 0.750000
vt 0.625000 1.000000
vt 0.375000 1.000000
vt 0.125000 0.500000
vt 0.125000 0.750000
vt 0.875000 0.500000
vt 0.875000 0.750000
vt 0.375000 0.000000
vt 0.625000 0.000000
vt 0.625000 0.250000
vt 0.375000 0.250000
vt 0.625000 0.500000
vt 0.375000 0.500000
vt 0.625000 0.750000
vt 0.375000 0.750000
vt 0.625000 1.000000
vt 0.375000 1.000000
vt 0.125000 0.500000
vt 0.125000 0.750000
vt 0.875000 0.500000
vt 0.875000 0.750000
vt 0.375000 0.000000
vt 0.625000 0.000000
vt 0.625000 0.250000
vt 0.375000 0.250000
vt 0.625000 0.500000
vt 0.375000 0.500000
vt 0.625000 0.750000
vt 0.375000 0.750000
vt 0.625000 1.000000
vt 0.375000 1.000000
vt 0.125000 0.500000
vt 0.125000 0.750000
vt 0.875000 0.500000
vt 0.875000 0.750000
vt 0.375000 0.000000
vt 0.625000 0.000000
vt 0.625000 0.250000
vt 0.375000 0.250000
vt 0.625000 0.500000
vt 0.375000 0.500000
vt 0.625000 0.750000
vt 0.375000 0.750000
vt 0.625000 1.000000
vt 0.375000 1.000000
vt 0.125000 0.500000
vt 0.125000 0.750000
vt 0.875000 0.500000
vt 0.875000 0.750000
vt 0.375000 0.000000
vt 0.625000 0.000000
vt 0.625000 0.250000
vt 0.375000 0.250000
vt 0.625000 0.500000
vt 0.375000 0.500000
vt 0.625000 0.750000
vt 0.375000 0.750000
vt 0.625000 1.000000
vt 0.375000 1.000000
vt 0.125000 0.500000
vt 0.125000 0.750000
vt 0.875000 0.500000
vt 0.875000 0.750000
vt 0.375000 0.000000
vt 0.625000 0.000000
vt 0.625000 0.250000
vt 0.375000 0.250000
vt 0.625000 0.500000
vt 0.375000 0.500000
vt 0.625000 0.750000
vt 0.375000 0.750000
vt 0.625000 1.000000
vt 0.375000 1.000000
vt 0.125000 0.500000
vt 0.125000 0.750000
vt 0.875000 0.500000
vt 0.875000 0.750000
vt 0.375000 0.000000
vt 0.625000 0.000000
vt 0.625000 0.250000
vt 0.375000 0.250000
vt 0.625000 0.500000
vt 0.375000 0.500000
vt 0.625000 0.750000
vt 0.375000 0.750000
vt 0.625000 1.000000
vt 0.375000 1.000000
vt 0.125000 0.500000
vt 0.125000 0.750000
vt 0.875000 0.500000
vt 0.875000 0.750000
vt 0.375000 0.000000
vt 0.625000 0.000000
vt 0.625000 0.250000
vt 0.375000 0.250000
vt 0.625000 0.500000
vt 0.375000 0.500000
vt 0.625000 0.750000
vt 0.375000 0.750000
vt 0.625000 1.000000
vt 0.375000 1.000000
vt 0.125000 0.500000
vt 0.125000 0.750000
vt 0.875000 0.500000
vt 0.875000 0.750000
vt 0.375000 0.000000
vt 0.625000 0.000000
vt 0.625000 0.250000
vt 0.375000 0.250000
vt 0.625000 0.500000
vt 0.375000 0.500000
vt 0.625000 0.750000
vt 0.375000 0.750000
vt 0.625000 1.000000
vt 0.375000 1.000000
vt 0.125000 0.500000
vt 0.125000 0.750000
vt 0.875000 0.500000
vt 0.875000 0.750000
vt 0.375000 0.000000
vt 0.625000 0.000000
vt 0.625000 0.250000
vt 0.375000 0.250000
vt 0.625000 0.500000
vt 0.375000 0.500000
vt 0.625000 0.750000
vt 0.375000 0.750000
vt 0.625000 1.000000
vt 0.375000 1.000000
vt 0.125000 0.500000
vt 0.125000 0.750000
vt 0.875000 0.500000
vt 0.875000 0.750000
vt 0.375000 0.000000
vt 0.625000 0.000000
vt 0.625000 0.250000
vt 0.375000 0.250000
vt 0.625000 0.500000
vt 0.375000 0.500000
vt 0.625000 0.750000
vt 0.375000 0.750000
vt 0.625000 1.000000
vt 0.375000 1.000000
vt 0.125000 0.500000
vt 0.125000 0.750000
vt 0.875000 0.500000
vt 0.875000 0.750000
vt 0.375000 0.000000
vt 0.625000 0.000000
vt 0.625000 0.250000
vt 0.375000 0.250000
vt 0.625000 0.500000
vt 0.375000 0.500000
vt 0.625000 0.750000
vt 0.375000 0.750000
vt 0.625000 1.000000
vt 0.375000 1.000000
vt 0.125000 0.500000
vt 0.125000 0.750000
vt 0.875000 0.500000
vt 0.875000 0.750000
vt 0.375000 0.000000
vt 0.625000 0.000000
vt 0.625000 0.250000
vt 0.375000 0.250000
vt 0.625000 0.500000
vt 0.375000 0.500000
vt 0.625000 0.750000
vt 0.375000 0.750000
vt 0.625000 1.000000
vt 0.375000 1.000000
vt 0.125000 0.500000
vt 0.125000 0.750000
vt 0.875000 0.500000
vt 0.875000 0.750000
vt 0.375000 0.000000
vt 0.625000 0.000000
vt 0.625000 0.250000
vt 0.375000 0.250000
vt 0.625000 0.500000
vt 0.375000 0.500000
vt 0.625000 0.750000
vt 0.375000 0.750000
vt 0.625000 1.000000
vt 0.375000 1.000000
vt 0.125000 0.500000
vt 0.125000 0.750000
vt 0.875000 0.500000
vt 0.875000 0.750000
vt 0.375000 0.000000
vt 0.625000 0.000000
vt 0.625000 0.250000
vt 0.375000 0.250000
vt 0.625000 0.500000
vt 0.375000 0.500000
vt 0.625000 0.750000
vt 0.375000 0.750000
vt 0.625000 1.000000
vt 0.375000 1.000000
vt 0.125000 0.500000
vt 0.125000 0.750000
vt 0.875000 0.500000
vt 0.875000 0.750000
vt 0.375000 0.000000
vt 0.625000 0.000000
vt 0.625000 0.250000
vt 0.375000 0.250000
vt 0.625000 0.500000
vt 0.375000 0.500000
vt 0.625000 0.750000
vt 0.375000 0.750000
vt 0.625000 1.000000
vt 0.375000 1.000000
vt 0.125000 0.500000
vt 0.125000 0.750000
vt 0.875000 0.500000
vt 0.875000 0.750000
vt 0.375000 0.000000
vt 0.625000 0.000000
vt 0.625000 0.250000
vt 0.375000 0.250000
vt 0.625000 0.500000
vt 0.375000 0.500000
vt 0.625000 0.750000
vt 0.375000 0.750000
vt 0.625000 1.000000
vt 0.375000 1.000000
vt 0.125000 0.500000
vt 0.125000 0.750000
vt 0.875000 0.500000
vt 0.875000 0.750000
vt 0.375000 0.000000
vt 0.625000 0.000000
vt 0.625000 0.250000
vt 0.375000 0.250000
vt 0.625000 0.500000
vt 0.375000 0.500000
vt 0.625000 0.750000
vt 0.375000 0.750000
vt 0.625000 1.000000
vt 0.375000 1.000000
vt 0.125000 0.500000
vt 0.125000 0.750000
vt 0.875000 0.500000
vt 0.875000 0.750000
vt 0.375000 0.000000
vt 0.625000 0.000000
vt 0.625000 0.250000
vt 0.375000 0.250000
vt 0.625000 0.500000
vt 0.375000 0.500000
vt 0.625000 0.750000
vt 0.375000 0.750000
vt 0.625000 1.000000
vt 0.375000 1.000000
vt 0.125000 0.500000
vt 0.125000 0.750000
vt 0.875000 0.500000
vt 0.875000 0.750000
vt 0.375000 0.000000
vt 0.625000 0.000000
vt 0.625000 0.250000
vt 0.375000 0.250000
vt 0.625000 0.500000
vt 0.375000 0.500000
vt 0.625000 0.750000
vt 0.375000 0.750000
vt 0.625000 1.000000
vt 0.375000 1.000000
vt 0.125000 0.500000
vt 0.125000 0.750000
vt 0.875000 0.500000
vt 0.875000 0.750000
vt 0.375000 0.000000
vt 0.625000 0.000000
vt 0.625000 0.250000
vt 0.375000 0.250000
vt 0.625000 0.500000
vt 0.375000 0.500000
vt 0.625000 0.750000
vt 0.375000 0.750000
vt 0.625000 1.000000
vt 0.375000 1.000000
vt 0.125000 0.500000
vt 0.125000 0.750000
vt 0.875000 0.500000
vt 0.875000 0.750000
vt 0.375000 0.000000
vt 0.625000 0.000000
vt 0.625000 0.250000
vt 0.375000 0.250000
vt 0.625000 0.500000
vt 0.375000 0.500000
vt 0.625000 0.750000
vt 0.375000 0.750000
vt 0.625000 1.000000
vt 0.375000 1.000000
vt 0.125000 0.500000
vt 0.125000 0.750000
vt 0.875000 0.500000
vt 0.875000 0.750000
vt 0.375000 0.000000
vt 0.625000 0.000000
vt 0.625000 0.250000
vt 0.375000 0.250000
vt 0.625000 0.500000
vt 0.375000 0.500000
vt 0.625000 0.750000
vt 0.375000 0.750000
vt 0.625000 1.000000
vt 0.375000 1.000000
vt 0.125000 0.500000
vt 0.125000 0.750000
vt 0.875000 0.500000
vt 0.875000 0.750000
vt 0.375000 0.000000
vt 0.625000 0.000000
vt 0.625000 0.250000
vt 0.375000 0.250000
vt 0.625000 0.500000
vt 0.375000 0.500000
vt 0.625000 0.750000
vt 0.375000 0.750000
vt 0.625000 1.000000
vt 0.375000 1.000000
vt 0.125000 0.500000
vt 0.125000 0.750000
vt 0.875000 0.500000
vt 0.875000 0.750000
vt 0.375000 0.000000
vt 0.625000 0.000000
vt 0.625000 0.250000
vt 0.375000 0.250000
vt 0.625000 0.500000
vt 0.375000 0.500000
vt 0.625000 0.750000
vt 0.375000 0.750000
vt 0.625000 1.000000
vt 0.375000 1.000000
vt 0.125000 0.500000
vt 0.125000 0.750000
vt 0.875000 0.500000
vt 0.875000 0.750000
vt 0.375000 0.000000
vt 0.625000 0.000000
vt 0.625000 0.250000
vt 0.375000 0.250000
vt 0.625000 0.500000
vt 0.375000 0.500000
vt 0.625000 0.750000
vt 0.375000 0.750000
vt 0.625000 1.000000
vt 0.375000 1.000000
vt 0.125000 0.500000
vt 0.125000 0.750000
vt 0.875000 0.500000
vt 0.875000 0.750000
vt 0.375000 0.000000
vt 0.625000 0.000000
vt 0.625000 0.250000
vt 0.375000 0.250000
vt 0.625000 0.500000
vt 0.375000 0.500000
vt 0.625000 0.750000
vt 0.375000 0.750000
vt 0.625000 1.000000
vt 0.375000 1.000000
vt 0.125000 0.500000
vt 0.125000 0.750000
vt 0.875000 0.500000
vt 0.875000 0.750000
vt 0.375000 0.000000
vt 0.625000 0.000000
vt 0.625000 0.250000
vt 0.375000 0.250000
vt 0.625000 0.500000
vt 0.375000 0.500000
vt 0.625000 0.750000
vt 0.375000 0.750000
vt 0.625000 1.000000
vt 0.375000 1.000000
vt 0.125000 0.500000
vt 0.125000 0.750000
vt 0.875000 0.500000
vt 0.875000 0.750000
vt 0.375000 0.000000
vt 0.625000 0.000000
vt 0.625000 0.250000
vt 0.375000 0.250000
vt 0.625000 0.500000
vt 0.375000 0.500000
vt 0.625000 0.750000
vt 0.375000 0.750000
vt 0.625000 1.000000
vt 0.375000 1.000000
vt 0.125000 0.500000
vt 0.125000 0.750000
vt 0.875000 0.500000
vt 0.875000 0.750000
vt 0.375000 0.000000
vt 0.625000 0.000000
vt 0.625000 0.250000
vt 0.375000 0.250000
vt 0.625000 0.500000
vt 0.375000 0.500000
vt 0.625000 0.750000
vt 0.375000 0.750000
vt 0.625000 1.000000
vt 0.375000 1.000000
vt 0.125000 0.500000
vt 0.125000 0.750000
vt 0.875000 0.500000
vt 0.875000 0.750000
vt 0.375000 0.000000
vt 0.625000 0.000000
vt 0.625000 0.250000
vt 0.375000 0.250000
vt 0.625000 0.500000
vt 0.375000 0.500000
vt 0.625000 0.750000
vt 0.375000 0.750000
vt 0.625000 1.000000
vt 0.375000 1.000000
vt 0.125000 0.500000
vt 0.125000 0.750000
vt 0.875000 0.500000
vt 0.875000 0.750000
vt 0.375000 0.000000
vt 0.625000 0.000000
vt 0.625000 0.250000
vt 0.375000 0.250000
vt 0.625000 0.500000
vt 0.375000 0.500000
vt 0.625000 0.750000
vt 0.375000 0.750000
vt 0.625000 1.000000
vt 0.375000 1.000000
vt 0.125000 0.500000
vt 0.125000 0.750000
vt 0.875000 0.500000
vt 0.875000 0.750000
vt 0.375000 0.000000
vt 0.625000 0.000000
vt 0.625000 0.250000
vt 0.375000 0.250000
vt 0.625000 0.500000
vt 0.375000 0.500000
vt 0.625000 0.750000
vt 0.375000 0.750000
vt 0.625000 1.000000
vt 0.375000 1.000000
vt 0.125000 0.500000
vt 0.125000 0.750000
vt 0.875000 0.500000
vt 0.875000 0.750000
vt 0.375000 0.000000
vt 0.625000 0.000000
vt 0.625000 0.250000
vt 0.375000 0.250000
vt 0.625000 0.500000
vt 0.375000 0.500000
vt 0.625000 0.750000
vt 0.375000 0.750000
vt 0.625000 1.000000
vt 0.375000 1.000000
vt 0.125000 0.500000
vt 0.125000 0.750000
vt 0.875000 0.500000
vt 0.875000 0.750000
vt 0.375000 0.000000
vt 0.625000 0.000000
vt 0.625000 0.250000
vt 0.375000 0.250000
vt 0.625000 0.500000
vt 0.375000 0.500000
vt 0.625000 0.750000
vt 0.375000 0.750000
vt 0.625000 1.000000
vt 0.375000 1.000000
vt 0.125000 0.500000
vt 0.125000 0.750000
vt 0.875000 0.500000
vt 0.875000 0.750000
vt 0.375000 0.000000
vt 0.625000 0.000000
vt 0.625000 0.250000
vt 0.375000 0.250000
vt 0.625000 0.500000
vt 0.375000 0.500000
vt 0.625000 0.750000
vt 0.375000 0.750000
vt 0.625000 1.000000
vt 0.375000 1.000000
vt 0.125000 0.500000
vt 0.125000 0.750000
vt 0.875000 0.500000
vt 0.875000 0.750000
vt 0.375000 0.000000
vt 0.625000 0.000000
vt 0.625000 0.250000
vt 0.375000 0.250000
vt 0.625000 0.500000
vt 0.375000 0.500000
vt 0.625000 0.750000
vt 0.375000 0.750000
vt 0.625000 1.000000
vt 0.375000 1.000000
vt 0.125000 0.500000
vt 0.125000 0.750000
vt 0.875000 0.500000
vt 0.875000 0.750000
vt 0.375000 0.000000
vt 0.625000 0.000000
vt 0.625000 0.250000
vt 0.375000 0.250000
vt 0.625000 0.500000
vt 0.375000 0.500000
vt 0.625000 0.750000
vt 0.375000 0.750000
vt 0.625000 1.000000
vt 0.375000 1.000000
vt 0.125000 0.500000
vt 0.125000 0.750000
vt 0.875000 0.500000
vt 0.875000 0.750000
vt 0.375000 0.000000
vt 0.625000 0.000000
vt 0.625000 0.250000
vt 0.375000 0.250000
vt 0.625000 0.500000
vt 0.375000 0.500000
vt 0.625000 0.750000
vt 0.375000 0.750000
vt 0.625000 1.000000
vt 0.375000 1.000000
vt 0.125000 0.500000
vt 0.125000 0.750000
vt 0.875000 0.500000
vt 0.875000 0.750000
vt 0.375000 0.000000
vt 0.625000 0.000000
vt 0.625000 0.250000
vt 0.375000 0.250000
vt 0.625000 0.500000
vt 0.375000 0.500000
vt 0.625000 0.750000
vt 0.375000 0.750000
vt 0.625000 1.000000
vt 0.375000 1.000000
vt 0.125000 0.500000
vt 0.125000 0.750000
vt 0.875000 0.500000
vt 0.875000 0.750000
vt 0.375000 0.000000
vt 0.625000 0.000000
vt 0.625000 0.250000
vt 0.375000 0.250000
vt 0.625000 0.500000
vt 0.375000 0.500000
vt 0.625000 0.750000
vt 0.375000 0.750000
vt 0.625000 1.000000
vt 0.375000 1.000000
vt 0.125000 0.500000
vt 0.125000 0.750000
vt 0.875000 0.500000
vt 0.875000 0.750000
vt 0.375000 0.000000
vt 0.625000 0.000000
vt 0.625000 0.250000
vt 0.375000 0.250000
vt 0.625000 0.500000
vt 0.375000 0.500000
vt 0.625000 0.750000
vt 0.375000 0.750000
vt 0.625000 1.000000
vt 0.375000 1.000000
vt 0.125000 0.500000
vt 0.125000 0.750000
vt 0.875000 0.500000
vt 0.875000 0.750000
vt 0.375000 0.000000
vt 0.625000 0.000000
vt 0.625000 0.250000
vt 0.375000 0.250000
vt 0.625000 0.500000
vt 0.375000 0.500000
vt 0.625000 0.750000
vt 0.375000 0.750000
vt 0.625000 1.000000
vt 0.375000 1.000000
vt 0.125000 0.500000
vt 0.125000 0.750000
vt 0.875000 0.500000
vt 0.875000 0.750000
vn 0.0022 -1.0000 0.0039
vn -0.0005 0.0039 1.0000
vn 1.0000 0.0022 0.0005
vn -0.0022 1.0000 -0.0039
vn -1.0000 -0.0022 -0.0005
vn 0.0005 -0.0039 -1.0000
vn 0.0000 0.0022 -1.0000
vn -0.0000 -1.0000 -0.0022
vn 1.0000 0.0000 0.0000
vn 0.0000 -0.0022 1.0000
vn -1.0000 0.0000 0.0000
vn -0.0000 1.0000 0.0022
vn 0.0000 -0.9998 -0.0216
vn 0.0000 -0.0216 0.9998
vn -0.0000 0.9998 0.0216
vn 0.0000 0.0216 -0.9998
vn 0.0000 -0.0146 -0.9999
vn -0.0000 -0.9999 0.0146
vn -0.0000 0.0146 0.9999
vn -0.0000 0.9999 -0.0146
vn 0.0068 -0.0060 -1.0000
vn -0.9997 0.0247 -0.0069
vn -0.0248 -0.9997 0.0059
vn -0.0068 0.0060 1.0000
vn 0.0248 0.9997 -0.0059
vn 0.9997 -0.0247 0.0069
vn 0.0060 -1.0000 0.0022
vn -0.9997 -0.0060 -0.0244
vn -0.0244 0.0020 0.9997
vn -0.0060 1.0000 -0.0022
vn 0.0244 -0.0020 -0.9997
vn 0.9997 0.0060 0.0244
vn 0.0022 -0.0100 -0.9999
vn -0.0005 -0.9999 0.0100
vn 1.0000 -0.0005 0.0022
vn -0.0022 0.0100 0.9999
vn -1.0000 0.0005 -0.0022
vn 0.0005 0.9999 -0.0100
vn 0.0005 1.0000 -0.0100
vn 0.0004 -0.0032 -1.0000
vn -0.9999 0.0172 -0.0005
vn -0.0172 -0.9998 0.0031
vn -0.0004 0.0032 1.0000
vn 0.0172 0.9998 -0.0031
vn 0.9999 -0.0172 0.0005
vn 0.0022 -1.0000 -0.0038
vn -0.0005 -0.0038 1.0000
vn -0.0022 1.0000 0.0038
vn 0.0005 0.0038 -1.0000
vn -1.0000 0.0004 -0.0022
vn -0.0132 -0.0038 0.9999
vn 0.9999 0.0022 0.0132
vn -0.9999 -0.0022 -0.0132
vn 0.0132 0.0038 -0.9999
vn 0.0149 -0.0100 -0.9998
vn -0.0006 -0.9999 0.0100
vn 0.9999 -0.0005 0.0149
vn -0.0149 0.0100 0.9998
vn -0.9999 0.0005 -0.0149
vn 0.0006 0.9999 -0.0100
vn -0.0100 -0.0020 -0.9999
vn -0.9997 0.0207 0.0100
vn -0.0207 -0.9998 0.0022
vn 0.0100 0.0020 0.9999
vn 0.0207 0.9998 -0.0022
vn 0.9997 -0.0207 -0.0100
vn 0.0027 -0.0020 -1.0000
vn -0.9998 0.0207 -0.0028
vn -0.0207 -0.9998 0.0019
vn -0.0027 0.0020 1.0000
vn 0.0207 0.9998 -0.0019
vn 0.9998 -0.0207 0.0028
vn -0.0537 -0.0000 0.9986
vn -0.9986 0.0000 -0.0537
vn 0.0537 0.0000 -0.9986
vn 0.9986 0.0000 0.0537
vn 0.0000 -1.0000 0.0000
vn 0.0000 1.0000 -0.0000
vn 0.0129 0.0000 -0.9999
vn 0.9999 0.0000 0.0129
vn -0.0129 -0.0000 0.9999
vn -0.9999 0.0000 -0.0129
vn 0.0000 0.0000 1.0000
vn 0.0000 -0.0000 -1.0000
vn 0.0000 1.0000 -0.0087
vn 0.0000 -1.0000 0.0087
vn 0.0000 -0.0185 -0.9998
vn 0.0000 0.0185 0.9998
vn 0.0000 -1.0000 0.0088
vn 0.0000 1.0000 -0.0088
vn 0.0000 0.0065 1.0000
vn 0.0000 -0.0065 -1.0000
vn 0.0000 1.0000 -0.0031
vn 0.0000 -1.0000 0.0031
vn 0.0000 0.9999 -0.0127
vn -0.0000 -0.9999 0.0127
vn 0.0000 -0.0127 -0.9999
vn -0.0000 0.0127 0.9999
vn 0.0000 0.0044 1.0000
vn 0.0000 -0.0044 -1.0000
vn -0.0000 1.0000 0.0067
vn 0.0000 -1.0000 -0.0067
usemtl Material.001
s off
f 17/29/13 21/30/13 23/31/13 19/32/13
f 20/33/14 19/32/14 23/34/14 24/35/14
f 24/36/15 23/37/15 21/38/15 22/39/15
f 22/40/16 18/41/16 20/33/16 24/42/16
f 18/41/17 17/29/17 19/32/17 20/33/17
f 22/39/18 21/38/18 17/29/18 18/41/18
f 25/43/19 29/44/19 31/45/19 27/46/19
f 28/47/20 27/46/20 31/48/20 32/49/20
f 32/50/21 31/51/21 29/52/21 30/53/21
f 30/54/22 26/55/22 28/47/22 32/56/22
f 26/55/23 25/43/23 27/46/23 28/47/23
f 30/53/24 29/52/24 25/43/24 26/55/24
f 33/57/25 37/58/25 39/59/25 35/60/25
f 36/61/26 35/60/26 39/62/26 40/63/26
f 40/64/21 39/65/21 37/66/21 38/67/21
f 38/68/27 34/69/27 36/61/27 40/70/27
f 34/69/23 33/57/23 35/60/23 36/61/23
f 38/67/28 37/66/28 33/57/28 34/69/28
f 41/71/29 45/72/29 47/73/29 43/74/29
f 44/75/30 43/74/30 47/76/30 48/77/30
f 48/78/21 47/79/21 45/80/21 46/81/21
f 46/82/31 42/83/31 44/75/31 48/84/31
f 42/83/23 41/71/23 43/74/23 44/75/23
f 46/81/32 45/80/32 41/71/32 42/83/32
f 49/85/25 53/86/25 55/87/25 51/88/25
f 52/89/26 51/88/26 55/90/26 56/91/26
f 56/92/21 55/93/21 53/94/21 54/95/21
f 54/96/27 50/97/27 52/89/27 56/98/27
f 50/97/23 49/85/23 51/88/23 52/89/23
f 54/95/28 53/94/28 49/85/28 50/97/28
f 57/99/29 61/100/29 63/101/29 59/102/29
f 60/103/30 59/102/30 63/104/30 64/105/30
f 64/106/21 63/107/21 61/108/21 62/109/21
f 62/110/31 58/111/31 60/103/31 64/112/31
f 58/111/23 57/99/23 59/102/23 60/103/23
f 62/109/32 61/108/32 57/99/32 58/111/32
f 65/113/33 69/114/33 71/115/33 67/116/33
f 68/117/34 67/116/34 71/118/34 72/119/34
f 72/120/35 71/121/35 69/122/35 70/123/35
f 70/124/36 66/125/36 68/117/36 72/126/36
f 66/125/37 65/113/37 67/116/37 68/117/37
f 70/123/38 69/122/38 65/113/38 66/125/38
f 73/127/39 77/128/39 79/129/39 75/130/39
f 76/131/40 75/130/40 79/132/40 80/133/40
f 80/134/41 79/135/41 77/136/41 78/137/41
f 78/138/42 74/139/42 76/131/42 80/140/42
f 74/139/43 73/127/43 75/130/43 76/131/43
f 78/137/44 77/136/44 73/127/44 74/139/44
f 81/141/45 85/142/45 87/143/45 83/144/45
f 84/145/46 83/144/46 87/146/46 88/147/46
f 88/148/47 87/149/47 85/150/47 86/151/47
f 86/152/48 82/153/48 84/145/48 88/154/48
f 82/153/49 81/141/49 83/144/49 84/145/49
f 86/151/50 85/150/50 81/141/50 82/153/50
f 89/155/45 93/156/45 95/157/45 91/158/45
f 92/159/46 91/158/46 95/160/46 96/161/46
f 96/162/47 95/163/47 93/164/47 94/165/47
f 94/166/48 90/167/48 92/159/48 96/168/48
f 90/167/49 89/155/49 91/158/49 92/159/49
f 94/165/50 93/164/50 89/155/50 90/167/50
f 97/169/45 101/170/45 103/171/45 99/172/45
f 100/173/46 99/172/46 103/174/46 104/175/46
f 104/176/47 103/177/47 101/178/47 102/179/47
f 102/180/48 98/181/48 100/173/48 104/182/48
f 98/181/49 97/169/49 99/172/49 100/173/49
f 102/179/50 101/178/50 97/169/50 98/181/50
f 105/183/45 109/184/45 111/185/45 107/186/45
f 108/187/46 107/186/46 111/188/46 112/189/46
f 112/190/47 111/191/47 109/192/47 110/193/47
f 110/194/48 106/195/48 108/187/48 112/196/48
f 106/195/49 105/183/49 107/186/49 108/187/49
f 110/193/51 109/192/51 105/183/51 106/195/51
f 113/197/13 117/198/13 119/199/13 115/200/13
f 116/201/14 115/200/14 119/202/14 120/203/14
f 120/204/15 119/205/15 117/206/15 118/207/15
f 118/208/16 114/209/16 116/201/16 120/210/16
f 114/209/17 113/197/17 115/200/17 116/201/17
f 118/207/18 117/206/18 113/197/18 114/209/18
f 233/211/52 237/212/52 239/213/52 235/214/52
f 236/215/53 235/214/53 239/216/53 240/217/53
f 240/218/54 239/219/54 237/220/54 238/221/54
f 238/222/55 234/223/55 236/215/55 240/224/55
f 234/223/56 233/211/56 235/214/56 236/215/56
f 238/221/57 237/220/57 233/211/57 234/223/57
f 353/225/52 357/226/52 359/227/52 355/228/52
f 356/229/53 355/228/53 359/230/53 360/231/53
f 360/232/54 359/233/54 357/234/54 358/235/54
f 358/236/55 354/237/55 356/229/55 360/238/55
f 354/237/56 353/225/56 355/228/56 356/229/56
f 358/235/57 357/234/57 353/225/57 354/237/57
f 713/239/19 717/240/19 719/241/19 715/242/19
f 716/243/20 715/242/20 719/244/20 720/245/20
f 720/246/21 719/247/21 717/248/21 718/249/21
f 718/250/22 714/251/22 716/243/22 720/252/22
f 714/251/23 713/239/23 715/242/23 716/243/23
f 718/249/24 717/248/24 713/239/24 714/251/24
f 721/253/19 725/254/19 727/255/19 723/256/19
f 724/257/20 723/256/20 727/258/20 728/259/20
f 728/260/21 727/261/21 725/262/21 726/263/21
f 726/264/22 722/265/22 724/257/22 728/266/22
f 722/265/23 721/253/23 723/256/23 724/257/23
f 726/263/24 725/262/24 721/253/24 722/265/24
f 729/267/19 733/268/19 735/269/19 731/270/19
f 732/271/20 731/270/20 735/272/20 736/273/20
f 736/274/21 735/275/21 733/276/21 734/277/21
f 734/278/22 730/279/22 732/271/22 736/280/22
f 730/279/23 729/267/23 731/270/23 732/271/23
f 734/277/24 733/276/24 729/267/24 730/279/24
f 737/281/19 741/282/19 743/283/19 739/284/19
f 740/285/20 739/284/20 743/286/20 744/287/20
f 744/288/21 743/289/21 741/290/21 742/291/21
f 742/292/22 738/293/22 740/285/22 744/294/22
f 738/293/23 737/281/23 739/284/23 740/285/23
f 742/291/24 741/290/24 737/281/24 738/293/24
usemtl Material.003
f 121/295/58 125/296/58 127/297/58 123/298/58
f 124/299/59 123/298/59 127/300/59 128/301/59
f 128/302/15 127/303/15 125/304/15 126/305/15
f 126/306/60 122/307/60 124/299/60 128/308/60
f 122/307/17 121/295/17 123/298/17 124/299/17
f 126/305/61 125/304/61 121/295/61 122/307/61
f 129/309/45 133/310/45 135/311/45 131/312/45
f 132/313/46 131/312/46 135/314/46 136/315/46
f 136/316/47 135/317/47 133/318/47 134/319/47
f 134/320/48 130/321/48 132/313/48 136/322/48
f 130/321/62 129/309/62 131/312/62 132/313/62
f 134/319/50 133/318/50 129/309/50 130/321/50
f 137/323/45 141/324/45 143/325/45 139/326/45
f 140/327/46 139/326/46 143/328/46 144/329/46
f 144/330/47 143/331/47 141/332/47 142/333/47
f 142/334/48 138/335/48 140/327/48 144/336/48
f 138/335/49 137/323/49 139/326/49 140/327/49
f 142/333/50 141/332/50 137/323/50 138/335/50
f 145/337/45 149/338/45 151/339/45 147/340/45
f 148/341/46 147/340/46 151/342/46 152/343/46
f 152/344/47 151/345/47 149/346/47 150/347/47
f 150/348/48 146/349/48 148/341/48 152/350/48
f 146/349/49 145/337/49 147/340/49 148/341/49
f 150/347/50 149/346/50 145/337/50 146/349/50
f 153/351/45 157/352/45 159/353/45 155/354/45
f 156/355/46 155/354/46 159/356/46 160/357/46
f 160/358/47 159/359/47 157/360/47 158/361/47
f 158/362/48 154/363/48 156/355/48 160/364/48
f 154/363/49 153/351/49 155/354/49 156/355/49
f 158/361/50 157/360/50 153/351/50 154/363/50
f 161/365/58 165/366/58 167/367/58 163/368/58
f 164/369/59 163/368/59 167/370/59 168/371/59
f 168/372/15 167/373/15 165/374/15 166/375/15
f 166/376/60 162/377/60 164/369/60 168/378/60
f 162/377/17 161/365/17 163/368/17 164/369/17
f 166/375/61 165/374/61 161/365/61 162/377/61
f 177/379/58 181/380/58 183/381/58 179/382/58
f 180/383/63 179/382/63 183/384/63 184/385/63
f 184/386/64 183/387/64 181/388/64 182/389/64
f 182/390/60 178/391/60 180/383/60 184/392/60
f 178/391/65 177/379/65 179/382/65 180/383/65
f 182/389/66 181/388/66 177/379/66 178/391/66
f 185/393/67 189/394/67 191/395/67 187/396/67
f 188/397/68 187/396/68 191/398/68 192/399/68
f 192/400/69 191/401/69 189/402/69 190/403/69
f 190/404/70 186/405/70 188/397/70 192/406/70
f 186/405/71 185/393/71 187/396/71 188/397/71
f 190/403/72 189/402/72 185/393/72 186/405/72
f 193/407/67 197/408/67 199/409/67 195/410/67
f 196/411/68 195/410/68 199/412/68 200/413/68
f 200/414/69 199/415/69 197/416/69 198/417/69
f 198/418/70 194/419/70 196/411/70 200/420/70
f 194/419/71 193/407/71 195/410/71 196/411/71
f 198/417/72 197/416/72 193/407/72 194/419/72
f 201/421/67 205/422/67 207/423/67 203/424/67
f 204/425/68 203/424/68 207/426/68 208/427/68
f 208/428/69 207/429/69 205/430/69 206/431/69
f 206/432/70 202/433/70 204/425/70 208/434/70
f 202/433/71 201/421/71 203/424/71 204/425/71
f 206/431/72 205/430/72 201/421/72 202/433/72
f 209/435/67 213/436/67 215/437/67 211/438/67
f 212/439/68 211/438/68 215/440/68 216/441/68
f 216/442/69 215/443/69 213/444/69 214/445/69
f 214/446/70 210/447/70 212/439/70 216/448/70
f 210/447/71 209/435/71 211/438/71 212/439/71
f 214/445/72 213/444/72 209/435/72 210/447/72
f 217/449/58 221/450/58 223/451/58 219/452/58
f 220/453/63 219/452/63 223/454/63 224/455/63
f 224/456/64 223/457/64 221/458/64 222/459/64
f 222/460/60 218/461/60 220/453/60 224/462/60
f 218/461/65 217/449/65 219/452/65 220/453/65
f 222/459/66 221/458/66 217/449/66 218/461/66
f 241/463/58 245/464/58 247/465/58 243/466/58
f 244/467/59 243/466/59 247/468/59 248/469/59
f 248/470/15 247/471/15 245/472/15 246/473/15
f 246/474/60 242/475/60 244/467/60 248/476/60
f 242/475/17 241/463/17 243/466/17 244/467/17
f 246/473/61 245/472/61 241/463/61 242/475/61
f 249/477/45 253/478/45 255/479/45 251/480/45
f 252/481/46 251/480/46 255/482/46 256/483/46
f 256/484/47 255/485/47 253/486/47 254/487/47
f 254/488/48 250/489/48 252/481/48 256/490/48
f 250/489/49 249/477/49 251/480/49 252/481/49
f 254/487/50 253/486/50 249/477/50 250/489/50
f 257/491/45 261/492/45 263/493/45 259/494/45
f 260/495/46 259/494/46 263/496/46 264/497/46
f 264/498/47 263/499/47 261/500/47 262/501/47
f 262/502/48 258/503/48 260/495/48 264/504/48
f 258/503/49 257/491/49 259/494/49 260/495/49
f 262/501/50 261/500/50 257/491/50 258/503/50
f 265/505/45 269/506/45 271/507/45 267/508/45
f 268/509/46 267/508/46 271/510/46 272/511/46
f 272/512/47 271/513/47 269/514/47 270/515/47
f 270/516/48 266/517/48 268/509/48 272/518/48
f 266/517/49 265/505/49 267/508/49 268/509/49
f 270/515/50 269/514/50 265/505/50 266/517/50
f 273/519/45 277/520/45 279/521/45 275/522/45
f 276/523/46 275/522/46 279/524/46 280/525/46
f 280/526/47 279/527/47 277/528/47 278/529/47
f 278/530/48 274/531/48 276/523/48 280/532/48
f 274/531/49 273/519/49 275/522/49 276/523/49
f 278/529/50 277/528/50 273/519/50 274/531/50
f 281/533/58 285/534/58 287/535/58 283/536/58
f 284/537/59 283/536/59 287/538/59 288/539/59
f 288/540/15 287/541/15 285/542/15 286/543/15
f 286/544/60 282/545/60 284/537/60 288/546/60
f 282/545/17 281/533/17 283/536/17 284/537/17
f 286/543/61 285/542/61 281/533/61 282/545/61
f 297/547/58 301/548/58 303/549/58 299/550/58
f 300/551/63 299/550/63 303/552/63 304/553/63
f 304/554/64 303/555/64 301/556/64 302/557/64
f 302/558/60 298/559/60 300/551/60 304/560/60
f 298/559/65 297/547/65 299/550/65 300/551/65
f 302/557/66 301/556/66 297/547/66 298/559/66
f 305/561/67 309/562/67 311/563/67 307/564/67
f 308/565/68 307/564/68 311/566/68 312/567/68
f 312/568/69 311/569/69 309/570/69 310/571/69
f 310/572/70 306/573/70 308/565/70 312/574/70
f 306/573/71 305/561/71 307/564/71 308/565/71
f 310/571/72 309/570/72 305/561/72 306/573/72
f 313/575/67 317/576/67 319/577/67 315/578/67
f 316/579/68 315/578/68 319/580/68 320/581/68
f 320/582/69 319/583/69 317/584/69 318/585/69
f 318/586/70 314/587/70 316/579/70 320/588/70
f 314/587/71 313/575/71 315/578/71 316/579/71
f 318/585/72 317/584/72 313/575/72 314/587/72
f 321/589/67 325/590/67 327/591/67 323/592/67
f 324/593/68 323/592/68 327/594/68 328/595/68
f 328/596/69 327/597/69 325/598/69 326/599/69
f 326/600/70 322/601/70 324/593/70 328/602/70
f 322/601/71 321/589/71 323/592/71 324/593/71
f 326/599/72 325/598/72 321/589/72 322/601/72
f 329/603/67 333/604/67 335/605/67 331/606/67
f 332/607/68 331/606/68 335/608/68 336/609/68
f 336/610/69 335/611/69 333/612/69 334/613/69
f 334/614/70 330/615/70 332/607/70 336/616/70
f 330/615/71 329/603/71 331/606/71 332/607/71
f 334/613/72 333/612/72 329/603/72 330/615/72
f 337/617/58 341/618/58 343/619/58 339/620/58
f 340/621/63 339/620/63 343/622/63 344/623/63
f 344/624/64 343/625/64 341/626/64 342/627/64
f 342/628/60 338/629/60 340/621/60 344/630/60
f 338/629/65 337/617/65 339/620/65 340/621/65
f 342/627/66 341/626/66 337/617/66 338/629/66
usemtl Material.002
f 169/631/73 173/632/73 175/633/73 171/634/73
f 172/635/74 171/634/74 175/636/74 176/637/74
f 176/638/75 175/639/75 173/640/75 174/641/75
f 174/642/76 170/643/76 172/635/76 176/644/76
f 170/643/77 169/631/77 171/634/77 172/635/77
f 174/641/78 173/640/78 169/631/78 170/643/78
f 225/645/79 229/646/79 231/647/79 227/648/79
f 228/649/80 227/648/80 231/650/80 232/651/80
f 232/652/81 231/653/81 229/654/81 230/655/81
f 230/656/82 226/657/82 228/649/82 232/658/82
f 226/657/83 225/645/83 227/648/83 228/649/83
f 230/655/84 229/654/84 225/645/84 226/657/84
f 289/659/73 293/660/73 295/661/73 291/662/73
f 292/663/74 291/662/74 295/664/74 296/665/74
f 296/666/75 295/667/75 293/668/75 294/669/75
f 294/670/76 290/671/76 292/663/76 296/672/76
f 290/671/77 289/659/77 291/662/77 292/663/77
f 294/669/78 293/668/78 289/659/78 290/671/78
f 345/673/79 349/674/79 351/675/79 347/676/79
f 348/677/80 347/676/80 351/678/80 352/679/80
f 352/680/81 351/681/81 349/682/81 350/683/81
f 350/684/82 346/685/82 348/677/82 352/686/82
f 346/685/83 345/673/83 347/676/83 348/677/83
f 350/683/84 349/682/84 345/673/84 346/685/84
usemtl Material.005
f 361/687/85 362/688/85 364/689/85 363/690/85
f 363/690/86 364/689/86 368/691/86 367/692/86
f 367/692/87 368/691/87 366/693/87 365/694/87
f 365/694/88 366/693/88 362/695/88 361/696/88
f 363/697/89 367/692/89 365/694/89 361/698/89
f 368/691/90 364/699/90 362/700/90 366/693/90
f 417/701/85 418/702/85 420/703/85 419/704/85
f 419/704/86 420/703/86 424/705/86 423/706/86
f 423/706/87 424/705/87 422/707/87 421/708/87
f 421/708/88 422/707/88 418/709/88 417/710/88
f 419/711/89 423/706/89 421/708/89 417/712/89
f 424/705/90 420/713/90 418/714/90 422/707/90
f 473/715/91 474/716/91 476/717/91 475/718/91
f 475/718/92 476/717/92 480/719/92 479/720/92
f 479/720/93 480/719/93 478/721/93 477/722/93
f 477/722/94 478/721/94 474/723/94 473/724/94
f 475/725/89 479/720/89 477/722/89 473/726/89
f 480/719/90 476/727/90 474/728/90 478/721/90
usemtl Material.004
f 369/729/85 370/730/85 372/731/85 371/732/85
f 371/732/86 372/731/86 376/733/86 375/734/86
f 375/734/87 376/733/87 374/735/87 373/736/87
f 373/736/88 374/735/88 370/737/88 369/738/88
f 371/739/89 375/734/89 373/736/89 369/740/89
f 376/733/90 372/741/90 370/742/90 374/735/90
f 377/743/85 378/744/85 380/745/85 379/746/85
f 379/746/86 380/745/86 384/747/86 383/748/86
f 383/748/87 384/747/87 382/749/87 381/750/87
f 381/750/88 382/749/88 378/751/88 377/752/88
f 379/753/89 383/748/89 381/750/89 377/754/89
f 384/747/90 380/755/90 378/756/90 382/749/90
f 385/757/85 386/758/85 388/759/85 387/760/85
f 387/760/86 388/759/86 392/761/86 391/762/86
f 391/762/87 392/761/87 390/763/87 389/764/87
f 389/764/88 390/763/88 386/765/88 385/766/88
f 387/767/89 391/762/89 389/764/89 385/768/89
f 392/761/90 388/769/90 386/770/90 390/763/90
f 393/771/85 394/772/85 396/773/85 395/774/85
f 395/774/86 396/773/86 400/775/86 399/776/86
f 399/776/87 400/775/87 398/777/87 397/778/87
f 397/778/88 398/777/88 394/779/88 393/780/88
f 395/781/89 399/776/89 397/778/89 393/782/89
f 400/775/90 396/783/90 394/784/90 398/777/90
f 401/785/85 402/786/85 404/787/85 403/788/85
f 403/788/86 404/787/86 408/789/86 407/790/86
f 407/790/87 408/789/87 406/791/87 405/792/87
f 405/792/88 406/791/88 402/793/88 401/794/88
f 403/795/89 407/790/89 405/792/89 401/796/89
f 408/789/90 404/797/90 402/798/90 406/791/90
f 409/799/85 410/800/85 412/801/85 411/802/85
f 411/802/86 412/801/86 416/803/86 415/804/86
f 415/804/87 416/803/87 414/805/87 413/806/87
f 413/806/88 414/805/88 410/807/88 409/808/88
f 411/809/89 415/804/89 413/806/89 409/810/89
f 416/803/90 412/811/90 410/812/90 414/805/90
f 425/813/85 426/814/85 428/815/85 427/816/85
f 427/816/86 428/815/86 432/817/86 431/818/86
f 431/818/87 432/817/87 430/819/87 429/820/87
f 429/820/88 430/819/88 426/821/88 425/822/88
f 427/823/89 431/818/89 429/820/89 425/824/89
f 432/817/90 428/825/90 426/826/90 430/819/90
f 433/827/85 434/828/85 436/829/85 435/830/85
f 435/830/86 436/829/86 440/831/86 439/832/86
f 439/832/87 440/831/87 438/833/87 437/834/87
f 437/834/88 438/833/88 434/835/88 433/836/88
f 435/837/89 439/832/89 437/834/89 433/838/89
f 440/831/90 436/839/90 434/840/90 438/833/90
f 441/841/85 442/842/85 444/843/85 443/844/85
f 443/844/86 444/843/86 448/845/86 447/846/86
f 447/846/87 448/845/87 446/847/87 445/848/87
f 445/848/88 446/847/88 442/849/88 441/850/88
f 443/851/89 447/846/89 445/848/89 441/852/89
f 448/845/90 444/853/90 442/854/90 446/847/90
f 449/855/85 450/856/85 452/857/85 451/858/85
f 451/858/86 452/857/86 456/859/86 455/860/86
f 455/860/87 456/859/87 454/861/87 453/862/87
f 453/862/88 454/861/88 450/863/88 449/864/88
f 451/865/89 455/860/89 453/862/89 449/866/89
f 456/859/90 452/867/90 450/868/90 454/861/90
f 457/869/85 458/870/85 460/871/85 459/872/85
f 459/872/86 460/871/86 464/873/86 463/874/86
f 463/874/87 464/873/87 462/875/87 461/876/87
f 461/876/88 462/875/88 458/877/88 457/878/88
f 459/879/89 463/874/89 461/876/89 457/880/89
f 464/873/90 460/881/90 458/882/90 462/875/90
f 465/883/85 466/884/85 468/885/85 467/886/85
f 467/886/86 468/885/86 472/887/86 471/888/86
f 471/888/87 472/887/87 470/889/87 469/890/87
f 469/890/88 470/889/88 466/891/88 465/892/88
f 467/893/89 471/888/89 469/890/89 465/894/89
f 472/887/90 468/895/90 466/896/90 470/889/90
f 481/897/91 482/898/91 484/899/91 483/900/91
f 483/900/92 484/899/92 488/901/92 487/902/92
f 487/902/93 488/901/93 486/903/93 485/904/93
f 485/904/94 486/903/94 482/905/94 481/906/94
f 483/907/89 487/902/89 485/904/89 481/908/89
f 488/901/90 484/909/90 482/910/90 486/903/90
f 489/911/91 490/912/91 492/913/91 491/914/91
f 491/914/92 492/913/92 496/915/92 495/916/92
f 495/916/93 496/915/93 494/917/93 493/918/93
f 493/918/94 494/917/94 490/919/94 489/920/94
f 491/921/89 495/916/89 493/918/89 489/922/89
f 496/915/90 492/923/90 490/924/90 494/917/90
f 497/925/91 498/926/91 500/927/91 499/928/91
f 499/928/92 500/927/92 504/929/92 503/930/92
f 503/930/93 504/929/93 502/931/93 501/932/93
f 501/932/94 502/931/94 498/933/94 497/934/94
f 499/935/89 503/930/89 501/932/89 497/936/89
f 504/929/90 500/937/90 498/938/90 502/931/90
f 505/939/91 506/940/91 508/941/91 507/942/91
f 507/942/92 508/941/92 512/943/92 511/944/92
f 511/944/93 512/943/93 510/945/93 509/946/93
f 509/946/94 510/945/94 506/947/94 505/948/94
f 507/949/89 511/944/89 509/946/89 505/950/89
f 512/943/90 508/951/90 506/952/90 510/945/90
f 513/953/91 514/954/91 516/955/91 515/956/91
f 515/956/92 516/955/92 520/957/92 519/958/92
f 519/958/93 520/957/93 518/959/93 517/960/93
f 517/960/94 518/959/94 514/961/94 513/962/94
f 515/963/89 519/958/89 517/960/89 513/964/89
f 520/957/90 516/965/90 514/966/90 518/959/90
f 521/967/91 522/968/91 524/969/91 523/970/91
f 523/970/92 524/969/92 528/971/92 527/972/92
f 527/972/93 528/971/93 526/973/93 525/974/93
f 525/974/94 526/973/94 522/975/94 521/976/94
f 523/977/89 527/972/89 525/974/89 521/978/89
f 528/971/90 524/979/90 522/980/90 526/973/90
usemtl Material.007
f 529/981/23 530/982/23 532/983/23 531/984/23
f 531/984/95 532/983/95 536/985/95 535/986/95
f 535/986/21 536/985/21 534/987/21 533/988/21
f 533/988/96 534/987/96 530/989/96 529/990/96
f 531/991/90 535/986/90 533/988/90 529/992/90
f 536/985/89 532/993/89 530/994/89 534/987/89
f 537/995/23 538/996/23 540/997/23 539/998/23
f 539/998/97 540/997/97 544/999/97 543/1000/97
f 543/1000/21 544/999/21 542/1001/21 541/1002/21
f 541/1002/98 542/1001/98 538/1003/98 537/1004/98
f 539/1005/99 543/1000/99 541/1002/99 537/1006/99
f 544/999/100 540/1007/100 538/1008/100 542/1001/100
f 545/1009/23 546/1010/23 548/1011/23 547/1012/23
f 547/1012/97 548/1011/97 552/1013/97 551/1014/97
f 551/1014/21 552/1013/21 550/1015/21 549/1016/21
f 549/1016/101 550/1015/101 546/1017/101 545/1018/101
f 547/1019/99 551/1014/99 549/1016/99 545/1020/99
f 552/1013/100 548/1021/100 546/1022/100 550/1015/100
f 553/1023/23 554/1024/23 556/1025/23 555/1026/23
f 555/1026/97 556/1025/97 560/1027/97 559/1028/97
f 559/1028/21 560/1027/21 558/1029/21 557/1030/21
f 557/1030/98 558/1029/98 554/1031/98 553/1032/98
f 555/1033/99 559/1028/99 557/1030/99 553/1034/99
f 560/1027/100 556/1035/100 554/1036/100 558/1029/100
f 561/1037/23 562/1038/23 564/1039/23 563/1040/23
f 563/1040/102 564/1039/102 568/1041/102 567/1042/102
f 567/1042/21 568/1041/21 566/1043/21 565/1044/21
f 565/1044/98 566/1043/98 562/1045/98 561/1046/98
f 563/1047/99 567/1042/99 565/1044/99 561/1048/99
f 568/1041/100 564/1049/100 562/1050/100 566/1043/100
f 569/1051/23 570/1052/23 572/1053/23 571/1054/23
f 571/1054/97 572/1053/97 576/1055/97 575/1056/97
f 575/1056/21 576/1055/21 574/1057/21 573/1058/21
f 573/1058/98 574/1057/98 570/1059/98 569/1060/98
f 571/1061/99 575/1056/99 573/1058/99 569/1062/99
f 576/1055/100 572/1063/100 570/1064/100 574/1057/100
f 577/1065/23 578/1066/23 580/1067/23 579/1068/23
f 579/1068/103 580/1067/103 584/1069/103 583/1070/103
f 583/1070/21 584/1069/21 582/1071/21 581/1072/21
f 581/1072/104 582/1071/104 578/1073/104 577/1074/104
f 579/1075/105 583/1070/105 581/1072/105 577/1076/105
f 584/1069/106 580/1077/106 578/1078/106 582/1071/106
f 585/1079/23 586/1080/23 588/1081/23 587/1082/23
f 587/1082/97 588/1081/97 592/1083/97 591/1084/97
f 591/1084/21 592/1083/21 590/1085/21 589/1086/21
f 589/1086/98 590/1085/98 586/1087/98 585/1088/98
f 587/1089/99 591/1084/99 589/1086/99 585/1090/99
f 592/1083/100 588/1091/100 586/1092/100 590/1085/100
f 593/1093/23 594/1094/23 596/1095/23 595/1096/23
f 595/1096/97 596/1095/97 600/1097/97 599/1098/97
f 599/1098/21 600/1097/21 598/1099/21 597/1100/21
f 597/1100/98 598/1099/98 594/1101/98 593/1102/98
f 595/1103/99 599/1098/99 597/1100/99 593/1104/99
f 600/1097/100 596/1105/100 594/1106/100 598/1099/100
f 601/1107/23 602/1108/23 604/1109/23 603/1110/23
f 603/1110/97 604/1109/97 608/1111/97 607/1112/97
f 607/1112/21 608/1111/21 606/1113/21 605/1114/21
f 605/1114/98 606/1113/98 602/1115/98 601/1116/98
f 603/1117/99 607/1112/99 605/1114/99 601/1118/99
f 608/1111/100 604/1119/100 602/1120/100 606/1113/100
f 609/1121/23 610/1122/23 612/1123/23 611/1124/23
f 611/1124/97 612/1123/97 616/1125/97 615/1126/97
f 615/1126/21 616/1125/21 614/1127/21 613/1128/21
f 613/1128/98 614/1127/98 610/1129/98 609/1130/98
f 611/1131/99 615/1126/99 613/1128/99 609/1132/99
f 616/1125/100 612/1133/100 610/1134/100 614/1127/100
usemtl Material.006
f 617/1135/23 618/1136/23 620/1137/23 619/1138/23
f 619/1138/107 620/1137/107 624/1139/107 623/1140/107
f 623/1140/21 624/1139/21 622/1141/21 621/1142/21
f 621/1142/108 622/1141/108 618/1143/108 617/1144/108
f 619/1145/109 623/1140/109 621/1142/109 617/1146/109
f 624/1139/110 620/1147/110 618/1148/110 622/1141/110
f 625/1149/23 626/1150/23 628/1151/23 627/1152/23
f 627/1152/95 628/1151/95 632/1153/95 631/1154/95
f 631/1154/21 632/1153/21 630/1155/21 629/1156/21
f 629/1156/96 630/1155/96 626/1157/96 625/1158/96
f 627/1159/90 631/1154/90 629/1156/90 625/1160/90
f 632/1153/89 628/1161/89 626/1162/89 630/1155/89
f 633/1163/23 634/1164/23 636/1165/23 635/1166/23
f 635/1166/95 636/1165/95 640/1167/95 639/1168/95
f 639/1168/21 640/1167/21 638/1169/21 637/1170/21
f 637/1170/96 638/1169/96 634/1171/96 633/1172/96
f 635/1173/90 639/1168/90 637/1170/90 633/1174/90
f 640/1167/89 636/1175/89 634/1176/89 638/1169/89
f 641/1177/23 642/1178/23 644/1179/23 643/1180/23
f 643/1180/95 644/1179/95 648/1181/95 647/1182/95
f 647/1182/21 648/1181/21 646/1183/21 645/1184/21
f 645/1184/96 646/1183/96 642/1185/96 641/1186/96
f 643/1187/90 647/1182/90 645/1184/90 641/1188/90
f 648/1181/89 644/1189/89 642/1190/89 646/1183/89
f 649/1191/23 650/1192/23 652/1193/23 651/1194/23
f 651/1194/107 652/1193/107 656/1195/107 655/1196/107
f 655/1196/21 656/1195/21 654/1197/21 653/1198/21
f 653/1198/108 654/1197/108 650/1199/108 649/1200/108
f 651/1201/109 655/1196/109 653/1198/109 649/1202/109
f 656/1195/110 652/1203/110 650/1204/110 654/1197/110
f 657/1205/23 658/1206/23 660/1207/23 659/1208/23
f 659/1208/95 660/1207/95 664/1209/95 663/1210/95
f 663/1210/21 664/1209/21 662/1211/21 661/1212/21
f 661/1212/96 662/1211/96 658/1213/96 657/1214/96
f 659/1215/90 663/1210/90 661/1212/90 657/1216/90
f 664/1209/89 660/1217/89 658/1218/89 662/1211/89
f 665/1219/23 666/1220/23 668/1221/23 667/1222/23
f 667/1222/107 668/1221/107 672/1223/107 671/1224/107
f 671/1224/21 672/1223/21 670/1225/21 669/1226/21
f 669/1226/108 670/1225/108 666/1227/108 665/1228/108
f 667/1229/109 671/1224/109 669/1226/109 665/1230/109
f 672/1223/110 668/1231/110 666/1232/110 670/1225/110
f 673/1233/23 674/1234/23 676/1235/23 675/1236/23
f 675/1236/111 676/1235/111 680/1237/111 679/1238/111
f 679/1238/21 680/1237/21 678/1239/21 677/1240/21
f 677/1240/112 678/1239/112 674/1241/112 673/1242/112
f 675/1243/113 679/1238/113 677/1240/113 673/1244/113
f 680/1237/114 676/1245/114 674/1246/114 678/1239/114
f 681/1247/23 682/1248/23 684/1249/23 683/1250/23
f 683/1250/111 684/1249/111 688/1251/111 687/1252/111
f 687/1252/21 688/1251/21 686/1253/21 685/1254/21
f 685/1254/112 686/1253/112 682/1255/112 681/1256/112
f 683/1257/113 687/1252/113 685/1254/113 681/1258/113
f 688/1251/114 684/1259/114 682/1260/114 686/1253/114
f 689/1261/23 690/1262/23 692/1263/23 691/1264/23
f 691/1264/111 692/1263/111 696/1265/111 695/1266/111
f 695/1266/21 696/1265/21 694/1267/21 693/1268/21
f 693/1268/112 694/1267/112 690/1269/112 689/1270/112
f 691/1271/113 695/1266/113 693/1268/113 689/1272/113
f 696/1265/114 692/1273/114 690/1274/114 694/1267/114
f 697/1275/23 698/1276/23 700/1277/23 699/1278/23
f 699/1278/107 700/1277/107 704/1279/107 703/1280/107
f 703/1280/21 704/1279/21 702/1281/21 701/1282/21
f 701/1282/108 702/1281/108 698/1283/108 697/1284/108
f 699/1285/109 703/1280/109 701/1282/109 697/1286/109
f 704/1279/110 700/1287/110 698/1288/110 702/1281/110
f 705/1289/23 706/1290/23 708/1291/23 707/1292/23
f 707/1292/111 708/1291/111 712/1293/111 711/1294/111
f 711/1294/21 712/1293/21 710/1295/21 709/1296/21
f 709/1296/112 710/1295/112 706/1297/112 705/1298/112
f 707/1299/113 711/1294/113 709/1296/113 705/1300/113
f 712/1293/114 708/1301/114 706/1302/114 710/1295/114
o Cube.002_Cube.073
v -0.792421 1.307185 -0.315725
v -0.790047 2.561612 -0.321368
v -0.792171 1.307026 -0.350935
v -0.789797 2.561453 -0.356579
v -1.079676 1.307719 -0.317766
v -1.077302 2.562146 -0.323410
v -1.079426 1.307560 -0.352977
v -1.077052 2.561987 -0.358620
v -0.854680 1.849538 0.723558
v -0.854341 1.848993 0.672247
v -0.854669 1.804342 0.724039
v -0.854329 1.803797 0.672728
v -1.141937 1.849446 0.721658
v -1.141597 1.848900 0.670348
v -1.141925 1.804250 0.722139
v -1.141586 1.803704 0.670828
v -0.844985 1.307749 -0.606490
v -0.845141 2.574253 -0.644547
v -0.844583 1.305923 -0.667256
v -0.844739 2.572427 -0.705314
v -1.132241 1.307657 -0.608389
v -1.132398 2.574160 -0.646447
v -1.131839 1.305831 -0.669156
v -1.131995 2.572335 -0.707214
v -0.853349 2.568398 0.621203
v -0.844972 2.576237 -0.645820
v -0.853327 2.507603 0.620827
v -0.844949 2.515443 -0.646196
v -1.140605 2.568305 0.619304
v -1.132228 2.576144 -0.647720
v -1.140583 2.507511 0.618927
v -1.132206 2.515350 -0.648096
v -0.853692 1.301900 0.710257
v -0.853848 2.568403 0.672200
v -0.853289 1.300074 0.649491
v -0.853445 2.566577 0.611433
v -1.140948 1.301807 0.708357
v -1.141104 2.568311 0.670300
v -1.140545 1.299981 0.647591
v -1.140702 2.566485 0.609533
v -0.853198 1.364041 0.657037
v -0.844820 1.371880 -0.609987
v -0.853176 1.303246 0.656661
v -0.844798 1.311086 -0.610363
v -1.140454 1.363948 0.655137
v -1.132077 1.371787 -0.611887
v -1.140432 1.303154 0.654761
v -1.132055 1.310993 -0.612263
v -1.105455 2.055096 0.654123
v -1.088314 2.052022 -0.625760
v -1.044695 2.056623 0.654933
v -1.027554 2.053548 -0.624950
v -1.100907 1.873801 0.654619
v -1.083766 1.870726 -0.625263
v -1.040147 1.875327 0.655429
v -1.023006 1.872253 -0.624453
v -1.118592 1.327120 0.053446
v -1.111855 2.513763 0.046042
v -1.057849 1.326787 0.055333
v -1.051112 2.513430 0.047929
v -1.114940 1.326365 -0.064221
v -1.108203 2.513009 -0.071625
v -1.054197 1.326032 -0.062334
v -1.047461 2.512675 -0.069738
v -0.726486 2.402798 0.634855
v -0.715017 2.404836 -0.668639
v -0.726471 2.384766 0.634827
v -0.715003 2.386804 -0.668667
v -1.013737 2.402568 0.632327
v -1.002269 2.404605 -0.671167
v -1.013723 2.384536 0.632299
v -1.002254 2.386573 -0.671195
v -0.743188 2.141293 0.675560
v -0.731474 2.143374 -0.655953
v -0.743174 2.123261 0.675532
v -0.731459 2.125342 -0.655981
v -1.030440 2.141062 0.673032
v -1.018725 2.143144 -0.658481
v -1.030425 2.123030 0.673004
v -1.018710 2.125112 -0.658509
v -0.741111 1.823994 0.664725
v -0.729634 1.826033 -0.639740
v -0.741096 1.805961 0.664697
v -0.729619 1.808000 -0.639768
v -1.028362 1.823763 0.662197
v -1.016885 1.825802 -0.642268
v -1.028348 1.805731 0.662169
v -1.016871 1.807770 -0.642296
v -0.759237 1.575803 0.679842
v -0.747622 1.577866 -0.640332
v -0.759222 1.557771 0.679814
v -0.747607 1.559834 -0.640360
v -1.046489 1.575572 0.677315
v -1.034873 1.577636 -0.642860
v -1.046474 1.557540 0.677287
v -1.034859 1.559603 -0.642888
v -0.794176 1.312842 0.355000
v -0.791802 2.567269 0.349356
v -0.793926 1.312683 0.319789
v -0.791552 2.567110 0.314146
v -1.081431 1.313376 0.352958
v -1.079057 2.567803 0.347314
v -1.081181 1.313217 0.317748
v -1.078807 2.567645 0.312104
v -1.073962 1.894096 -0.575084
v -1.073679 2.040029 -0.576868
v -1.073834 1.893875 -0.593114
v -1.073551 2.039808 -0.594898
v -1.128969 1.894198 -0.575476
v -1.128685 2.040131 -0.577260
v -1.128841 1.893977 -0.593506
v -1.128557 2.039911 -0.595290
v -1.075455 2.037684 -0.111354
v -1.071286 2.038424 -0.585218
v -1.075440 2.019652 -0.111382
v -1.071271 2.020392 -0.585246
v -1.130461 2.037639 -0.111838
v -1.126292 2.038380 -0.585702
v -1.130446 2.019608 -0.111866
v -1.126277 2.020348 -0.585730
v -1.064391 1.911154 -0.110213
v -1.060221 1.911894 -0.584078
v -1.064376 1.893121 -0.110241
v -1.060207 1.893862 -0.584106
v -1.119397 1.911109 -0.110697
v -1.115228 1.911850 -0.584562
v -1.119382 1.893077 -0.110725
v -1.115213 1.893818 -0.584590
v -1.071571 1.998847 -0.112968
v -1.067402 1.999588 -0.586832
v -1.071556 1.980815 -0.112996
v -1.067387 1.981556 -0.586860
v -1.126577 1.998803 -0.113452
v -1.122408 1.999544 -0.587316
v -1.126563 1.980771 -0.113480
v -1.122393 1.981512 -0.587344
v -1.071559 1.954155 -0.112591
v -1.067390 1.954896 -0.586455
v -1.071544 1.936123 -0.112619
v -1.067375 1.936864 -0.586483
v -1.126565 1.954111 -0.113075
v -1.122396 1.954852 -0.586939
v -1.126551 1.936079 -0.113103
v -1.122382 1.936820 -0.586967
v -1.077114 1.890849 -0.098361
v -1.076831 2.036782 -0.100145
v -1.076986 1.890628 -0.116391
v -1.076703 2.036561 -0.118175
v -1.132121 1.890951 -0.098753
v -1.131837 2.036884 -0.100537
v -1.131993 1.890730 -0.116783
v -1.131709 2.036664 -0.118567
v -1.096831 2.031520 -0.097369
v -1.098490 2.028392 -0.582060
v -1.074485 2.031988 -0.097449
v -1.076143 2.028860 -0.582139
v -1.094122 1.902310 -0.096545
v -1.095781 1.899182 -0.581235
v -1.071776 1.902777 -0.096624
v -1.073434 1.899650 -0.581314
v -1.078638 1.899901 0.113325
v -1.078347 2.045835 0.111545
v -1.078280 1.899681 0.095298
v -1.077989 2.045614 0.093518
v -1.133635 1.899997 0.112232
v -1.133345 2.045931 0.110452
v -1.133277 1.899777 0.094205
v -1.132987 2.045710 0.092425
v -1.086057 2.043487 0.576999
v -1.075848 2.044230 0.103226
v -1.086040 2.025455 0.576971
v -1.075831 2.026198 0.103198
v -1.141052 2.043437 0.575814
v -1.130844 2.044180 0.102041
v -1.141036 2.025405 0.575786
v -1.130827 2.026148 0.102013
v -1.074994 1.916958 0.578280
v -1.064785 1.917701 0.104507
v -1.074977 1.898926 0.578252
v -1.064768 1.899669 0.104479
v -1.129990 1.916908 0.577095
v -1.119781 1.917651 0.103322
v -1.129973 1.898876 0.577067
v -1.119764 1.899619 0.103294
v -1.082149 2.004651 0.575435
v -1.071940 2.005394 0.101662
v -1.082132 1.986619 0.575407
v -1.071923 1.987362 0.101634
v -1.137144 2.004601 0.574249
v -1.126935 2.005344 0.100477
v -1.137127 1.986569 0.574222
v -1.126918 1.987312 0.100449
v -1.082137 1.959959 0.575812
v -1.071928 1.960702 0.102039
v -1.082120 1.941927 0.575784
v -1.071911 1.942670 0.102011
v -1.137132 1.959909 0.574626
v -1.126923 1.960652 0.100854
v -1.137115 1.941877 0.574599
v -1.126906 1.942620 0.100826
v -1.087866 1.896652 0.589969
v -1.087575 2.042585 0.588190
v -1.087508 1.896431 0.571942
v -1.087217 2.042365 0.570162
v -1.142863 1.896748 0.588876
v -1.142573 2.042682 0.587097
v -1.142506 1.896528 0.570849
v -1.142215 2.042461 0.569070
v -1.107609 2.037321 0.590710
v -1.103089 2.034195 0.106038
v -1.085263 2.037791 0.590915
v -1.080743 2.034665 0.106243
v -1.104897 1.908111 0.591568
v -1.100377 1.904985 0.106896
v -1.082551 1.908581 0.591774
v -1.078031 1.905455 0.107102
v -1.136277 1.321464 0.678945
v -1.126973 1.314500 -0.641228
v -1.118249 1.321779 0.679070
v -1.108946 1.314815 -0.641102
v -1.133019 1.134709 0.679953
v -1.123716 1.127745 -0.640220
v -1.114992 1.135025 0.680078
v -1.105688 1.128060 -0.640094
v -1.124082 1.185491 -0.569440
v -1.123799 1.331424 -0.571224
v -1.123954 1.185270 -0.587470
v -1.123670 1.331204 -0.589254
v -1.179089 1.185593 -0.569832
v -1.178805 1.331527 -0.571616
v -1.178961 1.185373 -0.587862
v -1.178677 1.331306 -0.589646
v -1.125575 1.329079 -0.105710
v -1.121406 1.329820 -0.579574
v -1.125560 1.311047 -0.105738
v -1.121391 1.311788 -0.579602
v -1.180581 1.329035 -0.106194
v -1.176412 1.329776 -0.580058
v -1.180566 1.311003 -0.106222
v -1.176397 1.311743 -0.580086
v -1.114510 1.202549 -0.104569
v -1.110341 1.203290 -0.578433
v -1.114496 1.184517 -0.104597
v -1.110327 1.185258 -0.578461
v -1.169517 1.202505 -0.105053
v -1.165348 1.203246 -0.578917
v -1.169502 1.184473 -0.105081
v -1.165333 1.185214 -0.578946
v -1.121691 1.290243 -0.107324
v -1.117522 1.290984 -0.581188
v -1.121676 1.272211 -0.107352
v -1.117507 1.272952 -0.581216
v -1.176697 1.290199 -0.107808
v -1.172528 1.290939 -0.581672
v -1.176683 1.272167 -0.107836
v -1.172513 1.272907 -0.581700
v -1.121679 1.245551 -0.106947
v -1.117510 1.246291 -0.580811
v -1.121664 1.227519 -0.106975
v -1.117495 1.228259 -0.580839
v -1.176685 1.245507 -0.107431
v -1.172516 1.246247 -0.581295
v -1.176671 1.227474 -0.107459
v -1.172502 1.228215 -0.581323
v -1.127234 1.182244 -0.092717
v -1.126951 1.328178 -0.094501
v -1.127106 1.182024 -0.110747
v -1.126822 1.327957 -0.112531
v -1.182241 1.182347 -0.093108
v -1.181957 1.328280 -0.094893
v -1.182113 1.182126 -0.111139
v -1.181829 1.328059 -0.112923
v -1.146951 1.322916 -0.091725
v -1.148610 1.319788 -0.576415
v -1.124605 1.323384 -0.091805
v -1.126263 1.320256 -0.576495
v -1.144242 1.193705 -0.090901
v -1.145901 1.190577 -0.575591
v -1.121896 1.194173 -0.090980
v -1.123554 1.191045 -0.575670
v -1.127069 1.185629 0.119028
v -1.126778 1.331562 0.117248
v -1.126711 1.185408 0.101001
v -1.126421 1.331342 0.099221
v -1.182067 1.185725 0.117935
v -1.181776 1.331658 0.116155
v -1.181709 1.185504 0.099908
v -1.181418 1.331438 0.098128
v -1.134488 1.329215 0.582702
v -1.124279 1.329958 0.108929
v -1.134471 1.311182 0.582674
v -1.124262 1.311926 0.108901
v -1.189484 1.329165 0.581517
v -1.179275 1.329908 0.107744
v -1.189467 1.311133 0.581489
v -1.179258 1.311876 0.107716
v -1.123426 1.202686 0.583983
v -1.113217 1.203429 0.110210
v -1.123409 1.184654 0.583955
v -1.113200 1.185397 0.110183
v -1.178421 1.202636 0.582798
v -1.168212 1.203379 0.109025
v -1.178404 1.184604 0.582770
v -1.168195 1.185347 0.108997
v -1.130580 1.290379 0.581138
v -1.120371 1.291122 0.107365
v -1.130563 1.272347 0.581110
v -1.120354 1.273090 0.107337
v -1.185575 1.290329 0.579952
v -1.175367 1.291072 0.106180
v -1.185558 1.272297 0.579925
v -1.175350 1.273040 0.106152
v -1.130568 1.245687 0.581515
v -1.120359 1.246430 0.107742
v -1.130551 1.227655 0.581487
v -1.120342 1.228398 0.107714
v -1.185564 1.245637 0.580330
v -1.175355 1.246380 0.106557
v -1.185547 1.227605 0.580302
v -1.175338 1.228348 0.106529
v -1.136297 1.182380 0.595672
v -1.136007 1.328313 0.593893
v -1.135939 1.182159 0.577645
v -1.135649 1.328092 0.575866
v -1.191295 1.182476 0.594579
v -1.191004 1.328409 0.592800
v -1.190937 1.182255 0.576552
v -1.190646 1.328189 0.574773
v -1.156040 1.323049 0.596413
v -1.151520 1.319923 0.111741
v -1.133695 1.323519 0.596618
v -1.129174 1.320393 0.111946
v -1.153328 1.193838 0.597272
v -1.148808 1.190712 0.112599
v -1.130983 1.194309 0.597477
v -1.126462 1.191183 0.112805
v -1.121461 1.299727 0.599038
v -1.113415 1.293704 -0.542622
v -0.787055 1.305573 0.601364
v -0.779010 1.299550 -0.540296
v -1.119204 1.170340 0.599737
v -1.111158 1.164317 -0.541924
v -0.784798 1.176186 0.602063
v -0.776753 1.170163 -0.539598
v -0.901163 2.442688 0.697311
v -0.901111 2.247375 0.698959
v -1.103842 2.442531 0.685058
v -1.103790 2.247218 0.686705
v -0.898212 2.442277 0.648505
v -0.898160 2.246964 0.650153
v -1.100891 2.442120 0.636252
v -1.100839 2.246807 0.637899
v -0.906049 2.256857 0.734916
v -0.906044 2.238136 0.735074
v -1.108729 2.256699 0.722662
v -1.108724 2.237979 0.722821
v -0.903098 2.256446 0.686110
v -0.903093 2.237725 0.686268
v -1.105778 2.256289 0.673857
v -1.105773 2.237568 0.674015
v -0.906022 2.445166 0.721662
v -0.906017 2.426445 0.721820
v -1.108701 2.445009 0.709409
v -1.108696 2.426288 0.709567
v -0.903071 2.444755 0.672856
v -0.903066 2.426035 0.673014
v -1.105750 2.444598 0.660603
v -1.105745 2.425877 0.660761
v -0.906013 2.411015 0.721950
v -0.906008 2.392294 0.722108
v -1.108692 2.410857 0.709697
v -1.108687 2.392137 0.709855
v -0.903062 2.410604 0.673144
v -0.903057 2.391884 0.673302
v -1.105741 2.410447 0.660891
v -1.105736 2.391726 0.661049
v -0.906002 2.371249 0.722286
v -0.905997 2.352529 0.722443
v -1.108682 2.371091 0.710032
v -1.108677 2.352371 0.710190
v -0.903051 2.370838 0.673480
v -0.903046 2.352118 0.673638
v -1.105731 2.370681 0.661226
v -1.105726 2.351960 0.661384
v -0.906017 2.335215 0.726296
v -0.906012 2.316495 0.726454
v -1.108697 2.335058 0.714043
v -1.108692 2.316337 0.714200
v -0.903066 2.334804 0.677490
v -0.903061 2.316084 0.677648
v -1.105746 2.334647 0.665237
v -1.105741 2.315926 0.665394
v -0.906006 2.293324 0.726649
v -0.906001 2.274604 0.726807
v -1.108685 2.293167 0.714396
v -1.108680 2.274447 0.714554
v -0.903055 2.292914 0.677843
v -0.903050 2.274193 0.678001
v -1.105734 2.292756 0.665590
v -1.105729 2.274036 0.665748
v -0.900952 1.652227 0.703979
v -0.900900 1.456914 0.705626
v -1.103632 1.652070 0.691725
v -1.103580 1.456757 0.693373
v -0.898001 1.651816 0.655173
v -0.897949 1.456503 0.656820
v -1.100681 1.651659 0.642920
v -1.100629 1.456346 0.644567
v -0.905838 1.466396 0.741583
v -0.905833 1.447675 0.741741
v -1.108518 1.466238 0.729330
v -1.108513 1.447518 0.729488
v -0.902887 1.465985 0.692777
v -0.902882 1.447265 0.692935
v -1.105567 1.465828 0.680524
v -1.105562 1.447107 0.680682
v -0.905811 1.654705 0.728330
v -0.905806 1.635985 0.728487
v -1.108491 1.654548 0.716076
v -1.108486 1.635827 0.716234
v -0.902860 1.654294 0.679524
v -0.902855 1.635574 0.679682
v -1.105540 1.654137 0.667270
v -1.105535 1.635417 0.667428
v -0.905802 1.620554 0.728618
v -0.905797 1.601834 0.728776
v -1.108482 1.620397 0.716364
v -1.108477 1.601676 0.716522
v -0.902851 1.620143 0.679812
v -0.902846 1.601423 0.679970
v -1.105531 1.619986 0.667558
v -1.105526 1.601265 0.667716
v -0.905792 1.580788 0.728953
v -0.905787 1.562068 0.729111
v -1.108471 1.580631 0.716700
v -1.108466 1.561910 0.716858
v -0.902841 1.580377 0.680147
v -0.902836 1.561657 0.680305
v -1.105520 1.580220 0.667894
v -1.105515 1.561499 0.668052
v -0.905806 1.544754 0.732963
v -0.905801 1.526034 0.733121
v -1.108486 1.544597 0.720710
v -1.108481 1.525877 0.720868
v -0.902855 1.544343 0.684157
v -0.902850 1.525623 0.684315
v -1.105535 1.544186 0.671904
v -1.105530 1.525466 0.672062
v -0.905795 1.502864 0.733317
v -0.905790 1.484143 0.733474
v -1.108475 1.502706 0.721063
v -1.108470 1.483986 0.721221
v -0.902844 1.502453 0.684511
v -0.902839 1.483732 0.684669
v -1.105524 1.502295 0.672258
v -1.105519 1.483575 0.672415
v -1.103967 1.856525 -0.698598
v -1.103915 1.661212 -0.696951
v -0.900957 1.856613 -0.694628
v -0.900904 1.661300 -0.692981
v -1.104923 1.856938 -0.649712
v -1.104872 1.661624 -0.648065
v -0.901913 1.857025 -0.645742
v -0.901861 1.661712 -0.644095
v -1.100457 1.670087 -0.733234
v -1.100452 1.651367 -0.733076
v -0.897446 1.670175 -0.729264
v -0.897441 1.651454 -0.729106
v -1.101413 1.670499 -0.684348
v -1.101408 1.651779 -0.684191
v -0.898403 1.670587 -0.680378
v -0.898398 1.651866 -0.680220
v -1.100108 1.858593 -0.723165
v -1.100103 1.839873 -0.723007
v -0.897098 1.858681 -0.719195
v -0.897093 1.839960 -0.719037
v -1.101065 1.859005 -0.674280
v -1.101060 1.840285 -0.674122
v -0.898054 1.859093 -0.670309
v -0.898049 1.840372 -0.670152
v -1.100099 1.824442 -0.722877
v -1.100094 1.805722 -0.722719
v -0.897089 1.824530 -0.718907
v -0.897084 1.805809 -0.718749
v -1.101056 1.824854 -0.673992
v -1.101050 1.806134 -0.673834
v -0.898045 1.824942 -0.670021
v -0.898040 1.806221 -0.669864
v -1.100089 1.784676 -0.722542
v -1.100084 1.765956 -0.722384
v -0.897078 1.784764 -0.718572
v -0.897073 1.766043 -0.718414
v -1.101045 1.785088 -0.673656
v -1.101040 1.766368 -0.673498
v -0.898034 1.785176 -0.669686
v -0.898029 1.766455 -0.669528
v -1.100206 1.748580 -0.725942
v -1.100201 1.729859 -0.725784
v -0.897195 1.748667 -0.721971
v -0.897190 1.729947 -0.721813
v -1.101162 1.748992 -0.677056
v -1.101157 1.730271 -0.676898
v -0.898151 1.749079 -0.673086
v -0.898146 1.730359 -0.672928
v -1.100195 1.706689 -0.725588
v -1.100190 1.687969 -0.725430
v -0.897184 1.706777 -0.721618
v -0.897179 1.688056 -0.721460
v -1.101151 1.707101 -0.676703
v -1.101146 1.688381 -0.676545
v -0.898140 1.707189 -0.672732
v -0.898135 1.688468 -0.672574
v -1.118563 2.553179 -0.235265
v -1.118570 2.579553 -0.235487
v -1.122047 2.557621 0.291419
v -1.122054 2.583994 0.291196
v -0.942562 2.553236 -0.234101
v -0.942569 2.579609 -0.234323
v -0.946046 2.557678 0.292583
v -0.946054 2.584051 0.292360
v -1.109338 2.677733 -0.237198
v -1.109451 2.677727 -0.219969
v -1.109288 2.549359 -0.238489
v -1.109402 2.549353 -0.221261
v -0.933337 2.677790 -0.236034
v -0.933450 2.677784 -0.218805
v -0.933287 2.549415 -0.237325
v -0.933401 2.549410 -0.220097
v -1.110144 2.678761 -0.115244
v -1.110258 2.678756 -0.098015
v -1.110095 2.550387 -0.116535
v -1.110209 2.550382 -0.099307
v -0.934143 2.678818 -0.114080
v -0.934257 2.678813 -0.096851
v -0.934094 2.550444 -0.115371
v -0.934207 2.550438 -0.098143
v -1.111117 2.679344 0.031779
v -1.111231 2.679338 0.049008
v -1.111067 2.550969 0.030488
v -1.111181 2.550964 0.047716
v -0.935116 2.679400 0.032943
v -0.935230 2.679395 0.050172
v -0.935066 2.551026 0.031652
v -0.935180 2.551021 0.048880
v -1.111962 2.677518 0.159678
v -1.112076 2.677513 0.176907
v -1.111912 2.549144 0.158387
v -1.112026 2.549138 0.175615
v -0.935961 2.677575 0.160842
v -0.936075 2.677569 0.178071
v -0.935911 2.549200 0.159551
v -0.936025 2.549195 0.176779
v -1.112725 2.678573 0.274995
v -1.112839 2.678568 0.292224
v -1.112675 2.550199 0.273703
v -1.112789 2.550193 0.290932
v -0.936724 2.678630 0.276159
v -0.936838 2.678625 0.293388
v -0.936674 2.550256 0.274867
v -0.936788 2.550250 0.292096
v -1.115707 2.654860 -0.236187
v -1.115715 2.681235 -0.236238
v -1.119191 2.657683 0.290506
v -1.119199 2.684058 0.290455
v -0.939706 2.654917 -0.235023
v -0.939714 2.681292 -0.235074
v -0.943190 2.657740 0.291670
v -0.943198 2.684115 0.291619
v -1.110620 2.679368 -0.043370
v -1.110734 2.679362 -0.026141
v -1.110570 2.550993 -0.044661
v -1.110684 2.550988 -0.027433
v -0.934619 2.679424 -0.042206
v -0.934733 2.679419 -0.024977
v -0.934569 2.551050 -0.043497
v -0.934683 2.551044 -0.026269
v -1.109693 2.677799 -0.183443
v -1.109807 2.677793 -0.166215
v -1.109643 2.549424 -0.184735
v -1.109757 2.549419 -0.167506
v -0.933692 2.677855 -0.182279
v -0.933806 2.677850 -0.165051
v -0.933642 2.549481 -0.183571
v -0.933756 2.549476 -0.166342
v -1.111523 2.679862 0.093213
v -1.111637 2.679856 0.110441
v -1.111474 2.551487 0.091921
v -1.111588 2.551482 0.109150
v -0.935522 2.679919 0.094377
v -0.935636 2.679913 0.111605
v -0.935473 2.551544 0.093085
v -0.935587 2.551539 0.110314
v -1.112434 2.681022 0.230780
v -1.112548 2.681017 0.248009
v -1.112384 2.552648 0.229489
v -1.112498 2.552642 0.246717
v -0.936433 2.681079 0.231944
v -0.936547 2.681073 0.249173
v -0.936383 2.552704 0.230653
v -0.936497 2.552699 0.247881
v -1.108964 2.727828 -0.296145
v -1.109078 2.727754 -0.278915
v -1.108898 2.541151 -0.296944
v -1.109012 2.541077 -0.279715
v -0.932963 2.727885 -0.294981
v -0.933077 2.727811 -0.277751
v -0.932897 2.541208 -0.295780
v -0.933011 2.541134 -0.278551
v -1.103233 2.561585 -0.602029
v -1.103243 2.599938 -0.602353
v -1.105349 2.564281 -0.282247
v -1.105359 2.602634 -0.282570
v -0.927232 2.561641 -0.600865
v -0.927243 2.599994 -0.601189
v -0.929348 2.564338 -0.281083
v -0.929358 2.602691 -0.281406
v -1.103248 2.618056 -0.602506
v -1.103258 2.656409 -0.602829
v -1.105364 2.620752 -0.282723
v -1.105374 2.659106 -0.283046
v -0.927247 2.618112 -0.601341
v -0.927258 2.656466 -0.601665
v -0.929363 2.620809 -0.281559
v -0.929373 2.659162 -0.281882
v -1.103265 2.681940 -0.603044
v -1.103276 2.720293 -0.603368
v -1.105381 2.684636 -0.283262
v -1.105391 2.722989 -0.283585
v -0.927264 2.681996 -0.601880
v -0.927275 2.720349 -0.602204
v -0.929380 2.684693 -0.282098
v -0.929390 2.723046 -0.282421
v -1.106902 2.725200 -0.607803
v -1.107016 2.725126 -0.590573
v -1.106836 2.538523 -0.608602
v -1.106950 2.538449 -0.591373
v -0.930901 2.725256 -0.606639
v -0.931015 2.725183 -0.589409
v -0.930835 2.538579 -0.607438
v -0.930949 2.538506 -0.590209
v -1.103233 2.561585 -0.602029
v -1.103243 2.599938 -0.602353
v -1.105349 2.564281 -0.282247
v -1.105359 2.602634 -0.282570
v -0.927232 2.561641 -0.600865
v -0.927243 2.599994 -0.601189
v -0.929348 2.564338 -0.281083
v -0.929358 2.602691 -0.281406
v -1.114972 2.699574 0.613670
v -1.115046 2.699525 0.624941
v -1.114906 2.512905 0.612870
v -1.114981 2.512857 0.624141
v -0.938971 2.699630 0.614834
v -0.939045 2.699582 0.626105
v -0.938905 2.512962 0.614034
v -0.938980 2.512914 0.625305
v -1.109939 2.532886 0.413327
v -1.109950 2.571236 0.413172
v -1.111324 2.536056 0.622528
v -1.111335 2.574407 0.622373
v -0.933938 2.532942 0.414491
v -0.933950 2.571293 0.414336
v -0.935323 2.536113 0.623692
v -0.935334 2.574464 0.623537
v -1.109956 2.589353 0.413099
v -1.109967 2.627703 0.412944
v -1.111340 2.592524 0.622300
v -1.111352 2.630874 0.622145
v -0.933955 2.589410 0.414263
v -0.933966 2.627760 0.414108
v -0.935340 2.592580 0.623464
v -0.935351 2.630931 0.623309
v -1.109975 2.653233 0.412841
v -1.109986 2.691583 0.412686
v -1.111359 2.656403 0.622042
v -1.111371 2.694754 0.621887
v -0.933974 2.653289 0.414005
v -0.933985 2.691640 0.413850
v -0.935358 2.656460 0.623206
v -0.935370 2.694810 0.623051
v -1.113622 2.696483 0.409784
v -1.113697 2.696435 0.421055
v -1.113557 2.509815 0.408984
v -1.113631 2.509767 0.420255
v -0.937621 2.696540 0.410948
v -0.937696 2.696492 0.422219
v -0.937556 2.509872 0.410148
v -0.937630 2.509824 0.421419
v -1.109939 2.532886 0.413327
v -1.109950 2.571236 0.413172
v -1.111324 2.536056 0.622528
v -1.111335 2.574407 0.622373
v -0.933938 2.532942 0.414491
v -0.933950 2.571293 0.414336
v -0.935323 2.536113 0.623692
v -0.935334 2.574464 0.623537
v -0.854716 1.984258 0.722422
v -0.854377 1.983713 0.671111
v -0.854705 1.939062 0.722903
v -0.854365 1.938517 0.671592
v -1.141973 1.984166 0.720522
v -1.141633 1.983620 0.669211
v -1.141961 1.938970 0.721003
v -1.141622 1.938424 0.669692
v -0.843064 2.071608 -0.664861
v -0.842725 2.071063 -0.716172
v -0.843053 2.026412 -0.664380
v -0.842713 2.025867 -0.715691
v -1.130320 2.071516 -0.666761
v -1.129981 2.070970 -0.718072
v -1.130309 2.026320 -0.666280
v -1.129969 2.025774 -0.717591
v -0.843110 2.243267 -0.666309
v -0.842770 2.242721 -0.717620
v -0.843099 2.198071 -0.665828
v -0.842759 2.197526 -0.717139
v -1.130366 2.243175 -0.668208
v -1.130027 2.242629 -0.719519
v -1.130355 2.197978 -0.667728
v -1.130015 2.197433 -0.719039
v -0.843157 2.418660 -0.667788
v -0.842817 2.418114 -0.719099
v -0.843145 2.373464 -0.667307
v -0.842806 2.372918 -0.718618
v -1.130413 2.418568 -0.669688
v -1.130074 2.418022 -0.720999
v -1.130402 2.373372 -0.669207
v -1.130062 2.372826 -0.720518
vt 0.625000 0.500000
vt 0.875000 0.500000
vt 0.875000 0.750000
vt 0.625000 0.750000
vt 0.375000 0.750000
vt 0.625000 1.000000
vt 0.375000 1.000000
vt 0.375000 0.000000
vt 0.625000 0.000000
vt 0.625000 0.250000
vt 0.375000 0.250000
vt 0.125000 0.500000
vt 0.375000 0.500000
vt 0.125000 0.750000
vt 0.625000 0.500000
vt 0.875000 0.500000
vt 0.875000 0.750000
vt 0.625000 0.750000
vt 0.375000 0.750000
vt 0.625000 1.000000
vt 0.375000 1.000000
vt 0.375000 0.000000
vt 0.625000 0.000000
vt 0.625000 0.250000
vt 0.375000 0.250000
vt 0.125000 0.500000
vt 0.375000 0.500000
vt 0.125000 0.750000
vt 0.625000 0.500000
vt 0.875000 0.500000
vt 0.875000 0.750000
vt 0.625000 0.750000
vt 0.375000 0.750000
vt 0.625000 1.000000
vt 0.375000 1.000000
vt 0.375000 0.000000
vt 0.625000 0.000000
vt 0.625000 0.250000
vt 0.375000 0.250000
vt 0.125000 0.500000
vt 0.375000 0.500000
vt 0.125000 0.750000
vt 0.625000 0.500000
vt 0.875000 0.500000
vt 0.875000 0.750000
vt 0.625000 0.750000
vt 0.375000 0.750000
vt 0.625000 1.000000
vt 0.375000 1.000000
vt 0.375000 0.000000
vt 0.625000 0.000000
vt 0.625000 0.250000
vt 0.375000 0.250000
vt 0.125000 0.500000
vt 0.375000 0.500000
vt 0.125000 0.750000
vt 0.625000 0.500000
vt 0.875000 0.500000
vt 0.875000 0.750000
vt 0.625000 0.750000
vt 0.375000 0.750000
vt 0.625000 1.000000
vt 0.375000 1.000000
vt 0.375000 0.000000
vt 0.625000 0.000000
vt 0.625000 0.250000
vt 0.375000 0.250000
vt 0.125000 0.500000
vt 0.375000 0.500000
vt 0.125000 0.750000
vt 0.625000 0.500000
vt 0.875000 0.500000
vt 0.875000 0.750000
vt 0.625000 0.750000
vt 0.375000 0.750000
vt 0.625000 1.000000
vt 0.375000 1.000000
vt 0.375000 0.000000
vt 0.625000 0.000000
vt 0.625000 0.250000
vt 0.375000 0.250000
vt 0.125000 0.500000
vt 0.375000 0.500000
vt 0.125000 0.750000
vt 0.625000 0.500000
vt 0.875000 0.500000
vt 0.875000 0.750000
vt 0.625000 0.750000
vt 0.375000 0.750000
vt 0.625000 1.000000
vt 0.375000 1.000000
vt 0.375000 0.000000
vt 0.625000 0.000000
vt 0.625000 0.250000
vt 0.375000 0.250000
vt 0.125000 0.500000
vt 0.375000 0.500000
vt 0.125000 0.750000
vt 0.625000 0.500000
vt 0.875000 0.500000
vt 0.875000 0.750000
vt 0.625000 0.750000
vt 0.375000 0.750000
vt 0.625000 1.000000
vt 0.375000 1.000000
vt 0.375000 0.000000
vt 0.625000 0.000000
vt 0.625000 0.250000
vt 0.375000 0.250000
vt 0.125000 0.500000
vt 0.375000 0.500000
vt 0.125000 0.750000
vt 0.625000 0.500000
vt 0.875000 0.500000
vt 0.875000 0.750000
vt 0.625000 0.750000
vt 0.375000 0.750000
vt 0.625000 1.000000
vt 0.375000 1.000000
vt 0.375000 0.000000
vt 0.625000 0.000000
vt 0.625000 0.250000
vt 0.375000 0.250000
vt 0.125000 0.500000
vt 0.375000 0.500000
vt 0.125000 0.750000
vt 0.625000 0.500000
vt 0.875000 0.500000
vt 0.875000 0.750000
vt 0.625000 0.750000
vt 0.375000 0.750000
vt 0.625000 1.000000
vt 0.375000 1.000000
vt 0.375000 0.000000
vt 0.625000 0.000000
vt 0.625000 0.250000
vt 0.375000 0.250000
vt 0.125000 0.500000
vt 0.375000 0.500000
vt 0.125000 0.750000
vt 0.625000 0.500000
vt 0.875000 0.500000
vt 0.875000 0.750000
vt 0.625000 0.750000
vt 0.375000 0.750000
vt 0.625000 1.000000
vt 0.375000 1.000000
vt 0.375000 0.000000
vt 0.625000 0.000000
vt 0.625000 0.250000
vt 0.375000 0.250000
vt 0.125000 0.500000
vt 0.375000 0.500000
vt 0.125000 0.750000
vt 0.625000 0.500000
vt 0.875000 0.500000
vt 0.875000 0.750000
vt 0.625000 0.750000
vt 0.375000 0.750000
vt 0.625000 1.000000
vt 0.375000 1.000000
vt 0.375000 0.000000
vt 0.625000 0.000000
vt 0.625000 0.250000
vt 0.375000 0.250000
vt 0.125000 0.500000
vt 0.375000 0.500000
vt 0.125000 0.750000
vt 0.625000 0.500000
vt 0.875000 0.500000
vt 0.875000 0.750000
vt 0.625000 0.750000
vt 0.375000 0.750000
vt 0.625000 1.000000
vt 0.375000 1.000000
vt 0.375000 0.000000
vt 0.625000 0.000000
vt 0.625000 0.250000
vt 0.375000 0.250000
vt 0.125000 0.500000
vt 0.375000 0.500000
vt 0.125000 0.750000
vt 0.625000 0.500000
vt 0.875000 0.500000
vt 0.875000 0.750000
vt 0.625000 0.750000
vt 0.375000 0.750000
vt 0.625000 1.000000
vt 0.375000 1.000000
vt 0.375000 0.000000
vt 0.625000 0.000000
vt 0.625000 0.250000
vt 0.375000 0.250000
vt 0.125000 0.500000
vt 0.375000 0.500000
vt 0.125000 0.750000
vt 0.625000 0.500000
vt 0.875000 0.500000
vt 0.875000 0.750000
vt 0.625000 0.750000
vt 0.375000 0.750000
vt 0.625000 1.000000
vt 0.375000 1.000000
vt 0.375000 0.000000
vt 0.625000 0.000000
vt 0.625000 0.250000
vt 0.375000 0.250000
vt 0.125000 0.500000
vt 0.375000 0.500000
vt 0.125000 0.750000
vt 0.625000 0.500000
vt 0.875000 0.500000
vt 0.875000 0.750000
vt 0.625000 0.750000
vt 0.375000 0.750000
vt 0.625000 1.000000
vt 0.375000 1.000000
vt 0.375000 0.000000
vt 0.625000 0.000000
vt 0.625000 0.250000
vt 0.375000 0.250000
vt 0.125000 0.500000
vt 0.375000 0.500000
vt 0.125000 0.750000
vt 0.625000 0.500000
vt 0.875000 0.500000
vt 0.875000 0.750000
vt 0.625000 0.750000
vt 0.375000 0.750000
vt 0.625000 1.000000
vt 0.375000 1.000000
vt 0.375000 0.000000
vt 0.625000 0.000000
vt 0.625000 0.250000
vt 0.375000 0.250000
vt 0.125000 0.500000
vt 0.375000 0.500000
vt 0.125000 0.750000
vt 0.625000 0.500000
vt 0.875000 0.500000
vt 0.875000 0.750000
vt 0.625000 0.750000
vt 0.375000 0.750000
vt 0.625000 1.000000
vt 0.375000 1.000000
vt 0.375000 0.000000
vt 0.625000 0.000000
vt 0.625000 0.250000
vt 0.375000 0.250000
vt 0.125000 0.500000
vt 0.375000 0.500000
vt 0.125000 0.750000
vt 0.625000 0.500000
vt 0.875000 0.500000
vt 0.875000 0.750000
vt 0.625000 0.750000
vt 0.375000 0.750000
vt 0.625000 1.000000
vt 0.375000 1.000000
vt 0.375000 0.000000
vt 0.625000 0.000000
vt 0.625000 0.250000
vt 0.375000 0.250000
vt 0.125000 0.500000
vt 0.375000 0.500000
vt 0.125000 0.750000
vt 0.625000 0.500000
vt 0.875000 0.500000
vt 0.875000 0.750000
vt 0.625000 0.750000
vt 0.375000 0.750000
vt 0.625000 1.000000
vt 0.375000 1.000000
vt 0.375000 0.000000
vt 0.625000 0.000000
vt 0.625000 0.250000
vt 0.375000 0.250000
vt 0.125000 0.500000
vt 0.375000 0.500000
vt 0.125000 0.750000
vt 0.625000 0.500000
vt 0.875000 0.500000
vt 0.875000 0.750000
vt 0.625000 0.750000
vt 0.375000 0.750000
vt 0.625000 1.000000
vt 0.375000 1.000000
vt 0.375000 0.000000
vt 0.625000 0.000000
vt 0.625000 0.250000
vt 0.375000 0.250000
vt 0.125000 0.500000
vt 0.375000 0.500000
vt 0.125000 0.750000
vt 0.625000 0.500000
vt 0.875000 0.500000
vt 0.875000 0.750000
vt 0.625000 0.750000
vt 0.375000 0.750000
vt 0.625000 1.000000
vt 0.375000 1.000000
vt 0.375000 0.000000
vt 0.625000 0.000000
vt 0.625000 0.250000
vt 0.375000 0.250000
vt 0.125000 0.500000
vt 0.375000 0.500000
vt 0.125000 0.750000
vt 0.625000 0.500000
vt 0.875000 0.500000
vt 0.875000 0.750000
vt 0.625000 0.750000
vt 0.375000 0.750000
vt 0.625000 1.000000
vt 0.375000 1.000000
vt 0.375000 0.000000
vt 0.625000 0.000000
vt 0.625000 0.250000
vt 0.375000 0.250000
vt 0.125000 0.500000
vt 0.375000 0.500000
vt 0.125000 0.750000
vt 0.625000 0.500000
vt 0.875000 0.500000
vt 0.875000 0.750000
vt 0.625000 0.750000
vt 0.375000 0.750000
vt 0.625000 1.000000
vt 0.375000 1.000000
vt 0.375000 0.000000
vt 0.625000 0.000000
vt 0.625000 0.250000
vt 0.375000 0.250000
vt 0.125000 0.500000
vt 0.375000 0.500000
vt 0.125000 0.750000
vt 0.625000 0.500000
vt 0.875000 0.500000
vt 0.875000 0.750000
vt 0.625000 0.750000
vt 0.375000 0.750000
vt 0.625000 1.000000
vt 0.375000 1.000000
vt 0.375000 0.000000
vt 0.625000 0.000000
vt 0.625000 0.250000
vt 0.375000 0.250000
vt 0.125000 0.500000
vt 0.375000 0.500000
vt 0.125000 0.750000
vt 0.625000 0.500000
vt 0.875000 0.500000
vt 0.875000 0.750000
vt 0.625000 0.750000
vt 0.375000 0.750000
vt 0.625000 1.000000
vt 0.375000 1.000000
vt 0.375000 0.000000
vt 0.625000 0.000000
vt 0.625000 0.250000
vt 0.375000 0.250000
vt 0.125000 0.500000
vt 0.375000 0.500000
vt 0.125000 0.750000
vt 0.625000 0.500000
vt 0.875000 0.500000
vt 0.875000 0.750000
vt 0.625000 0.750000
vt 0.375000 0.750000
vt 0.625000 1.000000
vt 0.375000 1.000000
vt 0.375000 0.000000
vt 0.625000 0.000000
vt 0.625000 0.250000
vt 0.375000 0.250000
vt 0.125000 0.500000
vt 0.375000 0.500000
vt 0.125000 0.750000
vt 0.625000 0.500000
vt 0.875000 0.500000
vt 0.875000 0.750000
vt 0.625000 0.750000
vt 0.375000 0.750000
vt 0.625000 1.000000
vt 0.375000 1.000000
vt 0.375000 0.000000
vt 0.625000 0.000000
vt 0.625000 0.250000
vt 0.375000 0.250000
vt 0.125000 0.500000
vt 0.375000 0.500000
vt 0.125000 0.750000
vt 0.625000 0.500000
vt 0.875000 0.500000
vt 0.875000 0.750000
vt 0.625000 0.750000
vt 0.375000 0.750000
vt 0.625000 1.000000
vt 0.375000 1.000000
vt 0.375000 0.000000
vt 0.625000 0.000000
vt 0.625000 0.250000
vt 0.375000 0.250000
vt 0.125000 0.500000
vt 0.375000 0.500000
vt 0.125000 0.750000
vt 0.625000 0.500000
vt 0.875000 0.500000
vt 0.875000 0.750000
vt 0.625000 0.750000
vt 0.375000 0.750000
vt 0.625000 1.000000
vt 0.375000 1.000000
vt 0.375000 0.000000
vt 0.625000 0.000000
vt 0.625000 0.250000
vt 0.375000 0.250000
vt 0.125000 0.500000
vt 0.375000 0.500000
vt 0.125000 0.750000
vt 0.625000 0.500000
vt 0.875000 0.500000
vt 0.875000 0.750000
vt 0.625000 0.750000
vt 0.375000 0.750000
vt 0.625000 1.000000
vt 0.375000 1.000000
vt 0.375000 0.000000
vt 0.625000 0.000000
vt 0.625000 0.250000
vt 0.375000 0.250000
vt 0.125000 0.500000
vt 0.375000 0.500000
vt 0.125000 0.750000
vt 0.625000 0.500000
vt 0.875000 0.500000
vt 0.875000 0.750000
vt 0.625000 0.750000
vt 0.375000 0.750000
vt 0.625000 1.000000
vt 0.375000 1.000000
vt 0.375000 0.000000
vt 0.625000 0.000000
vt 0.625000 0.250000
vt 0.375000 0.250000
vt 0.125000 0.500000
vt 0.375000 0.500000
vt 0.125000 0.750000
vt 0.625000 0.500000
vt 0.875000 0.500000
vt 0.875000 0.750000
vt 0.625000 0.750000
vt 0.375000 0.750000
vt 0.625000 1.000000
vt 0.375000 1.000000
vt 0.375000 0.000000
vt 0.625000 0.000000
vt 0.625000 0.250000
vt 0.375000 0.250000
vt 0.125000 0.500000
vt 0.375000 0.500000
vt 0.125000 0.750000
vt 0.625000 0.500000
vt 0.875000 0.500000
vt 0.875000 0.750000
vt 0.625000 0.750000
vt 0.375000 0.750000
vt 0.625000 1.000000
vt 0.375000 1.000000
vt 0.375000 0.000000
vt 0.625000 0.000000
vt 0.625000 0.250000
vt 0.375000 0.250000
vt 0.125000 0.500000
vt 0.375000 0.500000
vt 0.125000 0.750000
vt 0.625000 0.500000
vt 0.875000 0.500000
vt 0.875000 0.750000
vt 0.625000 0.750000
vt 0.375000 0.750000
vt 0.625000 1.000000
vt 0.375000 1.000000
vt 0.375000 0.000000
vt 0.625000 0.000000
vt 0.625000 0.250000
vt 0.375000 0.250000
vt 0.125000 0.500000
vt 0.375000 0.500000
vt 0.125000 0.750000
vt 0.625000 0.500000
vt 0.875000 0.500000
vt 0.875000 0.750000
vt 0.625000 0.750000
vt 0.375000 0.750000
vt 0.625000 1.000000
vt 0.375000 1.000000
vt 0.375000 0.000000
vt 0.625000 0.000000
vt 0.625000 0.250000
vt 0.375000 0.250000
vt 0.125000 0.500000
vt 0.375000 0.500000
vt 0.125000 0.750000
vt 0.625000 0.500000
vt 0.875000 0.500000
vt 0.875000 0.750000
vt 0.625000 0.750000
vt 0.375000 0.750000
vt 0.625000 1.000000
vt 0.375000 1.000000
vt 0.375000 0.000000
vt 0.625000 0.000000
vt 0.625000 0.250000
vt 0.375000 0.250000
vt 0.125000 0.500000
vt 0.375000 0.500000
vt 0.125000 0.750000
vt 0.625000 0.500000
vt 0.875000 0.500000
vt 0.875000 0.750000
vt 0.625000 0.750000
vt 0.375000 0.750000
vt 0.625000 1.000000
vt 0.375000 1.000000
vt 0.375000 0.000000
vt 0.625000 0.000000
vt 0.625000 0.250000
vt 0.375000 0.250000
vt 0.125000 0.500000
vt 0.375000 0.500000
vt 0.125000 0.750000
vt 0.625000 0.500000
vt 0.875000 0.500000
vt 0.875000 0.750000
vt 0.625000 0.750000
vt 0.375000 0.750000
vt 0.625000 1.000000
vt 0.375000 1.000000
vt 0.375000 0.000000
vt 0.625000 0.000000
vt 0.625000 0.250000
vt 0.375000 0.250000
vt 0.125000 0.500000
vt 0.375000 0.500000
vt 0.125000 0.750000
vt 0.625000 0.500000
vt 0.875000 0.500000
vt 0.875000 0.750000
vt 0.625000 0.750000
vt 0.375000 0.750000
vt 0.625000 1.000000
vt 0.375000 1.000000
vt 0.375000 0.000000
vt 0.625000 0.000000
vt 0.625000 0.250000
vt 0.375000 0.250000
vt 0.125000 0.500000
vt 0.375000 0.500000
vt 0.125000 0.750000
vt 0.625000 0.500000
vt 0.875000 0.500000
vt 0.875000 0.750000
vt 0.625000 0.750000
vt 0.375000 0.750000
vt 0.625000 1.000000
vt 0.375000 1.000000
vt 0.375000 0.000000
vt 0.625000 0.000000
vt 0.625000 0.250000
vt 0.375000 0.250000
vt 0.125000 0.500000
vt 0.375000 0.500000
vt 0.125000 0.750000
vt 0.625000 0.500000
vt 0.875000 0.500000
vt 0.875000 0.750000
vt 0.625000 0.750000
vt 0.375000 0.750000
vt 0.625000 1.000000
vt 0.375000 1.000000
vt 0.375000 0.000000
vt 0.625000 0.000000
vt 0.625000 0.250000
vt 0.375000 0.250000
vt 0.125000 0.500000
vt 0.375000 0.500000
vt 0.125000 0.750000
vt 0.625000 0.500000
vt 0.875000 0.500000
vt 0.875000 0.750000
vt 0.625000 0.750000
vt 0.375000 0.750000
vt 0.625000 1.000000
vt 0.375000 1.000000
vt 0.375000 0.000000
vt 0.625000 0.000000
vt 0.625000 0.250000
vt 0.375000 0.250000
vt 0.125000 0.500000
vt 0.375000 0.500000
vt 0.125000 0.750000
vt 0.625000 0.500000
vt 0.875000 0.500000
vt 0.875000 0.750000
vt 0.625000 0.750000
vt 0.375000 0.750000
vt 0.625000 1.000000
vt 0.375000 1.000000
vt 0.375000 0.000000
vt 0.625000 0.000000
vt 0.625000 0.250000
vt 0.375000 0.250000
vt 0.125000 0.500000
vt 0.375000 0.500000
vt 0.125000 0.750000
vt 0.625000 0.500000
vt 0.875000 0.500000
vt 0.875000 0.750000
vt 0.625000 0.750000
vt 0.375000 0.750000
vt 0.625000 1.000000
vt 0.375000 1.000000
vt 0.375000 0.000000
vt 0.625000 0.000000
vt 0.625000 0.250000
vt 0.375000 0.250000
vt 0.125000 0.500000
vt 0.375000 0.500000
vt 0.125000 0.750000
vt 0.625000 0.500000
vt 0.875000 0.500000
vt 0.875000 0.750000
vt 0.625000 0.750000
vt 0.375000 0.750000
vt 0.625000 1.000000
vt 0.375000 1.000000
vt 0.375000 0.000000
vt 0.625000 0.000000
vt 0.625000 0.250000
vt 0.375000 0.250000
vt 0.125000 0.500000
vt 0.375000 0.500000
vt 0.125000 0.750000
vt 0.625000 0.500000
vt 0.875000 0.500000
vt 0.875000 0.750000
vt 0.625000 0.750000
vt 0.375000 0.750000
vt 0.625000 1.000000
vt 0.375000 1.000000
vt 0.375000 0.000000
vt 0.625000 0.000000
vt 0.625000 0.250000
vt 0.375000 0.250000
vt 0.125000 0.500000
vt 0.375000 0.500000
vt 0.125000 0.750000
vt 0.375000 0.000000
vt 0.625000 0.000000
vt 0.625000 0.250000
vt 0.375000 0.250000
vt 0.625000 0.500000
vt 0.375000 0.500000
vt 0.625000 0.750000
vt 0.375000 0.750000
vt 0.625000 1.000000
vt 0.375000 1.000000
vt 0.125000 0.500000
vt 0.125000 0.750000
vt 0.875000 0.500000
vt 0.875000 0.750000
vt 0.375000 0.000000
vt 0.625000 0.000000
vt 0.625000 0.250000
vt 0.375000 0.250000
vt 0.625000 0.500000
vt 0.375000 0.500000
vt 0.625000 0.750000
vt 0.375000 0.750000
vt 0.625000 1.000000
vt 0.375000 1.000000
vt 0.125000 0.500000
vt 0.125000 0.750000
vt 0.875000 0.500000
vt 0.875000 0.750000
vt 0.375000 0.000000
vt 0.625000 0.000000
vt 0.625000 0.250000
vt 0.375000 0.250000
vt 0.625000 0.500000
vt 0.375000 0.500000
vt 0.625000 0.750000
vt 0.375000 0.750000
vt 0.625000 1.000000
vt 0.375000 1.000000
vt 0.125000 0.500000
vt 0.125000 0.750000
vt 0.875000 0.500000
vt 0.875000 0.750000
vt 0.375000 0.000000
vt 0.625000 0.000000
vt 0.625000 0.250000
vt 0.375000 0.250000
vt 0.625000 0.500000
vt 0.375000 0.500000
vt 0.625000 0.750000
vt 0.375000 0.750000
vt 0.625000 1.000000
vt 0.375000 1.000000
vt 0.125000 0.500000
vt 0.125000 0.750000
vt 0.875000 0.500000
vt 0.875000 0.750000
vt 0.375000 0.000000
vt 0.625000 0.000000
vt 0.625000 0.250000
vt 0.375000 0.250000
vt 0.625000 0.500000
vt 0.375000 0.500000
vt 0.625000 0.750000
vt 0.375000 0.750000
vt 0.625000 1.000000
vt 0.375000 1.000000
vt 0.125000 0.500000
vt 0.125000 0.750000
vt 0.875000 0.500000
vt 0.875000 0.750000
vt 0.375000 0.000000
vt 0.625000 0.000000
vt 0.625000 0.250000
vt 0.375000 0.250000
vt 0.625000 0.500000
vt 0.375000 0.500000
vt 0.625000 0.750000
vt 0.375000 0.750000
vt 0.625000 1.000000
vt 0.375000 1.000000
vt 0.125000 0.500000
vt 0.125000 0.750000
vt 0.875000 0.500000
vt 0.875000 0.750000
vt 0.375000 0.000000
vt 0.625000 0.000000
vt 0.625000 0.250000
vt 0.375000 0.250000
vt 0.625000 0.500000
vt 0.375000 0.500000
vt 0.625000 0.750000
vt 0.375000 0.750000
vt 0.625000 1.000000
vt 0.375000 1.000000
vt 0.125000 0.500000
vt 0.125000 0.750000
vt 0.875000 0.500000
vt 0.875000 0.750000
vt 0.375000 0.000000
vt 0.625000 0.000000
vt 0.625000 0.250000
vt 0.375000 0.250000
vt 0.625000 0.500000
vt 0.375000 0.500000
vt 0.625000 0.750000
vt 0.375000 0.750000
vt 0.625000 1.000000
vt 0.375000 1.000000
vt 0.125000 0.500000
vt 0.125000 0.750000
vt 0.875000 0.500000
vt 0.875000 0.750000
vt 0.375000 0.000000
vt 0.625000 0.000000
vt 0.625000 0.250000
vt 0.375000 0.250000
vt 0.625000 0.500000
vt 0.375000 0.500000
vt 0.625000 0.750000
vt 0.375000 0.750000
vt 0.625000 1.000000
vt 0.375000 1.000000
vt 0.125000 0.500000
vt 0.125000 0.750000
vt 0.875000 0.500000
vt 0.875000 0.750000
vt 0.375000 0.000000
vt 0.625000 0.000000
vt 0.625000 0.250000
vt 0.375000 0.250000
vt 0.625000 0.500000
vt 0.375000 0.500000
vt 0.625000 0.750000
vt 0.375000 0.750000
vt 0.625000 1.000000
vt 0.375000 1.000000
vt 0.125000 0.500000
vt 0.125000 0.750000
vt 0.875000 0.500000
vt 0.875000 0.750000
vt 0.375000 0.000000
vt 0.625000 0.000000
vt 0.625000 0.250000
vt 0.375000 0.250000
vt 0.625000 0.500000
vt 0.375000 0.500000
vt 0.625000 0.750000
vt 0.375000 0.750000
vt 0.625000 1.000000
vt 0.375000 1.000000
vt 0.125000 0.500000
vt 0.125000 0.750000
vt 0.875000 0.500000
vt 0.875000 0.750000
vt 0.375000 0.000000
vt 0.625000 0.000000
vt 0.625000 0.250000
vt 0.375000 0.250000
vt 0.625000 0.500000
vt 0.375000 0.500000
vt 0.625000 0.750000
vt 0.375000 0.750000
vt 0.625000 1.000000
vt 0.375000 1.000000
vt 0.125000 0.500000
vt 0.125000 0.750000
vt 0.875000 0.500000
vt 0.875000 0.750000
vt 0.375000 0.000000
vt 0.625000 0.000000
vt 0.625000 0.250000
vt 0.375000 0.250000
vt 0.625000 0.500000
vt 0.375000 0.500000
vt 0.625000 0.750000
vt 0.375000 0.750000
vt 0.625000 1.000000
vt 0.375000 1.000000
vt 0.125000 0.500000
vt 0.125000 0.750000
vt 0.875000 0.500000
vt 0.875000 0.750000
vt 0.375000 0.000000
vt 0.625000 0.000000
vt 0.625000 0.250000
vt 0.375000 0.250000
vt 0.625000 0.500000
vt 0.375000 0.500000
vt 0.625000 0.750000
vt 0.375000 0.750000
vt 0.625000 1.000000
vt 0.375000 1.000000
vt 0.125000 0.500000
vt 0.125000 0.750000
vt 0.875000 0.500000
vt 0.875000 0.750000
vt 0.375000 0.000000
vt 0.625000 0.000000
vt 0.625000 0.250000
vt 0.375000 0.250000
vt 0.625000 0.500000
vt 0.375000 0.500000
vt 0.625000 0.750000
vt 0.375000 0.750000
vt 0.625000 1.000000
vt 0.375000 1.000000
vt 0.125000 0.500000
vt 0.125000 0.750000
vt 0.875000 0.500000
vt 0.875000 0.750000
vt 0.375000 0.000000
vt 0.625000 0.000000
vt 0.625000 0.250000
vt 0.375000 0.250000
vt 0.625000 0.500000
vt 0.375000 0.500000
vt 0.625000 0.750000
vt 0.375000 0.750000
vt 0.625000 1.000000
vt 0.375000 1.000000
vt 0.125000 0.500000
vt 0.125000 0.750000
vt 0.875000 0.500000
vt 0.875000 0.750000
vt 0.375000 0.000000
vt 0.625000 0.000000
vt 0.625000 0.250000
vt 0.375000 0.250000
vt 0.625000 0.500000
vt 0.375000 0.500000
vt 0.625000 0.750000
vt 0.375000 0.750000
vt 0.625000 1.000000
vt 0.375000 1.000000
vt 0.125000 0.500000
vt 0.125000 0.750000
vt 0.875000 0.500000
vt 0.875000 0.750000
vt 0.375000 0.000000
vt 0.625000 0.000000
vt 0.625000 0.250000
vt 0.375000 0.250000
vt 0.625000 0.500000
vt 0.375000 0.500000
vt 0.625000 0.750000
vt 0.375000 0.750000
vt 0.625000 1.000000
vt 0.375000 1.000000
vt 0.125000 0.500000
vt 0.125000 0.750000
vt 0.875000 0.500000
vt 0.875000 0.750000
vt 0.375000 0.000000
vt 0.625000 0.000000
vt 0.625000 0.250000
vt 0.375000 0.250000
vt 0.625000 0.500000
vt 0.375000 0.500000
vt 0.625000 0.750000
vt 0.375000 0.750000
vt 0.625000 1.000000
vt 0.375000 1.000000
vt 0.125000 0.500000
vt 0.125000 0.750000
vt 0.875000 0.500000
vt 0.875000 0.750000
vt 0.375000 0.000000
vt 0.625000 0.000000
vt 0.625000 0.250000
vt 0.375000 0.250000
vt 0.625000 0.500000
vt 0.375000 0.500000
vt 0.625000 0.750000
vt 0.375000 0.750000
vt 0.625000 1.000000
vt 0.375000 1.000000
vt 0.125000 0.500000
vt 0.125000 0.750000
vt 0.875000 0.500000
vt 0.875000 0.750000
vt 0.375000 0.000000
vt 0.625000 0.000000
vt 0.625000 0.250000
vt 0.375000 0.250000
vt 0.625000 0.500000
vt 0.375000 0.500000
vt 0.625000 0.750000
vt 0.375000 0.750000
vt 0.625000 1.000000
vt 0.375000 1.000000
vt 0.125000 0.500000
vt 0.125000 0.750000
vt 0.875000 0.500000
vt 0.875000 0.750000
vt 0.375000 0.000000
vt 0.625000 0.000000
vt 0.625000 0.250000
vt 0.375000 0.250000
vt 0.625000 0.500000
vt 0.375000 0.500000
vt 0.625000 0.750000
vt 0.375000 0.750000
vt 0.625000 1.000000
vt 0.375000 1.000000
vt 0.125000 0.500000
vt 0.125000 0.750000
vt 0.875000 0.500000
vt 0.875000 0.750000
vt 0.375000 0.000000
vt 0.625000 0.000000
vt 0.625000 0.250000
vt 0.375000 0.250000
vt 0.625000 0.500000
vt 0.375000 0.500000
vt 0.625000 0.750000
vt 0.375000 0.750000
vt 0.625000 1.000000
vt 0.375000 1.000000
vt 0.125000 0.500000
vt 0.125000 0.750000
vt 0.875000 0.500000
vt 0.875000 0.750000
vt 0.375000 0.000000
vt 0.625000 0.000000
vt 0.625000 0.250000
vt 0.375000 0.250000
vt 0.625000 0.500000
vt 0.375000 0.500000
vt 0.625000 0.750000
vt 0.375000 0.750000
vt 0.625000 1.000000
vt 0.375000 1.000000
vt 0.125000 0.500000
vt 0.125000 0.750000
vt 0.875000 0.500000
vt 0.875000 0.750000
vt 0.375000 0.000000
vt 0.625000 0.000000
vt 0.625000 0.250000
vt 0.375000 0.250000
vt 0.625000 0.500000
vt 0.375000 0.500000
vt 0.625000 0.750000
vt 0.375000 0.750000
vt 0.625000 1.000000
vt 0.375000 1.000000
vt 0.125000 0.500000
vt 0.125000 0.750000
vt 0.875000 0.500000
vt 0.875000 0.750000
vt 0.375000 0.000000
vt 0.625000 0.000000
vt 0.625000 0.250000
vt 0.375000 0.250000
vt 0.625000 0.500000
vt 0.375000 0.500000
vt 0.625000 0.750000
vt 0.375000 0.750000
vt 0.625000 1.000000
vt 0.375000 1.000000
vt 0.125000 0.500000
vt 0.125000 0.750000
vt 0.875000 0.500000
vt 0.875000 0.750000
vt 0.375000 0.000000
vt 0.625000 0.000000
vt 0.625000 0.250000
vt 0.375000 0.250000
vt 0.625000 0.500000
vt 0.375000 0.500000
vt 0.625000 0.750000
vt 0.375000 0.750000
vt 0.625000 1.000000
vt 0.375000 1.000000
vt 0.125000 0.500000
vt 0.125000 0.750000
vt 0.875000 0.500000
vt 0.875000 0.750000
vt 0.375000 0.000000
vt 0.625000 0.000000
vt 0.625000 0.250000
vt 0.375000 0.250000
vt 0.625000 0.500000
vt 0.375000 0.500000
vt 0.625000 0.750000
vt 0.375000 0.750000
vt 0.625000 1.000000
vt 0.375000 1.000000
vt 0.125000 0.500000
vt 0.125000 0.750000
vt 0.875000 0.500000
vt 0.875000 0.750000
vt 0.375000 0.000000
vt 0.625000 0.000000
vt 0.625000 0.250000
vt 0.375000 0.250000
vt 0.625000 0.500000
vt 0.375000 0.500000
vt 0.625000 0.750000
vt 0.375000 0.750000
vt 0.625000 1.000000
vt 0.375000 1.000000
vt 0.125000 0.500000
vt 0.125000 0.750000
vt 0.875000 0.500000
vt 0.875000 0.750000
vt 0.375000 0.000000
vt 0.625000 0.000000
vt 0.625000 0.250000
vt 0.375000 0.250000
vt 0.625000 0.500000
vt 0.375000 0.500000
vt 0.625000 0.750000
vt 0.375000 0.750000
vt 0.625000 1.000000
vt 0.375000 1.000000
vt 0.125000 0.500000
vt 0.125000 0.750000
vt 0.875000 0.500000
vt 0.875000 0.750000
vt 0.375000 0.000000
vt 0.625000 0.000000
vt 0.625000 0.250000
vt 0.375000 0.250000
vt 0.625000 0.500000
vt 0.375000 0.500000
vt 0.625000 0.750000
vt 0.375000 0.750000
vt 0.625000 1.000000
vt 0.375000 1.000000
vt 0.125000 0.500000
vt 0.125000 0.750000
vt 0.875000 0.500000
vt 0.875000 0.750000
vt 0.375000 0.000000
vt 0.625000 0.000000
vt 0.625000 0.250000
vt 0.375000 0.250000
vt 0.625000 0.500000
vt 0.375000 0.500000
vt 0.625000 0.750000
vt 0.375000 0.750000
vt 0.625000 1.000000
vt 0.375000 1.000000
vt 0.125000 0.500000
vt 0.125000 0.750000
vt 0.875000 0.500000
vt 0.875000 0.750000
vt 0.375000 0.000000
vt 0.625000 0.000000
vt 0.625000 0.250000
vt 0.375000 0.250000
vt 0.625000 0.500000
vt 0.375000 0.500000
vt 0.625000 0.750000
vt 0.375000 0.750000
vt 0.625000 1.000000
vt 0.375000 1.000000
vt 0.125000 0.500000
vt 0.125000 0.750000
vt 0.875000 0.500000
vt 0.875000 0.750000
vt 0.375000 0.000000
vt 0.625000 0.000000
vt 0.625000 0.250000
vt 0.375000 0.250000
vt 0.625000 0.500000
vt 0.375000 0.500000
vt 0.625000 0.750000
vt 0.375000 0.750000
vt 0.625000 1.000000
vt 0.375000 1.000000
vt 0.125000 0.500000
vt 0.125000 0.750000
vt 0.875000 0.500000
vt 0.875000 0.750000
vt 0.375000 0.000000
vt 0.625000 0.000000
vt 0.625000 0.250000
vt 0.375000 0.250000
vt 0.625000 0.500000
vt 0.375000 0.500000
vt 0.625000 0.750000
vt 0.375000 0.750000
vt 0.625000 1.000000
vt 0.375000 1.000000
vt 0.125000 0.500000
vt 0.125000 0.750000
vt 0.875000 0.500000
vt 0.875000 0.750000
vt 0.375000 0.000000
vt 0.625000 0.000000
vt 0.625000 0.250000
vt 0.375000 0.250000
vt 0.625000 0.500000
vt 0.375000 0.500000
vt 0.625000 0.750000
vt 0.375000 0.750000
vt 0.625000 1.000000
vt 0.375000 1.000000
vt 0.125000 0.500000
vt 0.125000 0.750000
vt 0.875000 0.500000
vt 0.875000 0.750000
vt 0.375000 0.000000
vt 0.625000 0.000000
vt 0.625000 0.250000
vt 0.375000 0.250000
vt 0.625000 0.500000
vt 0.375000 0.500000
vt 0.625000 0.750000
vt 0.375000 0.750000
vt 0.625000 1.000000
vt 0.375000 1.000000
vt 0.125000 0.500000
vt 0.125000 0.750000
vt 0.875000 0.500000
vt 0.875000 0.750000
vt 0.375000 0.000000
vt 0.625000 0.000000
vt 0.625000 0.250000
vt 0.375000 0.250000
vt 0.625000 0.500000
vt 0.375000 0.500000
vt 0.625000 0.750000
vt 0.375000 0.750000
vt 0.625000 1.000000
vt 0.375000 1.000000
vt 0.125000 0.500000
vt 0.125000 0.750000
vt 0.875000 0.500000
vt 0.875000 0.750000
vt 0.375000 0.000000
vt 0.625000 0.000000
vt 0.625000 0.250000
vt 0.375000 0.250000
vt 0.625000 0.500000
vt 0.375000 0.500000
vt 0.625000 0.750000
vt 0.375000 0.750000
vt 0.625000 1.000000
vt 0.375000 1.000000
vt 0.125000 0.500000
vt 0.125000 0.750000
vt 0.875000 0.500000
vt 0.875000 0.750000
vt 0.375000 0.000000
vt 0.625000 0.000000
vt 0.625000 0.250000
vt 0.375000 0.250000
vt 0.625000 0.500000
vt 0.375000 0.500000
vt 0.625000 0.750000
vt 0.375000 0.750000
vt 0.625000 1.000000
vt 0.375000 1.000000
vt 0.125000 0.500000
vt 0.125000 0.750000
vt 0.875000 0.500000
vt 0.875000 0.750000
vt 0.375000 0.000000
vt 0.625000 0.000000
vt 0.625000 0.250000
vt 0.375000 0.250000
vt 0.625000 0.500000
vt 0.375000 0.500000
vt 0.625000 0.750000
vt 0.375000 0.750000
vt 0.625000 1.000000
vt 0.375000 1.000000
vt 0.125000 0.500000
vt 0.125000 0.750000
vt 0.875000 0.500000
vt 0.875000 0.750000
vt 0.375000 0.000000
vt 0.625000 0.000000
vt 0.625000 0.250000
vt 0.375000 0.250000
vt 0.625000 0.500000
vt 0.375000 0.500000
vt 0.625000 0.750000
vt 0.375000 0.750000
vt 0.625000 1.000000
vt 0.375000 1.000000
vt 0.125000 0.500000
vt 0.125000 0.750000
vt 0.875000 0.500000
vt 0.875000 0.750000
vt 0.375000 0.000000
vt 0.625000 0.000000
vt 0.625000 0.250000
vt 0.375000 0.250000
vt 0.625000 0.500000
vt 0.375000 0.500000
vt 0.625000 0.750000
vt 0.375000 0.750000
vt 0.625000 1.000000
vt 0.375000 1.000000
vt 0.125000 0.500000
vt 0.125000 0.750000
vt 0.875000 0.500000
vt 0.875000 0.750000
vt 0.375000 0.000000
vt 0.625000 0.000000
vt 0.625000 0.250000
vt 0.375000 0.250000
vt 0.625000 0.500000
vt 0.375000 0.500000
vt 0.625000 0.750000
vt 0.375000 0.750000
vt 0.625000 1.000000
vt 0.375000 1.000000
vt 0.125000 0.500000
vt 0.125000 0.750000
vt 0.875000 0.500000
vt 0.875000 0.750000
vn -0.0019 -1.0000 0.0045
vn 0.0071 -0.0045 -1.0000
vn -1.0000 0.0019 -0.0071
vn 0.0019 1.0000 -0.0045
vn 1.0000 -0.0019 0.0071
vn -0.0071 0.0045 1.0000
vn -0.0066 0.0106 0.9999
vn 0.0003 -0.9999 0.0106
vn -1.0000 -0.0003 -0.0066
vn 0.0066 -0.0106 -0.9999
vn 1.0000 0.0003 0.0066
vn -0.0003 0.9999 -0.0106
vn 0.0001 -0.9995 0.0300
vn 0.0066 -0.0300 -0.9995
vn -0.0001 0.9995 -0.0300
vn -0.0066 0.0300 0.9995
vn -0.0066 -0.0062 1.0000
vn 0.0004 -1.0000 -0.0062
vn 0.0066 0.0062 -1.0000
vn -0.0004 1.0000 0.0062
vn -0.0134 0.0024 0.9999
vn 0.9996 0.0251 0.0133
vn 0.0251 -0.9997 0.0027
vn 0.0134 -0.0024 -0.9999
vn -0.0251 0.9997 -0.0027
vn -0.9996 -0.0251 -0.0133
vn -0.0057 -1.0000 0.0062
vn 0.9995 -0.0055 0.0311
vn 0.0310 -0.0064 -0.9995
vn 0.0057 1.0000 -0.0062
vn -0.0310 0.0064 0.9995
vn -0.9995 0.0055 -0.0311
vn -0.0088 -0.0016 1.0000
vn 0.0008 -1.0000 -0.0016
vn -1.0000 -0.0008 -0.0088
vn 0.0088 0.0016 -1.0000
vn 1.0000 0.0008 0.0088
vn -0.0008 1.0000 0.0016
vn -0.0071 0.0053 1.0000
vn 0.9998 0.0175 0.0070
vn 0.0174 -0.9998 0.0054
vn 0.0071 -0.0053 -1.0000
vn -0.0174 0.9998 -0.0054
vn -0.9998 -0.0175 -0.0070
vn -0.0070 0.0053 1.0000
vn 0.0070 -0.0053 -1.0000
vn -0.0019 -0.9999 0.0122
vn 0.0071 -0.0122 -0.9999
vn 0.0019 0.9999 -0.0122
vn -0.0071 0.0122 0.9999
vn -0.0020 -0.9999 0.0122
vn 0.0198 -0.0122 -0.9997
vn -0.9998 0.0017 -0.0199
vn 0.0020 0.9999 -0.0122
vn 0.9998 -0.0018 0.0199
vn -0.0198 0.0122 0.9997
vn -0.0215 -0.0016 0.9998
vn 0.0009 -1.0000 -0.0015
vn -0.9998 -0.0009 -0.0215
vn 0.0215 0.0016 -0.9998
vn 0.9998 0.0009 0.0215
vn -0.0009 1.0000 0.0015
vn 0.9998 -0.0017 0.0199
vn 0.0034 0.0065 1.0000
vn 0.9998 0.0209 -0.0036
vn 0.0210 -0.9998 0.0064
vn -0.0034 -0.0065 -1.0000
vn -0.0210 0.9998 -0.0064
vn -0.9998 -0.0209 0.0036
vn -0.0093 0.0064 0.9999
vn 0.9997 0.0210 0.0092
vn 0.0210 -0.9998 0.0066
vn 0.0093 -0.0064 -0.9999
vn -0.0210 0.9998 -0.0066
vn -0.9997 -0.0210 -0.0092
vn 0.0604 -0.0084 -0.9981
vn 0.9982 0.0008 0.0603
vn -0.0604 0.0084 0.9981
vn -0.9982 -0.0008 -0.0603
vn 0.0003 -1.0000 0.0084
vn -0.0003 1.0000 -0.0084
vn -0.0196 0.0084 0.9998
vn -0.9998 -0.0004 -0.0196
vn 0.0196 -0.0084 -0.9998
vn 0.9998 0.0004 0.0196
vn 0.0066 -0.0084 -0.9999
vn -0.0066 0.0084 0.9999
vn -0.0003 1.0000 0.0003
vn 0.0003 -1.0000 -0.0003
vn -0.0066 -0.0101 0.9999
vn 0.0066 0.0101 -0.9999
vn 0.0066 -0.0019 -1.0000
vn -0.0066 0.0019 1.0000
vn -0.0003 1.0000 -0.0054
vn 0.0003 -1.0000 0.0054
vn -0.0004 1.0000 0.0043
vn 0.0004 -1.0000 -0.0043
vn -0.0066 -0.0043 1.0000
vn 0.0066 0.0043 -1.0000
vn 0.0066 -0.0040 -1.0000
vn -0.0066 0.0040 1.0000
vn -0.0002 0.9999 -0.0152
vn 0.0002 -0.9999 0.0152
usemtl Material.001
s off
f 745/1303/115 749/1304/115 751/1305/115 747/1306/115
f 748/1307/116 747/1306/116 751/1308/116 752/1309/116
f 752/1310/117 751/1311/117 749/1312/117 750/1313/117
f 750/1314/118 746/1315/118 748/1307/118 752/1316/118
f 746/1315/119 745/1303/119 747/1306/119 748/1307/119
f 750/1313/120 749/1312/120 745/1303/120 746/1315/120
f 753/1317/121 757/1318/121 759/1319/121 755/1320/121
f 756/1321/122 755/1320/122 759/1322/122 760/1323/122
f 760/1324/123 759/1325/123 757/1326/123 758/1327/123
f 758/1328/124 754/1329/124 756/1321/124 760/1330/124
f 754/1329/125 753/1317/125 755/1320/125 756/1321/125
f 758/1327/126 757/1326/126 753/1317/126 754/1329/126
f 761/1331/127 765/1332/127 767/1333/127 763/1334/127
f 764/1335/128 763/1334/128 767/1336/128 768/1337/128
f 768/1338/123 767/1339/123 765/1340/123 766/1341/123
f 766/1342/129 762/1343/129 764/1335/129 768/1344/129
f 762/1343/125 761/1331/125 763/1334/125 764/1335/125
f 766/1341/130 765/1340/130 761/1331/130 762/1343/130
f 769/1345/131 773/1346/131 775/1347/131 771/1348/131
f 772/1349/132 771/1348/132 775/1350/132 776/1351/132
f 776/1352/123 775/1353/123 773/1354/123 774/1355/123
f 774/1356/133 770/1357/133 772/1349/133 776/1358/133
f 770/1357/125 769/1345/125 771/1348/125 772/1349/125
f 774/1355/134 773/1354/134 769/1345/134 770/1357/134
f 777/1359/127 781/1360/127 783/1361/127 779/1362/127
f 780/1363/128 779/1362/128 783/1364/128 784/1365/128
f 784/1366/123 783/1367/123 781/1368/123 782/1369/123
f 782/1370/129 778/1371/129 780/1363/129 784/1372/129
f 778/1371/125 777/1359/125 779/1362/125 780/1363/125
f 782/1369/130 781/1368/130 777/1359/130 778/1371/130
f 785/1373/131 789/1374/131 791/1375/131 787/1376/131
f 788/1377/132 787/1376/132 791/1378/132 792/1379/132
f 792/1380/123 791/1381/123 789/1382/123 790/1383/123
f 790/1384/133 786/1385/133 788/1377/133 792/1386/133
f 786/1385/125 785/1373/125 787/1376/125 788/1377/125
f 790/1383/134 789/1382/134 785/1373/134 786/1385/134
f 793/1387/135 797/1388/135 799/1389/135 795/1390/135
f 796/1391/136 795/1390/136 799/1392/136 800/1393/136
f 800/1394/137 799/1395/137 797/1396/137 798/1397/137
f 798/1398/138 794/1399/138 796/1391/138 800/1400/138
f 794/1399/139 793/1387/139 795/1390/139 796/1391/139
f 798/1397/140 797/1396/140 793/1387/140 794/1399/140
f 801/1401/141 805/1402/141 807/1403/141 803/1404/141
f 804/1405/142 803/1404/142 807/1406/142 808/1407/142
f 808/1408/143 807/1409/143 805/1410/143 806/1411/143
f 806/1412/144 802/1413/144 804/1405/144 808/1414/144
f 802/1413/145 801/1401/145 803/1404/145 804/1405/145
f 806/1411/146 805/1410/146 801/1401/146 802/1413/146
f 809/1415/147 813/1416/147 815/1417/147 811/1418/147
f 812/1419/148 811/1418/148 815/1420/148 816/1421/148
f 816/1422/149 815/1423/149 813/1424/149 814/1425/149
f 814/1426/150 810/1427/150 812/1419/150 816/1428/150
f 810/1427/151 809/1415/151 811/1418/151 812/1419/151
f 814/1425/152 813/1424/152 809/1415/152 810/1427/152
f 817/1429/147 821/1430/147 823/1431/147 819/1432/147
f 820/1433/148 819/1432/148 823/1434/148 824/1435/148
f 824/1436/149 823/1437/149 821/1438/149 822/1439/149
f 822/1440/150 818/1441/150 820/1433/150 824/1442/150
f 818/1441/151 817/1429/151 819/1432/151 820/1433/151
f 822/1439/152 821/1438/152 817/1429/152 818/1441/152
f 825/1443/147 829/1444/147 831/1445/147 827/1446/147
f 828/1447/148 827/1446/148 831/1448/148 832/1449/148
f 832/1450/149 831/1451/149 829/1452/149 830/1453/149
f 830/1454/150 826/1455/150 828/1447/150 832/1456/150
f 826/1455/151 825/1443/151 827/1446/151 828/1447/151
f 830/1453/152 829/1452/152 825/1443/152 826/1455/152
f 833/1457/147 837/1458/147 839/1459/147 835/1460/147
f 836/1461/148 835/1460/148 839/1462/148 840/1463/148
f 840/1464/149 839/1465/149 837/1466/149 838/1467/149
f 838/1468/150 834/1469/150 836/1461/150 840/1470/150
f 834/1469/151 833/1457/151 835/1460/151 836/1461/151
f 838/1467/152 837/1466/152 833/1457/152 834/1469/152
f 841/1471/115 845/1472/115 847/1473/115 843/1474/115
f 844/1475/116 843/1474/116 847/1476/116 848/1477/116
f 848/1478/117 847/1479/117 845/1480/117 846/1481/117
f 846/1482/118 842/1483/118 844/1475/118 848/1484/118
f 842/1483/119 841/1471/119 843/1474/119 844/1475/119
f 846/1481/120 845/1480/120 841/1471/120 842/1483/120
f 961/1485/153 965/1486/153 967/1487/153 963/1488/153
f 964/1489/154 963/1488/154 967/1490/154 968/1491/154
f 968/1492/155 967/1493/155 965/1494/155 966/1495/155
f 966/1496/156 962/1497/156 964/1489/156 968/1498/156
f 962/1497/157 961/1485/157 963/1488/157 964/1489/157
f 966/1495/158 965/1494/158 961/1485/158 962/1497/158
f 1081/1499/159 1085/1500/159 1087/1501/159 1083/1502/159
f 1084/1503/154 1083/1502/154 1087/1504/154 1088/1505/154
f 1088/1506/155 1087/1507/155 1085/1508/155 1086/1509/155
f 1086/1510/160 1082/1511/160 1084/1503/160 1088/1512/160
f 1082/1511/157 1081/1499/157 1083/1502/157 1084/1503/157
f 1086/1509/158 1085/1508/158 1081/1499/158 1082/1511/158
f 1441/1513/121 1445/1514/121 1447/1515/121 1443/1516/121
f 1444/1517/122 1443/1516/122 1447/1518/122 1448/1519/122
f 1448/1520/123 1447/1521/123 1445/1522/123 1446/1523/123
f 1446/1524/124 1442/1525/124 1444/1517/124 1448/1526/124
f 1442/1525/125 1441/1513/125 1443/1516/125 1444/1517/125
f 1446/1523/126 1445/1522/126 1441/1513/126 1442/1525/126
f 1449/1527/121 1453/1528/121 1455/1529/121 1451/1530/121
f 1452/1531/122 1451/1530/122 1455/1532/122 1456/1533/122
f 1456/1534/123 1455/1535/123 1453/1536/123 1454/1537/123
f 1454/1538/124 1450/1539/124 1452/1531/124 1456/1540/124
f 1450/1539/125 1449/1527/125 1451/1530/125 1452/1531/125
f 1454/1537/126 1453/1536/126 1449/1527/126 1450/1539/126
f 1457/1541/121 1461/1542/121 1463/1543/121 1459/1544/121
f 1460/1545/122 1459/1544/122 1463/1546/122 1464/1547/122
f 1464/1548/123 1463/1549/123 1461/1550/123 1462/1551/123
f 1462/1552/124 1458/1553/124 1460/1545/124 1464/1554/124
f 1458/1553/125 1457/1541/125 1459/1544/125 1460/1545/125
f 1462/1551/126 1461/1550/126 1457/1541/126 1458/1553/126
f 1465/1555/121 1469/1556/121 1471/1557/121 1467/1558/121
f 1468/1559/122 1467/1558/122 1471/1560/122 1472/1561/122
f 1472/1562/123 1471/1563/123 1469/1564/123 1470/1565/123
f 1470/1566/124 1466/1567/124 1468/1559/124 1472/1568/124
f 1466/1567/125 1465/1555/125 1467/1558/125 1468/1559/125
f 1470/1565/126 1469/1564/126 1465/1555/126 1466/1567/126
usemtl Material.003
f 849/1569/161 853/1570/161 855/1571/161 851/1572/161
f 852/1573/162 851/1572/162 855/1574/162 856/1575/162
f 856/1576/117 855/1577/117 853/1578/117 854/1579/117
f 854/1580/163 850/1581/163 852/1573/163 856/1582/163
f 850/1581/119 849/1569/119 851/1572/119 852/1573/119
f 854/1579/164 853/1578/164 849/1569/164 850/1581/164
f 857/1583/147 861/1584/147 863/1585/147 859/1586/147
f 860/1587/148 859/1586/148 863/1588/148 864/1589/148
f 864/1590/149 863/1591/149 861/1592/149 862/1593/149
f 862/1594/150 858/1595/150 860/1587/150 864/1596/150
f 858/1595/151 857/1583/151 859/1586/151 860/1587/151
f 862/1593/152 861/1592/152 857/1583/152 858/1595/152
f 865/1597/147 869/1598/147 871/1599/147 867/1600/147
f 868/1601/148 867/1600/148 871/1602/148 872/1603/148
f 872/1604/149 871/1605/149 869/1606/149 870/1607/149
f 870/1608/150 866/1609/150 868/1601/150 872/1610/150
f 866/1609/151 865/1597/151 867/1600/151 868/1601/151
f 870/1607/152 869/1606/152 865/1597/152 866/1609/152
f 873/1611/147 877/1612/147 879/1613/147 875/1614/147
f 876/1615/148 875/1614/148 879/1616/148 880/1617/148
f 880/1618/149 879/1619/149 877/1620/149 878/1621/149
f 878/1622/150 874/1623/150 876/1615/150 880/1624/150
f 874/1623/151 873/1611/151 875/1614/151 876/1615/151
f 878/1621/152 877/1620/152 873/1611/152 874/1623/152
f 881/1625/147 885/1626/147 887/1627/147 883/1628/147
f 884/1629/148 883/1628/148 887/1630/148 888/1631/148
f 888/1632/149 887/1633/149 885/1634/149 886/1635/149
f 886/1636/150 882/1637/150 884/1629/150 888/1638/150
f 882/1637/151 881/1625/151 883/1628/151 884/1629/151
f 886/1635/152 885/1634/152 881/1625/152 882/1637/152
f 889/1639/161 893/1640/161 895/1641/161 891/1642/161
f 892/1643/162 891/1642/162 895/1644/162 896/1645/162
f 896/1646/117 895/1647/117 893/1648/117 894/1649/117
f 894/1650/163 890/1651/163 892/1643/163 896/1652/163
f 890/1651/119 889/1639/119 891/1642/119 892/1643/119
f 894/1649/164 893/1648/164 889/1639/164 890/1651/164
f 905/1653/165 909/1654/165 911/1655/165 907/1656/165
f 908/1657/166 907/1656/166 911/1658/166 912/1659/166
f 912/1660/167 911/1661/167 909/1662/167 910/1663/167
f 910/1664/168 906/1665/168 908/1657/168 912/1666/168
f 906/1665/169 905/1653/169 907/1656/169 908/1657/169
f 910/1663/170 909/1662/170 905/1653/170 906/1665/170
f 913/1667/171 917/1668/171 919/1669/171 915/1670/171
f 916/1671/172 915/1670/172 919/1672/172 920/1673/172
f 920/1674/173 919/1675/173 917/1676/173 918/1677/173
f 918/1678/174 914/1679/174 916/1671/174 920/1680/174
f 914/1679/175 913/1667/175 915/1670/175 916/1671/175
f 918/1677/176 917/1676/176 913/1667/176 914/1679/176
f 921/1681/171 925/1682/171 927/1683/171 923/1684/171
f 924/1685/172 923/1684/172 927/1686/172 928/1687/172
f 928/1688/173 927/1689/173 925/1690/173 926/1691/173
f 926/1692/174 922/1693/174 924/1685/174 928/1694/174
f 922/1693/175 921/1681/175 923/1684/175 924/1685/175
f 926/1691/176 925/1690/176 921/1681/176 922/1693/176
f 929/1695/171 933/1696/171 935/1697/171 931/1698/171
f 932/1699/172 931/1698/172 935/1700/172 936/1701/172
f 936/1702/173 935/1703/173 933/1704/173 934/1705/173
f 934/1706/174 930/1707/174 932/1699/174 936/1708/174
f 930/1707/175 929/1695/175 931/1698/175 932/1699/175
f 934/1705/176 933/1704/176 929/1695/176 930/1707/176
f 937/1709/171 941/1710/171 943/1711/171 939/1712/171
f 940/1713/172 939/1712/172 943/1714/172 944/1715/172
f 944/1716/173 943/1717/173 941/1718/173 942/1719/173
f 942/1720/174 938/1721/174 940/1713/174 944/1722/174
f 938/1721/175 937/1709/175 939/1712/175 940/1713/175
f 942/1719/176 941/1718/176 937/1709/176 938/1721/176
f 945/1723/165 949/1724/165 951/1725/165 947/1726/165
f 948/1727/166 947/1726/166 951/1728/166 952/1729/166
f 952/1730/167 951/1731/167 949/1732/167 950/1733/167
f 950/1734/168 946/1735/168 948/1727/168 952/1736/168
f 946/1735/177 945/1723/177 947/1726/177 948/1727/177
f 950/1733/170 949/1732/170 945/1723/170 946/1735/170
f 969/1737/161 973/1738/161 975/1739/161 971/1740/161
f 972/1741/162 971/1740/162 975/1742/162 976/1743/162
f 976/1744/117 975/1745/117 973/1746/117 974/1747/117
f 974/1748/163 970/1749/163 972/1741/163 976/1750/163
f 970/1749/119 969/1737/119 971/1740/119 972/1741/119
f 974/1747/164 973/1746/164 969/1737/164 970/1749/164
f 977/1751/147 981/1752/147 983/1753/147 979/1754/147
f 980/1755/148 979/1754/148 983/1756/148 984/1757/148
f 984/1758/149 983/1759/149 981/1760/149 982/1761/149
f 982/1762/150 978/1763/150 980/1755/150 984/1764/150
f 978/1763/151 977/1751/151 979/1754/151 980/1755/151
f 982/1761/152 981/1760/152 977/1751/152 978/1763/152
f 985/1765/147 989/1766/147 991/1767/147 987/1768/147
f 988/1769/148 987/1768/148 991/1770/148 992/1771/148
f 992/1772/149 991/1773/149 989/1774/149 990/1775/149
f 990/1776/150 986/1777/150 988/1769/150 992/1778/150
f 986/1777/151 985/1765/151 987/1768/151 988/1769/151
f 990/1775/152 989/1774/152 985/1765/152 986/1777/152
f 993/1779/147 997/1780/147 999/1781/147 995/1782/147
f 996/1783/148 995/1782/148 999/1784/148 1000/1785/148
f 1000/1786/149 999/1787/149 997/1788/149 998/1789/149
f 998/1790/150 994/1791/150 996/1783/150 1000/1792/150
f 994/1791/151 993/1779/151 995/1782/151 996/1783/151
f 998/1789/152 997/1788/152 993/1779/152 994/1791/152
f 1001/1793/147 1005/1794/147 1007/1795/147 1003/1796/147
f 1004/1797/148 1003/1796/148 1007/1798/148 1008/1799/148
f 1008/1800/149 1007/1801/149 1005/1802/149 1006/1803/149
f 1006/1804/150 1002/1805/150 1004/1797/150 1008/1806/150
f 1002/1805/151 1001/1793/151 1003/1796/151 1004/1797/151
f 1006/1803/152 1005/1802/152 1001/1793/152 1002/1805/152
f 1009/1807/161 1013/1808/161 1015/1809/161 1011/1810/161
f 1012/1811/162 1011/1810/162 1015/1812/162 1016/1813/162
f 1016/1814/117 1015/1815/117 1013/1816/117 1014/1817/117
f 1014/1818/163 1010/1819/163 1012/1811/163 1016/1820/163
f 1010/1819/119 1009/1807/119 1011/1810/119 1012/1811/119
f 1014/1817/164 1013/1816/164 1009/1807/164 1010/1819/164
f 1025/1821/165 1029/1822/165 1031/1823/165 1027/1824/165
f 1028/1825/166 1027/1824/166 1031/1826/166 1032/1827/166
f 1032/1828/167 1031/1829/167 1029/1830/167 1030/1831/167
f 1030/1832/168 1026/1833/168 1028/1825/168 1032/1834/168
f 1026/1833/177 1025/1821/177 1027/1824/177 1028/1825/177
f 1030/1831/170 1029/1830/170 1025/1821/170 1026/1833/170
f 1033/1835/171 1037/1836/171 1039/1837/171 1035/1838/171
f 1036/1839/172 1035/1838/172 1039/1840/172 1040/1841/172
f 1040/1842/173 1039/1843/173 1037/1844/173 1038/1845/173
f 1038/1846/174 1034/1847/174 1036/1839/174 1040/1848/174
f 1034/1847/175 1033/1835/175 1035/1838/175 1036/1839/175
f 1038/1845/176 1037/1844/176 1033/1835/176 1034/1847/176
f 1041/1849/171 1045/1850/171 1047/1851/171 1043/1852/171
f 1044/1853/172 1043/1852/172 1047/1854/172 1048/1855/172
f 1048/1856/173 1047/1857/173 1045/1858/173 1046/1859/173
f 1046/1860/174 1042/1861/174 1044/1853/174 1048/1862/174
f 1042/1861/175 1041/1849/175 1043/1852/175 1044/1853/175
f 1046/1859/176 1045/1858/176 1041/1849/176 1042/1861/176
f 1049/1863/171 1053/1864/171 1055/1865/171 1051/1866/171
f 1052/1867/172 1051/1866/172 1055/1868/172 1056/1869/172
f 1056/1870/173 1055/1871/173 1053/1872/173 1054/1873/173
f 1054/1874/174 1050/1875/174 1052/1867/174 1056/1876/174
f 1050/1875/175 1049/1863/175 1051/1866/175 1052/1867/175
f 1054/1873/176 1053/1872/176 1049/1863/176 1050/1875/176
f 1057/1877/171 1061/1878/171 1063/1879/171 1059/1880/171
f 1060/1881/172 1059/1880/172 1063/1882/172 1064/1883/172
f 1064/1884/173 1063/1885/173 1061/1886/173 1062/1887/173
f 1062/1888/174 1058/1889/174 1060/1881/174 1064/1890/174
f 1058/1889/175 1057/1877/175 1059/1880/175 1060/1881/175
f 1062/1887/176 1061/1886/176 1057/1877/176 1058/1889/176
f 1065/1891/165 1069/1892/165 1071/1893/165 1067/1894/165
f 1068/1895/166 1067/1894/166 1071/1896/166 1072/1897/166
f 1072/1898/167 1071/1899/167 1069/1900/167 1070/1901/167
f 1070/1902/168 1066/1903/168 1068/1895/168 1072/1904/168
f 1066/1903/177 1065/1891/177 1067/1894/177 1068/1895/177
f 1070/1901/170 1069/1900/170 1065/1891/170 1066/1903/170
usemtl Material.002
f 897/1905/178 901/1906/178 903/1907/178 899/1908/178
f 900/1909/179 899/1908/179 903/1910/179 904/1911/179
f 904/1912/180 903/1913/180 901/1914/180 902/1915/180
f 902/1916/181 898/1917/181 900/1909/181 904/1918/181
f 898/1917/182 897/1905/182 899/1908/182 900/1909/182
f 902/1915/183 901/1914/183 897/1905/183 898/1917/183
f 953/1919/184 957/1920/184 959/1921/184 955/1922/184
f 956/1923/185 955/1922/185 959/1924/185 960/1925/185
f 960/1926/186 959/1927/186 957/1928/186 958/1929/186
f 958/1930/187 954/1931/187 956/1923/187 960/1932/187
f 954/1931/188 953/1919/188 955/1922/188 956/1923/188
f 958/1929/189 957/1928/189 953/1919/189 954/1931/189
f 1017/1933/178 1021/1934/178 1023/1935/178 1019/1936/178
f 1020/1937/179 1019/1936/179 1023/1938/179 1024/1939/179
f 1024/1940/180 1023/1941/180 1021/1942/180 1022/1943/180
f 1022/1944/181 1018/1945/181 1020/1937/181 1024/1946/181
f 1018/1945/182 1017/1933/182 1019/1936/182 1020/1937/182
f 1022/1943/183 1021/1942/183 1017/1933/183 1018/1945/183
f 1073/1947/184 1077/1948/184 1079/1949/184 1075/1950/184
f 1076/1951/185 1075/1950/185 1079/1952/185 1080/1953/185
f 1080/1954/186 1079/1955/186 1077/1956/186 1078/1957/186
f 1078/1958/187 1074/1959/187 1076/1951/187 1080/1960/187
f 1074/1959/188 1073/1947/188 1075/1950/188 1076/1951/188
f 1078/1957/189 1077/1956/189 1073/1947/189 1074/1959/189
usemtl Material.005
f 1089/1961/190 1090/1962/190 1092/1963/190 1091/1964/190
f 1091/1964/191 1092/1963/191 1096/1965/191 1095/1966/191
f 1095/1966/192 1096/1965/192 1094/1967/192 1093/1968/192
f 1093/1968/193 1094/1967/193 1090/1969/193 1089/1970/193
f 1091/1971/194 1095/1966/194 1093/1968/194 1089/1972/194
f 1096/1965/195 1092/1973/195 1090/1974/195 1094/1967/195
f 1145/1975/190 1146/1976/190 1148/1977/190 1147/1978/190
f 1147/1978/191 1148/1977/191 1152/1979/191 1151/1980/191
f 1151/1980/192 1152/1979/192 1150/1981/192 1149/1982/192
f 1149/1982/193 1150/1981/193 1146/1983/193 1145/1984/193
f 1147/1985/194 1151/1980/194 1149/1982/194 1145/1986/194
f 1152/1979/195 1148/1987/195 1146/1988/195 1150/1981/195
f 1201/1989/196 1202/1990/196 1204/1991/196 1203/1992/196
f 1203/1992/197 1204/1991/197 1208/1993/197 1207/1994/197
f 1207/1994/198 1208/1993/198 1206/1995/198 1205/1996/198
f 1205/1996/199 1206/1995/199 1202/1997/199 1201/1998/199
f 1203/1999/194 1207/1994/194 1205/1996/194 1201/2000/194
f 1208/1993/195 1204/2001/195 1202/2002/195 1206/1995/195
usemtl Material.004
f 1097/2003/190 1098/2004/190 1100/2005/190 1099/2006/190
f 1099/2006/191 1100/2005/191 1104/2007/191 1103/2008/191
f 1103/2008/192 1104/2007/192 1102/2009/192 1101/2010/192
f 1101/2010/193 1102/2009/193 1098/2011/193 1097/2012/193
f 1099/2013/194 1103/2008/194 1101/2010/194 1097/2014/194
f 1104/2007/195 1100/2015/195 1098/2016/195 1102/2009/195
f 1105/2017/190 1106/2018/190 1108/2019/190 1107/2020/190
f 1107/2020/191 1108/2019/191 1112/2021/191 1111/2022/191
f 1111/2022/192 1112/2021/192 1110/2023/192 1109/2024/192
f 1109/2024/193 1110/2023/193 1106/2025/193 1105/2026/193
f 1107/2027/194 1111/2022/194 1109/2024/194 1105/2028/194
f 1112/2021/195 1108/2029/195 1106/2030/195 1110/2023/195
f 1113/2031/190 1114/2032/190 1116/2033/190 1115/2034/190
f 1115/2034/191 1116/2033/191 1120/2035/191 1119/2036/191
f 1119/2036/192 1120/2035/192 1118/2037/192 1117/2038/192
f 1117/2038/193 1118/2037/193 1114/2039/193 1113/2040/193
f 1115/2041/194 1119/2036/194 1117/2038/194 1113/2042/194
f 1120/2035/195 1116/2043/195 1114/2044/195 1118/2037/195
f 1121/2045/190 1122/2046/190 1124/2047/190 1123/2048/190
f 1123/2048/191 1124/2047/191 1128/2049/191 1127/2050/191
f 1127/2050/192 1128/2049/192 1126/2051/192 1125/2052/192
f 1125/2052/193 1126/2051/193 1122/2053/193 1121/2054/193
f 1123/2055/194 1127/2050/194 1125/2052/194 1121/2056/194
f 1128/2049/195 1124/2057/195 1122/2058/195 1126/2051/195
f 1129/2059/190 1130/2060/190 1132/2061/190 1131/2062/190
f 1131/2062/191 1132/2061/191 1136/2063/191 1135/2064/191
f 1135/2064/192 1136/2063/192 1134/2065/192 1133/2066/192
f 1133/2066/193 1134/2065/193 1130/2067/193 1129/2068/193
f 1131/2069/194 1135/2064/194 1133/2066/194 1129/2070/194
f 1136/2063/195 1132/2071/195 1130/2072/195 1134/2065/195
f 1137/2073/190 1138/2074/190 1140/2075/190 1139/2076/190
f 1139/2076/191 1140/2075/191 1144/2077/191 1143/2078/191
f 1143/2078/192 1144/2077/192 1142/2079/192 1141/2080/192
f 1141/2080/193 1142/2079/193 1138/2081/193 1137/2082/193
f 1139/2083/194 1143/2078/194 1141/2080/194 1137/2084/194
f 1144/2077/195 1140/2085/195 1138/2086/195 1142/2079/195
f 1153/2087/190 1154/2088/190 1156/2089/190 1155/2090/190
f 1155/2090/191 1156/2089/191 1160/2091/191 1159/2092/191
f 1159/2092/192 1160/2091/192 1158/2093/192 1157/2094/192
f 1157/2094/193 1158/2093/193 1154/2095/193 1153/2096/193
f 1155/2097/194 1159/2092/194 1157/2094/194 1153/2098/194
f 1160/2091/195 1156/2099/195 1154/2100/195 1158/2093/195
f 1161/2101/190 1162/2102/190 1164/2103/190 1163/2104/190
f 1163/2104/191 1164/2103/191 1168/2105/191 1167/2106/191
f 1167/2106/192 1168/2105/192 1166/2107/192 1165/2108/192
f 1165/2108/193 1166/2107/193 1162/2109/193 1161/2110/193
f 1163/2111/194 1167/2106/194 1165/2108/194 1161/2112/194
f 1168/2105/195 1164/2113/195 1162/2114/195 1166/2107/195
f 1169/2115/190 1170/2116/190 1172/2117/190 1171/2118/190
f 1171/2118/191 1172/2117/191 1176/2119/191 1175/2120/191
f 1175/2120/192 1176/2119/192 1174/2121/192 1173/2122/192
f 1173/2122/193 1174/2121/193 1170/2123/193 1169/2124/193
f 1171/2125/194 1175/2120/194 1173/2122/194 1169/2126/194
f 1176/2119/195 1172/2127/195 1170/2128/195 1174/2121/195
f 1177/2129/190 1178/2130/190 1180/2131/190 1179/2132/190
f 1179/2132/191 1180/2131/191 1184/2133/191 1183/2134/191
f 1183/2134/192 1184/2133/192 1182/2135/192 1181/2136/192
f 1181/2136/193 1182/2135/193 1178/2137/193 1177/2138/193
f 1179/2139/194 1183/2134/194 1181/2136/194 1177/2140/194
f 1184/2133/195 1180/2141/195 1178/2142/195 1182/2135/195
f 1185/2143/190 1186/2144/190 1188/2145/190 1187/2146/190
f 1187/2146/191 1188/2145/191 1192/2147/191 1191/2148/191
f 1191/2148/192 1192/2147/192 1190/2149/192 1189/2150/192
f 1189/2150/193 1190/2149/193 1186/2151/193 1185/2152/193
f 1187/2153/194 1191/2148/194 1189/2150/194 1185/2154/194
f 1192/2147/195 1188/2155/195 1186/2156/195 1190/2149/195
f 1193/2157/190 1194/2158/190 1196/2159/190 1195/2160/190
f 1195/2160/191 1196/2159/191 1200/2161/191 1199/2162/191
f 1199/2162/192 1200/2161/192 1198/2163/192 1197/2164/192
f 1197/2164/193 1198/2163/193 1194/2165/193 1193/2166/193
f 1195/2167/194 1199/2162/194 1197/2164/194 1193/2168/194
f 1200/2161/195 1196/2169/195 1194/2170/195 1198/2163/195
f 1209/2171/196 1210/2172/196 1212/2173/196 1211/2174/196
f 1211/2174/197 1212/2173/197 1216/2175/197 1215/2176/197
f 1215/2176/198 1216/2175/198 1214/2177/198 1213/2178/198
f 1213/2178/199 1214/2177/199 1210/2179/199 1209/2180/199
f 1211/2181/194 1215/2176/194 1213/2178/194 1209/2182/194
f 1216/2175/195 1212/2183/195 1210/2184/195 1214/2177/195
f 1217/2185/196 1218/2186/196 1220/2187/196 1219/2188/196
f 1219/2188/197 1220/2187/197 1224/2189/197 1223/2190/197
f 1223/2190/198 1224/2189/198 1222/2191/198 1221/2192/198
f 1221/2192/199 1222/2191/199 1218/2193/199 1217/2194/199
f 1219/2195/194 1223/2190/194 1221/2192/194 1217/2196/194
f 1224/2189/195 1220/2197/195 1218/2198/195 1222/2191/195
f 1225/2199/196 1226/2200/196 1228/2201/196 1227/2202/196
f 1227/2202/197 1228/2201/197 1232/2203/197 1231/2204/197
f 1231/2204/198 1232/2203/198 1230/2205/198 1229/2206/198
f 1229/2206/199 1230/2205/199 1226/2207/199 1225/2208/199
f 1227/2209/194 1231/2204/194 1229/2206/194 1225/2210/194
f 1232/2203/195 1228/2211/195 1226/2212/195 1230/2205/195
f 1233/2213/196 1234/2214/196 1236/2215/196 1235/2216/196
f 1235/2216/197 1236/2215/197 1240/2217/197 1239/2218/197
f 1239/2218/198 1240/2217/198 1238/2219/198 1237/2220/198
f 1237/2220/199 1238/2219/199 1234/2221/199 1233/2222/199
f 1235/2223/194 1239/2218/194 1237/2220/194 1233/2224/194
f 1240/2217/195 1236/2225/195 1234/2226/195 1238/2219/195
f 1241/2227/196 1242/2228/196 1244/2229/196 1243/2230/196
f 1243/2230/197 1244/2229/197 1248/2231/197 1247/2232/197
f 1247/2232/198 1248/2231/198 1246/2233/198 1245/2234/198
f 1245/2234/199 1246/2233/199 1242/2235/199 1241/2236/199
f 1243/2237/194 1247/2232/194 1245/2234/194 1241/2238/194
f 1248/2231/195 1244/2239/195 1242/2240/195 1246/2233/195
f 1249/2241/196 1250/2242/196 1252/2243/196 1251/2244/196
f 1251/2244/197 1252/2243/197 1256/2245/197 1255/2246/197
f 1255/2246/198 1256/2245/198 1254/2247/198 1253/2248/198
f 1253/2248/199 1254/2247/199 1250/2249/199 1249/2250/199
f 1251/2251/194 1255/2246/194 1253/2248/194 1249/2252/194
f 1256/2245/195 1252/2253/195 1250/2254/195 1254/2247/195
usemtl Material.007
f 1257/2255/125 1258/2256/125 1260/2257/125 1259/2258/125
f 1259/2258/200 1260/2257/200 1264/2259/200 1263/2260/200
f 1263/2260/123 1264/2259/123 1262/2261/123 1261/2262/123
f 1261/2262/201 1262/2261/201 1258/2263/201 1257/2264/201
f 1259/2265/195 1263/2260/195 1261/2262/195 1257/2266/195
f 1264/2259/194 1260/2267/194 1258/2268/194 1262/2261/194
f 1265/2269/125 1266/2270/125 1268/2271/125 1267/2272/125
f 1267/2272/202 1268/2271/202 1272/2273/202 1271/2274/202
f 1271/2274/123 1272/2273/123 1270/2275/123 1269/2276/123
f 1269/2276/203 1270/2275/203 1266/2277/203 1265/2278/203
f 1267/2279/204 1271/2274/204 1269/2276/204 1265/2280/204
f 1272/2273/205 1268/2281/205 1266/2282/205 1270/2275/205
f 1273/2283/125 1274/2284/125 1276/2285/125 1275/2286/125
f 1275/2286/202 1276/2285/202 1280/2287/202 1279/2288/202
f 1279/2288/123 1280/2287/123 1278/2289/123 1277/2290/123
f 1277/2290/203 1278/2289/203 1274/2291/203 1273/2292/203
f 1275/2293/204 1279/2288/204 1277/2290/204 1273/2294/204
f 1280/2287/205 1276/2295/205 1274/2296/205 1278/2289/205
f 1281/2297/125 1282/2298/125 1284/2299/125 1283/2300/125
f 1283/2300/202 1284/2299/202 1288/2301/202 1287/2302/202
f 1287/2302/123 1288/2301/123 1286/2303/123 1285/2304/123
f 1285/2304/203 1286/2303/203 1282/2305/203 1281/2306/203
f 1283/2307/204 1287/2302/204 1285/2304/204 1281/2308/204
f 1288/2301/205 1284/2309/205 1282/2310/205 1286/2303/205
f 1289/2311/125 1290/2312/125 1292/2313/125 1291/2314/125
f 1291/2314/202 1292/2313/202 1296/2315/202 1295/2316/202
f 1295/2316/123 1296/2315/123 1294/2317/123 1293/2318/123
f 1293/2318/203 1294/2317/203 1290/2319/203 1289/2320/203
f 1291/2321/204 1295/2316/204 1293/2318/204 1289/2322/204
f 1296/2315/205 1292/2323/205 1290/2324/205 1294/2317/205
f 1297/2325/125 1298/2326/125 1300/2327/125 1299/2328/125
f 1299/2328/202 1300/2327/202 1304/2329/202 1303/2330/202
f 1303/2330/123 1304/2329/123 1302/2331/123 1301/2332/123
f 1301/2332/203 1302/2331/203 1298/2333/203 1297/2334/203
f 1299/2335/204 1303/2330/204 1301/2332/204 1297/2336/204
f 1304/2329/205 1300/2337/205 1298/2338/205 1302/2331/205
f 1305/2339/125 1306/2340/125 1308/2341/125 1307/2342/125
f 1307/2342/206 1308/2341/206 1312/2343/206 1311/2344/206
f 1311/2344/123 1312/2343/123 1310/2345/123 1309/2346/123
f 1309/2346/207 1310/2345/207 1306/2347/207 1305/2348/207
f 1307/2349/208 1311/2344/208 1309/2346/208 1305/2350/208
f 1312/2343/209 1308/2351/209 1306/2352/209 1310/2345/209
f 1313/2353/125 1314/2354/125 1316/2355/125 1315/2356/125
f 1315/2356/202 1316/2355/202 1320/2357/202 1319/2358/202
f 1319/2358/123 1320/2357/123 1318/2359/123 1317/2360/123
f 1317/2360/203 1318/2359/203 1314/2361/203 1313/2362/203
f 1315/2363/204 1319/2358/204 1317/2360/204 1313/2364/204
f 1320/2357/205 1316/2365/205 1314/2366/205 1318/2359/205
f 1321/2367/125 1322/2368/125 1324/2369/125 1323/2370/125
f 1323/2370/202 1324/2369/202 1328/2371/202 1327/2372/202
f 1327/2372/123 1328/2371/123 1326/2373/123 1325/2374/123
f 1325/2374/203 1326/2373/203 1322/2375/203 1321/2376/203
f 1323/2377/204 1327/2372/204 1325/2374/204 1321/2378/204
f 1328/2371/205 1324/2379/205 1322/2380/205 1326/2373/205
f 1329/2381/125 1330/2382/125 1332/2383/125 1331/2384/125
f 1331/2384/202 1332/2383/202 1336/2385/202 1335/2386/202
f 1335/2386/123 1336/2385/123 1334/2387/123 1333/2388/123
f 1333/2388/203 1334/2387/203 1330/2389/203 1329/2390/203
f 1331/2391/204 1335/2386/204 1333/2388/204 1329/2392/204
f 1336/2385/205 1332/2393/205 1330/2394/205 1334/2387/205
f 1337/2395/125 1338/2396/125 1340/2397/125 1339/2398/125
f 1339/2398/202 1340/2397/202 1344/2399/202 1343/2400/202
f 1343/2400/123 1344/2399/123 1342/2401/123 1341/2402/123
f 1341/2402/203 1342/2401/203 1338/2403/203 1337/2404/203
f 1339/2405/204 1343/2400/204 1341/2402/204 1337/2406/204
f 1344/2399/205 1340/2407/205 1338/2408/205 1342/2401/205
usemtl Material.006
f 1345/2409/125 1346/2410/125 1348/2411/125 1347/2412/125
f 1347/2412/210 1348/2411/210 1352/2413/210 1351/2414/210
f 1351/2414/123 1352/2413/123 1350/2415/123 1349/2416/123
f 1349/2416/211 1350/2415/211 1346/2417/211 1345/2418/211
f 1347/2419/212 1351/2414/212 1349/2416/212 1345/2420/212
f 1352/2413/213 1348/2421/213 1346/2422/213 1350/2415/213
f 1353/2423/125 1354/2424/125 1356/2425/125 1355/2426/125
f 1355/2426/200 1356/2425/200 1360/2427/200 1359/2428/200
f 1359/2428/123 1360/2427/123 1358/2429/123 1357/2430/123
f 1357/2430/201 1358/2429/201 1354/2431/201 1353/2432/201
f 1355/2433/195 1359/2428/195 1357/2430/195 1353/2434/195
f 1360/2427/194 1356/2435/194 1354/2436/194 1358/2429/194
f 1361/2437/125 1362/2438/125 1364/2439/125 1363/2440/125
f 1363/2440/200 1364/2439/200 1368/2441/200 1367/2442/200
f 1367/2442/123 1368/2441/123 1366/2443/123 1365/2444/123
f 1365/2444/201 1366/2443/201 1362/2445/201 1361/2446/201
f 1363/2447/195 1367/2442/195 1365/2444/195 1361/2448/195
f 1368/2441/194 1364/2449/194 1362/2450/194 1366/2443/194
f 1369/2451/125 1370/2452/125 1372/2453/125 1371/2454/125
f 1371/2454/200 1372/2453/200 1376/2455/200 1375/2456/200
f 1375/2456/123 1376/2455/123 1374/2457/123 1373/2458/123
f 1373/2458/201 1374/2457/201 1370/2459/201 1369/2460/201
f 1371/2461/195 1375/2456/195 1373/2458/195 1369/2462/195
f 1376/2455/194 1372/2463/194 1370/2464/194 1374/2457/194
f 1377/2465/125 1378/2466/125 1380/2467/125 1379/2468/125
f 1379/2468/210 1380/2467/210 1384/2469/210 1383/2470/210
f 1383/2470/123 1384/2469/123 1382/2471/123 1381/2472/123
f 1381/2472/211 1382/2471/211 1378/2473/211 1377/2474/211
f 1379/2475/212 1383/2470/212 1381/2472/212 1377/2476/212
f 1384/2469/213 1380/2477/213 1378/2478/213 1382/2471/213
f 1385/2479/125 1386/2480/125 1388/2481/125 1387/2482/125
f 1387/2482/200 1388/2481/200 1392/2483/200 1391/2484/200
f 1391/2484/123 1392/2483/123 1390/2485/123 1389/2486/123
f 1389/2486/201 1390/2485/201 1386/2487/201 1385/2488/201
f 1387/2489/195 1391/2484/195 1389/2486/195 1385/2490/195
f 1392/2483/194 1388/2491/194 1386/2492/194 1390/2485/194
f 1393/2493/125 1394/2494/125 1396/2495/125 1395/2496/125
f 1395/2496/210 1396/2495/210 1400/2497/210 1399/2498/210
f 1399/2498/123 1400/2497/123 1398/2499/123 1397/2500/123
f 1397/2500/211 1398/2499/211 1394/2501/211 1393/2502/211
f 1395/2503/212 1399/2498/212 1397/2500/212 1393/2504/212
f 1400/2497/213 1396/2505/213 1394/2506/213 1398/2499/213
f 1401/2507/125 1402/2508/125 1404/2509/125 1403/2510/125
f 1403/2510/214 1404/2509/214 1408/2511/214 1407/2512/214
f 1407/2512/123 1408/2511/123 1406/2513/123 1405/2514/123
f 1405/2514/215 1406/2513/215 1402/2515/215 1401/2516/215
f 1403/2517/216 1407/2512/216 1405/2514/216 1401/2518/216
f 1408/2511/217 1404/2519/217 1402/2520/217 1406/2513/217
f 1409/2521/125 1410/2522/125 1412/2523/125 1411/2524/125
f 1411/2524/214 1412/2523/214 1416/2525/214 1415/2526/214
f 1415/2526/123 1416/2525/123 1414/2527/123 1413/2528/123
f 1413/2528/215 1414/2527/215 1410/2529/215 1409/2530/215
f 1411/2531/216 1415/2526/216 1413/2528/216 1409/2532/216
f 1416/2525/217 1412/2533/217 1410/2534/217 1414/2527/217
f 1417/2535/125 1418/2536/125 1420/2537/125 1419/2538/125
f 1419/2538/214 1420/2537/214 1424/2539/214 1423/2540/214
f 1423/2540/123 1424/2539/123 1422/2541/123 1421/2542/123
f 1421/2542/215 1422/2541/215 1418/2543/215 1417/2544/215
f 1419/2545/216 1423/2540/216 1421/2542/216 1417/2546/216
f 1424/2539/217 1420/2547/217 1418/2548/217 1422/2541/217
f 1425/2549/125 1426/2550/125 1428/2551/125 1427/2552/125
f 1427/2552/210 1428/2551/210 1432/2553/210 1431/2554/210
f 1431/2554/123 1432/2553/123 1430/2555/123 1429/2556/123
f 1429/2556/211 1430/2555/211 1426/2557/211 1425/2558/211
f 1427/2559/212 1431/2554/212 1429/2556/212 1425/2560/212
f 1432/2553/213 1428/2561/213 1426/2562/213 1430/2555/213
f 1433/2563/125 1434/2564/125 1436/2565/125 1435/2566/125
f 1435/2566/214 1436/2565/214 1440/2567/214 1439/2568/214
f 1439/2568/123 1440/2567/123 1438/2569/123 1437/2570/123
f 1437/2570/215 1438/2569/215 1434/2571/215 1433/2572/215
f 1435/2573/216 1439/2568/216 1437/2570/216 1433/2574/216
f 1440/2567/217 1436/2575/217 1434/2576/217 1438/2569/217
o Cube.003_Cube.074
v 0.637244 2.591005 -0.811001
v 0.637244 1.303839 -0.811001
v 0.637244 2.591005 0.823148
v 0.637244 1.303839 0.823148
v -0.592202 2.591005 -0.811001
v -0.592202 1.303839 -0.811001
v -0.592202 2.591005 0.823148
v -0.592202 1.303839 0.823148
vt 0.625000 0.500000
vt 0.875000 0.500000
vt 0.875000 0.750000
vt 0.625000 0.750000
vt 0.375000 0.750000
vt 0.625000 1.000000
vt 0.375000 1.000000
vt 0.375000 0.000000
vt 0.625000 0.000000
vt 0.625000 0.250000
vt 0.375000 0.250000
vt 0.125000 0.500000
vt 0.375000 0.500000
vt 0.125000 0.750000
vn 0.0000 1.0000 0.0000
vn 0.0000 0.0000 1.0000
vn -1.0000 0.0000 0.0000
vn 0.0000 -1.0000 0.0000
vn 1.0000 0.0000 0.0000
vn 0.0000 0.0000 -1.0000
usemtl Material
s off
f 1473/2577/218 1477/2578/218 1479/2579/218 1475/2580/218
f 1476/2581/219 1475/2580/219 1479/2582/219 1480/2583/219
f 1480/2584/220 1479/2585/220 1477/2586/220 1478/2587/220
f 1478/2588/221 1474/2589/221 1476/2581/221 1480/2590/221
f 1474/2589/222 1473/2577/222 1475/2580/222 1476/2581/222
f 1478/2587/223 1477/2586/223 1473/2577/223 1474/2589/223
o Cube.004_Cube.075
v -0.288826 1.381382 0.647691
v -0.283987 2.635811 0.644810
v -0.324023 1.381520 0.648684
v -0.319184 2.635949 0.645803
v -0.280721 1.382010 0.934838
v -0.275882 2.636439 0.931958
v -0.315919 1.382148 0.935832
v -0.311080 2.636577 0.932951
v 0.756537 1.914966 0.672922
v 0.705243 1.914853 0.674394
v 0.756637 1.869768 0.672919
v 0.705343 1.869655 0.674391
v 0.764778 1.914966 0.960066
v 0.713484 1.914853 0.961538
v 0.764878 1.869768 0.960063
v 0.713584 1.869655 0.961536
v -0.577539 1.384413 0.710485
v -0.604902 2.651192 0.711271
v -0.638295 1.383100 0.712229
v -0.665658 2.649879 0.713014
v -0.569298 1.384413 0.997630
v -0.596661 2.651192 0.998415
v -0.630054 1.383099 0.999373
v -0.657417 2.649879 1.000159
v 0.660256 2.634663 0.674799
v -0.606163 2.653187 0.711145
v 0.659367 2.573874 0.674824
v -0.607052 2.592398 0.711170
v 0.668496 2.634663 0.961943
v -0.597922 2.653187 0.998289
v 0.667608 2.573874 0.961969
v -0.598811 2.592398 0.998314
v 0.738599 1.367459 0.672712
v 0.711236 2.634239 0.673498
v 0.677843 1.366146 0.674456
v 0.650480 2.632925 0.675241
v 0.746840 1.367459 0.959857
v 0.719477 2.634239 0.960642
v 0.686083 1.366146 0.961600
v 0.658721 2.632925 0.962386
v 0.685919 1.430047 0.674062
v -0.580500 1.448570 0.710408
v 0.685030 1.369258 0.674088
v -0.581388 1.387782 0.710433
v 0.694160 1.430047 0.961207
v -0.572259 1.448570 0.997552
v 0.693272 1.369258 0.961232
v -0.573147 1.387782 0.997578
v 0.697731 2.121170 0.925876
v -0.581940 2.128886 0.953923
v 0.696408 2.122673 0.865124
v -0.583262 2.130390 0.893172
v 0.696540 1.939875 0.921415
v -0.583131 1.947591 0.949462
v 0.695217 1.941378 0.860663
v -0.584453 1.949095 0.888711
v 0.091784 1.398289 0.960616
v 0.094139 2.584951 0.953476
v 0.091523 1.397924 0.899845
v 0.093878 2.584586 0.892705
v -0.025941 1.398526 0.961121
v -0.023586 2.585187 0.953981
v -0.026202 1.398161 0.900349
v -0.023847 2.584822 0.893209
v 0.668025 2.468921 0.547626
v -0.634998 2.481950 0.582173
v 0.667845 2.450889 0.547623
v -0.635178 2.463918 0.582170
v 0.675637 2.468788 0.834788
v -0.627385 2.481817 0.869335
v 0.675457 2.450757 0.834785
v -0.627566 2.463786 0.869332
v 0.707091 2.207086 0.563029
v -0.623941 2.220395 0.598319
v 0.706911 2.189054 0.563026
v -0.624121 2.202364 0.598315
v 0.714703 2.206953 0.850191
v -0.616329 2.220262 0.885481
v 0.714523 2.188922 0.850188
v -0.616509 2.202231 0.885477
v 0.693518 1.889889 0.561514
v -0.610476 1.902927 0.596087
v 0.693338 1.871857 0.561511
v -0.610656 1.884896 0.596084
v 0.701131 1.889756 0.848676
v -0.602863 1.902795 0.883249
v 0.700950 1.871725 0.848673
v -0.603044 1.884763 0.883246
v 0.707176 1.641584 0.579236
v -0.612522 1.654780 0.614225
v 0.706996 1.623553 0.579232
v -0.612702 1.636748 0.614221
v 0.714788 1.641451 0.866397
v -0.604909 1.654647 0.901387
v 0.714608 1.623420 0.866394
v -0.605090 1.636616 0.901383
v 0.381566 1.381382 0.625767
v 0.386405 2.635811 0.622886
v 0.346369 1.381520 0.626760
v 0.351208 2.635949 0.623880
v 0.389671 1.382010 0.912915
v 0.394510 2.636439 0.910034
v 0.354473 1.382148 0.913908
v 0.359312 2.636577 0.911027
v -0.533134 1.970534 0.937880
v -0.533698 2.116477 0.937578
v -0.551158 1.970466 0.938389
v -0.551722 2.116409 0.938086
v -0.531583 1.970654 0.992867
v -0.532147 2.116598 0.992564
v -0.549607 1.970586 0.993375
v -0.550171 2.116529 0.993073
v -0.068447 2.110206 0.922923
v -0.542140 2.114943 0.935482
v -0.068628 2.092175 0.922919
v -0.542321 2.096911 0.935478
v -0.066989 2.110181 0.977912
v -0.540683 2.114917 0.990471
v -0.067170 2.092149 0.977908
v -0.540863 2.096886 0.990467
v -0.068763 1.983668 0.911896
v -0.542457 1.988405 0.924455
v -0.068944 1.965637 0.911893
v -0.542637 1.970373 0.924452
v -0.067306 1.983643 0.966886
v -0.540999 1.988379 0.979445
v -0.067486 1.965611 0.966882
v -0.541179 1.970348 0.979441
v -0.070524 2.071384 0.919120
v -0.544217 2.076120 0.931679
v -0.070705 2.053353 0.919117
v -0.544398 2.058089 0.931676
v -0.069067 2.071358 0.974109
v -0.542760 2.076095 0.986668
v -0.069247 2.053327 0.974106
v -0.542940 2.058064 0.986665
v -0.070524 2.026690 0.919120
v -0.544217 2.031427 0.931679
v -0.070705 2.008659 0.919117
v -0.544398 2.013395 0.931676
v -0.069066 2.026665 0.974109
v -0.542760 2.031401 0.986668
v -0.069247 2.008633 0.974106
v -0.542940 2.013370 0.986665
v -0.056641 1.963267 0.924205
v -0.057205 2.109210 0.923903
v -0.074665 1.963199 0.924714
v -0.075229 2.109142 0.924411
v -0.055090 1.963387 0.979192
v -0.055654 2.109331 0.978889
v -0.073114 1.963319 0.979700
v -0.073678 2.109262 0.979397
v -0.053769 2.103930 0.943796
v -0.538108 2.104892 0.962563
v -0.054634 2.104393 0.921466
v -0.538972 2.105354 0.940233
v -0.054129 1.974717 0.941132
v -0.538468 1.975678 0.959900
v -0.054993 1.975180 0.918802
v -0.539332 1.976140 0.937570
v 0.155036 1.970534 0.918251
v 0.154476 2.116477 0.917941
v 0.137006 1.970466 0.918530
v 0.136446 2.116409 0.918220
v 0.155886 1.970654 0.973253
v 0.155326 2.116597 0.972943
v 0.137856 1.970586 0.973531
v 0.137296 2.116529 0.973222
v 0.619875 2.110206 0.909218
v 0.146060 2.114943 0.915738
v 0.619695 2.092175 0.909212
v 0.145880 2.096911 0.915732
v 0.620632 2.110181 0.964221
v 0.146817 2.114917 0.970741
v 0.620452 2.092149 0.964215
v 0.146637 2.096886 0.970735
v 0.619700 1.983668 0.898189
v 0.145885 1.988404 0.904708
v 0.619519 1.965637 0.898183
v 0.145705 1.970373 0.904703
v 0.620456 1.983642 0.953192
v 0.146641 1.988379 0.959712
v 0.620276 1.965611 0.953186
v 0.146461 1.970348 0.959706
v 0.617847 2.071384 0.905389
v 0.144032 2.076120 0.911909
v 0.617666 2.053353 0.905383
v 0.143852 2.058089 0.911903
v 0.618603 2.071358 0.960393
v 0.144789 2.076095 0.966912
v 0.618423 2.053327 0.960387
v 0.144608 2.058064 0.966907
v 0.617847 2.026690 0.905389
v 0.144032 2.031426 0.911909
v 0.617666 2.008659 0.905383
v 0.143852 2.013395 0.911903
v 0.618603 2.026664 0.960393
v 0.144789 2.031401 0.966912
v 0.618423 2.008633 0.960387
v 0.144608 2.013370 0.966907
v 0.631665 1.963267 0.910651
v 0.631104 2.109210 0.910341
v 0.613635 1.963199 0.910930
v 0.613075 2.109142 0.910620
v 0.632514 1.963387 0.965653
v 0.631954 2.109330 0.965343
v 0.614485 1.963319 0.965931
v 0.613925 2.109262 0.965621
v 0.634286 2.103930 0.930276
v 0.149747 2.104891 0.942868
v 0.633706 2.104393 0.907937
v 0.149168 2.105354 0.920529
v 0.633960 1.974717 0.927609
v 0.149422 1.975678 0.940200
v 0.633381 1.975179 0.905269
v 0.148842 1.976140 0.917861
v 0.717447 1.387362 0.956216
v -0.602243 1.391531 0.993520
v 0.716939 1.387671 0.938195
v -0.602751 1.391840 0.975499
v 0.716767 1.200605 0.953030
v -0.602923 1.204774 0.990334
v 0.716259 1.200914 0.935009
v -0.603431 1.205083 0.972313
v -0.531690 1.261921 0.988169
v -0.532255 1.407864 0.987867
v -0.549715 1.261852 0.988678
v -0.550279 1.407795 0.988375
v -0.530140 1.262041 1.043156
v -0.530704 1.407984 1.042853
v -0.548164 1.261972 1.043664
v -0.548728 1.407915 1.043362
v -0.067004 1.401592 0.973212
v -0.540697 1.406329 0.985771
v -0.067184 1.383561 0.973208
v -0.540878 1.388298 0.985767
v -0.065546 1.401567 1.028201
v -0.539240 1.406304 1.040760
v -0.065727 1.383536 1.028198
v -0.539420 1.388272 1.040756
v -0.067320 1.275054 0.962186
v -0.541013 1.279791 0.974745
v -0.067501 1.257023 0.962182
v -0.541194 1.261760 0.974741
v -0.065863 1.275029 1.017175
v -0.539556 1.279765 1.029734
v -0.066043 1.256998 1.017171
v -0.539736 1.261734 1.029730
v -0.069081 1.362770 0.969409
v -0.542774 1.367507 0.981968
v -0.069262 1.344739 0.969406
v -0.542955 1.349476 0.981965
v -0.067623 1.362745 1.024398
v -0.541317 1.367481 1.036958
v -0.067804 1.344714 1.024395
v -0.541497 1.349450 1.036954
v -0.069081 1.318076 0.969409
v -0.542774 1.322813 0.981968
v -0.069262 1.300045 0.969406
v -0.542955 1.304782 0.981965
v -0.067623 1.318051 1.024398
v -0.541317 1.322788 1.036958
v -0.067804 1.300020 1.024395
v -0.541497 1.304756 1.036954
v -0.055197 1.254654 0.974494
v -0.055762 1.400597 0.974192
v -0.073222 1.254585 0.975003
v -0.073786 1.400528 0.974700
v -0.053646 1.254774 1.029481
v -0.054211 1.400717 1.029178
v -0.071671 1.254705 1.029989
v -0.072235 1.400648 1.029687
v -0.052326 1.395317 0.994085
v -0.536665 1.396278 1.012852
v -0.053190 1.395780 0.971755
v -0.537529 1.396741 0.990522
v -0.052686 1.266103 0.991421
v -0.537024 1.267064 1.010189
v -0.053550 1.266566 0.969091
v -0.537889 1.267527 0.987859
v 0.156431 1.256252 0.966854
v 0.155870 1.402195 0.966544
v 0.138401 1.256184 0.967132
v 0.137841 1.402127 0.966822
v 0.157281 1.256372 1.021855
v 0.156720 1.402315 1.021545
v 0.139251 1.256304 1.022134
v 0.138691 1.402247 1.021824
v 0.621270 1.395924 0.957821
v 0.147455 1.400660 0.964340
v 0.621090 1.377893 0.957815
v 0.147275 1.382629 0.964335
v 0.622027 1.395898 1.012824
v 0.148212 1.400635 1.019344
v 0.621846 1.377867 1.012818
v 0.148031 1.382604 1.019338
v 0.621094 1.269386 0.946791
v 0.147279 1.274122 0.953311
v 0.620914 1.251355 0.946785
v 0.147099 1.256091 0.953305
v 0.621851 1.269360 1.001794
v 0.148036 1.274097 1.008314
v 0.621671 1.251329 1.001789
v 0.147856 1.256066 1.008308
v 0.619241 1.357102 0.953992
v 0.145427 1.361838 0.960512
v 0.619061 1.339071 0.953986
v 0.145246 1.343807 0.960506
v 0.619998 1.357076 1.008995
v 0.146183 1.361813 1.015515
v 0.619818 1.339045 1.008989
v 0.146003 1.343781 1.015509
v 0.619241 1.312408 0.953992
v 0.145427 1.317144 0.960512
v 0.619061 1.294377 0.953986
v 0.145246 1.299113 0.960506
v 0.619998 1.312382 1.008995
v 0.146183 1.317119 1.015515
v 0.619818 1.294351 1.008989
v 0.146003 1.299088 1.015509
v 0.633059 1.248985 0.959254
v 0.632499 1.394928 0.958944
v 0.615030 1.248917 0.959532
v 0.614469 1.394860 0.959222
v 0.633909 1.249105 1.014255
v 0.633349 1.395048 1.013945
v 0.615880 1.249037 1.014534
v 0.615319 1.394980 1.014224
v 0.635681 1.389648 0.978879
v 0.151142 1.390609 0.991471
v 0.635101 1.390111 0.956540
v 0.150562 1.391072 0.969132
v 0.635355 1.260435 0.976211
v 0.150816 1.261395 0.988803
v 0.634775 1.260897 0.953872
v 0.150237 1.261858 0.966464
v 0.636887 1.366296 0.944242
v -0.504356 1.369901 0.976502
v 0.627456 1.372033 0.609959
v -0.513787 1.375638 0.642219
v 0.636416 1.236907 0.942034
v -0.504827 1.240512 0.974294
v 0.626985 1.242644 0.607752
v -0.514258 1.246249 0.640012
v 0.736943 2.508328 0.719968
v 0.736943 2.313009 0.719968
v 0.731851 2.508328 0.922953
v 0.731851 2.313009 0.922953
v 0.688061 2.508329 0.718741
v 0.688061 2.313009 0.718741
v 0.682969 2.508329 0.921727
v 0.682969 2.313009 0.921727
v 0.773130 2.322188 0.723628
v 0.773130 2.303467 0.723628
v 0.768038 2.322188 0.926614
v 0.768038 2.303467 0.926614
v 0.724249 2.322188 0.722402
v 0.724249 2.303467 0.722402
v 0.719157 2.322188 0.925388
v 0.719157 2.303467 0.925388
v 0.761470 2.510602 0.723963
v 0.761470 2.491881 0.723963
v 0.756378 2.510602 0.926948
v 0.756378 2.491881 0.926948
v 0.712588 2.510602 0.722736
v 0.712588 2.491881 0.722736
v 0.707497 2.510602 0.925722
v 0.707497 2.491881 0.925722
v 0.761470 2.476450 0.723963
v 0.761470 2.457729 0.723963
v 0.756378 2.476450 0.926948
v 0.756378 2.457729 0.926948
v 0.712588 2.476450 0.722736
v 0.712588 2.457729 0.722736
v 0.707496 2.476450 0.925722
v 0.707497 2.457729 0.925722
v 0.761470 2.436683 0.723963
v 0.761470 2.417962 0.723963
v 0.756378 2.436683 0.926948
v 0.756378 2.417962 0.926948
v 0.712588 2.436683 0.722736
v 0.712588 2.417962 0.722736
v 0.707497 2.436683 0.925722
v 0.707497 2.417962 0.925722
v 0.765175 2.400616 0.723856
v 0.765175 2.381895 0.723856
v 0.760083 2.400616 0.926842
v 0.760083 2.381895 0.926842
v 0.716293 2.400616 0.722630
v 0.716293 2.381895 0.722630
v 0.711201 2.400616 0.925616
v 0.711201 2.381895 0.925616
v 0.765175 2.358724 0.723856
v 0.765175 2.340003 0.723856
v 0.760083 2.358724 0.926842
v 0.760083 2.340003 0.926842
v 0.716293 2.358724 0.722630
v 0.716293 2.340003 0.722630
v 0.711201 2.358724 0.925616
v 0.711201 2.340003 0.925616
v 0.736943 1.717840 0.719967
v 0.736943 1.522520 0.719967
v 0.731851 1.717840 0.922953
v 0.731851 1.522520 0.922953
v 0.688061 1.717840 0.718741
v 0.688061 1.522520 0.718741
v 0.682969 1.717840 0.921727
v 0.682969 1.522520 0.921727
v 0.773130 1.531699 0.723628
v 0.773130 1.512978 0.723628
v 0.768038 1.531699 0.926614
v 0.768038 1.512978 0.926614
v 0.724249 1.531699 0.722402
v 0.724249 1.512978 0.722402
v 0.719157 1.531699 0.925388
v 0.719157 1.512978 0.925388
v 0.761470 1.720113 0.723962
v 0.761470 1.701392 0.723962
v 0.756378 1.720113 0.926948
v 0.756378 1.701392 0.926948
v 0.712588 1.720113 0.722736
v 0.712588 1.701392 0.722736
v 0.707496 1.720113 0.925722
v 0.707496 1.701392 0.925722
v 0.761470 1.685961 0.723962
v 0.761470 1.667240 0.723962
v 0.756378 1.685961 0.926948
v 0.756378 1.667240 0.926948
v 0.712588 1.685961 0.722736
v 0.712588 1.667240 0.722736
v 0.707496 1.685961 0.925722
v 0.707496 1.667240 0.925722
v 0.761470 1.646194 0.723962
v 0.761470 1.627473 0.723962
v 0.756378 1.646194 0.926948
v 0.756378 1.627473 0.926948
v 0.712588 1.646194 0.722736
v 0.712588 1.627473 0.722736
v 0.707497 1.646194 0.925722
v 0.707496 1.627473 0.925722
v 0.765174 1.610127 0.723856
v 0.765174 1.591406 0.723856
v 0.760082 1.610127 0.926842
v 0.760082 1.591406 0.926842
v 0.716293 1.610127 0.722630
v 0.716293 1.591406 0.722630
v 0.711201 1.610127 0.925616
v 0.711201 1.591406 0.925616
v 0.765174 1.568235 0.723856
v 0.765174 1.549514 0.723856
v 0.760082 1.568235 0.926842
v 0.760082 1.549514 0.926842
v 0.716293 1.568235 0.722630
v 0.716293 1.549514 0.722630
v 0.711201 1.568235 0.925616
v 0.711201 1.549514 0.925616
v -0.655824 1.934015 0.972248
v -0.655824 1.738695 0.972248
v -0.659022 1.934015 0.769223
v -0.659022 1.738695 0.769223
v -0.606933 1.934015 0.971478
v -0.606933 1.738695 0.971478
v -0.610131 1.934015 0.768453
v -0.610131 1.738695 0.768453
v -0.692131 1.747875 0.970067
v -0.692131 1.729154 0.970067
v -0.695329 1.747875 0.767043
v -0.695329 1.729154 0.767043
v -0.643240 1.747875 0.969297
v -0.643240 1.729154 0.969297
v -0.646438 1.747875 0.766273
v -0.646438 1.729154 0.766273
v -0.680494 1.936289 0.969257
v -0.680494 1.917568 0.969257
v -0.683692 1.936289 0.766233
v -0.683692 1.917568 0.766233
v -0.631603 1.936289 0.968487
v -0.631603 1.917568 0.968487
v -0.634801 1.936289 0.765463
v -0.634801 1.917568 0.765463
v -0.680494 1.902137 0.969257
v -0.680494 1.883416 0.969257
v -0.683692 1.902137 0.766233
v -0.683692 1.883416 0.766233
v -0.631603 1.902137 0.968487
v -0.631603 1.883416 0.968487
v -0.634801 1.902137 0.765463
v -0.634801 1.883416 0.765463
v -0.680494 1.862369 0.969257
v -0.680494 1.843648 0.969257
v -0.683692 1.862369 0.766233
v -0.683692 1.843648 0.766233
v -0.631603 1.862369 0.968487
v -0.631603 1.843648 0.968487
v -0.634801 1.862369 0.765463
v -0.634801 1.843648 0.765463
v -0.684191 1.826303 0.969515
v -0.684191 1.807582 0.969515
v -0.687389 1.826303 0.766490
v -0.687389 1.807582 0.766490
v -0.635300 1.826303 0.968745
v -0.635300 1.807582 0.968745
v -0.638498 1.826303 0.765720
v -0.638498 1.807582 0.765720
v -0.684191 1.784411 0.969515
v -0.684191 1.765690 0.969515
v -0.687389 1.784411 0.766490
v -0.687389 1.765690 0.766490
v -0.635300 1.784411 0.968745
v -0.635300 1.765690 0.968745
v -0.638498 1.784411 0.765720
v -0.638498 1.765690 0.765720
v -0.186415 2.626740 0.970087
v -0.186415 2.653114 0.970087
v 0.340083 2.626740 0.954976
v 0.340083 2.653114 0.954976
v -0.191464 2.626740 0.794154
v -0.191464 2.653114 0.794154
v 0.335034 2.626740 0.779044
v 0.335034 2.653114 0.779044
v -0.187623 2.751303 0.960865
v -0.170402 2.751153 0.960371
v -0.189996 2.622944 0.960933
v -0.172775 2.622793 0.960439
v -0.192672 2.751303 0.784933
v -0.175451 2.751153 0.784439
v -0.195046 2.622944 0.785001
v -0.177824 2.622793 0.784507
v -0.065712 2.751303 0.957366
v -0.048491 2.751153 0.956872
v -0.068086 2.622944 0.957435
v -0.050864 2.622793 0.956940
v -0.070761 2.751303 0.781434
v -0.053540 2.751152 0.780940
v -0.073135 2.622944 0.781502
v -0.055914 2.622793 0.781008
v 0.081253 2.750646 0.953149
v 0.098475 2.750495 0.952654
v 0.078880 2.622287 0.953217
v 0.096101 2.622136 0.952722
v 0.076204 2.750646 0.777216
v 0.093425 2.750495 0.776722
v 0.073831 2.622287 0.777284
v 0.091052 2.622136 0.776790
v 0.209083 2.747741 0.949480
v 0.226304 2.747591 0.948986
v 0.206709 2.619382 0.949548
v 0.223930 2.619231 0.949054
v 0.204033 2.747741 0.773548
v 0.221255 2.747591 0.773053
v 0.201660 2.619382 0.773616
v 0.218881 2.619231 0.773121
v 0.324359 2.747824 0.946172
v 0.341580 2.747673 0.945677
v 0.321986 2.619465 0.946240
v 0.339207 2.619314 0.945745
v 0.319310 2.747824 0.770239
v 0.336531 2.747673 0.769745
v 0.316936 2.619465 0.770307
v 0.334158 2.619314 0.769813
v -0.186580 2.728424 0.967208
v -0.186409 2.754798 0.967203
v 0.339912 2.726806 0.952097
v 0.340083 2.753180 0.952093
v -0.191629 2.728424 0.791275
v -0.191458 2.754798 0.791270
v 0.334863 2.726806 0.776165
v 0.335034 2.753180 0.776160
v 0.006136 2.751303 0.955304
v 0.023358 2.751152 0.954810
v 0.003763 2.622944 0.955373
v 0.020984 2.622793 0.954878
v 0.001087 2.751303 0.779372
v 0.018309 2.751152 0.778878
v -0.001286 2.622944 0.779440
v 0.015935 2.622793 0.778946
v -0.133891 2.750916 0.959323
v -0.116669 2.750765 0.958829
v -0.136264 2.622557 0.959391
v -0.119043 2.622406 0.958897
v -0.138940 2.750916 0.783391
v -0.121719 2.750765 0.782897
v -0.141313 2.622557 0.783459
v -0.124092 2.622406 0.782965
v 0.142665 2.750646 0.951386
v 0.159886 2.750495 0.950892
v 0.140291 2.622287 0.951454
v 0.157513 2.622136 0.950960
v 0.137616 2.750646 0.775454
v 0.154837 2.750495 0.774960
v 0.135242 2.622287 0.775522
v 0.152463 2.622136 0.775028
v 0.280184 2.750645 0.947439
v 0.297405 2.750495 0.946945
v 0.277810 2.622287 0.947508
v 0.295031 2.622136 0.947013
v 0.275134 2.750645 0.771507
v 0.292356 2.750495 0.771013
v 0.272761 2.622287 0.771575
v 0.289982 2.622136 0.771081
v -0.246122 2.801893 0.962544
v -0.228901 2.801674 0.962050
v -0.248496 2.615230 0.962612
v -0.231275 2.615011 0.962118
v -0.251172 2.801893 0.786612
v -0.233950 2.801674 0.786117
v -0.253545 2.615230 0.786680
v -0.236324 2.615011 0.786186
v -0.553408 2.638235 0.967708
v -0.553408 2.676589 0.967708
v -0.233738 2.638235 0.958533
v -0.233738 2.676589 0.958533
v -0.558457 2.638235 0.791775
v -0.558457 2.676589 0.791775
v -0.238787 2.638235 0.782601
v -0.238787 2.676589 0.782601
v -0.553408 2.694708 0.967708
v -0.553408 2.733062 0.967708
v -0.233738 2.694708 0.958533
v -0.233738 2.733062 0.958533
v -0.558457 2.694708 0.791775
v -0.558457 2.733062 0.791775
v -0.238787 2.694707 0.782601
v -0.238787 2.733062 0.782601
v -0.553408 2.758594 0.967708
v -0.553408 2.796948 0.967708
v -0.233738 2.758594 0.958533
v -0.233738 2.796948 0.958533
v -0.558457 2.758594 0.791775
v -0.558457 2.796948 0.791775
v -0.238787 2.758594 0.782601
v -0.238787 2.796948 0.782601
v -0.557670 2.801893 0.971485
v -0.540449 2.801674 0.970991
v -0.560043 2.615230 0.971554
v -0.542822 2.615011 0.971059
v -0.562719 2.801893 0.795553
v -0.545498 2.801674 0.795059
v -0.565093 2.615230 0.795621
v -0.547871 2.615011 0.795127
v -0.553408 2.638235 0.967708
v -0.553408 2.676589 0.967708
v -0.233738 2.638235 0.958533
v -0.233738 2.676589 0.958533
v -0.558457 2.638235 0.791775
v -0.558457 2.676589 0.791775
v -0.238787 2.638235 0.782601
v -0.238787 2.676589 0.782601
v 0.663067 2.765967 0.936451
v 0.674332 2.765824 0.936127
v 0.660694 2.579313 0.936519
v 0.671959 2.579169 0.936195
v 0.658018 2.765967 0.760518
v 0.669283 2.765824 0.760195
v 0.655644 2.579313 0.760586
v 0.666910 2.579169 0.760263
v 0.461275 2.600974 0.938587
v 0.461443 2.639325 0.938582
v 0.670413 2.602380 0.932584
v 0.670582 2.640731 0.932580
v 0.456225 2.600974 0.762654
v 0.456394 2.639325 0.762649
v 0.665364 2.602380 0.756652
v 0.665533 2.640731 0.756647
v 0.461523 2.657441 0.938579
v 0.461691 2.695792 0.938575
v 0.670662 2.658848 0.932577
v 0.670830 2.697198 0.932572
v 0.456474 2.657441 0.762647
v 0.456642 2.695792 0.762642
v 0.665612 2.658848 0.756645
v 0.665781 2.697198 0.756640
v 0.461804 2.721321 0.938571
v 0.461972 2.759671 0.938567
v 0.670942 2.722727 0.932569
v 0.671111 2.761078 0.932564
v 0.456754 2.721321 0.762639
v 0.456923 2.759671 0.762634
v 0.665893 2.722727 0.756637
v 0.666062 2.761078 0.756632
v 0.459242 2.764597 0.942300
v 0.470507 2.764453 0.941977
v 0.456868 2.577942 0.942368
v 0.468134 2.577799 0.942045
v 0.454192 2.764597 0.766368
v 0.465458 2.764453 0.766045
v 0.451819 2.577942 0.766436
v 0.463085 2.577799 0.766113
v 0.461275 2.600974 0.938587
v 0.461443 2.639325 0.938582
v 0.670413 2.602380 0.932584
v 0.670582 2.640731 0.932580
v 0.456225 2.600974 0.762654
v 0.456394 2.639325 0.762649
v 0.665364 2.602380 0.756652
v 0.665533 2.640731 0.756647
v 0.756537 2.049691 0.672922
v 0.705243 2.049578 0.674394
v 0.756637 2.004493 0.672919
v 0.705343 2.004380 0.674391
v 0.764778 2.049691 0.960066
v 0.713484 2.049578 0.961539
v 0.764878 2.004493 0.960064
v 0.713584 2.004380 0.961536
v -0.629507 2.148736 0.710195
v -0.680801 2.148623 0.711667
v -0.629408 2.103538 0.710192
v -0.680702 2.103425 0.711664
v -0.621266 2.148736 0.997339
v -0.672560 2.148623 0.998811
v -0.621167 2.103538 0.997336
v -0.672461 2.103425 0.998809
v -0.629507 2.320401 0.710195
v -0.680801 2.320288 0.711667
v -0.629408 2.275203 0.710192
v -0.680702 2.275090 0.711664
v -0.621266 2.320401 0.997339
v -0.672560 2.320288 0.998812
v -0.621167 2.275203 0.997337
v -0.672461 2.275090 0.998809
v -0.629507 2.495800 0.710195
v -0.680801 2.495687 0.711667
v -0.629408 2.450602 0.710192
v -0.680702 2.450489 0.711664
v -0.621266 2.495800 0.997339
v -0.672560 2.495687 0.998812
v -0.621167 2.450602 0.997337
v -0.672461 2.450489 0.998809
vt 0.625000 0.500000
vt 0.875000 0.500000
vt 0.875000 0.750000
vt 0.625000 0.750000
vt 0.375000 0.750000
vt 0.625000 1.000000
vt 0.375000 1.000000
vt 0.375000 0.000000
vt 0.625000 0.000000
vt 0.625000 0.250000
vt 0.375000 0.250000
vt 0.125000 0.500000
vt 0.375000 0.500000
vt 0.125000 0.750000
vt 0.625000 0.500000
vt 0.875000 0.500000
vt 0.875000 0.750000
vt 0.625000 0.750000
vt 0.375000 0.750000
vt 0.625000 1.000000
vt 0.375000 1.000000
vt 0.375000 0.000000
vt 0.625000 0.000000
vt 0.625000 0.250000
vt 0.375000 0.250000
vt 0.125000 0.500000
vt 0.375000 0.500000
vt 0.125000 0.750000
vt 0.625000 0.500000
vt 0.875000 0.500000
vt 0.875000 0.750000
vt 0.625000 0.750000
vt 0.375000 0.750000
vt 0.625000 1.000000
vt 0.375000 1.000000
vt 0.375000 0.000000
vt 0.625000 0.000000
vt 0.625000 0.250000
vt 0.375000 0.250000
vt 0.125000 0.500000
vt 0.375000 0.500000
vt 0.125000 0.750000
vt 0.625000 0.500000
vt 0.875000 0.500000
vt 0.875000 0.750000
vt 0.625000 0.750000
vt 0.375000 0.750000
vt 0.625000 1.000000
vt 0.375000 1.000000
vt 0.375000 0.000000
vt 0.625000 0.000000
vt 0.625000 0.250000
vt 0.375000 0.250000
vt 0.125000 0.500000
vt 0.375000 0.500000
vt 0.125000 0.750000
vt 0.625000 0.500000
vt 0.875000 0.500000
vt 0.875000 0.750000
vt 0.625000 0.750000
vt 0.375000 0.750000
vt 0.625000 1.000000
vt 0.375000 1.000000
vt 0.375000 0.000000
vt 0.625000 0.000000
vt 0.625000 0.250000
vt 0.375000 0.250000
vt 0.125000 0.500000
vt 0.375000 0.500000
vt 0.125000 0.750000
vt 0.625000 0.500000
vt 0.875000 0.500000
vt 0.875000 0.750000
vt 0.625000 0.750000
vt 0.375000 0.750000
vt 0.625000 1.000000
vt 0.375000 1.000000
vt 0.375000 0.000000
vt 0.625000 0.000000
vt 0.625000 0.250000
vt 0.375000 0.250000
vt 0.125000 0.500000
vt 0.375000 0.500000
vt 0.125000 0.750000
vt 0.625000 0.500000
vt 0.875000 0.500000
vt 0.875000 0.750000
vt 0.625000 0.750000
vt 0.375000 0.750000
vt 0.625000 1.000000
vt 0.375000 1.000000
vt 0.375000 0.000000
vt 0.625000 0.000000
vt 0.625000 0.250000
vt 0.375000 0.250000
vt 0.125000 0.500000
vt 0.375000 0.500000
vt 0.125000 0.750000
vt 0.625000 0.500000
vt 0.875000 0.500000
vt 0.875000 0.750000
vt 0.625000 0.750000
vt 0.375000 0.750000
vt 0.625000 1.000000
vt 0.375000 1.000000
vt 0.375000 0.000000
vt 0.625000 0.000000
vt 0.625000 0.250000
vt 0.375000 0.250000
vt 0.125000 0.500000
vt 0.375000 0.500000
vt 0.125000 0.750000
vt 0.625000 0.500000
vt 0.875000 0.500000
vt 0.875000 0.750000
vt 0.625000 0.750000
vt 0.375000 0.750000
vt 0.625000 1.000000
vt 0.375000 1.000000
vt 0.375000 0.000000
vt 0.625000 0.000000
vt 0.625000 0.250000
vt 0.375000 0.250000
vt 0.125000 0.500000
vt 0.375000 0.500000
vt 0.125000 0.750000
vt 0.625000 0.500000
vt 0.875000 0.500000
vt 0.875000 0.750000
vt 0.625000 0.750000
vt 0.375000 0.750000
vt 0.625000 1.000000
vt 0.375000 1.000000
vt 0.375000 0.000000
vt 0.625000 0.000000
vt 0.625000 0.250000
vt 0.375000 0.250000
vt 0.125000 0.500000
vt 0.375000 0.500000
vt 0.125000 0.750000
vt 0.625000 0.500000
vt 0.875000 0.500000
vt 0.875000 0.750000
vt 0.625000 0.750000
vt 0.375000 0.750000
vt 0.625000 1.000000
vt 0.375000 1.000000
vt 0.375000 0.000000
vt 0.625000 0.000000
vt 0.625000 0.250000
vt 0.375000 0.250000
vt 0.125000 0.500000
vt 0.375000 0.500000
vt 0.125000 0.750000
vt 0.625000 0.500000
vt 0.875000 0.500000
vt 0.875000 0.750000
vt 0.625000 0.750000
vt 0.375000 0.750000
vt 0.625000 1.000000
vt 0.375000 1.000000
vt 0.375000 0.000000
vt 0.625000 0.000000
vt 0.625000 0.250000
vt 0.375000 0.250000
vt 0.125000 0.500000
vt 0.375000 0.500000
vt 0.125000 0.750000
vt 0.625000 0.500000
vt 0.875000 0.500000
vt 0.875000 0.750000
vt 0.625000 0.750000
vt 0.375000 0.750000
vt 0.625000 1.000000
vt 0.375000 1.000000
vt 0.375000 0.000000
vt 0.625000 0.000000
vt 0.625000 0.250000
vt 0.375000 0.250000
vt 0.125000 0.500000
vt 0.375000 0.500000
vt 0.125000 0.750000
vt 0.625000 0.500000
vt 0.875000 0.500000
vt 0.875000 0.750000
vt 0.625000 0.750000
vt 0.375000 0.750000
vt 0.625000 1.000000
vt 0.375000 1.000000
vt 0.375000 0.000000
vt 0.625000 0.000000
vt 0.625000 0.250000
vt 0.375000 0.250000
vt 0.125000 0.500000
vt 0.375000 0.500000
vt 0.125000 0.750000
vt 0.625000 0.500000
vt 0.875000 0.500000
vt 0.875000 0.750000
vt 0.625000 0.750000
vt 0.375000 0.750000
vt 0.625000 1.000000
vt 0.375000 1.000000
vt 0.375000 0.000000
vt 0.625000 0.000000
vt 0.625000 0.250000
vt 0.375000 0.250000
vt 0.125000 0.500000
vt 0.375000 0.500000
vt 0.125000 0.750000
vt 0.625000 0.500000
vt 0.875000 0.500000
vt 0.875000 0.750000
vt 0.625000 0.750000
vt 0.375000 0.750000
vt 0.625000 1.000000
vt 0.375000 1.000000
vt 0.375000 0.000000
vt 0.625000 0.000000
vt 0.625000 0.250000
vt 0.375000 0.250000
vt 0.125000 0.500000
vt 0.375000 0.500000
vt 0.125000 0.750000
vt 0.625000 0.500000
vt 0.875000 0.500000
vt 0.875000 0.750000
vt 0.625000 0.750000
vt 0.375000 0.750000
vt 0.625000 1.000000
vt 0.375000 1.000000
vt 0.375000 0.000000
vt 0.625000 0.000000
vt 0.625000 0.250000
vt 0.375000 0.250000
vt 0.125000 0.500000
vt 0.375000 0.500000
vt 0.125000 0.750000
vt 0.625000 0.500000
vt 0.875000 0.500000
vt 0.875000 0.750000
vt 0.625000 0.750000
vt 0.375000 0.750000
vt 0.625000 1.000000
vt 0.375000 1.000000
vt 0.375000 0.000000
vt 0.625000 0.000000
vt 0.625000 0.250000
vt 0.375000 0.250000
vt 0.125000 0.500000
vt 0.375000 0.500000
vt 0.125000 0.750000
vt 0.625000 0.500000
vt 0.875000 0.500000
vt 0.875000 0.750000
vt 0.625000 0.750000
vt 0.375000 0.750000
vt 0.625000 1.000000
vt 0.375000 1.000000
vt 0.375000 0.000000
vt 0.625000 0.000000
vt 0.625000 0.250000
vt 0.375000 0.250000
vt 0.125000 0.500000
vt 0.375000 0.500000
vt 0.125000 0.750000
vt 0.625000 0.500000
vt 0.875000 0.500000
vt 0.875000 0.750000
vt 0.625000 0.750000
vt 0.375000 0.750000
vt 0.625000 1.000000
vt 0.375000 1.000000
vt 0.375000 0.000000
vt 0.625000 0.000000
vt 0.625000 0.250000
vt 0.375000 0.250000
vt 0.125000 0.500000
vt 0.375000 0.500000
vt 0.125000 0.750000
vt 0.625000 0.500000
vt 0.875000 0.500000
vt 0.875000 0.750000
vt 0.625000 0.750000
vt 0.375000 0.750000
vt 0.625000 1.000000
vt 0.375000 1.000000
vt 0.375000 0.000000
vt 0.625000 0.000000
vt 0.625000 0.250000
vt 0.375000 0.250000
vt 0.125000 0.500000
vt 0.375000 0.500000
vt 0.125000 0.750000
vt 0.625000 0.500000
vt 0.875000 0.500000
vt 0.875000 0.750000
vt 0.625000 0.750000
vt 0.375000 0.750000
vt 0.625000 1.000000
vt 0.375000 1.000000
vt 0.375000 0.000000
vt 0.625000 0.000000
vt 0.625000 0.250000
vt 0.375000 0.250000
vt 0.125000 0.500000
vt 0.375000 0.500000
vt 0.125000 0.750000
vt 0.625000 0.500000
vt 0.875000 0.500000
vt 0.875000 0.750000
vt 0.625000 0.750000
vt 0.375000 0.750000
vt 0.625000 1.000000
vt 0.375000 1.000000
vt 0.375000 0.000000
vt 0.625000 0.000000
vt 0.625000 0.250000
vt 0.375000 0.250000
vt 0.125000 0.500000
vt 0.375000 0.500000
vt 0.125000 0.750000
vt 0.625000 0.500000
vt 0.875000 0.500000
vt 0.875000 0.750000
vt 0.625000 0.750000
vt 0.375000 0.750000
vt 0.625000 1.000000
vt 0.375000 1.000000
vt 0.375000 0.000000
vt 0.625000 0.000000
vt 0.625000 0.250000
vt 0.375000 0.250000
vt 0.125000 0.500000
vt 0.375000 0.500000
vt 0.125000 0.750000
vt 0.625000 0.500000
vt 0.875000 0.500000
vt 0.875000 0.750000
vt 0.625000 0.750000
vt 0.375000 0.750000
vt 0.625000 1.000000
vt 0.375000 1.000000
vt 0.375000 0.000000
vt 0.625000 0.000000
vt 0.625000 0.250000
vt 0.375000 0.250000
vt 0.125000 0.500000
vt 0.375000 0.500000
vt 0.125000 0.750000
vt 0.625000 0.500000
vt 0.875000 0.500000
vt 0.875000 0.750000
vt 0.625000 0.750000
vt 0.375000 0.750000
vt 0.625000 1.000000
vt 0.375000 1.000000
vt 0.375000 0.000000
vt 0.625000 0.000000
vt 0.625000 0.250000
vt 0.375000 0.250000
vt 0.125000 0.500000
vt 0.375000 0.500000
vt 0.125000 0.750000
vt 0.625000 0.500000
vt 0.875000 0.500000
vt 0.875000 0.750000
vt 0.625000 0.750000
vt 0.375000 0.750000
vt 0.625000 1.000000
vt 0.375000 1.000000
vt 0.375000 0.000000
vt 0.625000 0.000000
vt 0.625000 0.250000
vt 0.375000 0.250000
vt 0.125000 0.500000
vt 0.375000 0.500000
vt 0.125000 0.750000
vt 0.625000 0.500000
vt 0.875000 0.500000
vt 0.875000 0.750000
vt 0.625000 0.750000
vt 0.375000 0.750000
vt 0.625000 1.000000
vt 0.375000 1.000000
vt 0.375000 0.000000
vt 0.625000 0.000000
vt 0.625000 0.250000
vt 0.375000 0.250000
vt 0.125000 0.500000
vt 0.375000 0.500000
vt 0.125000 0.750000
vt 0.625000 0.500000
vt 0.875000 0.500000
vt 0.875000 0.750000
vt 0.625000 0.750000
vt 0.375000 0.750000
vt 0.625000 1.000000
vt 0.375000 1.000000
vt 0.375000 0.000000
vt 0.625000 0.000000
vt 0.625000 0.250000
vt 0.375000 0.250000
vt 0.125000 0.500000
vt 0.375000 0.500000
vt 0.125000 0.750000
vt 0.625000 0.500000
vt 0.875000 0.500000
vt 0.875000 0.750000
vt 0.625000 0.750000
vt 0.375000 0.750000
vt 0.625000 1.000000
vt 0.375000 1.000000
vt 0.375000 0.000000
vt 0.625000 0.000000
vt 0.625000 0.250000
vt 0.375000 0.250000
vt 0.125000 0.500000
vt 0.375000 0.500000
vt 0.125000 0.750000
vt 0.625000 0.500000
vt 0.875000 0.500000
vt 0.875000 0.750000
vt 0.625000 0.750000
vt 0.375000 0.750000
vt 0.625000 1.000000
vt 0.375000 1.000000
vt 0.375000 0.000000
vt 0.625000 0.000000
vt 0.625000 0.250000
vt 0.375000 0.250000
vt 0.125000 0.500000
vt 0.375000 0.500000
vt 0.125000 0.750000
vt 0.625000 0.500000
vt 0.875000 0.500000
vt 0.875000 0.750000
vt 0.625000 0.750000
vt 0.375000 0.750000
vt 0.625000 1.000000
vt 0.375000 1.000000
vt 0.375000 0.000000
vt 0.625000 0.000000
vt 0.625000 0.250000
vt 0.375000 0.250000
vt 0.125000 0.500000
vt 0.375000 0.500000
vt 0.125000 0.750000
vt 0.625000 0.500000
vt 0.875000 0.500000
vt 0.875000 0.750000
vt 0.625000 0.750000
vt 0.375000 0.750000
vt 0.625000 1.000000
vt 0.375000 1.000000
vt 0.375000 0.000000
vt 0.625000 0.000000
vt 0.625000 0.250000
vt 0.375000 0.250000
vt 0.125000 0.500000
vt 0.375000 0.500000
vt 0.125000 0.750000
vt 0.625000 0.500000
vt 0.875000 0.500000
vt 0.875000 0.750000
vt 0.625000 0.750000
vt 0.375000 0.750000
vt 0.625000 1.000000
vt 0.375000 1.000000
vt 0.375000 0.000000
vt 0.625000 0.000000
vt 0.625000 0.250000
vt 0.375000 0.250000
vt 0.125000 0.500000
vt 0.375000 0.500000
vt 0.125000 0.750000
vt 0.625000 0.500000
vt 0.875000 0.500000
vt 0.875000 0.750000
vt 0.625000 0.750000
vt 0.375000 0.750000
vt 0.625000 1.000000
vt 0.375000 1.000000
vt 0.375000 0.000000
vt 0.625000 0.000000
vt 0.625000 0.250000
vt 0.375000 0.250000
vt 0.125000 0.500000
vt 0.375000 0.500000
vt 0.125000 0.750000
vt 0.625000 0.500000
vt 0.875000 0.500000
vt 0.875000 0.750000
vt 0.625000 0.750000
vt 0.375000 0.750000
vt 0.625000 1.000000
vt 0.375000 1.000000
vt 0.375000 0.000000
vt 0.625000 0.000000
vt 0.625000 0.250000
vt 0.375000 0.250000
vt 0.125000 0.500000
vt 0.375000 0.500000
vt 0.125000 0.750000
vt 0.625000 0.500000
vt 0.875000 0.500000
vt 0.875000 0.750000
vt 0.625000 0.750000
vt 0.375000 0.750000
vt 0.625000 1.000000
vt 0.375000 1.000000
vt 0.375000 0.000000
vt 0.625000 0.000000
vt 0.625000 0.250000
vt 0.375000 0.250000
vt 0.125000 0.500000
vt 0.375000 0.500000
vt 0.125000 0.750000
vt 0.625000 0.500000
vt 0.875000 0.500000
vt 0.875000 0.750000
vt 0.625000 0.750000
vt 0.375000 0.750000
vt 0.625000 1.000000
vt 0.375000 1.000000
vt 0.375000 0.000000
vt 0.625000 0.000000
vt 0.625000 0.250000
vt 0.375000 0.250000
vt 0.125000 0.500000
vt 0.375000 0.500000
vt 0.125000 0.750000
vt 0.625000 0.500000
vt 0.875000 0.500000
vt 0.875000 0.750000
vt 0.625000 0.750000
vt 0.375000 0.750000
vt 0.625000 1.000000
vt 0.375000 1.000000
vt 0.375000 0.000000
vt 0.625000 0.000000
vt 0.625000 0.250000
vt 0.375000 0.250000
vt 0.125000 0.500000
vt 0.375000 0.500000
vt 0.125000 0.750000
vt 0.625000 0.500000
vt 0.875000 0.500000
vt 0.875000 0.750000
vt 0.625000 0.750000
vt 0.375000 0.750000
vt 0.625000 1.000000
vt 0.375000 1.000000
vt 0.375000 0.000000
vt 0.625000 0.000000
vt 0.625000 0.250000
vt 0.375000 0.250000
vt 0.125000 0.500000
vt 0.375000 0.500000
vt 0.125000 0.750000
vt 0.625000 0.500000
vt 0.875000 0.500000
vt 0.875000 0.750000
vt 0.625000 0.750000
vt 0.375000 0.750000
vt 0.625000 1.000000
vt 0.375000 1.000000
vt 0.375000 0.000000
vt 0.625000 0.000000
vt 0.625000 0.250000
vt 0.375000 0.250000
vt 0.125000 0.500000
vt 0.375000 0.500000
vt 0.125000 0.750000
vt 0.625000 0.500000
vt 0.875000 0.500000
vt 0.875000 0.750000
vt 0.625000 0.750000
vt 0.375000 0.750000
vt 0.625000 1.000000
vt 0.375000 1.000000
vt 0.375000 0.000000
vt 0.625000 0.000000
vt 0.625000 0.250000
vt 0.375000 0.250000
vt 0.125000 0.500000
vt 0.375000 0.500000
vt 0.125000 0.750000
vt 0.625000 0.500000
vt 0.875000 0.500000
vt 0.875000 0.750000
vt 0.625000 0.750000
vt 0.375000 0.750000
vt 0.625000 1.000000
vt 0.375000 1.000000
vt 0.375000 0.000000
vt 0.625000 0.000000
vt 0.625000 0.250000
vt 0.375000 0.250000
vt 0.125000 0.500000
vt 0.375000 0.500000
vt 0.125000 0.750000
vt 0.625000 0.500000
vt 0.875000 0.500000
vt 0.875000 0.750000
vt 0.625000 0.750000
vt 0.375000 0.750000
vt 0.625000 1.000000
vt 0.375000 1.000000
vt 0.375000 0.000000
vt 0.625000 0.000000
vt 0.625000 0.250000
vt 0.375000 0.250000
vt 0.125000 0.500000
vt 0.375000 0.500000
vt 0.125000 0.750000
vt 0.625000 0.500000
vt 0.875000 0.500000
vt 0.875000 0.750000
vt 0.625000 0.750000
vt 0.375000 0.750000
vt 0.625000 1.000000
vt 0.375000 1.000000
vt 0.375000 0.000000
vt 0.625000 0.000000
vt 0.625000 0.250000
vt 0.375000 0.250000
vt 0.125000 0.500000
vt 0.375000 0.500000
vt 0.125000 0.750000
vt 0.625000 0.500000
vt 0.875000 0.500000
vt 0.875000 0.750000
vt 0.625000 0.750000
vt 0.375000 0.750000
vt 0.625000 1.000000
vt 0.375000 1.000000
vt 0.375000 0.000000
vt 0.625000 0.000000
vt 0.625000 0.250000
vt 0.375000 0.250000
vt 0.125000 0.500000
vt 0.375000 0.500000
vt 0.125000 0.750000
vt 0.625000 0.500000
vt 0.875000 0.500000
vt 0.875000 0.750000
vt 0.625000 0.750000
vt 0.375000 0.750000
vt 0.625000 1.000000
vt 0.375000 1.000000
vt 0.375000 0.000000
vt 0.625000 0.000000
vt 0.625000 0.250000
vt 0.375000 0.250000
vt 0.125000 0.500000
vt 0.375000 0.500000
vt 0.125000 0.750000
vt 0.375000 0.000000
vt 0.625000 0.000000
vt 0.625000 0.250000
vt 0.375000 0.250000
vt 0.625000 0.500000
vt 0.375000 0.500000
vt 0.625000 0.750000
vt 0.375000 0.750000
vt 0.625000 1.000000
vt 0.375000 1.000000
vt 0.125000 0.500000
vt 0.125000 0.750000
vt 0.875000 0.500000
vt 0.875000 0.750000
vt 0.375000 0.000000
vt 0.625000 0.000000
vt 0.625000 0.250000
vt 0.375000 0.250000
vt 0.625000 0.500000
vt 0.375000 0.500000
vt 0.625000 0.750000
vt 0.375000 0.750000
vt 0.625000 1.000000
vt 0.375000 1.000000
vt 0.125000 0.500000
vt 0.125000 0.750000
vt 0.875000 0.500000
vt 0.875000 0.750000
vt 0.375000 0.000000
vt 0.625000 0.000000
vt 0.625000 0.250000
vt 0.375000 0.250000
vt 0.625000 0.500000
vt 0.375000 0.500000
vt 0.625000 0.750000
vt 0.375000 0.750000
vt 0.625000 1.000000
vt 0.375000 1.000000
vt 0.125000 0.500000
vt 0.125000 0.750000
vt 0.875000 0.500000
vt 0.875000 0.750000
vt 0.375000 0.000000
vt 0.625000 0.000000
vt 0.625000 0.250000
vt 0.375000 0.250000
vt 0.625000 0.500000
vt 0.375000 0.500000
vt 0.625000 0.750000
vt 0.375000 0.750000
vt 0.625000 1.000000
vt 0.375000 1.000000
vt 0.125000 0.500000
vt 0.125000 0.750000
vt 0.875000 0.500000
vt 0.875000 0.750000
vt 0.375000 0.000000
vt 0.625000 0.000000
vt 0.625000 0.250000
vt 0.375000 0.250000
vt 0.625000 0.500000
vt 0.375000 0.500000
vt 0.625000 0.750000
vt 0.375000 0.750000
vt 0.625000 1.000000
vt 0.375000 1.000000
vt 0.125000 0.500000
vt 0.125000 0.750000
vt 0.875000 0.500000
vt 0.875000 0.750000
vt 0.375000 0.000000
vt 0.625000 0.000000
vt 0.625000 0.250000
vt 0.375000 0.250000
vt 0.625000 0.500000
vt 0.375000 0.500000
vt 0.625000 0.750000
vt 0.375000 0.750000
vt 0.625000 1.000000
vt 0.375000 1.000000
vt 0.125000 0.500000
vt 0.125000 0.750000
vt 0.875000 0.500000
vt 0.875000 0.750000
vt 0.375000 0.000000
vt 0.625000 0.000000
vt 0.625000 0.250000
vt 0.375000 0.250000
vt 0.625000 0.500000
vt 0.375000 0.500000
vt 0.625000 0.750000
vt 0.375000 0.750000
vt 0.625000 1.000000
vt 0.375000 1.000000
vt 0.125000 0.500000
vt 0.125000 0.750000
vt 0.875000 0.500000
vt 0.875000 0.750000
vt 0.375000 0.000000
vt 0.625000 0.000000
vt 0.625000 0.250000
vt 0.375000 0.250000
vt 0.625000 0.500000
vt 0.375000 0.500000
vt 0.625000 0.750000
vt 0.375000 0.750000
vt 0.625000 1.000000
vt 0.375000 1.000000
vt 0.125000 0.500000
vt 0.125000 0.750000
vt 0.875000 0.500000
vt 0.875000 0.750000
vt 0.375000 0.000000
vt 0.625000 0.000000
vt 0.625000 0.250000
vt 0.375000 0.250000
vt 0.625000 0.500000
vt 0.375000 0.500000
vt 0.625000 0.750000
vt 0.375000 0.750000
vt 0.625000 1.000000
vt 0.375000 1.000000
vt 0.125000 0.500000
vt 0.125000 0.750000
vt 0.875000 0.500000
vt 0.875000 0.750000
vt 0.375000 0.000000
vt 0.625000 0.000000
vt 0.625000 0.250000
vt 0.375000 0.250000
vt 0.625000 0.500000
vt 0.375000 0.500000
vt 0.625000 0.750000
vt 0.375000 0.750000
vt 0.625000 1.000000
vt 0.375000 1.000000
vt 0.125000 0.500000
vt 0.125000 0.750000
vt 0.875000 0.500000
vt 0.875000 0.750000
vt 0.375000 0.000000
vt 0.625000 0.000000
vt 0.625000 0.250000
vt 0.375000 0.250000
vt 0.625000 0.500000
vt 0.375000 0.500000
vt 0.625000 0.750000
vt 0.375000 0.750000
vt 0.625000 1.000000
vt 0.375000 1.000000
vt 0.125000 0.500000
vt 0.125000 0.750000
vt 0.875000 0.500000
vt 0.875000 0.750000
vt 0.375000 0.000000
vt 0.625000 0.000000
vt 0.625000 0.250000
vt 0.375000 0.250000
vt 0.625000 0.500000
vt 0.375000 0.500000
vt 0.625000 0.750000
vt 0.375000 0.750000
vt 0.625000 1.000000
vt 0.375000 1.000000
vt 0.125000 0.500000
vt 0.125000 0.750000
vt 0.875000 0.500000
vt 0.875000 0.750000
vt 0.375000 0.000000
vt 0.625000 0.000000
vt 0.625000 0.250000
vt 0.375000 0.250000
vt 0.625000 0.500000
vt 0.375000 0.500000
vt 0.625000 0.750000
vt 0.375000 0.750000
vt 0.625000 1.000000
vt 0.375000 1.000000
vt 0.125000 0.500000
vt 0.125000 0.750000
vt 0.875000 0.500000
vt 0.875000 0.750000
vt 0.375000 0.000000
vt 0.625000 0.000000
vt 0.625000 0.250000
vt 0.375000 0.250000
vt 0.625000 0.500000
vt 0.375000 0.500000
vt 0.625000 0.750000
vt 0.375000 0.750000
vt 0.625000 1.000000
vt 0.375000 1.000000
vt 0.125000 0.500000
vt 0.125000 0.750000
vt 0.875000 0.500000
vt 0.875000 0.750000
vt 0.375000 0.000000
vt 0.625000 0.000000
vt 0.625000 0.250000
vt 0.375000 0.250000
vt 0.625000 0.500000
vt 0.375000 0.500000
vt 0.625000 0.750000
vt 0.375000 0.750000
vt 0.625000 1.000000
vt 0.375000 1.000000
vt 0.125000 0.500000
vt 0.125000 0.750000
vt 0.875000 0.500000
vt 0.875000 0.750000
vt 0.375000 0.000000
vt 0.625000 0.000000
vt 0.625000 0.250000
vt 0.375000 0.250000
vt 0.625000 0.500000
vt 0.375000 0.500000
vt 0.625000 0.750000
vt 0.375000 0.750000
vt 0.625000 1.000000
vt 0.375000 1.000000
vt 0.125000 0.500000
vt 0.125000 0.750000
vt 0.875000 0.500000
vt 0.875000 0.750000
vt 0.375000 0.000000
vt 0.625000 0.000000
vt 0.625000 0.250000
vt 0.375000 0.250000
vt 0.625000 0.500000
vt 0.375000 0.500000
vt 0.625000 0.750000
vt 0.375000 0.750000
vt 0.625000 1.000000
vt 0.375000 1.000000
vt 0.125000 0.500000
vt 0.125000 0.750000
vt 0.875000 0.500000
vt 0.875000 0.750000
vt 0.375000 0.000000
vt 0.625000 0.000000
vt 0.625000 0.250000
vt 0.375000 0.250000
vt 0.625000 0.500000
vt 0.375000 0.500000
vt 0.625000 0.750000
vt 0.375000 0.750000
vt 0.625000 1.000000
vt 0.375000 1.000000
vt 0.125000 0.500000
vt 0.125000 0.750000
vt 0.875000 0.500000
vt 0.875000 0.750000
vt 0.375000 0.000000
vt 0.625000 0.000000
vt 0.625000 0.250000
vt 0.375000 0.250000
vt 0.625000 0.500000
vt 0.375000 0.500000
vt 0.625000 0.750000
vt 0.375000 0.750000
vt 0.625000 1.000000
vt 0.375000 1.000000
vt 0.125000 0.500000
vt 0.125000 0.750000
vt 0.875000 0.500000
vt 0.875000 0.750000
vt 0.375000 0.000000
vt 0.625000 0.000000
vt 0.625000 0.250000
vt 0.375000 0.250000
vt 0.625000 0.500000
vt 0.375000 0.500000
vt 0.625000 0.750000
vt 0.375000 0.750000
vt 0.625000 1.000000
vt 0.375000 1.000000
vt 0.125000 0.500000
vt 0.125000 0.750000
vt 0.875000 0.500000
vt 0.875000 0.750000
vt 0.375000 0.000000
vt 0.625000 0.000000
vt 0.625000 0.250000
vt 0.375000 0.250000
vt 0.625000 0.500000
vt 0.375000 0.500000
vt 0.625000 0.750000
vt 0.375000 0.750000
vt 0.625000 1.000000
vt 0.375000 1.000000
vt 0.125000 0.500000
vt 0.125000 0.750000
vt 0.875000 0.500000
vt 0.875000 0.750000
vt 0.375000 0.000000
vt 0.625000 0.000000
vt 0.625000 0.250000
vt 0.375000 0.250000
vt 0.625000 0.500000
vt 0.375000 0.500000
vt 0.625000 0.750000
vt 0.375000 0.750000
vt 0.625000 1.000000
vt 0.375000 1.000000
vt 0.125000 0.500000
vt 0.125000 0.750000
vt 0.875000 0.500000
vt 0.875000 0.750000
vt 0.375000 0.000000
vt 0.625000 0.000000
vt 0.625000 0.250000
vt 0.375000 0.250000
vt 0.625000 0.500000
vt 0.375000 0.500000
vt 0.625000 0.750000
vt 0.375000 0.750000
vt 0.625000 1.000000
vt 0.375000 1.000000
vt 0.125000 0.500000
vt 0.125000 0.750000
vt 0.875000 0.500000
vt 0.875000 0.750000
vt 0.375000 0.000000
vt 0.625000 0.000000
vt 0.625000 0.250000
vt 0.375000 0.250000
vt 0.625000 0.500000
vt 0.375000 0.500000
vt 0.625000 0.750000
vt 0.375000 0.750000
vt 0.625000 1.000000
vt 0.375000 1.000000
vt 0.125000 0.500000
vt 0.125000 0.750000
vt 0.875000 0.500000
vt 0.875000 0.750000
vt 0.375000 0.000000
vt 0.625000 0.000000
vt 0.625000 0.250000
vt 0.375000 0.250000
vt 0.625000 0.500000
vt 0.375000 0.500000
vt 0.625000 0.750000
vt 0.375000 0.750000
vt 0.625000 1.000000
vt 0.375000 1.000000
vt 0.125000 0.500000
vt 0.125000 0.750000
vt 0.875000 0.500000
vt 0.875000 0.750000
vt 0.375000 0.000000
vt 0.625000 0.000000
vt 0.625000 0.250000
vt 0.375000 0.250000
vt 0.625000 0.500000
vt 0.375000 0.500000
vt 0.625000 0.750000
vt 0.375000 0.750000
vt 0.625000 1.000000
vt 0.375000 1.000000
vt 0.125000 0.500000
vt 0.125000 0.750000
vt 0.875000 0.500000
vt 0.875000 0.750000
vt 0.375000 0.000000
vt 0.625000 0.000000
vt 0.625000 0.250000
vt 0.375000 0.250000
vt 0.625000 0.500000
vt 0.375000 0.500000
vt 0.625000 0.750000
vt 0.375000 0.750000
vt 0.625000 1.000000
vt 0.375000 1.000000
vt 0.125000 0.500000
vt 0.125000 0.750000
vt 0.875000 0.500000
vt 0.875000 0.750000
vt 0.375000 0.000000
vt 0.625000 0.000000
vt 0.625000 0.250000
vt 0.375000 0.250000
vt 0.625000 0.500000
vt 0.375000 0.500000
vt 0.625000 0.750000
vt 0.375000 0.750000
vt 0.625000 1.000000
vt 0.375000 1.000000
vt 0.125000 0.500000
vt 0.125000 0.750000
vt 0.875000 0.500000
vt 0.875000 0.750000
vt 0.375000 0.000000
vt 0.625000 0.000000
vt 0.625000 0.250000
vt 0.375000 0.250000
vt 0.625000 0.500000
vt 0.375000 0.500000
vt 0.625000 0.750000
vt 0.375000 0.750000
vt 0.625000 1.000000
vt 0.375000 1.000000
vt 0.125000 0.500000
vt 0.125000 0.750000
vt 0.875000 0.500000
vt 0.875000 0.750000
vt 0.375000 0.000000
vt 0.625000 0.000000
vt 0.625000 0.250000
vt 0.375000 0.250000
vt 0.625000 0.500000
vt 0.375000 0.500000
vt 0.625000 0.750000
vt 0.375000 0.750000
vt 0.625000 1.000000
vt 0.375000 1.000000
vt 0.125000 0.500000
vt 0.125000 0.750000
vt 0.875000 0.500000
vt 0.875000 0.750000
vt 0.375000 0.000000
vt 0.625000 0.000000
vt 0.625000 0.250000
vt 0.375000 0.250000
vt 0.625000 0.500000
vt 0.375000 0.500000
vt 0.625000 0.750000
vt 0.375000 0.750000
vt 0.625000 1.000000
vt 0.375000 1.000000
vt 0.125000 0.500000
vt 0.125000 0.750000
vt 0.875000 0.500000
vt 0.875000 0.750000
vt 0.375000 0.000000
vt 0.625000 0.000000
vt 0.625000 0.250000
vt 0.375000 0.250000
vt 0.625000 0.500000
vt 0.375000 0.500000
vt 0.625000 0.750000
vt 0.375000 0.750000
vt 0.625000 1.000000
vt 0.375000 1.000000
vt 0.125000 0.500000
vt 0.125000 0.750000
vt 0.875000 0.500000
vt 0.875000 0.750000
vt 0.375000 0.000000
vt 0.625000 0.000000
vt 0.625000 0.250000
vt 0.375000 0.250000
vt 0.625000 0.500000
vt 0.375000 0.500000
vt 0.625000 0.750000
vt 0.375000 0.750000
vt 0.625000 1.000000
vt 0.375000 1.000000
vt 0.125000 0.500000
vt 0.125000 0.750000
vt 0.875000 0.500000
vt 0.875000 0.750000
vt 0.375000 0.000000
vt 0.625000 0.000000
vt 0.625000 0.250000
vt 0.375000 0.250000
vt 0.625000 0.500000
vt 0.375000 0.500000
vt 0.625000 0.750000
vt 0.375000 0.750000
vt 0.625000 1.000000
vt 0.375000 1.000000
vt 0.125000 0.500000
vt 0.125000 0.750000
vt 0.875000 0.500000
vt 0.875000 0.750000
vt 0.375000 0.000000
vt 0.625000 0.000000
vt 0.625000 0.250000
vt 0.375000 0.250000
vt 0.625000 0.500000
vt 0.375000 0.500000
vt 0.625000 0.750000
vt 0.375000 0.750000
vt 0.625000 1.000000
vt 0.375000 1.000000
vt 0.125000 0.500000
vt 0.125000 0.750000
vt 0.875000 0.500000
vt 0.875000 0.750000
vt 0.375000 0.000000
vt 0.625000 0.000000
vt 0.625000 0.250000
vt 0.375000 0.250000
vt 0.625000 0.500000
vt 0.375000 0.500000
vt 0.625000 0.750000
vt 0.375000 0.750000
vt 0.625000 1.000000
vt 0.375000 1.000000
vt 0.125000 0.500000
vt 0.125000 0.750000
vt 0.875000 0.500000
vt 0.875000 0.750000
vt 0.375000 0.000000
vt 0.625000 0.000000
vt 0.625000 0.250000
vt 0.375000 0.250000
vt 0.625000 0.500000
vt 0.375000 0.500000
vt 0.625000 0.750000
vt 0.375000 0.750000
vt 0.625000 1.000000
vt 0.375000 1.000000
vt 0.125000 0.500000
vt 0.125000 0.750000
vt 0.875000 0.500000
vt 0.875000 0.750000
vt 0.375000 0.000000
vt 0.625000 0.000000
vt 0.625000 0.250000
vt 0.375000 0.250000
vt 0.625000 0.500000
vt 0.375000 0.500000
vt 0.625000 0.750000
vt 0.375000 0.750000
vt 0.625000 1.000000
vt 0.375000 1.000000
vt 0.125000 0.500000
vt 0.125000 0.750000
vt 0.875000 0.500000
vt 0.875000 0.750000
vt 0.375000 0.000000
vt 0.625000 0.000000
vt 0.625000 0.250000
vt 0.375000 0.250000
vt 0.625000 0.500000
vt 0.375000 0.500000
vt 0.625000 0.750000
vt 0.375000 0.750000
vt 0.625000 1.000000
vt 0.375000 1.000000
vt 0.125000 0.500000
vt 0.125000 0.750000
vt 0.875000 0.500000
vt 0.875000 0.750000
vt 0.375000 0.000000
vt 0.625000 0.000000
vt 0.625000 0.250000
vt 0.375000 0.250000
vt 0.625000 0.500000
vt 0.375000 0.500000
vt 0.625000 0.750000
vt 0.375000 0.750000
vt 0.625000 1.000000
vt 0.375000 1.000000
vt 0.125000 0.500000
vt 0.125000 0.750000
vt 0.875000 0.500000
vt 0.875000 0.750000
vt 0.375000 0.000000
vt 0.625000 0.000000
vt 0.625000 0.250000
vt 0.375000 0.250000
vt 0.625000 0.500000
vt 0.375000 0.500000
vt 0.625000 0.750000
vt 0.375000 0.750000
vt 0.625000 1.000000
vt 0.375000 1.000000
vt 0.125000 0.500000
vt 0.125000 0.750000
vt 0.875000 0.500000
vt 0.875000 0.750000
vt 0.375000 0.000000
vt 0.625000 0.000000
vt 0.625000 0.250000
vt 0.375000 0.250000
vt 0.625000 0.500000
vt 0.375000 0.500000
vt 0.625000 0.750000
vt 0.375000 0.750000
vt 0.625000 1.000000
vt 0.375000 1.000000
vt 0.125000 0.500000
vt 0.125000 0.750000
vt 0.875000 0.500000
vt 0.875000 0.750000
vt 0.375000 0.000000
vt 0.625000 0.000000
vt 0.625000 0.250000
vt 0.375000 0.250000
vt 0.625000 0.500000
vt 0.375000 0.500000
vt 0.625000 0.750000
vt 0.375000 0.750000
vt 0.625000 1.000000
vt 0.375000 1.000000
vt 0.125000 0.500000
vt 0.125000 0.750000
vt 0.875000 0.500000
vt 0.875000 0.750000
vt 0.375000 0.000000
vt 0.625000 0.000000
vt 0.625000 0.250000
vt 0.375000 0.250000
vt 0.625000 0.500000
vt 0.375000 0.500000
vt 0.625000 0.750000
vt 0.375000 0.750000
vt 0.625000 1.000000
vt 0.375000 1.000000
vt 0.125000 0.500000
vt 0.125000 0.750000
vt 0.875000 0.500000
vt 0.875000 0.750000
vn -0.0039 -1.0000 0.0023
vn -0.9996 0.0039 0.0282
vn 0.0282 0.0022 0.9996
vn 0.0039 1.0000 -0.0023
vn -0.0282 -0.0022 -0.9996
vn 0.9996 -0.0039 -0.0282
vn 0.9996 0.0022 -0.0287
vn 0.0022 -1.0000 -0.0001
vn 0.0287 -0.0000 0.9996
vn -0.9996 -0.0022 0.0287
vn -0.0287 0.0000 -0.9996
vn -0.0022 1.0000 0.0001
vn 0.0216 -0.9998 -0.0006
vn -0.9994 -0.0216 0.0287
vn -0.0216 0.9998 0.0006
vn 0.9994 0.0216 -0.0287
vn 0.9995 -0.0146 -0.0287
vn -0.0146 -0.9999 0.0004
vn -0.9995 0.0146 0.0287
vn 0.0146 0.9999 -0.0004
vn 0.9997 -0.0060 -0.0219
vn -0.0218 0.0247 -0.9995
vn -0.0066 -0.9997 -0.0246
vn -0.9997 0.0060 0.0219
vn 0.0066 0.9997 0.0246
vn 0.0218 -0.0247 0.9995
vn -0.0020 -1.0000 0.0060
vn -0.0043 -0.0060 -1.0000
vn -1.0000 0.0020 0.0043
vn 0.0020 1.0000 -0.0060
vn 1.0000 -0.0020 -0.0043
vn 0.0043 0.0060 1.0000
vn 0.9996 -0.0100 -0.0265
vn -0.0100 -0.9999 -0.0002
vn 0.0265 -0.0005 0.9996
vn -0.9996 0.0100 0.0265
vn -0.0265 0.0005 -0.9996
vn 0.0100 0.9999 0.0002
vn 0.9996 -0.0032 -0.0283
vn -0.0282 0.0172 -0.9995
vn -0.0036 -0.9998 -0.0171
vn -0.9996 0.0032 0.0283
vn 0.0036 0.9998 0.0171
vn 0.0282 -0.0172 0.9995
vn 0.0039 -1.0000 0.0021
vn -0.9996 -0.0038 0.0282
vn -0.0039 1.0000 -0.0021
vn 0.9996 0.0038 -0.0282
vn 0.0038 -1.0000 0.0021
vn -0.9999 -0.0038 0.0155
vn 0.0155 0.0022 0.9999
vn -0.0038 1.0000 -0.0021
vn -0.0155 -0.0022 -0.9999
vn 0.9999 0.0038 -0.0155
vn 0.9999 -0.0100 -0.0138
vn -0.0100 -0.9999 -0.0003
vn 0.0138 -0.0005 0.9999
vn -0.9999 0.0100 0.0138
vn -0.0138 0.0005 -0.9999
vn 0.0100 0.9999 0.0003
vn -0.0100 -1.0000 -0.0002
vn -0.0154 -0.0022 -0.9999
vn 0.0154 0.0022 0.9999
vn 0.9992 -0.0020 -0.0387
vn -0.0387 0.0207 -0.9990
vn -0.0028 -0.9998 -0.0206
vn -0.9992 0.0020 0.0387
vn 0.0028 0.9998 0.0206
vn 0.0387 -0.0207 0.9990
vn 0.9997 -0.0020 -0.0260
vn -0.0259 0.0207 -0.9994
vn -0.0025 -0.9998 -0.0206
vn -0.9997 0.0020 0.0260
vn 0.0025 0.9998 0.0207
vn 0.0259 -0.0207 0.9994
vn 0.0025 0.9998 0.0206
vn -0.9997 0.0000 -0.0251
vn 0.0251 -0.0000 -0.9997
vn 0.9997 -0.0000 0.0251
vn -0.0251 0.0000 0.9997
vn -0.0000 -1.0000 -0.0000
vn 0.0000 1.0000 0.0000
vn 0.9999 0.0000 -0.0158
vn 0.0158 0.0000 0.9999
vn -0.9999 0.0000 0.0158
vn -0.0157 -0.0000 -0.9999
vn -0.0158 0.0000 -0.9999
vn 0.0157 0.0000 0.9999
vn -0.9996 0.0000 0.0287
vn 0.9996 0.0000 -0.0287
vn 0.0087 1.0000 -0.0003
vn -0.0087 -1.0000 0.0003
vn 0.9994 -0.0185 -0.0287
vn -0.9994 0.0185 0.0287
vn 0.0087 1.0000 -0.0002
vn -0.9996 0.0065 0.0287
vn 0.9996 -0.0065 -0.0287
vn 0.0031 1.0000 -0.0001
vn -0.0031 -1.0000 0.0001
vn 0.0127 0.9999 -0.0004
vn -0.0127 -0.9999 0.0004
vn 0.9995 -0.0127 -0.0287
vn -0.9995 0.0127 0.0287
vn -0.9996 0.0044 0.0287
vn 0.9996 -0.0044 -0.0287
vn -0.0067 1.0000 0.0002
vn 0.0067 -1.0000 -0.0002
usemtl Material.001
s off
f 1481/2591/224 1485/2592/224 1487/2593/224 1483/2594/224
f 1484/2595/225 1483/2594/225 1487/2596/225 1488/2597/225
f 1488/2598/226 1487/2599/226 1485/2600/226 1486/2601/226
f 1486/2602/227 1482/2603/227 1484/2595/227 1488/2604/227
f 1482/2603/228 1481/2591/228 1483/2594/228 1484/2595/228
f 1486/2601/229 1485/2600/229 1481/2591/229 1482/2603/229
f 1489/2605/230 1493/2606/230 1495/2607/230 1491/2608/230
f 1492/2609/231 1491/2608/231 1495/2610/231 1496/2611/231
f 1496/2612/232 1495/2613/232 1493/2614/232 1494/2615/232
f 1494/2616/233 1490/2617/233 1492/2609/233 1496/2618/233
f 1490/2617/234 1489/2605/234 1491/2608/234 1492/2609/234
f 1494/2615/235 1493/2614/235 1489/2605/235 1490/2617/235
f 1497/2619/236 1501/2620/236 1503/2621/236 1499/2622/236
f 1500/2623/237 1499/2622/237 1503/2624/237 1504/2625/237
f 1504/2626/232 1503/2627/232 1501/2628/232 1502/2629/232
f 1502/2630/238 1498/2631/238 1500/2623/238 1504/2632/238
f 1498/2631/234 1497/2619/234 1499/2622/234 1500/2623/234
f 1502/2629/239 1501/2628/239 1497/2619/239 1498/2631/239
f 1505/2633/240 1509/2634/240 1511/2635/240 1507/2636/240
f 1508/2637/241 1507/2636/241 1511/2638/241 1512/2639/241
f 1512/2640/232 1511/2641/232 1509/2642/232 1510/2643/232
f 1510/2644/242 1506/2645/242 1508/2637/242 1512/2646/242
f 1506/2645/234 1505/2633/234 1507/2636/234 1508/2637/234
f 1510/2643/243 1509/2642/243 1505/2633/243 1506/2645/243
f 1513/2647/236 1517/2648/236 1519/2649/236 1515/2650/236
f 1516/2651/237 1515/2650/237 1519/2652/237 1520/2653/237
f 1520/2654/232 1519/2655/232 1517/2656/232 1518/2657/232
f 1518/2658/238 1514/2659/238 1516/2651/238 1520/2660/238
f 1514/2659/234 1513/2647/234 1515/2650/234 1516/2651/234
f 1518/2657/239 1517/2656/239 1513/2647/239 1514/2659/239
f 1521/2661/240 1525/2662/240 1527/2663/240 1523/2664/240
f 1524/2665/241 1523/2664/241 1527/2666/241 1528/2667/241
f 1528/2668/232 1527/2669/232 1525/2670/232 1526/2671/232
f 1526/2672/242 1522/2673/242 1524/2665/242 1528/2674/242
f 1522/2673/234 1521/2661/234 1523/2664/234 1524/2665/234
f 1526/2671/243 1525/2670/243 1521/2661/243 1522/2673/243
f 1529/2675/244 1533/2676/244 1535/2677/244 1531/2678/244
f 1532/2679/245 1531/2678/245 1535/2680/245 1536/2681/245
f 1536/2682/246 1535/2683/246 1533/2684/246 1534/2685/246
f 1534/2686/247 1530/2687/247 1532/2679/247 1536/2688/247
f 1530/2687/248 1529/2675/248 1531/2678/248 1532/2679/248
f 1534/2685/249 1533/2684/249 1529/2675/249 1530/2687/249
f 1537/2689/250 1541/2690/250 1543/2691/250 1539/2692/250
f 1540/2693/251 1539/2692/251 1543/2694/251 1544/2695/251
f 1544/2696/252 1543/2697/252 1541/2698/252 1542/2699/252
f 1542/2700/253 1538/2701/253 1540/2693/253 1544/2702/253
f 1538/2701/254 1537/2689/254 1539/2692/254 1540/2693/254
f 1542/2699/255 1541/2698/255 1537/2689/255 1538/2701/255
f 1545/2703/256 1549/2704/256 1551/2705/256 1547/2706/256
f 1548/2707/257 1547/2706/257 1551/2708/257 1552/2709/257
f 1552/2710/258 1551/2711/258 1549/2712/258 1550/2713/258
f 1550/2714/259 1546/2715/259 1548/2707/259 1552/2716/259
f 1546/2715/260 1545/2703/260 1547/2706/260 1548/2707/260
f 1550/2713/261 1549/2712/261 1545/2703/261 1546/2715/261
f 1553/2717/256 1557/2718/256 1559/2719/256 1555/2720/256
f 1556/2721/257 1555/2720/257 1559/2722/257 1560/2723/257
f 1560/2724/258 1559/2725/258 1557/2726/258 1558/2727/258
f 1558/2728/259 1554/2729/259 1556/2721/259 1560/2730/259
f 1554/2729/260 1553/2717/260 1555/2720/260 1556/2721/260
f 1558/2727/261 1557/2726/261 1553/2717/261 1554/2729/261
f 1561/2731/256 1565/2732/256 1567/2733/256 1563/2734/256
f 1564/2735/257 1563/2734/257 1567/2736/257 1568/2737/257
f 1568/2738/258 1567/2739/258 1565/2740/258 1566/2741/258
f 1566/2742/259 1562/2743/259 1564/2735/259 1568/2744/259
f 1562/2743/260 1561/2731/260 1563/2734/260 1564/2735/260
f 1566/2741/261 1565/2740/261 1561/2731/261 1562/2743/261
f 1569/2745/256 1573/2746/256 1575/2747/256 1571/2748/256
f 1572/2749/257 1571/2748/257 1575/2750/257 1576/2751/257
f 1576/2752/258 1575/2753/258 1573/2754/258 1574/2755/258
f 1574/2756/259 1570/2757/259 1572/2749/259 1576/2758/259
f 1570/2757/260 1569/2745/260 1571/2748/260 1572/2749/260
f 1574/2755/261 1573/2754/261 1569/2745/261 1570/2757/261
f 1577/2759/224 1581/2760/224 1583/2761/224 1579/2762/224
f 1580/2763/225 1579/2762/225 1583/2764/225 1584/2765/225
f 1584/2766/226 1583/2767/226 1581/2768/226 1582/2769/226
f 1582/2770/227 1578/2771/227 1580/2763/227 1584/2772/227
f 1578/2771/228 1577/2759/228 1579/2762/228 1580/2763/228
f 1582/2769/229 1581/2768/229 1577/2759/229 1578/2771/229
f 1697/2773/262 1701/2774/262 1703/2775/262 1699/2776/262
f 1700/2777/263 1699/2776/263 1703/2778/263 1704/2779/263
f 1704/2780/264 1703/2781/264 1701/2782/264 1702/2783/264
f 1702/2784/265 1698/2785/265 1700/2777/265 1704/2786/265
f 1698/2785/266 1697/2773/266 1699/2776/266 1700/2777/266
f 1702/2783/267 1701/2782/267 1697/2773/267 1698/2785/267
f 1817/2787/262 1821/2788/262 1823/2789/262 1819/2790/262
f 1820/2791/263 1819/2790/263 1823/2792/263 1824/2793/263
f 1824/2794/264 1823/2795/264 1821/2796/264 1822/2797/264
f 1822/2798/265 1818/2799/265 1820/2791/265 1824/2800/265
f 1818/2799/266 1817/2787/266 1819/2790/266 1820/2791/266
f 1822/2797/267 1821/2796/267 1817/2787/267 1818/2799/267
f 2177/2801/230 2181/2802/230 2183/2803/230 2179/2804/230
f 2180/2805/231 2179/2804/231 2183/2806/231 2184/2807/231
f 2184/2808/232 2183/2809/232 2181/2810/232 2182/2811/232
f 2182/2812/233 2178/2813/233 2180/2805/233 2184/2814/233
f 2178/2813/234 2177/2801/234 2179/2804/234 2180/2805/234
f 2182/2811/235 2181/2810/235 2177/2801/235 2178/2813/235
f 2185/2815/230 2189/2816/230 2191/2817/230 2187/2818/230
f 2188/2819/231 2187/2818/231 2191/2820/231 2192/2821/231
f 2192/2822/232 2191/2823/232 2189/2824/232 2190/2825/232
f 2190/2826/233 2186/2827/233 2188/2819/233 2192/2828/233
f 2186/2827/234 2185/2815/234 2187/2818/234 2188/2819/234
f 2190/2825/235 2189/2824/235 2185/2815/235 2186/2827/235
f 2193/2829/230 2197/2830/230 2199/2831/230 2195/2832/230
f 2196/2833/231 2195/2832/231 2199/2834/231 2200/2835/231
f 2200/2836/232 2199/2837/232 2197/2838/232 2198/2839/232
f 2198/2840/233 2194/2841/233 2196/2833/233 2200/2842/233
f 2194/2841/234 2193/2829/234 2195/2832/234 2196/2833/234
f 2198/2839/235 2197/2838/235 2193/2829/235 2194/2841/235
f 2201/2843/230 2205/2844/230 2207/2845/230 2203/2846/230
f 2204/2847/231 2203/2846/231 2207/2848/231 2208/2849/231
f 2208/2850/232 2207/2851/232 2205/2852/232 2206/2853/232
f 2206/2854/233 2202/2855/233 2204/2847/233 2208/2856/233
f 2202/2855/234 2201/2843/234 2203/2846/234 2204/2847/234
f 2206/2853/235 2205/2852/235 2201/2843/235 2202/2855/235
usemtl Material.003
f 1585/2857/268 1589/2858/268 1591/2859/268 1587/2860/268
f 1588/2861/269 1587/2860/269 1591/2862/269 1592/2863/269
f 1592/2864/226 1591/2865/226 1589/2866/226 1590/2867/226
f 1590/2868/270 1586/2869/270 1588/2861/270 1592/2870/270
f 1586/2869/228 1585/2857/228 1587/2860/228 1588/2861/228
f 1590/2867/271 1589/2866/271 1585/2857/271 1586/2869/271
f 1593/2871/256 1597/2872/256 1599/2873/256 1595/2874/256
f 1596/2875/257 1595/2874/257 1599/2876/257 1600/2877/257
f 1600/2878/258 1599/2879/258 1597/2880/258 1598/2881/258
f 1598/2882/259 1594/2883/259 1596/2875/259 1600/2884/259
f 1594/2883/260 1593/2871/260 1595/2874/260 1596/2875/260
f 1598/2881/261 1597/2880/261 1593/2871/261 1594/2883/261
f 1601/2885/256 1605/2886/256 1607/2887/256 1603/2888/256
f 1604/2889/257 1603/2888/257 1607/2890/257 1608/2891/257
f 1608/2892/258 1607/2893/258 1605/2894/258 1606/2895/258
f 1606/2896/259 1602/2897/259 1604/2889/259 1608/2898/259
f 1602/2897/260 1601/2885/260 1603/2888/260 1604/2889/260
f 1606/2895/261 1605/2894/261 1601/2885/261 1602/2897/261
f 1609/2899/256 1613/2900/256 1615/2901/256 1611/2902/256
f 1612/2903/257 1611/2902/257 1615/2904/257 1616/2905/257
f 1616/2906/258 1615/2907/258 1613/2908/258 1614/2909/258
f 1614/2910/259 1610/2911/259 1612/2903/259 1616/2912/259
f 1610/2911/260 1609/2899/260 1611/2902/260 1612/2903/260
f 1614/2909/261 1613/2908/261 1609/2899/261 1610/2911/261
f 1617/2913/256 1621/2914/256 1623/2915/256 1619/2916/256
f 1620/2917/257 1619/2916/257 1623/2918/257 1624/2919/257
f 1624/2920/258 1623/2921/258 1621/2922/258 1622/2923/258
f 1622/2924/259 1618/2925/259 1620/2917/259 1624/2926/259
f 1618/2925/260 1617/2913/260 1619/2916/260 1620/2917/260
f 1622/2923/261 1621/2922/261 1617/2913/261 1618/2925/261
f 1625/2927/268 1629/2928/268 1631/2929/268 1627/2930/268
f 1628/2931/269 1627/2930/269 1631/2932/269 1632/2933/269
f 1632/2934/226 1631/2935/226 1629/2936/226 1630/2937/226
f 1630/2938/270 1626/2939/270 1628/2931/270 1632/2940/270
f 1626/2939/228 1625/2927/228 1627/2930/228 1628/2931/228
f 1630/2937/271 1629/2936/271 1625/2927/271 1626/2939/271
f 1641/2941/272 1645/2942/272 1647/2943/272 1643/2944/272
f 1644/2945/273 1643/2944/273 1647/2946/273 1648/2947/273
f 1648/2948/274 1647/2949/274 1645/2950/274 1646/2951/274
f 1646/2952/275 1642/2953/275 1644/2945/275 1648/2954/275
f 1642/2953/276 1641/2941/276 1643/2944/276 1644/2945/276
f 1646/2951/277 1645/2950/277 1641/2941/277 1642/2953/277
f 1649/2955/278 1653/2956/278 1655/2957/278 1651/2958/278
f 1652/2959/279 1651/2958/279 1655/2960/279 1656/2961/279
f 1656/2962/280 1655/2963/280 1653/2964/280 1654/2965/280
f 1654/2966/281 1650/2967/281 1652/2959/281 1656/2968/281
f 1650/2967/282 1649/2955/282 1651/2958/282 1652/2959/282
f 1654/2965/283 1653/2964/283 1649/2955/283 1650/2967/283
f 1657/2969/278 1661/2970/278 1663/2971/278 1659/2972/278
f 1660/2973/279 1659/2972/279 1663/2974/279 1664/2975/279
f 1664/2976/280 1663/2977/280 1661/2978/280 1662/2979/280
f 1662/2980/281 1658/2981/281 1660/2973/281 1664/2982/281
f 1658/2981/282 1657/2969/282 1659/2972/282 1660/2973/282
f 1662/2979/283 1661/2978/283 1657/2969/283 1658/2981/283
f 1665/2983/278 1669/2984/278 1671/2985/278 1667/2986/278
f 1668/2987/279 1667/2986/279 1671/2988/279 1672/2989/279
f 1672/2990/280 1671/2991/280 1669/2992/280 1670/2993/280
f 1670/2994/281 1666/2995/281 1668/2987/281 1672/2996/281
f 1666/2995/282 1665/2983/282 1667/2986/282 1668/2987/282
f 1670/2993/283 1669/2992/283 1665/2983/283 1666/2995/283
f 1673/2997/278 1677/2998/278 1679/2999/278 1675/3000/278
f 1676/3001/279 1675/3000/279 1679/3002/279 1680/3003/279
f 1680/3004/280 1679/3005/280 1677/3006/280 1678/3007/280
f 1678/3008/281 1674/3009/281 1676/3001/281 1680/3010/281
f 1674/3009/282 1673/2997/282 1675/3000/282 1676/3001/282
f 1678/3007/283 1677/3006/283 1673/2997/283 1674/3009/283
f 1681/3011/272 1685/3012/272 1687/3013/272 1683/3014/272
f 1684/3015/273 1683/3014/273 1687/3016/273 1688/3017/273
f 1688/3018/274 1687/3019/274 1685/3020/274 1686/3021/274
f 1686/3022/275 1682/3023/275 1684/3015/275 1688/3024/275
f 1682/3023/276 1681/3011/276 1683/3014/276 1684/3015/276
f 1686/3021/277 1685/3020/277 1681/3011/277 1682/3023/277
f 1705/3025/268 1709/3026/268 1711/3027/268 1707/3028/268
f 1708/3029/269 1707/3028/269 1711/3030/269 1712/3031/269
f 1712/3032/226 1711/3033/226 1709/3034/226 1710/3035/226
f 1710/3036/270 1706/3037/270 1708/3029/270 1712/3038/270
f 1706/3037/228 1705/3025/228 1707/3028/228 1708/3029/228
f 1710/3035/271 1709/3034/271 1705/3025/271 1706/3037/271
f 1713/3039/256 1717/3040/256 1719/3041/256 1715/3042/256
f 1716/3043/257 1715/3042/257 1719/3044/257 1720/3045/257
f 1720/3046/258 1719/3047/258 1717/3048/258 1718/3049/258
f 1718/3050/259 1714/3051/259 1716/3043/259 1720/3052/259
f 1714/3051/260 1713/3039/260 1715/3042/260 1716/3043/260
f 1718/3049/261 1717/3048/261 1713/3039/261 1714/3051/261
f 1721/3053/256 1725/3054/256 1727/3055/256 1723/3056/256
f 1724/3057/257 1723/3056/257 1727/3058/257 1728/3059/257
f 1728/3060/258 1727/3061/258 1725/3062/258 1726/3063/258
f 1726/3064/259 1722/3065/259 1724/3057/259 1728/3066/259
f 1722/3065/260 1721/3053/260 1723/3056/260 1724/3057/260
f 1726/3063/261 1725/3062/261 1721/3053/261 1722/3065/261
f 1729/3067/256 1733/3068/256 1735/3069/256 1731/3070/256
f 1732/3071/284 1731/3070/284 1735/3072/284 1736/3073/284
f 1736/3074/258 1735/3075/258 1733/3076/258 1734/3077/258
f 1734/3078/259 1730/3079/259 1732/3071/259 1736/3080/259
f 1730/3079/260 1729/3067/260 1731/3070/260 1732/3071/260
f 1734/3077/261 1733/3076/261 1729/3067/261 1730/3079/261
f 1737/3081/256 1741/3082/256 1743/3083/256 1739/3084/256
f 1740/3085/284 1739/3084/284 1743/3086/284 1744/3087/284
f 1744/3088/258 1743/3089/258 1741/3090/258 1742/3091/258
f 1742/3092/259 1738/3093/259 1740/3085/259 1744/3094/259
f 1738/3093/260 1737/3081/260 1739/3084/260 1740/3085/260
f 1742/3091/261 1741/3090/261 1737/3081/261 1738/3093/261
f 1745/3095/268 1749/3096/268 1751/3097/268 1747/3098/268
f 1748/3099/269 1747/3098/269 1751/3100/269 1752/3101/269
f 1752/3102/226 1751/3103/226 1749/3104/226 1750/3105/226
f 1750/3106/270 1746/3107/270 1748/3099/270 1752/3108/270
f 1746/3107/228 1745/3095/228 1747/3098/228 1748/3099/228
f 1750/3105/271 1749/3104/271 1745/3095/271 1746/3107/271
f 1761/3109/272 1765/3110/272 1767/3111/272 1763/3112/272
f 1764/3113/273 1763/3112/273 1767/3114/273 1768/3115/273
f 1768/3116/274 1767/3117/274 1765/3118/274 1766/3119/274
f 1766/3120/275 1762/3121/275 1764/3113/275 1768/3122/275
f 1762/3121/285 1761/3109/285 1763/3112/285 1764/3113/285
f 1766/3119/277 1765/3118/277 1761/3109/277 1762/3121/277
f 1769/3123/278 1773/3124/278 1775/3125/278 1771/3126/278
f 1772/3127/279 1771/3126/279 1775/3128/279 1776/3129/279
f 1776/3130/280 1775/3131/280 1773/3132/280 1774/3133/280
f 1774/3134/281 1770/3135/281 1772/3127/281 1776/3136/281
f 1770/3135/282 1769/3123/282 1771/3126/282 1772/3127/282
f 1774/3133/283 1773/3132/283 1769/3123/283 1770/3135/283
f 1777/3137/278 1781/3138/278 1783/3139/278 1779/3140/278
f 1780/3141/279 1779/3140/279 1783/3142/279 1784/3143/279
f 1784/3144/280 1783/3145/280 1781/3146/280 1782/3147/280
f 1782/3148/281 1778/3149/281 1780/3141/281 1784/3150/281
f 1778/3149/282 1777/3137/282 1779/3140/282 1780/3141/282
f 1782/3147/283 1781/3146/283 1777/3137/283 1778/3149/283
f 1785/3151/278 1789/3152/278 1791/3153/278 1787/3154/278
f 1788/3155/279 1787/3154/279 1791/3156/279 1792/3157/279
f 1792/3158/280 1791/3159/280 1789/3160/280 1790/3161/280
f 1790/3162/281 1786/3163/281 1788/3155/281 1792/3164/281
f 1786/3163/282 1785/3151/282 1787/3154/282 1788/3155/282
f 1790/3161/283 1789/3160/283 1785/3151/283 1786/3163/283
f 1793/3165/278 1797/3166/278 1799/3167/278 1795/3168/278
f 1796/3169/279 1795/3168/279 1799/3170/279 1800/3171/279
f 1800/3172/280 1799/3173/280 1797/3174/280 1798/3175/280
f 1798/3176/281 1794/3177/281 1796/3169/281 1800/3178/281
f 1794/3177/282 1793/3165/282 1795/3168/282 1796/3169/282
f 1798/3175/283 1797/3174/283 1793/3165/283 1794/3177/283
f 1801/3179/272 1805/3180/272 1807/3181/272 1803/3182/272
f 1804/3183/273 1803/3182/273 1807/3184/273 1808/3185/273
f 1808/3186/286 1807/3187/286 1805/3188/286 1806/3189/286
f 1806/3190/275 1802/3191/275 1804/3183/275 1808/3192/275
f 1802/3191/276 1801/3179/276 1803/3182/276 1804/3183/276
f 1806/3189/277 1805/3188/277 1801/3179/277 1802/3191/277
usemtl Material.002
f 1633/3193/287 1637/3194/287 1639/3195/287 1635/3196/287
f 1636/3197/288 1635/3196/288 1639/3198/288 1640/3199/288
f 1640/3200/289 1639/3201/289 1637/3202/289 1638/3203/289
f 1638/3204/290 1634/3205/290 1636/3197/290 1640/3206/290
f 1634/3205/291 1633/3193/291 1635/3196/291 1636/3197/291
f 1638/3203/292 1637/3202/292 1633/3193/292 1634/3205/292
f 1689/3207/293 1693/3208/293 1695/3209/293 1691/3210/293
f 1692/3211/294 1691/3210/294 1695/3212/294 1696/3213/294
f 1696/3214/295 1695/3215/295 1693/3216/295 1694/3217/295
f 1694/3218/296 1690/3219/296 1692/3211/296 1696/3220/296
f 1690/3219/297 1689/3207/297 1691/3210/297 1692/3211/297
f 1694/3217/298 1693/3216/298 1689/3207/298 1690/3219/298
f 1753/3221/287 1757/3222/287 1759/3223/287 1755/3224/287
f 1756/3225/288 1755/3224/288 1759/3226/288 1760/3227/288
f 1760/3228/289 1759/3229/289 1757/3230/289 1758/3231/289
f 1758/3232/290 1754/3233/290 1756/3225/290 1760/3234/290
f 1754/3233/291 1753/3221/291 1755/3224/291 1756/3225/291
f 1758/3231/292 1757/3230/292 1753/3221/292 1754/3233/292
f 1809/3235/293 1813/3236/293 1815/3237/293 1811/3238/293
f 1812/3239/294 1811/3238/294 1815/3240/294 1816/3241/294
f 1816/3242/295 1815/3243/295 1813/3244/295 1814/3245/295
f 1814/3246/296 1810/3247/296 1812/3239/296 1816/3248/296
f 1810/3247/299 1809/3235/299 1811/3238/299 1812/3239/299
f 1814/3245/298 1813/3244/298 1809/3235/298 1810/3247/298
usemtl Material.005
f 1825/3249/300 1826/3250/300 1828/3251/300 1827/3252/300
f 1827/3252/301 1828/3251/301 1832/3253/301 1831/3254/301
f 1831/3254/302 1832/3253/302 1830/3255/302 1829/3256/302
f 1829/3256/303 1830/3255/303 1826/3257/303 1825/3258/303
f 1827/3259/304 1831/3254/304 1829/3256/304 1825/3260/304
f 1832/3253/305 1828/3261/305 1826/3262/305 1830/3255/305
f 1881/3263/300 1882/3264/300 1884/3265/300 1883/3266/300
f 1883/3266/301 1884/3265/301 1888/3267/301 1887/3268/301
f 1887/3268/302 1888/3267/302 1886/3269/302 1885/3270/302
f 1885/3270/303 1886/3269/303 1882/3271/303 1881/3272/303
f 1883/3273/304 1887/3268/304 1885/3270/304 1881/3274/304
f 1888/3267/305 1884/3275/305 1882/3276/305 1886/3269/305
f 1937/3277/306 1938/3278/306 1940/3279/306 1939/3280/306
f 1939/3280/307 1940/3279/307 1944/3281/307 1943/3282/307
f 1943/3282/308 1944/3281/308 1942/3283/308 1941/3284/308
f 1941/3284/309 1942/3283/309 1938/3285/309 1937/3286/309
f 1939/3287/304 1943/3282/304 1941/3284/304 1937/3288/304
f 1944/3281/305 1940/3289/305 1938/3290/305 1942/3283/305
usemtl Material.004
f 1833/3291/300 1834/3292/300 1836/3293/300 1835/3294/300
f 1835/3294/301 1836/3293/301 1840/3295/301 1839/3296/301
f 1839/3296/302 1840/3295/302 1838/3297/302 1837/3298/302
f 1837/3298/303 1838/3297/303 1834/3299/303 1833/3300/303
f 1835/3301/304 1839/3296/304 1837/3298/304 1833/3302/304
f 1840/3295/305 1836/3303/305 1834/3304/305 1838/3297/305
f 1841/3305/300 1842/3306/300 1844/3307/300 1843/3308/300
f 1843/3308/301 1844/3307/301 1848/3309/301 1847/3310/301
f 1847/3310/302 1848/3309/302 1846/3311/302 1845/3312/302
f 1845/3312/303 1846/3311/303 1842/3313/303 1841/3314/303
f 1843/3315/304 1847/3310/304 1845/3312/304 1841/3316/304
f 1848/3309/305 1844/3317/305 1842/3318/305 1846/3311/305
f 1849/3319/300 1850/3320/300 1852/3321/300 1851/3322/300
f 1851/3322/301 1852/3321/301 1856/3323/301 1855/3324/301
f 1855/3324/302 1856/3323/302 1854/3325/302 1853/3326/302
f 1853/3326/303 1854/3325/303 1850/3327/303 1849/3328/303
f 1851/3329/304 1855/3324/304 1853/3326/304 1849/3330/304
f 1856/3323/305 1852/3331/305 1850/3332/305 1854/3325/305
f 1857/3333/300 1858/3334/300 1860/3335/300 1859/3336/300
f 1859/3336/301 1860/3335/301 1864/3337/301 1863/3338/301
f 1863/3338/302 1864/3337/302 1862/3339/302 1861/3340/302
f 1861/3340/303 1862/3339/303 1858/3341/303 1857/3342/303
f 1859/3343/304 1863/3338/304 1861/3340/304 1857/3344/304
f 1864/3337/305 1860/3345/305 1858/3346/305 1862/3339/305
f 1865/3347/300 1866/3348/300 1868/3349/300 1867/3350/300
f 1867/3350/301 1868/3349/301 1872/3351/301 1871/3352/301
f 1871/3352/302 1872/3351/302 1870/3353/302 1869/3354/302
f 1869/3354/303 1870/3353/303 1866/3355/303 1865/3356/303
f 1867/3357/304 1871/3352/304 1869/3354/304 1865/3358/304
f 1872/3351/305 1868/3359/305 1866/3360/305 1870/3353/305
f 1873/3361/300 1874/3362/300 1876/3363/300 1875/3364/300
f 1875/3364/301 1876/3363/301 1880/3365/301 1879/3366/301
f 1879/3366/302 1880/3365/302 1878/3367/302 1877/3368/302
f 1877/3368/303 1878/3367/303 1874/3369/303 1873/3370/303
f 1875/3371/304 1879/3366/304 1877/3368/304 1873/3372/304
f 1880/3365/305 1876/3373/305 1874/3374/305 1878/3367/305
f 1889/3375/300 1890/3376/300 1892/3377/300 1891/3378/300
f 1891/3378/301 1892/3377/301 1896/3379/301 1895/3380/301
f 1895/3380/302 1896/3379/302 1894/3381/302 1893/3382/302
f 1893/3382/303 1894/3381/303 1890/3383/303 1889/3384/303
f 1891/3385/304 1895/3380/304 1893/3382/304 1889/3386/304
f 1896/3379/305 1892/3387/305 1890/3388/305 1894/3381/305
f 1897/3389/300 1898/3390/300 1900/3391/300 1899/3392/300
f 1899/3392/301 1900/3391/301 1904/3393/301 1903/3394/301
f 1903/3394/302 1904/3393/302 1902/3395/302 1901/3396/302
f 1901/3396/303 1902/3395/303 1898/3397/303 1897/3398/303
f 1899/3399/304 1903/3394/304 1901/3396/304 1897/3400/304
f 1904/3393/305 1900/3401/305 1898/3402/305 1902/3395/305
f 1905/3403/300 1906/3404/300 1908/3405/300 1907/3406/300
f 1907/3406/301 1908/3405/301 1912/3407/301 1911/3408/301
f 1911/3408/302 1912/3407/302 1910/3409/302 1909/3410/302
f 1909/3410/303 1910/3409/303 1906/3411/303 1905/3412/303
f 1907/3413/304 1911/3408/304 1909/3410/304 1905/3414/304
f 1912/3407/305 1908/3415/305 1906/3416/305 1910/3409/305
f 1913/3417/300 1914/3418/300 1916/3419/300 1915/3420/300
f 1915/3420/301 1916/3419/301 1920/3421/301 1919/3422/301
f 1919/3422/302 1920/3421/302 1918/3423/302 1917/3424/302
f 1917/3424/303 1918/3423/303 1914/3425/303 1913/3426/303
f 1915/3427/304 1919/3422/304 1917/3424/304 1913/3428/304
f 1920/3421/305 1916/3429/305 1914/3430/305 1918/3423/305
f 1921/3431/300 1922/3432/300 1924/3433/300 1923/3434/300
f 1923/3434/301 1924/3433/301 1928/3435/301 1927/3436/301
f 1927/3436/302 1928/3435/302 1926/3437/302 1925/3438/302
f 1925/3438/303 1926/3437/303 1922/3439/303 1921/3440/303
f 1923/3441/304 1927/3436/304 1925/3438/304 1921/3442/304
f 1928/3435/305 1924/3443/305 1922/3444/305 1926/3437/305
f 1929/3445/300 1930/3446/300 1932/3447/300 1931/3448/300
f 1931/3448/301 1932/3447/301 1936/3449/301 1935/3450/301
f 1935/3450/302 1936/3449/302 1934/3451/302 1933/3452/302
f 1933/3452/303 1934/3451/303 1930/3453/303 1929/3454/303
f 1931/3455/304 1935/3450/304 1933/3452/304 1929/3456/304
f 1936/3449/305 1932/3457/305 1930/3458/305 1934/3451/305
f 1945/3459/306 1946/3460/306 1948/3461/306 1947/3462/306
f 1947/3462/307 1948/3461/307 1952/3463/307 1951/3464/307
f 1951/3464/308 1952/3463/308 1950/3465/308 1949/3466/308
f 1949/3466/309 1950/3465/309 1946/3467/309 1945/3468/309
f 1947/3469/304 1951/3464/304 1949/3466/304 1945/3470/304
f 1952/3463/305 1948/3471/305 1946/3472/305 1950/3465/305
f 1953/3473/306 1954/3474/306 1956/3475/306 1955/3476/306
f 1955/3476/307 1956/3475/307 1960/3477/307 1959/3478/307
f 1959/3478/308 1960/3477/308 1958/3479/308 1957/3480/308
f 1957/3480/310 1958/3479/310 1954/3481/310 1953/3482/310
f 1955/3483/304 1959/3478/304 1957/3480/304 1953/3484/304
f 1960/3477/305 1956/3485/305 1954/3486/305 1958/3479/305
f 1961/3487/306 1962/3488/306 1964/3489/306 1963/3490/306
f 1963/3490/311 1964/3489/311 1968/3491/311 1967/3492/311
f 1967/3492/308 1968/3491/308 1966/3493/308 1965/3494/308
f 1965/3494/310 1966/3493/310 1962/3495/310 1961/3496/310
f 1963/3497/304 1967/3492/304 1965/3494/304 1961/3498/304
f 1968/3491/305 1964/3499/305 1962/3500/305 1966/3493/305
f 1969/3501/306 1970/3502/306 1972/3503/306 1971/3504/306
f 1971/3504/311 1972/3503/311 1976/3505/311 1975/3506/311
f 1975/3506/308 1976/3505/308 1974/3507/308 1973/3508/308
f 1973/3508/310 1974/3507/310 1970/3509/310 1969/3510/310
f 1971/3511/304 1975/3506/304 1973/3508/304 1969/3512/304
f 1976/3505/305 1972/3513/305 1970/3514/305 1974/3507/305
f 1977/3515/306 1978/3516/306 1980/3517/306 1979/3518/306
f 1979/3518/307 1980/3517/307 1984/3519/307 1983/3520/307
f 1983/3520/308 1984/3519/308 1982/3521/308 1981/3522/308
f 1981/3522/309 1982/3521/309 1978/3523/309 1977/3524/309
f 1979/3525/304 1983/3520/304 1981/3522/304 1977/3526/304
f 1984/3519/305 1980/3527/305 1978/3528/305 1982/3521/305
f 1985/3529/306 1986/3530/306 1988/3531/306 1987/3532/306
f 1987/3532/307 1988/3531/307 1992/3533/307 1991/3534/307
f 1991/3534/308 1992/3533/308 1990/3535/308 1989/3536/308
f 1989/3536/309 1990/3535/309 1986/3537/309 1985/3538/309
f 1987/3539/304 1991/3534/304 1989/3536/304 1985/3540/304
f 1992/3533/305 1988/3541/305 1986/3542/305 1990/3535/305
usemtl Material.007
f 1993/3543/234 1994/3544/234 1996/3545/234 1995/3546/234
f 1995/3546/312 1996/3545/312 2000/3547/312 1999/3548/312
f 1999/3548/232 2000/3547/232 1998/3549/232 1997/3550/232
f 1997/3550/313 1998/3549/313 1994/3551/313 1993/3552/313
f 1995/3553/305 1999/3548/305 1997/3550/305 1993/3554/305
f 2000/3547/304 1996/3555/304 1994/3556/304 1998/3549/304
f 2001/3557/234 2002/3558/234 2004/3559/234 2003/3560/234
f 2003/3560/314 2004/3559/314 2008/3561/314 2007/3562/314
f 2007/3562/232 2008/3561/232 2006/3563/232 2005/3564/232
f 2005/3564/315 2006/3563/315 2002/3565/315 2001/3566/315
f 2003/3567/316 2007/3562/316 2005/3564/316 2001/3568/316
f 2008/3561/317 2004/3569/317 2002/3570/317 2006/3563/317
f 2009/3571/234 2010/3572/234 2012/3573/234 2011/3574/234
f 2011/3574/318 2012/3573/318 2016/3575/318 2015/3576/318
f 2015/3576/232 2016/3575/232 2014/3577/232 2013/3578/232
f 2013/3578/315 2014/3577/315 2010/3579/315 2009/3580/315
f 2011/3581/316 2015/3576/316 2013/3578/316 2009/3582/316
f 2016/3575/317 2012/3583/317 2010/3584/317 2014/3577/317
f 2017/3585/234 2018/3586/234 2020/3587/234 2019/3588/234
f 2019/3588/314 2020/3587/314 2024/3589/314 2023/3590/314
f 2023/3590/232 2024/3589/232 2022/3591/232 2021/3592/232
f 2021/3592/315 2022/3591/315 2018/3593/315 2017/3594/315
f 2019/3595/316 2023/3590/316 2021/3592/316 2017/3596/316
f 2024/3589/317 2020/3597/317 2018/3598/317 2022/3591/317
f 2025/3599/234 2026/3600/234 2028/3601/234 2027/3602/234
f 2027/3602/318 2028/3601/318 2032/3603/318 2031/3604/318
f 2031/3604/232 2032/3603/232 2030/3605/232 2029/3606/232
f 2029/3606/315 2030/3605/315 2026/3607/315 2025/3608/315
f 2027/3609/316 2031/3604/316 2029/3606/316 2025/3610/316
f 2032/3603/317 2028/3611/317 2026/3612/317 2030/3605/317
f 2033/3613/234 2034/3614/234 2036/3615/234 2035/3616/234
f 2035/3616/314 2036/3615/314 2040/3617/314 2039/3618/314
f 2039/3618/232 2040/3617/232 2038/3619/232 2037/3620/232
f 2037/3620/315 2038/3619/315 2034/3621/315 2033/3622/315
f 2035/3623/316 2039/3618/316 2037/3620/316 2033/3624/316
f 2040/3617/317 2036/3625/317 2034/3626/317 2038/3619/317
f 2041/3627/234 2042/3628/234 2044/3629/234 2043/3630/234
f 2043/3630/319 2044/3629/319 2048/3631/319 2047/3632/319
f 2047/3632/232 2048/3631/232 2046/3633/232 2045/3634/232
f 2045/3634/320 2046/3633/320 2042/3635/320 2041/3636/320
f 2043/3637/321 2047/3632/321 2045/3634/321 2041/3638/321
f 2048/3631/322 2044/3639/322 2042/3640/322 2046/3633/322
f 2049/3641/234 2050/3642/234 2052/3643/234 2051/3644/234
f 2051/3644/314 2052/3643/314 2056/3645/314 2055/3646/314
f 2055/3646/232 2056/3645/232 2054/3647/232 2053/3648/232
f 2053/3648/315 2054/3647/315 2050/3649/315 2049/3650/315
f 2051/3651/316 2055/3646/316 2053/3648/316 2049/3652/316
f 2056/3645/317 2052/3653/317 2050/3654/317 2054/3647/317
f 2057/3655/234 2058/3656/234 2060/3657/234 2059/3658/234
f 2059/3658/318 2060/3657/318 2064/3659/318 2063/3660/318
f 2063/3660/232 2064/3659/232 2062/3661/232 2061/3662/232
f 2061/3662/315 2062/3661/315 2058/3663/315 2057/3664/315
f 2059/3665/316 2063/3660/316 2061/3662/316 2057/3666/316
f 2064/3659/317 2060/3667/317 2058/3668/317 2062/3661/317
f 2065/3669/234 2066/3670/234 2068/3671/234 2067/3672/234
f 2067/3672/314 2068/3671/314 2072/3673/314 2071/3674/314
f 2071/3674/232 2072/3673/232 2070/3675/232 2069/3676/232
f 2069/3676/315 2070/3675/315 2066/3677/315 2065/3678/315
f 2067/3679/316 2071/3674/316 2069/3676/316 2065/3680/316
f 2072/3673/317 2068/3681/317 2066/3682/317 2070/3675/317
f 2073/3683/234 2074/3684/234 2076/3685/234 2075/3686/234
f 2075/3686/314 2076/3685/314 2080/3687/314 2079/3688/314
f 2079/3688/232 2080/3687/232 2078/3689/232 2077/3690/232
f 2077/3690/315 2078/3689/315 2074/3691/315 2073/3692/315
f 2075/3693/316 2079/3688/316 2077/3690/316 2073/3694/316
f 2080/3687/317 2076/3695/317 2074/3696/317 2078/3689/317
usemtl Material.006
f 2081/3697/234 2082/3698/234 2084/3699/234 2083/3700/234
f 2083/3700/323 2084/3699/323 2088/3701/323 2087/3702/323
f 2087/3702/232 2088/3701/232 2086/3703/232 2085/3704/232
f 2085/3704/324 2086/3703/324 2082/3705/324 2081/3706/324
f 2083/3707/325 2087/3702/325 2085/3704/325 2081/3708/325
f 2088/3701/326 2084/3709/326 2082/3710/326 2086/3703/326
f 2089/3711/234 2090/3712/234 2092/3713/234 2091/3714/234
f 2091/3714/312 2092/3713/312 2096/3715/312 2095/3716/312
f 2095/3716/232 2096/3715/232 2094/3717/232 2093/3718/232
f 2093/3718/313 2094/3717/313 2090/3719/313 2089/3720/313
f 2091/3721/305 2095/3716/305 2093/3718/305 2089/3722/305
f 2096/3715/304 2092/3723/304 2090/3724/304 2094/3717/304
f 2097/3725/234 2098/3726/234 2100/3727/234 2099/3728/234
f 2099/3728/312 2100/3727/312 2104/3729/312 2103/3730/312
f 2103/3730/232 2104/3729/232 2102/3731/232 2101/3732/232
f 2101/3732/313 2102/3731/313 2098/3733/313 2097/3734/313
f 2099/3735/305 2103/3730/305 2101/3732/305 2097/3736/305
f 2104/3729/304 2100/3737/304 2098/3738/304 2102/3731/304
f 2105/3739/234 2106/3740/234 2108/3741/234 2107/3742/234
f 2107/3742/312 2108/3741/312 2112/3743/312 2111/3744/312
f 2111/3744/232 2112/3743/232 2110/3745/232 2109/3746/232
f 2109/3746/313 2110/3745/313 2106/3747/313 2105/3748/313
f 2107/3749/305 2111/3744/305 2109/3746/305 2105/3750/305
f 2112/3743/304 2108/3751/304 2106/3752/304 2110/3745/304
f 2113/3753/234 2114/3754/234 2116/3755/234 2115/3756/234
f 2115/3756/323 2116/3755/323 2120/3757/323 2119/3758/323
f 2119/3758/232 2120/3757/232 2118/3759/232 2117/3760/232
f 2117/3760/324 2118/3759/324 2114/3761/324 2113/3762/324
f 2115/3763/325 2119/3758/325 2117/3760/325 2113/3764/325
f 2120/3757/326 2116/3765/326 2114/3766/326 2118/3759/326
f 2121/3767/234 2122/3768/234 2124/3769/234 2123/3770/234
f 2123/3770/312 2124/3769/312 2128/3771/312 2127/3772/312
f 2127/3772/232 2128/3771/232 2126/3773/232 2125/3774/232
f 2125/3774/313 2126/3773/313 2122/3775/313 2121/3776/313
f 2123/3777/305 2127/3772/305 2125/3774/305 2121/3778/305
f 2128/3771/304 2124/3779/304 2122/3780/304 2126/3773/304
f 2129/3781/234 2130/3782/234 2132/3783/234 2131/3784/234
f 2131/3784/323 2132/3783/323 2136/3785/323 2135/3786/323
f 2135/3786/232 2136/3785/232 2134/3787/232 2133/3788/232
f 2133/3788/324 2134/3787/324 2130/3789/324 2129/3790/324
f 2131/3791/325 2135/3786/325 2133/3788/325 2129/3792/325
f 2136/3785/326 2132/3793/326 2130/3794/326 2134/3787/326
f 2137/3795/234 2138/3796/234 2140/3797/234 2139/3798/234
f 2139/3798/327 2140/3797/327 2144/3799/327 2143/3800/327
f 2143/3800/232 2144/3799/232 2142/3801/232 2141/3802/232
f 2141/3802/328 2142/3801/328 2138/3803/328 2137/3804/328
f 2139/3805/329 2143/3800/329 2141/3802/329 2137/3806/329
f 2144/3799/330 2140/3807/330 2138/3808/330 2142/3801/330
f 2145/3809/234 2146/3810/234 2148/3811/234 2147/3812/234
f 2147/3812/327 2148/3811/327 2152/3813/327 2151/3814/327
f 2151/3814/232 2152/3813/232 2150/3815/232 2149/3816/232
f 2149/3816/328 2150/3815/328 2146/3817/328 2145/3818/328
f 2147/3819/329 2151/3814/329 2149/3816/329 2145/3820/329
f 2152/3813/330 2148/3821/330 2146/3822/330 2150/3815/330
f 2153/3823/234 2154/3824/234 2156/3825/234 2155/3826/234
f 2155/3826/327 2156/3825/327 2160/3827/327 2159/3828/327
f 2159/3828/232 2160/3827/232 2158/3829/232 2157/3830/232
f 2157/3830/328 2158/3829/328 2154/3831/328 2153/3832/328
f 2155/3833/329 2159/3828/329 2157/3830/329 2153/3834/329
f 2160/3827/330 2156/3835/330 2154/3836/330 2158/3829/330
f 2161/3837/234 2162/3838/234 2164/3839/234 2163/3840/234
f 2163/3840/323 2164/3839/323 2168/3841/323 2167/3842/323
f 2167/3842/232 2168/3841/232 2166/3843/232 2165/3844/232
f 2165/3844/324 2166/3843/324 2162/3845/324 2161/3846/324
f 2163/3847/325 2167/3842/325 2165/3844/325 2161/3848/325
f 2168/3841/326 2164/3849/326 2162/3850/326 2166/3843/326
f 2169/3851/234 2170/3852/234 2172/3853/234 2171/3854/234
f 2171/3854/327 2172/3853/327 2176/3855/327 2175/3856/327
f 2175/3856/232 2176/3855/232 2174/3857/232 2173/3858/232
f 2173/3858/328 2174/3857/328 2170/3859/328 2169/3860/328
f 2171/3861/329 2175/3856/329 2173/3858/329 2169/3862/329
f 2176/3855/330 2172/3863/330 2170/3864/330 2174/3857/330
o Cube.005_Cube.076
v 0.351889 1.352244 -0.649800
v 0.346968 2.606674 -0.647060
v 0.387100 1.352383 -0.649779
v 0.382180 2.606812 -0.647039
v 0.352056 1.352873 -0.937062
v 0.347135 2.607302 -0.934322
v 0.387267 1.353011 -0.937041
v 0.382347 2.607440 -0.934301
v -0.692315 1.885828 -0.705122
v -0.640999 1.885716 -0.705116
v -0.692414 1.840630 -0.705122
v -0.641099 1.840517 -0.705116
v -0.692284 1.885828 -0.992384
v -0.640969 1.885716 -0.992379
v -0.692383 1.840630 -0.992384
v -0.641068 1.840517 -0.992379
v 0.642290 1.355276 -0.704255
v 0.669664 2.622055 -0.704252
v 0.703071 1.353962 -0.704249
v 0.730445 2.620742 -0.704246
v 0.642321 1.355276 -0.991518
v 0.669695 2.622055 -0.991515
v 0.703102 1.353962 -0.991512
v 0.730476 2.620742 -0.991509
v -0.596019 2.605525 -0.704225
v 0.670921 2.624050 -0.704090
v -0.595130 2.544736 -0.704225
v 0.671810 2.563261 -0.704090
v -0.595989 2.605525 -0.991488
v 0.670952 2.624050 -0.991353
v -0.595099 2.544736 -0.991488
v 0.671841 2.563261 -0.991353
v -0.674389 1.338321 -0.704396
v -0.647016 2.605101 -0.704393
v -0.613608 1.337008 -0.704389
v -0.586235 2.603787 -0.704386
v -0.674359 1.338321 -0.991658
v -0.646985 2.605101 -0.991655
v -0.613577 1.337008 -0.991652
v -0.586204 2.603787 -0.991649
v -0.621692 1.400909 -0.704228
v 0.645248 1.419433 -0.704093
v -0.620804 1.340120 -0.704228
v 0.646137 1.358645 -0.704093
v -0.621662 1.400909 -0.991491
v 0.645278 1.419433 -0.991356
v -0.620773 1.340120 -0.991491
v 0.646167 1.358645 -0.991355
v -0.626249 2.092032 -0.956277
v 0.653699 2.099749 -0.947466
v -0.626676 2.093535 -0.895513
v 0.653271 2.101253 -0.886701
v -0.625187 1.910737 -0.951784
v 0.654761 1.918454 -0.942972
v -0.625614 1.912241 -0.891019
v 0.654334 1.919958 -0.882208
v -0.019553 1.369152 -0.973556
v -0.022113 2.555814 -0.966486
v -0.021041 1.368787 -0.912802
v -0.023601 2.555448 -0.905732
v 0.098138 1.369389 -0.970670
v 0.095578 2.556050 -0.963601
v 0.096649 1.369023 -0.909916
v 0.094089 2.555685 -0.902847
v -0.607447 2.439783 -0.577329
v 0.696030 2.452813 -0.574342
v -0.607267 2.421752 -0.577321
v 0.696210 2.434781 -0.574334
v -0.606788 2.439650 -0.864591
v 0.696690 2.452680 -0.861604
v -0.606607 2.421619 -0.864583
v 0.696870 2.434649 -0.861596
v -0.646053 2.177948 -0.593851
v 0.685443 2.191258 -0.590800
v -0.645873 2.159917 -0.593842
v 0.685623 2.173227 -0.590791
v -0.645394 2.177815 -0.881113
v 0.686103 2.191125 -0.878062
v -0.645214 2.159784 -0.881104
v 0.686283 2.173094 -0.878053
v -0.632530 1.860751 -0.591946
v 0.671919 1.873790 -0.588956
v -0.632349 1.842720 -0.591937
v 0.672099 1.855759 -0.588948
v -0.631870 1.860618 -0.879208
v 0.672579 1.873657 -0.876218
v -0.631690 1.842587 -0.879199
v 0.672759 1.855626 -0.876210
v -0.645671 1.612446 -0.610053
v 0.674487 1.625643 -0.607028
v -0.645491 1.594415 -0.610044
v 0.674667 1.607611 -0.607019
v -0.645012 1.612313 -0.897315
v 0.675146 1.625510 -0.894290
v -0.644832 1.594282 -0.897306
v 0.675326 1.607478 -0.894281
v -0.318857 1.352244 -0.647189
v -0.323777 2.606673 -0.644449
v -0.283645 1.352382 -0.647169
v -0.288566 2.606812 -0.644428
v -0.318689 1.352872 -0.934452
v -0.323610 2.607301 -0.931711
v -0.283478 1.353010 -0.934431
v -0.288398 2.607440 -0.931691
v 0.604451 1.941397 -0.932835
v 0.605006 2.087340 -0.932516
v 0.622483 1.941329 -0.932824
v 0.623038 2.087272 -0.932505
v 0.604484 1.941517 -0.987843
v 0.605039 2.087461 -0.987524
v 0.622516 1.941449 -0.987832
v 0.623071 2.087392 -0.987514
v 0.139526 2.081069 -0.931264
v 0.613385 2.085805 -0.930178
v 0.139707 2.063038 -0.931255
v 0.613565 2.067774 -0.930169
v 0.139653 2.081043 -0.986272
v 0.613511 2.085780 -0.985186
v 0.139833 2.063012 -0.986264
v 0.613691 2.067749 -0.985178
v 0.139525 1.954531 -0.920233
v 0.613383 1.959267 -0.919147
v 0.139705 1.936499 -0.920224
v 0.613564 1.941236 -0.919138
v 0.139651 1.954505 -0.975241
v 0.613510 1.959242 -0.974155
v 0.139832 1.936474 -0.975233
v 0.613690 1.941211 -0.974147
v 0.141493 2.042247 -0.927403
v 0.615351 2.046983 -0.926317
v 0.141673 2.024215 -0.927394
v 0.615532 2.028952 -0.926308
v 0.141619 2.042221 -0.982411
v 0.615478 2.046958 -0.981326
v 0.141800 2.024190 -0.982403
v 0.615658 2.028927 -0.981317
v 0.141493 1.997553 -0.927403
v 0.615352 2.002289 -0.926317
v 0.141673 1.979522 -0.927394
v 0.615532 1.984258 -0.926308
v 0.141619 1.997527 -0.982411
v 0.615478 2.002264 -0.981326
v 0.141800 1.979496 -0.982403
v 0.615658 1.984233 -0.981317
v 0.127762 1.934130 -0.932886
v 0.128317 2.080073 -0.932567
v 0.145793 1.934061 -0.932875
v 0.146349 2.080004 -0.932556
v 0.127795 1.934250 -0.987894
v 0.128350 2.080193 -0.987575
v 0.145826 1.934182 -0.987884
v 0.146382 2.080125 -0.987565
v 0.125456 2.074793 -0.952551
v 0.610134 2.075754 -0.957364
v 0.125677 2.075256 -0.930205
v 0.610355 2.076217 -0.935018
v 0.125738 1.945579 -0.949878
v 0.610417 1.946541 -0.954691
v 0.125959 1.946042 -0.927532
v 0.610638 1.947003 -0.932346
v -0.083998 1.941397 -0.933029
v -0.083448 2.087340 -0.932703
v -0.065968 1.941328 -0.932789
v -0.065417 2.087271 -0.932463
v -0.083264 1.941517 -0.988033
v -0.082713 2.087460 -0.987707
v -0.065234 1.941448 -0.987792
v -0.064683 2.087391 -0.987466
v -0.548905 2.081068 -0.937385
v -0.075099 2.085805 -0.930259
v -0.548725 2.063037 -0.937374
v -0.074919 2.067774 -0.930248
v -0.548078 2.081043 -0.992387
v -0.074272 2.085780 -0.985261
v -0.547898 2.063012 -0.992376
v -0.074092 2.067748 -0.985250
v -0.549047 1.954530 -0.926355
v -0.075241 1.959267 -0.919229
v -0.548867 1.936499 -0.926344
v -0.075061 1.941236 -0.919218
v -0.548220 1.954505 -0.981357
v -0.074414 1.959241 -0.974231
v -0.548040 1.936473 -0.981346
v -0.074234 1.941210 -0.974220
v -0.546988 2.042246 -0.933499
v -0.073182 2.046983 -0.926373
v -0.546808 2.024215 -0.933488
v -0.073002 2.028952 -0.926362
v -0.546160 2.042221 -0.988501
v -0.072354 2.046957 -0.981375
v -0.545980 2.024189 -0.988490
v -0.072174 2.028926 -0.981364
v -0.546988 1.997552 -0.933499
v -0.073182 2.002289 -0.926373
v -0.546808 1.979521 -0.933488
v -0.073002 1.984258 -0.926362
v -0.546160 1.997527 -0.988501
v -0.072354 2.002264 -0.981375
v -0.545980 1.979496 -0.988490
v -0.072174 1.984232 -0.981364
v -0.560648 1.934130 -0.939157
v -0.560097 2.080073 -0.938831
v -0.542618 1.934061 -0.938916
v -0.542067 2.080004 -0.938590
v -0.559914 1.934250 -0.994160
v -0.559363 2.080193 -0.993834
v -0.541884 1.934181 -0.993919
v -0.541333 2.080124 -0.993593
v -0.562704 2.074793 -0.958849
v -0.078003 2.075754 -0.957484
v -0.562768 2.075255 -0.936503
v -0.078067 2.076216 -0.935137
v -0.562455 1.945579 -0.956173
v -0.077755 1.946540 -0.954808
v -0.562519 1.946042 -0.933827
v -0.077818 1.947003 -0.932461
v -0.645083 1.358225 -0.987172
v 0.675134 1.362394 -0.986462
v -0.645094 1.358534 -0.969144
v 0.675123 1.362703 -0.968433
v -0.644495 1.171467 -0.983968
v 0.675722 1.175637 -0.983257
v -0.644506 1.171776 -0.965940
v 0.675711 1.175946 -0.965229
v 0.604457 1.232784 -0.983145
v 0.605012 1.378727 -0.982826
v 0.622489 1.232715 -0.983134
v 0.623044 1.378658 -0.982815
v 0.604490 1.232904 -1.038153
v 0.605045 1.378847 -1.037834
v 0.622522 1.232835 -1.038142
v 0.623077 1.378778 -1.037823
v 0.139532 1.372455 -0.981574
v 0.613391 1.377192 -0.980488
v 0.139712 1.354424 -0.981565
v 0.613571 1.359161 -0.980479
v 0.139659 1.372430 -1.036582
v 0.613517 1.377167 -1.035496
v 0.139839 1.354398 -1.036573
v 0.613697 1.359135 -1.035487
v 0.139531 1.245917 -0.970543
v 0.613389 1.250654 -0.969457
v 0.139711 1.227886 -0.970534
v 0.613570 1.232623 -0.969448
v 0.139657 1.245892 -1.025551
v 0.613516 1.250628 -1.024465
v 0.139837 1.227860 -1.025542
v 0.613696 1.232597 -1.024457
v 0.141499 1.333633 -0.977713
v 0.615357 1.338370 -0.976627
v 0.141679 1.315602 -0.977704
v 0.615538 1.320338 -0.976618
v 0.141625 1.333608 -1.032721
v 0.615484 1.338344 -1.031635
v 0.141805 1.315576 -1.032712
v 0.615664 1.320313 -1.031627
v 0.141499 1.288939 -0.977713
v 0.615357 1.293676 -0.976627
v 0.141679 1.270908 -0.977704
v 0.615538 1.275645 -0.976618
v 0.141625 1.288914 -1.032721
v 0.615484 1.293650 -1.031635
v 0.141805 1.270883 -1.032712
v 0.615664 1.275619 -1.031627
v 0.127768 1.225516 -0.983196
v 0.128323 1.371459 -0.982877
v 0.145799 1.225448 -0.983185
v 0.146354 1.371391 -0.982866
v 0.127801 1.225637 -1.038204
v 0.128356 1.371580 -1.037885
v 0.145832 1.225568 -1.038193
v 0.146387 1.371511 -1.037874
v 0.125461 1.366180 -1.002861
v 0.610140 1.367141 -1.007674
v 0.125682 1.366642 -0.980515
v 0.610361 1.367604 -0.985328
v 0.125744 1.236966 -1.000188
v 0.610423 1.237927 -1.005001
v 0.125965 1.237429 -0.977842
v 0.610644 1.238390 -0.982656
v -0.083993 1.227115 -0.981652
v -0.083442 1.373058 -0.981326
v -0.065963 1.227046 -0.981411
v -0.065412 1.372989 -0.981085
v -0.083259 1.227235 -1.036655
v -0.082708 1.373178 -1.036329
v -0.065228 1.227166 -1.036415
v -0.064677 1.373109 -1.036089
v -0.548900 1.366786 -0.986007
v -0.075093 1.371523 -0.978881
v -0.548720 1.348755 -0.985996
v -0.074913 1.353492 -0.978870
v -0.548072 1.366761 -1.041010
v -0.074266 1.371497 -1.033883
v -0.547892 1.348730 -1.040999
v -0.074086 1.353466 -1.033872
v -0.549041 1.240248 -0.974977
v -0.075235 1.244985 -0.967851
v -0.548861 1.222217 -0.974966
v -0.075055 1.226954 -0.967840
v -0.548214 1.240223 -1.029980
v -0.074408 1.244959 -1.022854
v -0.548034 1.222191 -1.029969
v -0.074228 1.226928 -1.022843
v -0.546982 1.327964 -0.982122
v -0.073176 1.332701 -0.974996
v -0.546802 1.309933 -0.982111
v -0.072996 1.314669 -0.974985
v -0.546155 1.327939 -1.037124
v -0.072349 1.332675 -1.029998
v -0.545975 1.309907 -1.037113
v -0.072168 1.314644 -1.029987
v -0.546982 1.283270 -0.982122
v -0.073176 1.288007 -0.974996
v -0.546802 1.265239 -0.982111
v -0.072996 1.269976 -0.974985
v -0.546155 1.283245 -1.037124
v -0.072349 1.287982 -1.029998
v -0.545975 1.265213 -1.037113
v -0.072168 1.269950 -1.029987
v -0.560642 1.219847 -0.987779
v -0.560092 1.365790 -0.987453
v -0.542612 1.219779 -0.987539
v -0.542061 1.365722 -0.987213
v -0.559908 1.219968 -1.042783
v -0.559358 1.365911 -1.042457
v -0.541878 1.219899 -1.042542
v -0.541327 1.365842 -1.042216
v -0.562698 1.360511 -1.007472
v -0.077997 1.361472 -1.006106
v -0.562762 1.360973 -0.985125
v -0.078061 1.361934 -0.983760
v -0.562449 1.231297 -1.004796
v -0.077749 1.232258 -1.003430
v -0.562513 1.231760 -0.982449
v -0.077813 1.232721 -0.981084
v -0.564901 1.337158 -0.972884
v 0.576797 1.340764 -0.972269
v -0.565100 1.342895 -0.638468
v 0.576599 1.346501 -0.637853
v -0.564494 1.207769 -0.970664
v 0.577205 1.211375 -0.970049
v -0.564692 1.213506 -0.636248
v 0.577007 1.217112 -0.635633
v -0.671374 2.479191 -0.751584
v -0.671374 2.283871 -0.751584
v -0.660439 2.479191 -0.954339
v -0.660439 2.283871 -0.954339
v -0.622548 2.479191 -0.748950
v -0.622548 2.283871 -0.748950
v -0.611613 2.479191 -0.951705
v -0.611613 2.283871 -0.951705
v -0.707441 2.293050 -0.756285
v -0.707441 2.274329 -0.756285
v -0.696506 2.293050 -0.959040
v -0.696506 2.274329 -0.959040
v -0.658615 2.293050 -0.753651
v -0.658615 2.274329 -0.753651
v -0.647680 2.293050 -0.956406
v -0.647680 2.274329 -0.956406
v -0.695776 2.481465 -0.756283
v -0.695776 2.462744 -0.756283
v -0.684841 2.481465 -0.959038
v -0.684841 2.462744 -0.959038
v -0.646950 2.481465 -0.753650
v -0.646950 2.462744 -0.753650
v -0.636015 2.481465 -0.956405
v -0.636015 2.462744 -0.956405
v -0.695776 2.447312 -0.756283
v -0.695776 2.428591 -0.756283
v -0.684841 2.447312 -0.959038
v -0.684841 2.428591 -0.959038
v -0.646950 2.447312 -0.753650
v -0.646950 2.428591 -0.753650
v -0.636015 2.447312 -0.956405
v -0.636015 2.428591 -0.956405
v -0.695776 2.407545 -0.756283
v -0.695776 2.388824 -0.756283
v -0.684841 2.407545 -0.959038
v -0.684841 2.388824 -0.959038
v -0.646950 2.407545 -0.753650
v -0.646950 2.388824 -0.753650
v -0.636015 2.407545 -0.956405
v -0.636015 2.388824 -0.956405
v -0.699482 2.371479 -0.756284
v -0.699482 2.352757 -0.756284
v -0.688547 2.371479 -0.959039
v -0.688547 2.352757 -0.959039
v -0.650656 2.371479 -0.753650
v -0.650656 2.352757 -0.753650
v -0.639721 2.371479 -0.956405
v -0.639721 2.352757 -0.956405
v -0.699482 2.329587 -0.756284
v -0.699482 2.310865 -0.756284
v -0.688547 2.329587 -0.959039
v -0.688547 2.310865 -0.959039
v -0.650656 2.329587 -0.753650
v -0.650656 2.310866 -0.753650
v -0.639721 2.329587 -0.956405
v -0.639721 2.310866 -0.956405
v -0.671373 1.688702 -0.751584
v -0.671373 1.493382 -0.751584
v -0.660439 1.688702 -0.954339
v -0.660439 1.493382 -0.954339
v -0.622548 1.688702 -0.748950
v -0.622547 1.493382 -0.748950
v -0.611613 1.688702 -0.951705
v -0.611613 1.493382 -0.951705
v -0.707440 1.502561 -0.756285
v -0.707440 1.483840 -0.756285
v -0.696506 1.502561 -0.959040
v -0.696506 1.483840 -0.959040
v -0.658615 1.502561 -0.753651
v -0.658615 1.483840 -0.753651
v -0.647680 1.502561 -0.956406
v -0.647680 1.483840 -0.956406
v -0.695775 1.690976 -0.756283
v -0.695775 1.672255 -0.756283
v -0.684841 1.690976 -0.959038
v -0.684841 1.672255 -0.959038
v -0.646949 1.690976 -0.753650
v -0.646949 1.672255 -0.753650
v -0.636015 1.690976 -0.956405
v -0.636015 1.672255 -0.956405
v -0.695775 1.656823 -0.756283
v -0.695775 1.638102 -0.756283
v -0.684840 1.656823 -0.959038
v -0.684840 1.638102 -0.959038
v -0.646949 1.656823 -0.753650
v -0.646949 1.638102 -0.753650
v -0.636015 1.656823 -0.956405
v -0.636015 1.638102 -0.956405
v -0.695775 1.617056 -0.756283
v -0.695775 1.598335 -0.756283
v -0.684841 1.617056 -0.959038
v -0.684841 1.598335 -0.959038
v -0.646949 1.617056 -0.753650
v -0.646949 1.598335 -0.753650
v -0.636015 1.617056 -0.956405
v -0.636015 1.598335 -0.956405
v -0.699481 1.580990 -0.756284
v -0.699481 1.562268 -0.756284
v -0.688547 1.580990 -0.959038
v -0.688547 1.562268 -0.959038
v -0.650656 1.580990 -0.753650
v -0.650656 1.562269 -0.753650
v -0.639721 1.580990 -0.956405
v -0.639721 1.562269 -0.956405
v -0.699481 1.539098 -0.756284
v -0.699481 1.520377 -0.756284
v -0.688547 1.539098 -0.959038
v -0.688547 1.520377 -0.959038
v -0.650656 1.539098 -0.753650
v -0.650656 1.520377 -0.753650
v -0.639721 1.539098 -0.956405
v -0.639721 1.520377 -0.956405
v 0.728080 1.904878 -0.963655
v 0.728080 1.709558 -0.963655
v 0.725431 1.904878 -0.760623
v 0.725431 1.709558 -0.760623
v 0.679187 1.904878 -0.964293
v 0.679187 1.709558 -0.964293
v 0.676538 1.904878 -0.761261
v 0.676538 1.709558 -0.761261
v 0.764309 1.718738 -0.960430
v 0.764309 1.700017 -0.960430
v 0.761660 1.718738 -0.757398
v 0.761660 1.700017 -0.757398
v 0.715416 1.718738 -0.961068
v 0.715416 1.700016 -0.961068
v 0.712767 1.718738 -0.758036
v 0.712767 1.700016 -0.758036
v 0.752653 1.907152 -0.959955
v 0.752653 1.888431 -0.959955
v 0.750004 1.907152 -0.756923
v 0.750004 1.888431 -0.756923
v 0.703761 1.907152 -0.960593
v 0.703761 1.888431 -0.960593
v 0.701111 1.907152 -0.757561
v 0.701111 1.888431 -0.757561
v 0.752653 1.873000 -0.959955
v 0.752653 1.854279 -0.959955
v 0.750004 1.873000 -0.756923
v 0.750004 1.854279 -0.756923
v 0.703761 1.873000 -0.960593
v 0.703761 1.854279 -0.960593
v 0.701111 1.873000 -0.757561
v 0.701111 1.854279 -0.757561
v 0.752653 1.833232 -0.959955
v 0.752653 1.814511 -0.959955
v 0.750004 1.833232 -0.756923
v 0.750004 1.814511 -0.756923
v 0.703761 1.833232 -0.960593
v 0.703761 1.814511 -0.960593
v 0.701111 1.833232 -0.757561
v 0.701111 1.814511 -0.757561
v 0.756356 1.797166 -0.960106
v 0.756356 1.778445 -0.960106
v 0.753707 1.797166 -0.757074
v 0.753707 1.778445 -0.757074
v 0.707464 1.797166 -0.960744
v 0.707464 1.778445 -0.960744
v 0.704815 1.797166 -0.757712
v 0.704815 1.778445 -0.757712
v 0.756356 1.755274 -0.960106
v 0.756356 1.736553 -0.960106
v 0.753707 1.755274 -0.757074
v 0.753707 1.736553 -0.757074
v 0.707464 1.755274 -0.960744
v 0.707464 1.736553 -0.960744
v 0.704815 1.755274 -0.757712
v 0.704815 1.736553 -0.757712
v 0.258803 2.597603 -0.975011
v 0.258803 2.623977 -0.975011
v -0.267911 2.597602 -0.975068
v -0.267912 2.623977 -0.975068
v 0.258784 2.597603 -0.799007
v 0.258784 2.623977 -0.799007
v -0.267930 2.597602 -0.799063
v -0.267930 2.623977 -0.799063
v 0.259745 2.722166 -0.965759
v 0.242517 2.722015 -0.965761
v 0.262120 2.593807 -0.965759
v 0.244891 2.593656 -0.965761
v 0.259726 2.722166 -0.789754
v 0.242498 2.722015 -0.789756
v 0.262101 2.593807 -0.789754
v 0.244872 2.593656 -0.789756
v 0.137784 2.722166 -0.965772
v 0.120556 2.722015 -0.965774
v 0.140159 2.593807 -0.965772
v 0.122930 2.593656 -0.965774
v 0.137765 2.722166 -0.789767
v 0.120537 2.722015 -0.789769
v 0.140140 2.593807 -0.789767
v 0.122911 2.593656 -0.789769
v -0.009242 2.721508 -0.965788
v -0.026470 2.721357 -0.965790
v -0.006868 2.593149 -0.965788
v -0.024096 2.592999 -0.965789
v -0.009261 2.721508 -0.789783
v -0.026489 2.721357 -0.789785
v -0.006886 2.593149 -0.789783
v -0.024115 2.592999 -0.789785
v -0.137124 2.718604 -0.965801
v -0.154352 2.718453 -0.965803
v -0.134749 2.590245 -0.965801
v -0.151978 2.590094 -0.965803
v -0.137143 2.718604 -0.789797
v -0.154371 2.718453 -0.789798
v -0.134768 2.590245 -0.789796
v -0.151997 2.590094 -0.789798
v -0.252448 2.718687 -0.965814
v -0.269676 2.718536 -0.965816
v -0.250073 2.590328 -0.965813
v -0.267302 2.590177 -0.965815
v -0.252467 2.718686 -0.789809
v -0.269695 2.718536 -0.789811
v -0.250092 2.590328 -0.789809
v -0.267320 2.590177 -0.789810
v 0.258885 2.699287 -0.972129
v 0.258714 2.725661 -0.972129
v -0.267823 2.697668 -0.972185
v -0.267995 2.724042 -0.972185
v 0.258867 2.699287 -0.796124
v 0.258695 2.725661 -0.796124
v -0.267842 2.697668 -0.796180
v -0.268014 2.724042 -0.796180
v 0.065906 2.722166 -0.965780
v 0.048677 2.722015 -0.965782
v 0.068280 2.593807 -0.965779
v 0.051052 2.593656 -0.965781
v 0.065887 2.722166 -0.789775
v 0.048659 2.722015 -0.789777
v 0.068261 2.593807 -0.789775
v 0.051033 2.593656 -0.789777
v 0.205991 2.721778 -0.965765
v 0.188762 2.721627 -0.965767
v 0.208365 2.593419 -0.965765
v 0.191137 2.593268 -0.965766
v 0.205972 2.721778 -0.789760
v 0.188743 2.721627 -0.789762
v 0.208346 2.593419 -0.789760
v 0.191118 2.593269 -0.789762
v -0.070679 2.721508 -0.965794
v -0.087907 2.721357 -0.965796
v -0.068304 2.593149 -0.965794
v -0.085533 2.592999 -0.965796
v -0.070698 2.721508 -0.789789
v -0.087926 2.721357 -0.789791
v -0.068323 2.593149 -0.789789
v -0.085551 2.592999 -0.789791
v -0.208254 2.721508 -0.965809
v -0.225483 2.721357 -0.965811
v -0.205880 2.593149 -0.965809
v -0.223108 2.592998 -0.965811
v -0.208273 2.721508 -0.789804
v -0.225501 2.721357 -0.789806
v -0.205899 2.593149 -0.789804
v -0.223127 2.592998 -0.789806
v 0.318269 2.772756 -0.965753
v 0.301040 2.772537 -0.965755
v 0.320643 2.586093 -0.965752
v 0.303415 2.585874 -0.965754
v 0.318250 2.772756 -0.789748
v 0.301021 2.772537 -0.789750
v 0.320624 2.586093 -0.789748
v 0.303396 2.585874 -0.789750
v 0.625575 2.609097 -0.962066
v 0.625575 2.647452 -0.962066
v 0.305774 2.609097 -0.962100
v 0.305774 2.647452 -0.962100
v 0.625556 2.609097 -0.786061
v 0.625556 2.647452 -0.786061
v 0.305755 2.609097 -0.786095
v 0.305755 2.647452 -0.786095
v 0.625575 2.665570 -0.962066
v 0.625575 2.703925 -0.962066
v 0.305774 2.665570 -0.962100
v 0.305774 2.703925 -0.962100
v 0.625556 2.665570 -0.786061
v 0.625556 2.703925 -0.786061
v 0.305755 2.665570 -0.786095
v 0.305755 2.703925 -0.786095
v 0.625575 2.729457 -0.962066
v 0.625575 2.767811 -0.962066
v 0.305774 2.729456 -0.962100
v 0.305774 2.767811 -0.962100
v 0.625556 2.729457 -0.786061
v 0.625556 2.767811 -0.786061
v 0.305755 2.729456 -0.786095
v 0.305755 2.767811 -0.786095
v 0.629944 2.772756 -0.965719
v 0.612716 2.772537 -0.965721
v 0.632319 2.586093 -0.965719
v 0.615090 2.585874 -0.965721
v 0.629926 2.772756 -0.789715
v 0.612697 2.772537 -0.789716
v 0.632300 2.586093 -0.789714
v 0.615072 2.585874 -0.789716
v 0.625575 2.609097 -0.962066
v 0.625575 2.647452 -0.962066
v 0.305774 2.609097 -0.962100
v 0.305774 2.647452 -0.962100
v 0.625556 2.609097 -0.786061
v 0.625556 2.647452 -0.786061
v 0.305755 2.609097 -0.786095
v 0.305755 2.647452 -0.786095
v -0.591295 2.736830 -0.965850
v -0.602565 2.736686 -0.965851
v -0.588921 2.550175 -0.965849
v -0.600191 2.550032 -0.965851
v -0.591314 2.736830 -0.789845
v -0.602584 2.736686 -0.789846
v -0.588940 2.550175 -0.789845
v -0.600210 2.550032 -0.789846
v -0.389525 2.571836 -0.962174
v -0.389694 2.610187 -0.962174
v -0.598750 2.573243 -0.962197
v -0.598918 2.611593 -0.962197
v -0.389544 2.571836 -0.786170
v -0.389712 2.610187 -0.786170
v -0.598769 2.573243 -0.786192
v -0.598937 2.611593 -0.786192
v -0.389773 2.628304 -0.962174
v -0.389942 2.666654 -0.962174
v -0.598998 2.629710 -0.962197
v -0.599167 2.668060 -0.962197
v -0.389792 2.628304 -0.786170
v -0.389961 2.666654 -0.786170
v -0.599017 2.629710 -0.786192
v -0.599186 2.668060 -0.786192
v -0.390054 2.692183 -0.962174
v -0.390223 2.730534 -0.962174
v -0.599279 2.693589 -0.962197
v -0.599448 2.731940 -0.962197
v -0.390073 2.692183 -0.786170
v -0.390242 2.730534 -0.786170
v -0.599298 2.693589 -0.786192
v -0.599467 2.731940 -0.786192
v -0.387386 2.735459 -0.965828
v -0.398656 2.735316 -0.965829
v -0.385011 2.548805 -0.965828
v -0.396282 2.548661 -0.965829
v -0.387405 2.735459 -0.789823
v -0.398675 2.735316 -0.789824
v -0.385030 2.548805 -0.789823
v -0.396301 2.548661 -0.789824
v -0.389525 2.571836 -0.962174
v -0.389694 2.610187 -0.962174
v -0.598750 2.573243 -0.962197
v -0.598918 2.611593 -0.962197
v -0.389544 2.571836 -0.786170
v -0.389712 2.610187 -0.786170
v -0.598769 2.573243 -0.786192
v -0.598937 2.611593 -0.786192
v -0.692315 2.020553 -0.705122
v -0.641000 2.020441 -0.705116
v -0.692414 1.975355 -0.705122
v -0.641099 1.975242 -0.705116
v -0.692284 2.020553 -0.992384
v -0.640969 2.020441 -0.992379
v -0.692383 1.975355 -0.992384
v -0.641068 1.975242 -0.992379
v 0.694229 2.119599 -0.702469
v 0.745544 2.119487 -0.702463
v 0.694129 2.074401 -0.702469
v 0.745444 2.074288 -0.702463
v 0.694259 2.119599 -0.989731
v 0.745574 2.119487 -0.989726
v 0.694160 2.074401 -0.989731
v 0.745475 2.074288 -0.989726
v 0.694228 2.291264 -0.702469
v 0.745543 2.291151 -0.702463
v 0.694129 2.246066 -0.702469
v 0.745444 2.245953 -0.702463
v 0.694259 2.291264 -0.989732
v 0.745574 2.291151 -0.989726
v 0.694160 2.246066 -0.989732
v 0.745475 2.245953 -0.989726
v 0.694228 2.466663 -0.702469
v 0.745543 2.466551 -0.702463
v 0.694129 2.421465 -0.702469
v 0.745444 2.421352 -0.702463
v 0.694259 2.466663 -0.989732
v 0.745574 2.466551 -0.989726
v 0.694160 2.421465 -0.989732
v 0.745474 2.421352 -0.989726
vt 0.625000 0.500000
vt 0.875000 0.500000
vt 0.875000 0.750000
vt 0.625000 0.750000
vt 0.375000 0.750000
vt 0.625000 1.000000
vt 0.375000 1.000000
vt 0.375000 0.000000
vt 0.625000 0.000000
vt 0.625000 0.250000
vt 0.375000 0.250000
vt 0.125000 0.500000
vt 0.375000 0.500000
vt 0.125000 0.750000
vt 0.625000 0.500000
vt 0.875000 0.500000
vt 0.875000 0.750000
vt 0.625000 0.750000
vt 0.375000 0.750000
vt 0.625000 1.000000
vt 0.375000 1.000000
vt 0.375000 0.000000
vt 0.625000 0.000000
vt 0.625000 0.250000
vt 0.375000 0.250000
vt 0.125000 0.500000
vt 0.375000 0.500000
vt 0.125000 0.750000
vt 0.625000 0.500000
vt 0.875000 0.500000
vt 0.875000 0.750000
vt 0.625000 0.750000
vt 0.375000 0.750000
vt 0.625000 1.000000
vt 0.375000 1.000000
vt 0.375000 0.000000
vt 0.625000 0.000000
vt 0.625000 0.250000
vt 0.375000 0.250000
vt 0.125000 0.500000
vt 0.375000 0.500000
vt 0.125000 0.750000
vt 0.625000 0.500000
vt 0.875000 0.500000
vt 0.875000 0.750000
vt 0.625000 0.750000
vt 0.375000 0.750000
vt 0.625000 1.000000
vt 0.375000 1.000000
vt 0.375000 0.000000
vt 0.625000 0.000000
vt 0.625000 0.250000
vt 0.375000 0.250000
vt 0.125000 0.500000
vt 0.375000 0.500000
vt 0.125000 0.750000
vt 0.625000 0.500000
vt 0.875000 0.500000
vt 0.875000 0.750000
vt 0.625000 0.750000
vt 0.375000 0.750000
vt 0.625000 1.000000
vt 0.375000 1.000000
vt 0.375000 0.000000
vt 0.625000 0.000000
vt 0.625000 0.250000
vt 0.375000 0.250000
vt 0.125000 0.500000
vt 0.375000 0.500000
vt 0.125000 0.750000
vt 0.625000 0.500000
vt 0.875000 0.500000
vt 0.875000 0.750000
vt 0.625000 0.750000
vt 0.375000 0.750000
vt 0.625000 1.000000
vt 0.375000 1.000000
vt 0.375000 0.000000
vt 0.625000 0.000000
vt 0.625000 0.250000
vt 0.375000 0.250000
vt 0.125000 0.500000
vt 0.375000 0.500000
vt 0.125000 0.750000
vt 0.625000 0.500000
vt 0.875000 0.500000
vt 0.875000 0.750000
vt 0.625000 0.750000
vt 0.375000 0.750000
vt 0.625000 1.000000
vt 0.375000 1.000000
vt 0.375000 0.000000
vt 0.625000 0.000000
vt 0.625000 0.250000
vt 0.375000 0.250000
vt 0.125000 0.500000
vt 0.375000 0.500000
vt 0.125000 0.750000
vt 0.625000 0.500000
vt 0.875000 0.500000
vt 0.875000 0.750000
vt 0.625000 0.750000
vt 0.375000 0.750000
vt 0.625000 1.000000
vt 0.375000 1.000000
vt 0.375000 0.000000
vt 0.625000 0.000000
vt 0.625000 0.250000
vt 0.375000 0.250000
vt 0.125000 0.500000
vt 0.375000 0.500000
vt 0.125000 0.750000
vt 0.625000 0.500000
vt 0.875000 0.500000
vt 0.875000 0.750000
vt 0.625000 0.750000
vt 0.375000 0.750000
vt 0.625000 1.000000
vt 0.375000 1.000000
vt 0.375000 0.000000
vt 0.625000 0.000000
vt 0.625000 0.250000
vt 0.375000 0.250000
vt 0.125000 0.500000
vt 0.375000 0.500000
vt 0.125000 0.750000
vt 0.625000 0.500000
vt 0.875000 0.500000
vt 0.875000 0.750000
vt 0.625000 0.750000
vt 0.375000 0.750000
vt 0.625000 1.000000
vt 0.375000 1.000000
vt 0.375000 0.000000
vt 0.625000 0.000000
vt 0.625000 0.250000
vt 0.375000 0.250000
vt 0.125000 0.500000
vt 0.375000 0.500000
vt 0.125000 0.750000
vt 0.625000 0.500000
vt 0.875000 0.500000
vt 0.875000 0.750000
vt 0.625000 0.750000
vt 0.375000 0.750000
vt 0.625000 1.000000
vt 0.375000 1.000000
vt 0.375000 0.000000
vt 0.625000 0.000000
vt 0.625000 0.250000
vt 0.375000 0.250000
vt 0.125000 0.500000
vt 0.375000 0.500000
vt 0.125000 0.750000
vt 0.625000 0.500000
vt 0.875000 0.500000
vt 0.875000 0.750000
vt 0.625000 0.750000
vt 0.375000 0.750000
vt 0.625000 1.000000
vt 0.375000 1.000000
vt 0.375000 0.000000
vt 0.625000 0.000000
vt 0.625000 0.250000
vt 0.375000 0.250000
vt 0.125000 0.500000
vt 0.375000 0.500000
vt 0.125000 0.750000
vt 0.625000 0.500000
vt 0.875000 0.500000
vt 0.875000 0.750000
vt 0.625000 0.750000
vt 0.375000 0.750000
vt 0.625000 1.000000
vt 0.375000 1.000000
vt 0.375000 0.000000
vt 0.625000 0.000000
vt 0.625000 0.250000
vt 0.375000 0.250000
vt 0.125000 0.500000
vt 0.375000 0.500000
vt 0.125000 0.750000
vt 0.625000 0.500000
vt 0.875000 0.500000
vt 0.875000 0.750000
vt 0.625000 0.750000
vt 0.375000 0.750000
vt 0.625000 1.000000
vt 0.375000 1.000000
vt 0.375000 0.000000
vt 0.625000 0.000000
vt 0.625000 0.250000
vt 0.375000 0.250000
vt 0.125000 0.500000
vt 0.375000 0.500000
vt 0.125000 0.750000
vt 0.625000 0.500000
vt 0.875000 0.500000
vt 0.875000 0.750000
vt 0.625000 0.750000
vt 0.375000 0.750000
vt 0.625000 1.000000
vt 0.375000 1.000000
vt 0.375000 0.000000
vt 0.625000 0.000000
vt 0.625000 0.250000
vt 0.375000 0.250000
vt 0.125000 0.500000
vt 0.375000 0.500000
vt 0.125000 0.750000
vt 0.625000 0.500000
vt 0.875000 0.500000
vt 0.875000 0.750000
vt 0.625000 0.750000
vt 0.375000 0.750000
vt 0.625000 1.000000
vt 0.375000 1.000000
vt 0.375000 0.000000
vt 0.625000 0.000000
vt 0.625000 0.250000
vt 0.375000 0.250000
vt 0.125000 0.500000
vt 0.375000 0.500000
vt 0.125000 0.750000
vt 0.625000 0.500000
vt 0.875000 0.500000
vt 0.875000 0.750000
vt 0.625000 0.750000
vt 0.375000 0.750000
vt 0.625000 1.000000
vt 0.375000 1.000000
vt 0.375000 0.000000
vt 0.625000 0.000000
vt 0.625000 0.250000
vt 0.375000 0.250000
vt 0.125000 0.500000
vt 0.375000 0.500000
vt 0.125000 0.750000
vt 0.625000 0.500000
vt 0.875000 0.500000
vt 0.875000 0.750000
vt 0.625000 0.750000
vt 0.375000 0.750000
vt 0.625000 1.000000
vt 0.375000 1.000000
vt 0.375000 0.000000
vt 0.625000 0.000000
vt 0.625000 0.250000
vt 0.375000 0.250000
vt 0.125000 0.500000
vt 0.375000 0.500000
vt 0.125000 0.750000
vt 0.625000 0.500000
vt 0.875000 0.500000
vt 0.875000 0.750000
vt 0.625000 0.750000
vt 0.375000 0.750000
vt 0.625000 1.000000
vt 0.375000 1.000000
vt 0.375000 0.000000
vt 0.625000 0.000000
vt 0.625000 0.250000
vt 0.375000 0.250000
vt 0.125000 0.500000
vt 0.375000 0.500000
vt 0.125000 0.750000
vt 0.625000 0.500000
vt 0.875000 0.500000
vt 0.875000 0.750000
vt 0.625000 0.750000
vt 0.375000 0.750000
vt 0.625000 1.000000
vt 0.375000 1.000000
vt 0.375000 0.000000
vt 0.625000 0.000000
vt 0.625000 0.250000
vt 0.375000 0.250000
vt 0.125000 0.500000
vt 0.375000 0.500000
vt 0.125000 0.750000
vt 0.625000 0.500000
vt 0.875000 0.500000
vt 0.875000 0.750000
vt 0.625000 0.750000
vt 0.375000 0.750000
vt 0.625000 1.000000
vt 0.375000 1.000000
vt 0.375000 0.000000
vt 0.625000 0.000000
vt 0.625000 0.250000
vt 0.375000 0.250000
vt 0.125000 0.500000
vt 0.375000 0.500000
vt 0.125000 0.750000
vt 0.625000 0.500000
vt 0.875000 0.500000
vt 0.875000 0.750000
vt 0.625000 0.750000
vt 0.375000 0.750000
vt 0.625000 1.000000
vt 0.375000 1.000000
vt 0.375000 0.000000
vt 0.625000 0.000000
vt 0.625000 0.250000
vt 0.375000 0.250000
vt 0.125000 0.500000
vt 0.375000 0.500000
vt 0.125000 0.750000
vt 0.625000 0.500000
vt 0.875000 0.500000
vt 0.875000 0.750000
vt 0.625000 0.750000
vt 0.375000 0.750000
vt 0.625000 1.000000
vt 0.375000 1.000000
vt 0.375000 0.000000
vt 0.625000 0.000000
vt 0.625000 0.250000
vt 0.375000 0.250000
vt 0.125000 0.500000
vt 0.375000 0.500000
vt 0.125000 0.750000
vt 0.625000 0.500000
vt 0.875000 0.500000
vt 0.875000 0.750000
vt 0.625000 0.750000
vt 0.375000 0.750000
vt 0.625000 1.000000
vt 0.375000 1.000000
vt 0.375000 0.000000
vt 0.625000 0.000000
vt 0.625000 0.250000
vt 0.375000 0.250000
vt 0.125000 0.500000
vt 0.375000 0.500000
vt 0.125000 0.750000
vt 0.625000 0.500000
vt 0.875000 0.500000
vt 0.875000 0.750000
vt 0.625000 0.750000
vt 0.375000 0.750000
vt 0.625000 1.000000
vt 0.375000 1.000000
vt 0.375000 0.000000
vt 0.625000 0.000000
vt 0.625000 0.250000
vt 0.375000 0.250000
vt 0.125000 0.500000
vt 0.375000 0.500000
vt 0.125000 0.750000
vt 0.625000 0.500000
vt 0.875000 0.500000
vt 0.875000 0.750000
vt 0.625000 0.750000
vt 0.375000 0.750000
vt 0.625000 1.000000
vt 0.375000 1.000000
vt 0.375000 0.000000
vt 0.625000 0.000000
vt 0.625000 0.250000
vt 0.375000 0.250000
vt 0.125000 0.500000
vt 0.375000 0.500000
vt 0.125000 0.750000
vt 0.625000 0.500000
vt 0.875000 0.500000
vt 0.875000 0.750000
vt 0.625000 0.750000
vt 0.375000 0.750000
vt 0.625000 1.000000
vt 0.375000 1.000000
vt 0.375000 0.000000
vt 0.625000 0.000000
vt 0.625000 0.250000
vt 0.375000 0.250000
vt 0.125000 0.500000
vt 0.375000 0.500000
vt 0.125000 0.750000
vt 0.625000 0.500000
vt 0.875000 0.500000
vt 0.875000 0.750000
vt 0.625000 0.750000
vt 0.375000 0.750000
vt 0.625000 1.000000
vt 0.375000 1.000000
vt 0.375000 0.000000
vt 0.625000 0.000000
vt 0.625000 0.250000
vt 0.375000 0.250000
vt 0.125000 0.500000
vt 0.375000 0.500000
vt 0.125000 0.750000
vt 0.625000 0.500000
vt 0.875000 0.500000
vt 0.875000 0.750000
vt 0.625000 0.750000
vt 0.375000 0.750000
vt 0.625000 1.000000
vt 0.375000 1.000000
vt 0.375000 0.000000
vt 0.625000 0.000000
vt 0.625000 0.250000
vt 0.375000 0.250000
vt 0.125000 0.500000
vt 0.375000 0.500000
vt 0.125000 0.750000
vt 0.625000 0.500000
vt 0.875000 0.500000
vt 0.875000 0.750000
vt 0.625000 0.750000
vt 0.375000 0.750000
vt 0.625000 1.000000
vt 0.375000 1.000000
vt 0.375000 0.000000
vt 0.625000 0.000000
vt 0.625000 0.250000
vt 0.375000 0.250000
vt 0.125000 0.500000
vt 0.375000 0.500000
vt 0.125000 0.750000
vt 0.625000 0.500000
vt 0.875000 0.500000
vt 0.875000 0.750000
vt 0.625000 0.750000
vt 0.375000 0.750000
vt 0.625000 1.000000
vt 0.375000 1.000000
vt 0.375000 0.000000
vt 0.625000 0.000000
vt 0.625000 0.250000
vt 0.375000 0.250000
vt 0.125000 0.500000
vt 0.375000 0.500000
vt 0.125000 0.750000
vt 0.625000 0.500000
vt 0.875000 0.500000
vt 0.875000 0.750000
vt 0.625000 0.750000
vt 0.375000 0.750000
vt 0.625000 1.000000
vt 0.375000 1.000000
vt 0.375000 0.000000
vt 0.625000 0.000000
vt 0.625000 0.250000
vt 0.375000 0.250000
vt 0.125000 0.500000
vt 0.375000 0.500000
vt 0.125000 0.750000
vt 0.625000 0.500000
vt 0.875000 0.500000
vt 0.875000 0.750000
vt 0.625000 0.750000
vt 0.375000 0.750000
vt 0.625000 1.000000
vt 0.375000 1.000000
vt 0.375000 0.000000
vt 0.625000 0.000000
vt 0.625000 0.250000
vt 0.375000 0.250000
vt 0.125000 0.500000
vt 0.375000 0.500000
vt 0.125000 0.750000
vt 0.625000 0.500000
vt 0.875000 0.500000
vt 0.875000 0.750000
vt 0.625000 0.750000
vt 0.375000 0.750000
vt 0.625000 1.000000
vt 0.375000 1.000000
vt 0.375000 0.000000
vt 0.625000 0.000000
vt 0.625000 0.250000
vt 0.375000 0.250000
vt 0.125000 0.500000
vt 0.375000 0.500000
vt 0.125000 0.750000
vt 0.625000 0.500000
vt 0.875000 0.500000
vt 0.875000 0.750000
vt 0.625000 0.750000
vt 0.375000 0.750000
vt 0.625000 1.000000
vt 0.375000 1.000000
vt 0.375000 0.000000
vt 0.625000 0.000000
vt 0.625000 0.250000
vt 0.375000 0.250000
vt 0.125000 0.500000
vt 0.375000 0.500000
vt 0.125000 0.750000
vt 0.625000 0.500000
vt 0.875000 0.500000
vt 0.875000 0.750000
vt 0.625000 0.750000
vt 0.375000 0.750000
vt 0.625000 1.000000
vt 0.375000 1.000000
vt 0.375000 0.000000
vt 0.625000 0.000000
vt 0.625000 0.250000
vt 0.375000 0.250000
vt 0.125000 0.500000
vt 0.375000 0.500000
vt 0.125000 0.750000
vt 0.625000 0.500000
vt 0.875000 0.500000
vt 0.875000 0.750000
vt 0.625000 0.750000
vt 0.375000 0.750000
vt 0.625000 1.000000
vt 0.375000 1.000000
vt 0.375000 0.000000
vt 0.625000 0.000000
vt 0.625000 0.250000
vt 0.375000 0.250000
vt 0.125000 0.500000
vt 0.375000 0.500000
vt 0.125000 0.750000
vt 0.625000 0.500000
vt 0.875000 0.500000
vt 0.875000 0.750000
vt 0.625000 0.750000
vt 0.375000 0.750000
vt 0.625000 1.000000
vt 0.375000 1.000000
vt 0.375000 0.000000
vt 0.625000 0.000000
vt 0.625000 0.250000
vt 0.375000 0.250000
vt 0.125000 0.500000
vt 0.375000 0.500000
vt 0.125000 0.750000
vt 0.625000 0.500000
vt 0.875000 0.500000
vt 0.875000 0.750000
vt 0.625000 0.750000
vt 0.375000 0.750000
vt 0.625000 1.000000
vt 0.375000 1.000000
vt 0.375000 0.000000
vt 0.625000 0.000000
vt 0.625000 0.250000
vt 0.375000 0.250000
vt 0.125000 0.500000
vt 0.375000 0.500000
vt 0.125000 0.750000
vt 0.625000 0.500000
vt 0.875000 0.500000
vt 0.875000 0.750000
vt 0.625000 0.750000
vt 0.375000 0.750000
vt 0.625000 1.000000
vt 0.375000 1.000000
vt 0.375000 0.000000
vt 0.625000 0.000000
vt 0.625000 0.250000
vt 0.375000 0.250000
vt 0.125000 0.500000
vt 0.375000 0.500000
vt 0.125000 0.750000
vt 0.625000 0.500000
vt 0.875000 0.500000
vt 0.875000 0.750000
vt 0.625000 0.750000
vt 0.375000 0.750000
vt 0.625000 1.000000
vt 0.375000 1.000000
vt 0.375000 0.000000
vt 0.625000 0.000000
vt 0.625000 0.250000
vt 0.375000 0.250000
vt 0.125000 0.500000
vt 0.375000 0.500000
vt 0.125000 0.750000
vt 0.625000 0.500000
vt 0.875000 0.500000
vt 0.875000 0.750000
vt 0.625000 0.750000
vt 0.375000 0.750000
vt 0.625000 1.000000
vt 0.375000 1.000000
vt 0.375000 0.000000
vt 0.625000 0.000000
vt 0.625000 0.250000
vt 0.375000 0.250000
vt 0.125000 0.500000
vt 0.375000 0.500000
vt 0.125000 0.750000
vt 0.625000 0.500000
vt 0.875000 0.500000
vt 0.875000 0.750000
vt 0.625000 0.750000
vt 0.375000 0.750000
vt 0.625000 1.000000
vt 0.375000 1.000000
vt 0.375000 0.000000
vt 0.625000 0.000000
vt 0.625000 0.250000
vt 0.375000 0.250000
vt 0.125000 0.500000
vt 0.375000 0.500000
vt 0.125000 0.750000
vt 0.625000 0.500000
vt 0.875000 0.500000
vt 0.875000 0.750000
vt 0.625000 0.750000
vt 0.375000 0.750000
vt 0.625000 1.000000
vt 0.375000 1.000000
vt 0.375000 0.000000
vt 0.625000 0.000000
vt 0.625000 0.250000
vt 0.375000 0.250000
vt 0.125000 0.500000
vt 0.375000 0.500000
vt 0.125000 0.750000
vt 0.625000 0.500000
vt 0.875000 0.500000
vt 0.875000 0.750000
vt 0.625000 0.750000
vt 0.375000 0.750000
vt 0.625000 1.000000
vt 0.375000 1.000000
vt 0.375000 0.000000
vt 0.625000 0.000000
vt 0.625000 0.250000
vt 0.375000 0.250000
vt 0.125000 0.500000
vt 0.375000 0.500000
vt 0.125000 0.750000
vt 0.625000 0.500000
vt 0.875000 0.500000
vt 0.875000 0.750000
vt 0.625000 0.750000
vt 0.375000 0.750000
vt 0.625000 1.000000
vt 0.375000 1.000000
vt 0.375000 0.000000
vt 0.625000 0.000000
vt 0.625000 0.250000
vt 0.375000 0.250000
vt 0.125000 0.500000
vt 0.375000 0.500000
vt 0.125000 0.750000
vt 0.625000 0.500000
vt 0.875000 0.500000
vt 0.875000 0.750000
vt 0.625000 0.750000
vt 0.375000 0.750000
vt 0.625000 1.000000
vt 0.375000 1.000000
vt 0.375000 0.000000
vt 0.625000 0.000000
vt 0.625000 0.250000
vt 0.375000 0.250000
vt 0.125000 0.500000
vt 0.375000 0.500000
vt 0.125000 0.750000
vt 0.375000 0.000000
vt 0.625000 0.000000
vt 0.625000 0.250000
vt 0.375000 0.250000
vt 0.625000 0.500000
vt 0.375000 0.500000
vt 0.625000 0.750000
vt 0.375000 0.750000
vt 0.625000 1.000000
vt 0.375000 1.000000
vt 0.125000 0.500000
vt 0.125000 0.750000
vt 0.875000 0.500000
vt 0.875000 0.750000
vt 0.375000 0.000000
vt 0.625000 0.000000
vt 0.625000 0.250000
vt 0.375000 0.250000
vt 0.625000 0.500000
vt 0.375000 0.500000
vt 0.625000 0.750000
vt 0.375000 0.750000
vt 0.625000 1.000000
vt 0.375000 1.000000
vt 0.125000 0.500000
vt 0.125000 0.750000
vt 0.875000 0.500000
vt 0.875000 0.750000
vt 0.375000 0.000000
vt 0.625000 0.000000
vt 0.625000 0.250000
vt 0.375000 0.250000
vt 0.625000 0.500000
vt 0.375000 0.500000
vt 0.625000 0.750000
vt 0.375000 0.750000
vt 0.625000 1.000000
vt 0.375000 1.000000
vt 0.125000 0.500000
vt 0.125000 0.750000
vt 0.875000 0.500000
vt 0.875000 0.750000
vt 0.375000 0.000000
vt 0.625000 0.000000
vt 0.625000 0.250000
vt 0.375000 0.250000
vt 0.625000 0.500000
vt 0.375000 0.500000
vt 0.625000 0.750000
vt 0.375000 0.750000
vt 0.625000 1.000000
vt 0.375000 1.000000
vt 0.125000 0.500000
vt 0.125000 0.750000
vt 0.875000 0.500000
vt 0.875000 0.750000
vt 0.375000 0.000000
vt 0.625000 0.000000
vt 0.625000 0.250000
vt 0.375000 0.250000
vt 0.625000 0.500000
vt 0.375000 0.500000
vt 0.625000 0.750000
vt 0.375000 0.750000
vt 0.625000 1.000000
vt 0.375000 1.000000
vt 0.125000 0.500000
vt 0.125000 0.750000
vt 0.875000 0.500000
vt 0.875000 0.750000
vt 0.375000 0.000000
vt 0.625000 0.000000
vt 0.625000 0.250000
vt 0.375000 0.250000
vt 0.625000 0.500000
vt 0.375000 0.500000
vt 0.625000 0.750000
vt 0.375000 0.750000
vt 0.625000 1.000000
vt 0.375000 1.000000
vt 0.125000 0.500000
vt 0.125000 0.750000
vt 0.875000 0.500000
vt 0.875000 0.750000
vt 0.375000 0.000000
vt 0.625000 0.000000
vt 0.625000 0.250000
vt 0.375000 0.250000
vt 0.625000 0.500000
vt 0.375000 0.500000
vt 0.625000 0.750000
vt 0.375000 0.750000
vt 0.625000 1.000000
vt 0.375000 1.000000
vt 0.125000 0.500000
vt 0.125000 0.750000
vt 0.875000 0.500000
vt 0.875000 0.750000
vt 0.375000 0.000000
vt 0.625000 0.000000
vt 0.625000 0.250000
vt 0.375000 0.250000
vt 0.625000 0.500000
vt 0.375000 0.500000
vt 0.625000 0.750000
vt 0.375000 0.750000
vt 0.625000 1.000000
vt 0.375000 1.000000
vt 0.125000 0.500000
vt 0.125000 0.750000
vt 0.875000 0.500000
vt 0.875000 0.750000
vt 0.375000 0.000000
vt 0.625000 0.000000
vt 0.625000 0.250000
vt 0.375000 0.250000
vt 0.625000 0.500000
vt 0.375000 0.500000
vt 0.625000 0.750000
vt 0.375000 0.750000
vt 0.625000 1.000000
vt 0.375000 1.000000
vt 0.125000 0.500000
vt 0.125000 0.750000
vt 0.875000 0.500000
vt 0.875000 0.750000
vt 0.375000 0.000000
vt 0.625000 0.000000
vt 0.625000 0.250000
vt 0.375000 0.250000
vt 0.625000 0.500000
vt 0.375000 0.500000
vt 0.625000 0.750000
vt 0.375000 0.750000
vt 0.625000 1.000000
vt 0.375000 1.000000
vt 0.125000 0.500000
vt 0.125000 0.750000
vt 0.875000 0.500000
vt 0.875000 0.750000
vt 0.375000 0.000000
vt 0.625000 0.000000
vt 0.625000 0.250000
vt 0.375000 0.250000
vt 0.625000 0.500000
vt 0.375000 0.500000
vt 0.625000 0.750000
vt 0.375000 0.750000
vt 0.625000 1.000000
vt 0.375000 1.000000
vt 0.125000 0.500000
vt 0.125000 0.750000
vt 0.875000 0.500000
vt 0.875000 0.750000
vt 0.375000 0.000000
vt 0.625000 0.000000
vt 0.625000 0.250000
vt 0.375000 0.250000
vt 0.625000 0.500000
vt 0.375000 0.500000
vt 0.625000 0.750000
vt 0.375000 0.750000
vt 0.625000 1.000000
vt 0.375000 1.000000
vt 0.125000 0.500000
vt 0.125000 0.750000
vt 0.875000 0.500000
vt 0.875000 0.750000
vt 0.375000 0.000000
vt 0.625000 0.000000
vt 0.625000 0.250000
vt 0.375000 0.250000
vt 0.625000 0.500000
vt 0.375000 0.500000
vt 0.625000 0.750000
vt 0.375000 0.750000
vt 0.625000 1.000000
vt 0.375000 1.000000
vt 0.125000 0.500000
vt 0.125000 0.750000
vt 0.875000 0.500000
vt 0.875000 0.750000
vt 0.375000 0.000000
vt 0.625000 0.000000
vt 0.625000 0.250000
vt 0.375000 0.250000
vt 0.625000 0.500000
vt 0.375000 0.500000
vt 0.625000 0.750000
vt 0.375000 0.750000
vt 0.625000 1.000000
vt 0.375000 1.000000
vt 0.125000 0.500000
vt 0.125000 0.750000
vt 0.875000 0.500000
vt 0.875000 0.750000
vt 0.375000 0.000000
vt 0.625000 0.000000
vt 0.625000 0.250000
vt 0.375000 0.250000
vt 0.625000 0.500000
vt 0.375000 0.500000
vt 0.625000 0.750000
vt 0.375000 0.750000
vt 0.625000 1.000000
vt 0.375000 1.000000
vt 0.125000 0.500000
vt 0.125000 0.750000
vt 0.875000 0.500000
vt 0.875000 0.750000
vt 0.375000 0.000000
vt 0.625000 0.000000
vt 0.625000 0.250000
vt 0.375000 0.250000
vt 0.625000 0.500000
vt 0.375000 0.500000
vt 0.625000 0.750000
vt 0.375000 0.750000
vt 0.625000 1.000000
vt 0.375000 1.000000
vt 0.125000 0.500000
vt 0.125000 0.750000
vt 0.875000 0.500000
vt 0.875000 0.750000
vt 0.375000 0.000000
vt 0.625000 0.000000
vt 0.625000 0.250000
vt 0.375000 0.250000
vt 0.625000 0.500000
vt 0.375000 0.500000
vt 0.625000 0.750000
vt 0.375000 0.750000
vt 0.625000 1.000000
vt 0.375000 1.000000
vt 0.125000 0.500000
vt 0.125000 0.750000
vt 0.875000 0.500000
vt 0.875000 0.750000
vt 0.375000 0.000000
vt 0.625000 0.000000
vt 0.625000 0.250000
vt 0.375000 0.250000
vt 0.625000 0.500000
vt 0.375000 0.500000
vt 0.625000 0.750000
vt 0.375000 0.750000
vt 0.625000 1.000000
vt 0.375000 1.000000
vt 0.125000 0.500000
vt 0.125000 0.750000
vt 0.875000 0.500000
vt 0.875000 0.750000
vt 0.375000 0.000000
vt 0.625000 0.000000
vt 0.625000 0.250000
vt 0.375000 0.250000
vt 0.625000 0.500000
vt 0.375000 0.500000
vt 0.625000 0.750000
vt 0.375000 0.750000
vt 0.625000 1.000000
vt 0.375000 1.000000
vt 0.125000 0.500000
vt 0.125000 0.750000
vt 0.875000 0.500000
vt 0.875000 0.750000
vt 0.375000 0.000000
vt 0.625000 0.000000
vt 0.625000 0.250000
vt 0.375000 0.250000
vt 0.625000 0.500000
vt 0.375000 0.500000
vt 0.625000 0.750000
vt 0.375000 0.750000
vt 0.625000 1.000000
vt 0.375000 1.000000
vt 0.125000 0.500000
vt 0.125000 0.750000
vt 0.875000 0.500000
vt 0.875000 0.750000
vt 0.375000 0.000000
vt 0.625000 0.000000
vt 0.625000 0.250000
vt 0.375000 0.250000
vt 0.625000 0.500000
vt 0.375000 0.500000
vt 0.625000 0.750000
vt 0.375000 0.750000
vt 0.625000 1.000000
vt 0.375000 1.000000
vt 0.125000 0.500000
vt 0.125000 0.750000
vt 0.875000 0.500000
vt 0.875000 0.750000
vt 0.375000 0.000000
vt 0.625000 0.000000
vt 0.625000 0.250000
vt 0.375000 0.250000
vt 0.625000 0.500000
vt 0.375000 0.500000
vt 0.625000 0.750000
vt 0.375000 0.750000
vt 0.625000 1.000000
vt 0.375000 1.000000
vt 0.125000 0.500000
vt 0.125000 0.750000
vt 0.875000 0.500000
vt 0.875000 0.750000
vt 0.375000 0.000000
vt 0.625000 0.000000
vt 0.625000 0.250000
vt 0.375000 0.250000
vt 0.625000 0.500000
vt 0.375000 0.500000
vt 0.625000 0.750000
vt 0.375000 0.750000
vt 0.625000 1.000000
vt 0.375000 1.000000
vt 0.125000 0.500000
vt 0.125000 0.750000
vt 0.875000 0.500000
vt 0.875000 0.750000
vt 0.375000 0.000000
vt 0.625000 0.000000
vt 0.625000 0.250000
vt 0.375000 0.250000
vt 0.625000 0.500000
vt 0.375000 0.500000
vt 0.625000 0.750000
vt 0.375000 0.750000
vt 0.625000 1.000000
vt 0.375000 1.000000
vt 0.125000 0.500000
vt 0.125000 0.750000
vt 0.875000 0.500000
vt 0.875000 0.750000
vt 0.375000 0.000000
vt 0.625000 0.000000
vt 0.625000 0.250000
vt 0.375000 0.250000
vt 0.625000 0.500000
vt 0.375000 0.500000
vt 0.625000 0.750000
vt 0.375000 0.750000
vt 0.625000 1.000000
vt 0.375000 1.000000
vt 0.125000 0.500000
vt 0.125000 0.750000
vt 0.875000 0.500000
vt 0.875000 0.750000
vt 0.375000 0.000000
vt 0.625000 0.000000
vt 0.625000 0.250000
vt 0.375000 0.250000
vt 0.625000 0.500000
vt 0.375000 0.500000
vt 0.625000 0.750000
vt 0.375000 0.750000
vt 0.625000 1.000000
vt 0.375000 1.000000
vt 0.125000 0.500000
vt 0.125000 0.750000
vt 0.875000 0.500000
vt 0.875000 0.750000
vt 0.375000 0.000000
vt 0.625000 0.000000
vt 0.625000 0.250000
vt 0.375000 0.250000
vt 0.625000 0.500000
vt 0.375000 0.500000
vt 0.625000 0.750000
vt 0.375000 0.750000
vt 0.625000 1.000000
vt 0.375000 1.000000
vt 0.125000 0.500000
vt 0.125000 0.750000
vt 0.875000 0.500000
vt 0.875000 0.750000
vt 0.375000 0.000000
vt 0.625000 0.000000
vt 0.625000 0.250000
vt 0.375000 0.250000
vt 0.625000 0.500000
vt 0.375000 0.500000
vt 0.625000 0.750000
vt 0.375000 0.750000
vt 0.625000 1.000000
vt 0.375000 1.000000
vt 0.125000 0.500000
vt 0.125000 0.750000
vt 0.875000 0.500000
vt 0.875000 0.750000
vt 0.375000 0.000000
vt 0.625000 0.000000
vt 0.625000 0.250000
vt 0.375000 0.250000
vt 0.625000 0.500000
vt 0.375000 0.500000
vt 0.625000 0.750000
vt 0.375000 0.750000
vt 0.625000 1.000000
vt 0.375000 1.000000
vt 0.125000 0.500000
vt 0.125000 0.750000
vt 0.875000 0.500000
vt 0.875000 0.750000
vt 0.375000 0.000000
vt 0.625000 0.000000
vt 0.625000 0.250000
vt 0.375000 0.250000
vt 0.625000 0.500000
vt 0.375000 0.500000
vt 0.625000 0.750000
vt 0.375000 0.750000
vt 0.625000 1.000000
vt 0.375000 1.000000
vt 0.125000 0.500000
vt 0.125000 0.750000
vt 0.875000 0.500000
vt 0.875000 0.750000
vt 0.375000 0.000000
vt 0.625000 0.000000
vt 0.625000 0.250000
vt 0.375000 0.250000
vt 0.625000 0.500000
vt 0.375000 0.500000
vt 0.625000 0.750000
vt 0.375000 0.750000
vt 0.625000 1.000000
vt 0.375000 1.000000
vt 0.125000 0.500000
vt 0.125000 0.750000
vt 0.875000 0.500000
vt 0.875000 0.750000
vt 0.375000 0.000000
vt 0.625000 0.000000
vt 0.625000 0.250000
vt 0.375000 0.250000
vt 0.625000 0.500000
vt 0.375000 0.500000
vt 0.625000 0.750000
vt 0.375000 0.750000
vt 0.625000 1.000000
vt 0.375000 1.000000
vt 0.125000 0.500000
vt 0.125000 0.750000
vt 0.875000 0.500000
vt 0.875000 0.750000
vt 0.375000 0.000000
vt 0.625000 0.000000
vt 0.625000 0.250000
vt 0.375000 0.250000
vt 0.625000 0.500000
vt 0.375000 0.500000
vt 0.625000 0.750000
vt 0.375000 0.750000
vt 0.625000 1.000000
vt 0.375000 1.000000
vt 0.125000 0.500000
vt 0.125000 0.750000
vt 0.875000 0.500000
vt 0.875000 0.750000
vt 0.375000 0.000000
vt 0.625000 0.000000
vt 0.625000 0.250000
vt 0.375000 0.250000
vt 0.625000 0.500000
vt 0.375000 0.500000
vt 0.625000 0.750000
vt 0.375000 0.750000
vt 0.625000 1.000000
vt 0.375000 1.000000
vt 0.125000 0.500000
vt 0.125000 0.750000
vt 0.875000 0.500000
vt 0.875000 0.750000
vt 0.375000 0.000000
vt 0.625000 0.000000
vt 0.625000 0.250000
vt 0.375000 0.250000
vt 0.625000 0.500000
vt 0.375000 0.500000
vt 0.625000 0.750000
vt 0.375000 0.750000
vt 0.625000 1.000000
vt 0.375000 1.000000
vt 0.125000 0.500000
vt 0.125000 0.750000
vt 0.875000 0.500000
vt 0.875000 0.750000
vt 0.375000 0.000000
vt 0.625000 0.000000
vt 0.625000 0.250000
vt 0.375000 0.250000
vt 0.625000 0.500000
vt 0.375000 0.500000
vt 0.625000 0.750000
vt 0.375000 0.750000
vt 0.625000 1.000000
vt 0.375000 1.000000
vt 0.125000 0.500000
vt 0.125000 0.750000
vt 0.875000 0.500000
vt 0.875000 0.750000
vt 0.375000 0.000000
vt 0.625000 0.000000
vt 0.625000 0.250000
vt 0.375000 0.250000
vt 0.625000 0.500000
vt 0.375000 0.500000
vt 0.625000 0.750000
vt 0.375000 0.750000
vt 0.625000 1.000000
vt 0.375000 1.000000
vt 0.125000 0.500000
vt 0.125000 0.750000
vt 0.875000 0.500000
vt 0.875000 0.750000
vt 0.375000 0.000000
vt 0.625000 0.000000
vt 0.625000 0.250000
vt 0.375000 0.250000
vt 0.625000 0.500000
vt 0.375000 0.500000
vt 0.625000 0.750000
vt 0.375000 0.750000
vt 0.625000 1.000000
vt 0.375000 1.000000
vt 0.125000 0.500000
vt 0.125000 0.750000
vt 0.875000 0.500000
vt 0.875000 0.750000
vt 0.375000 0.000000
vt 0.625000 0.000000
vt 0.625000 0.250000
vt 0.375000 0.250000
vt 0.625000 0.500000
vt 0.375000 0.500000
vt 0.625000 0.750000
vt 0.375000 0.750000
vt 0.625000 1.000000
vt 0.375000 1.000000
vt 0.125000 0.500000
vt 0.125000 0.750000
vt 0.875000 0.500000
vt 0.875000 0.750000
vt 0.375000 0.000000
vt 0.625000 0.000000
vt 0.625000 0.250000
vt 0.375000 0.250000
vt 0.625000 0.500000
vt 0.375000 0.500000
vt 0.625000 0.750000
vt 0.375000 0.750000
vt 0.625000 1.000000
vt 0.375000 1.000000
vt 0.125000 0.500000
vt 0.125000 0.750000
vt 0.875000 0.500000
vt 0.875000 0.750000
vt 0.375000 0.000000
vt 0.625000 0.000000
vt 0.625000 0.250000
vt 0.375000 0.250000
vt 0.625000 0.500000
vt 0.375000 0.500000
vt 0.625000 0.750000
vt 0.375000 0.750000
vt 0.625000 1.000000
vt 0.375000 1.000000
vt 0.125000 0.500000
vt 0.125000 0.750000
vt 0.875000 0.500000
vt 0.875000 0.750000
vt 0.375000 0.000000
vt 0.625000 0.000000
vt 0.625000 0.250000
vt 0.375000 0.250000
vt 0.625000 0.500000
vt 0.375000 0.500000
vt 0.625000 0.750000
vt 0.375000 0.750000
vt 0.625000 1.000000
vt 0.375000 1.000000
vt 0.125000 0.500000
vt 0.125000 0.750000
vt 0.875000 0.500000
vt 0.875000 0.750000
vt 0.375000 0.000000
vt 0.625000 0.000000
vt 0.625000 0.250000
vt 0.375000 0.250000
vt 0.625000 0.500000
vt 0.375000 0.500000
vt 0.625000 0.750000
vt 0.375000 0.750000
vt 0.625000 1.000000
vt 0.375000 1.000000
vt 0.125000 0.500000
vt 0.125000 0.750000
vt 0.875000 0.500000
vt 0.875000 0.750000
vt 0.375000 0.000000
vt 0.625000 0.000000
vt 0.625000 0.250000
vt 0.375000 0.250000
vt 0.625000 0.500000
vt 0.375000 0.500000
vt 0.625000 0.750000
vt 0.375000 0.750000
vt 0.625000 1.000000
vt 0.375000 1.000000
vt 0.125000 0.500000
vt 0.125000 0.750000
vt 0.875000 0.500000
vt 0.875000 0.750000
vn 0.0039 -1.0000 -0.0022
vn 1.0000 0.0039 0.0006
vn 0.0006 0.0022 -1.0000
vn -0.0039 1.0000 0.0022
vn -0.0006 -0.0022 1.0000
vn -1.0000 -0.0039 -0.0006
vn -1.0000 0.0022 -0.0001
vn -0.0022 -1.0000 0.0000
vn 0.0001 -0.0000 -1.0000
vn 1.0000 -0.0022 0.0001
vn -0.0001 0.0000 1.0000
vn 0.0022 1.0000 0.0000
vn -0.0216 -0.9998 -0.0000
vn 0.9998 -0.0216 0.0001
vn 0.0216 0.9998 0.0000
vn -0.9998 0.0216 -0.0001
vn -0.9999 -0.0146 -0.0001
vn 0.0146 -0.9999 0.0000
vn 0.9999 0.0146 0.0001
vn -0.0146 0.9999 0.0000
vn -1.0000 -0.0060 -0.0069
vn -0.0070 0.0247 0.9997
vn 0.0059 -0.9997 0.0248
vn 1.0000 0.0060 0.0069
vn -0.0059 0.9997 -0.0248
vn 0.0070 -0.0247 -0.9997
vn 0.0022 -1.0000 -0.0060
vn -0.0245 -0.0060 0.9997
vn 0.9997 0.0020 0.0245
vn -0.0022 1.0000 0.0060
vn -0.9997 -0.0020 -0.0245
vn 0.0245 0.0060 -0.9997
vn -0.9999 -0.0100 -0.0023
vn 0.0100 -0.9999 0.0005
vn 0.0023 -0.0005 -1.0000
vn 0.9999 0.0100 0.0023
vn -0.0023 0.0005 1.0000
vn -0.0100 0.9999 -0.0005
vn -1.0000 -0.0032 -0.0005
vn -0.0006 0.0172 0.9999
vn 0.0031 -0.9998 0.0172
vn 1.0000 0.0032 0.0005
vn -0.0031 0.9998 -0.0172
vn 0.0006 -0.0172 -0.9999
vn -0.0038 -1.0000 -0.0022
vn 1.0000 -0.0038 0.0006
vn 0.0038 1.0000 0.0022
vn -1.0000 0.0038 -0.0006
vn 0.9999 -0.0038 0.0133
vn 0.0133 0.0022 -0.9999
vn -0.0133 -0.0022 0.9999
vn -0.9999 0.0038 -0.0133
vn -0.9998 -0.0100 -0.0150
vn 0.0100 -0.9999 0.0006
vn 0.0150 -0.0005 -0.9999
vn 0.9998 0.0100 0.0150
vn -0.0150 0.0005 0.9999
vn -0.0100 0.9999 -0.0006
vn 0.0134 0.0022 -0.9999
vn -0.9999 -0.0020 0.0099
vn 0.0099 0.0207 0.9997
vn 0.0022 -0.9998 0.0207
vn 0.9999 0.0020 -0.0099
vn -0.0022 0.9998 -0.0207
vn -0.0099 -0.0207 -0.9997
vn -1.0000 -0.0020 -0.0028
vn -0.0029 0.0207 0.9998
vn 0.0019 -0.9998 0.0207
vn 1.0000 0.0020 0.0028
vn -0.0019 0.9998 -0.0207
vn 0.0029 -0.0207 -0.9998
vn 0.9985 0.0000 0.0539
vn -0.0539 -0.0000 0.9985
vn -0.9985 -0.0000 -0.0539
vn 0.0539 0.0000 -0.9985
vn 0.0000 -1.0000 0.0000
vn 0.0000 1.0000 0.0000
vn -0.9999 -0.0000 -0.0130
vn 0.0130 0.0000 -0.9999
vn 0.9999 0.0000 0.0130
vn -0.0130 -0.0000 0.9999
vn 1.0000 0.0000 0.0001
vn -1.0000 -0.0000 -0.0001
vn -0.0087 1.0000 -0.0000
vn 0.0087 -1.0000 0.0000
vn -0.9998 -0.0185 -0.0001
vn 0.9998 0.0185 0.0001
vn 0.0088 -1.0000 0.0000
vn 1.0000 0.0065 0.0001
vn -1.0000 -0.0065 -0.0001
vn -0.0031 1.0000 -0.0000
vn 0.0031 -1.0000 -0.0000
vn -0.0088 1.0000 0.0000
vn -0.0127 0.9999 -0.0000
vn 0.0127 -0.9999 0.0000
vn -0.9999 -0.0127 -0.0001
vn 0.9999 0.0127 0.0001
vn 1.0000 0.0044 0.0001
vn -1.0000 -0.0044 -0.0001
vn 0.0067 1.0000 -0.0000
vn -0.0067 -1.0000 0.0000
usemtl Material.001
s off
f 2209/3865/331 2213/3866/331 2215/3867/331 2211/3868/331
f 2212/3869/332 2211/3868/332 2215/3870/332 2216/3871/332
f 2216/3872/333 2215/3873/333 2213/3874/333 2214/3875/333
f 2214/3876/334 2210/3877/334 2212/3869/334 2216/3878/334
f 2210/3877/335 2209/3865/335 2211/3868/335 2212/3869/335
f 2214/3875/336 2213/3874/336 2209/3865/336 2210/3877/336
f 2217/3879/337 2221/3880/337 2223/3881/337 2219/3882/337
f 2220/3883/338 2219/3882/338 2223/3884/338 2224/3885/338
f 2224/3886/339 2223/3887/339 2221/3888/339 2222/3889/339
f 2222/3890/340 2218/3891/340 2220/3883/340 2224/3892/340
f 2218/3891/341 2217/3879/341 2219/3882/341 2220/3883/341
f 2222/3889/342 2221/3888/342 2217/3879/342 2218/3891/342
f 2225/3893/343 2229/3894/343 2231/3895/343 2227/3896/343
f 2228/3897/344 2227/3896/344 2231/3898/344 2232/3899/344
f 2232/3900/339 2231/3901/339 2229/3902/339 2230/3903/339
f 2230/3904/345 2226/3905/345 2228/3897/345 2232/3906/345
f 2226/3905/341 2225/3893/341 2227/3896/341 2228/3897/341
f 2230/3903/346 2229/3902/346 2225/3893/346 2226/3905/346
f 2233/3907/347 2237/3908/347 2239/3909/347 2235/3910/347
f 2236/3911/348 2235/3910/348 2239/3912/348 2240/3913/348
f 2240/3914/339 2239/3915/339 2237/3916/339 2238/3917/339
f 2238/3918/349 2234/3919/349 2236/3911/349 2240/3920/349
f 2234/3919/341 2233/3907/341 2235/3910/341 2236/3911/341
f 2238/3917/350 2237/3916/350 2233/3907/350 2234/3919/350
f 2241/3921/343 2245/3922/343 2247/3923/343 2243/3924/343
f 2244/3925/344 2243/3924/344 2247/3926/344 2248/3927/344
f 2248/3928/339 2247/3929/339 2245/3930/339 2246/3931/339
f 2246/3932/345 2242/3933/345 2244/3925/345 2248/3934/345
f 2242/3933/341 2241/3921/341 2243/3924/341 2244/3925/341
f 2246/3931/346 2245/3930/346 2241/3921/346 2242/3933/346
f 2249/3935/347 2253/3936/347 2255/3937/347 2251/3938/347
f 2252/3939/348 2251/3938/348 2255/3940/348 2256/3941/348
f 2256/3942/339 2255/3943/339 2253/3944/339 2254/3945/339
f 2254/3946/349 2250/3947/349 2252/3939/349 2256/3948/349
f 2250/3947/341 2249/3935/341 2251/3938/341 2252/3939/341
f 2254/3945/350 2253/3944/350 2249/3935/350 2250/3947/350
f 2257/3949/351 2261/3950/351 2263/3951/351 2259/3952/351
f 2260/3953/352 2259/3952/352 2263/3954/352 2264/3955/352
f 2264/3956/353 2263/3957/353 2261/3958/353 2262/3959/353
f 2262/3960/354 2258/3961/354 2260/3953/354 2264/3962/354
f 2258/3961/355 2257/3949/355 2259/3952/355 2260/3953/355
f 2262/3959/356 2261/3958/356 2257/3949/356 2258/3961/356
f 2265/3963/357 2269/3964/357 2271/3965/357 2267/3966/357
f 2268/3967/358 2267/3966/358 2271/3968/358 2272/3969/358
f 2272/3970/359 2271/3971/359 2269/3972/359 2270/3973/359
f 2270/3974/360 2266/3975/360 2268/3967/360 2272/3976/360
f 2266/3975/361 2265/3963/361 2267/3966/361 2268/3967/361
f 2270/3973/362 2269/3972/362 2265/3963/362 2266/3975/362
f 2273/3977/363 2277/3978/363 2279/3979/363 2275/3980/363
f 2276/3981/364 2275/3980/364 2279/3982/364 2280/3983/364
f 2280/3984/365 2279/3985/365 2277/3986/365 2278/3987/365
f 2278/3988/366 2274/3989/366 2276/3981/366 2280/3990/366
f 2274/3989/367 2273/3977/367 2275/3980/367 2276/3981/367
f 2278/3987/368 2277/3986/368 2273/3977/368 2274/3989/368
f 2281/3991/363 2285/3992/363 2287/3993/363 2283/3994/363
f 2284/3995/364 2283/3994/364 2287/3996/364 2288/3997/364
f 2288/3998/365 2287/3999/365 2285/4000/365 2286/4001/365
f 2286/4002/366 2282/4003/366 2284/3995/366 2288/4004/366
f 2282/4003/367 2281/3991/367 2283/3994/367 2284/3995/367
f 2286/4001/368 2285/4000/368 2281/3991/368 2282/4003/368
f 2289/4005/363 2293/4006/363 2295/4007/363 2291/4008/363
f 2292/4009/364 2291/4008/364 2295/4010/364 2296/4011/364
f 2296/4012/365 2295/4013/365 2293/4014/365 2294/4015/365
f 2294/4016/366 2290/4017/366 2292/4009/366 2296/4018/366
f 2290/4017/367 2289/4005/367 2291/4008/367 2292/4009/367
f 2294/4015/368 2293/4014/368 2289/4005/368 2290/4017/368
f 2297/4019/363 2301/4020/363 2303/4021/363 2299/4022/363
f 2300/4023/364 2299/4022/364 2303/4024/364 2304/4025/364
f 2304/4026/365 2303/4027/365 2301/4028/365 2302/4029/365
f 2302/4030/366 2298/4031/366 2300/4023/366 2304/4032/366
f 2298/4031/367 2297/4019/367 2299/4022/367 2300/4023/367
f 2302/4029/368 2301/4028/368 2297/4019/368 2298/4031/368
f 2305/4033/331 2309/4034/331 2311/4035/331 2307/4036/331
f 2308/4037/332 2307/4036/332 2311/4038/332 2312/4039/332
f 2312/4040/333 2311/4041/333 2309/4042/333 2310/4043/333
f 2310/4044/334 2306/4045/334 2308/4037/334 2312/4046/334
f 2306/4045/335 2305/4033/335 2307/4036/335 2308/4037/335
f 2310/4043/336 2309/4042/336 2305/4033/336 2306/4045/336
f 2425/4047/369 2429/4048/369 2431/4049/369 2427/4050/369
f 2428/4051/370 2427/4050/370 2431/4052/370 2432/4053/370
f 2432/4054/371 2431/4055/371 2429/4056/371 2430/4057/371
f 2430/4058/372 2426/4059/372 2428/4051/372 2432/4060/372
f 2426/4059/373 2425/4047/373 2427/4050/373 2428/4051/373
f 2430/4057/374 2429/4056/374 2425/4047/374 2426/4059/374
f 2545/4061/369 2549/4062/369 2551/4063/369 2547/4064/369
f 2548/4065/370 2547/4064/370 2551/4066/370 2552/4067/370
f 2552/4068/371 2551/4069/371 2549/4070/371 2550/4071/371
f 2550/4072/372 2546/4073/372 2548/4065/372 2552/4074/372
f 2546/4073/373 2545/4061/373 2547/4064/373 2548/4065/373
f 2550/4071/374 2549/4070/374 2545/4061/374 2546/4073/374
f 2905/4075/337 2909/4076/337 2911/4077/337 2907/4078/337
f 2908/4079/338 2907/4078/338 2911/4080/338 2912/4081/338
f 2912/4082/339 2911/4083/339 2909/4084/339 2910/4085/339
f 2910/4086/340 2906/4087/340 2908/4079/340 2912/4088/340
f 2906/4087/341 2905/4075/341 2907/4078/341 2908/4079/341
f 2910/4085/342 2909/4084/342 2905/4075/342 2906/4087/342
f 2913/4089/337 2917/4090/337 2919/4091/337 2915/4092/337
f 2916/4093/338 2915/4092/338 2919/4094/338 2920/4095/338
f 2920/4096/339 2919/4097/339 2917/4098/339 2918/4099/339
f 2918/4100/340 2914/4101/340 2916/4093/340 2920/4102/340
f 2914/4101/341 2913/4089/341 2915/4092/341 2916/4093/341
f 2918/4099/342 2917/4098/342 2913/4089/342 2914/4101/342
f 2921/4103/337 2925/4104/337 2927/4105/337 2923/4106/337
f 2924/4107/338 2923/4106/338 2927/4108/338 2928/4109/338
f 2928/4110/339 2927/4111/339 2925/4112/339 2926/4113/339
f 2926/4114/340 2922/4115/340 2924/4107/340 2928/4116/340
f 2922/4115/341 2921/4103/341 2923/4106/341 2924/4107/341
f 2926/4113/342 2925/4112/342 2921/4103/342 2922/4115/342
f 2929/4117/337 2933/4118/337 2935/4119/337 2931/4120/337
f 2932/4121/338 2931/4120/338 2935/4122/338 2936/4123/338
f 2936/4124/339 2935/4125/339 2933/4126/339 2934/4127/339
f 2934/4128/340 2930/4129/340 2932/4121/340 2936/4130/340
f 2930/4129/341 2929/4117/341 2931/4120/341 2932/4121/341
f 2934/4127/342 2933/4126/342 2929/4117/342 2930/4129/342
usemtl Material.003
f 2313/4131/375 2317/4132/375 2319/4133/375 2315/4134/375
f 2316/4135/376 2315/4134/376 2319/4136/376 2320/4137/376
f 2320/4138/333 2319/4139/333 2317/4140/333 2318/4141/333
f 2318/4142/377 2314/4143/377 2316/4135/377 2320/4144/377
f 2314/4143/335 2313/4131/335 2315/4134/335 2316/4135/335
f 2318/4141/378 2317/4140/378 2313/4131/378 2314/4143/378
f 2321/4145/363 2325/4146/363 2327/4147/363 2323/4148/363
f 2324/4149/364 2323/4148/364 2327/4150/364 2328/4151/364
f 2328/4152/365 2327/4153/365 2325/4154/365 2326/4155/365
f 2326/4156/366 2322/4157/366 2324/4149/366 2328/4158/366
f 2322/4157/367 2321/4145/367 2323/4148/367 2324/4149/367
f 2326/4155/368 2325/4154/368 2321/4145/368 2322/4157/368
f 2329/4159/363 2333/4160/363 2335/4161/363 2331/4162/363
f 2332/4163/364 2331/4162/364 2335/4164/364 2336/4165/364
f 2336/4166/365 2335/4167/365 2333/4168/365 2334/4169/365
f 2334/4170/366 2330/4171/366 2332/4163/366 2336/4172/366
f 2330/4171/367 2329/4159/367 2331/4162/367 2332/4163/367
f 2334/4169/368 2333/4168/368 2329/4159/368 2330/4171/368
f 2337/4173/363 2341/4174/363 2343/4175/363 2339/4176/363
f 2340/4177/364 2339/4176/364 2343/4178/364 2344/4179/364
f 2344/4180/365 2343/4181/365 2341/4182/365 2342/4183/365
f 2342/4184/366 2338/4185/366 2340/4177/366 2344/4186/366
f 2338/4185/367 2337/4173/367 2339/4176/367 2340/4177/367
f 2342/4183/368 2341/4182/368 2337/4173/368 2338/4185/368
f 2345/4187/363 2349/4188/363 2351/4189/363 2347/4190/363
f 2348/4191/364 2347/4190/364 2351/4192/364 2352/4193/364
f 2352/4194/365 2351/4195/365 2349/4196/365 2350/4197/365
f 2350/4198/366 2346/4199/366 2348/4191/366 2352/4200/366
f 2346/4199/367 2345/4187/367 2347/4190/367 2348/4191/367
f 2350/4197/368 2349/4196/368 2345/4187/368 2346/4199/368
f 2353/4201/375 2357/4202/375 2359/4203/375 2355/4204/375
f 2356/4205/376 2355/4204/376 2359/4206/376 2360/4207/376
f 2360/4208/333 2359/4209/333 2357/4210/333 2358/4211/333
f 2358/4212/377 2354/4213/377 2356/4205/377 2360/4214/377
f 2354/4213/335 2353/4201/335 2355/4204/335 2356/4205/335
f 2358/4211/378 2357/4210/378 2353/4201/378 2354/4213/378
f 2369/4215/375 2373/4216/375 2375/4217/375 2371/4218/375
f 2372/4219/379 2371/4218/379 2375/4220/379 2376/4221/379
f 2376/4222/380 2375/4223/380 2373/4224/380 2374/4225/380
f 2374/4226/377 2370/4227/377 2372/4219/377 2376/4228/377
f 2370/4227/381 2369/4215/381 2371/4218/381 2372/4219/381
f 2374/4225/382 2373/4224/382 2369/4215/382 2370/4227/382
f 2377/4229/383 2381/4230/383 2383/4231/383 2379/4232/383
f 2380/4233/384 2379/4232/384 2383/4234/384 2384/4235/384
f 2384/4236/385 2383/4237/385 2381/4238/385 2382/4239/385
f 2382/4240/386 2378/4241/386 2380/4233/386 2384/4242/386
f 2378/4241/387 2377/4229/387 2379/4232/387 2380/4233/387
f 2382/4239/388 2381/4238/388 2377/4229/388 2378/4241/388
f 2385/4243/383 2389/4244/383 2391/4245/383 2387/4246/383
f 2388/4247/384 2387/4246/384 2391/4248/384 2392/4249/384
f 2392/4250/385 2391/4251/385 2389/4252/385 2390/4253/385
f 2390/4254/386 2386/4255/386 2388/4247/386 2392/4256/386
f 2386/4255/387 2385/4243/387 2387/4246/387 2388/4247/387
f 2390/4253/388 2389/4252/388 2385/4243/388 2386/4255/388
f 2393/4257/383 2397/4258/383 2399/4259/383 2395/4260/383
f 2396/4261/384 2395/4260/384 2399/4262/384 2400/4263/384
f 2400/4264/385 2399/4265/385 2397/4266/385 2398/4267/385
f 2398/4268/386 2394/4269/386 2396/4261/386 2400/4270/386
f 2394/4269/387 2393/4257/387 2395/4260/387 2396/4261/387
f 2398/4267/388 2397/4266/388 2393/4257/388 2394/4269/388
f 2401/4271/383 2405/4272/383 2407/4273/383 2403/4274/383
f 2404/4275/384 2403/4274/384 2407/4276/384 2408/4277/384
f 2408/4278/385 2407/4279/385 2405/4280/385 2406/4281/385
f 2406/4282/386 2402/4283/386 2404/4275/386 2408/4284/386
f 2402/4283/387 2401/4271/387 2403/4274/387 2404/4275/387
f 2406/4281/388 2405/4280/388 2401/4271/388 2402/4283/388
f 2409/4285/375 2413/4286/375 2415/4287/375 2411/4288/375
f 2412/4289/379 2411/4288/379 2415/4290/379 2416/4291/379
f 2416/4292/389 2415/4293/389 2413/4294/389 2414/4295/389
f 2414/4296/377 2410/4297/377 2412/4289/377 2416/4298/377
f 2410/4297/381 2409/4285/381 2411/4288/381 2412/4289/381
f 2414/4295/382 2413/4294/382 2409/4285/382 2410/4297/382
f 2433/4299/375 2437/4300/375 2439/4301/375 2435/4302/375
f 2436/4303/376 2435/4302/376 2439/4304/376 2440/4305/376
f 2440/4306/333 2439/4307/333 2437/4308/333 2438/4309/333
f 2438/4310/377 2434/4311/377 2436/4303/377 2440/4312/377
f 2434/4311/335 2433/4299/335 2435/4302/335 2436/4303/335
f 2438/4309/378 2437/4308/378 2433/4299/378 2434/4311/378
f 2441/4313/363 2445/4314/363 2447/4315/363 2443/4316/363
f 2444/4317/364 2443/4316/364 2447/4318/364 2448/4319/364
f 2448/4320/365 2447/4321/365 2445/4322/365 2446/4323/365
f 2446/4324/366 2442/4325/366 2444/4317/366 2448/4326/366
f 2442/4325/367 2441/4313/367 2443/4316/367 2444/4317/367
f 2446/4323/368 2445/4322/368 2441/4313/368 2442/4325/368
f 2449/4327/363 2453/4328/363 2455/4329/363 2451/4330/363
f 2452/4331/364 2451/4330/364 2455/4332/364 2456/4333/364
f 2456/4334/365 2455/4335/365 2453/4336/365 2454/4337/365
f 2454/4338/366 2450/4339/366 2452/4331/366 2456/4340/366
f 2450/4339/367 2449/4327/367 2451/4330/367 2452/4331/367
f 2454/4337/368 2453/4336/368 2449/4327/368 2450/4339/368
f 2457/4341/363 2461/4342/363 2463/4343/363 2459/4344/363
f 2460/4345/364 2459/4344/364 2463/4346/364 2464/4347/364
f 2464/4348/365 2463/4349/365 2461/4350/365 2462/4351/365
f 2462/4352/366 2458/4353/366 2460/4345/366 2464/4354/366
f 2458/4353/367 2457/4341/367 2459/4344/367 2460/4345/367
f 2462/4351/368 2461/4350/368 2457/4341/368 2458/4353/368
f 2465/4355/363 2469/4356/363 2471/4357/363 2467/4358/363
f 2468/4359/364 2467/4358/364 2471/4360/364 2472/4361/364
f 2472/4362/365 2471/4363/365 2469/4364/365 2470/4365/365
f 2470/4366/366 2466/4367/366 2468/4359/366 2472/4368/366
f 2466/4367/367 2465/4355/367 2467/4358/367 2468/4359/367
f 2470/4365/368 2469/4364/368 2465/4355/368 2466/4367/368
f 2473/4369/375 2477/4370/375 2479/4371/375 2475/4372/375
f 2476/4373/376 2475/4372/376 2479/4374/376 2480/4375/376
f 2480/4376/333 2479/4377/333 2477/4378/333 2478/4379/333
f 2478/4380/377 2474/4381/377 2476/4373/377 2480/4382/377
f 2474/4381/335 2473/4369/335 2475/4372/335 2476/4373/335
f 2478/4379/378 2477/4378/378 2473/4369/378 2474/4381/378
f 2489/4383/375 2493/4384/375 2495/4385/375 2491/4386/375
f 2492/4387/379 2491/4386/379 2495/4388/379 2496/4389/379
f 2496/4390/380 2495/4391/380 2493/4392/380 2494/4393/380
f 2494/4394/377 2490/4395/377 2492/4387/377 2496/4396/377
f 2490/4395/381 2489/4383/381 2491/4386/381 2492/4387/381
f 2494/4393/382 2493/4392/382 2489/4383/382 2490/4395/382
f 2497/4397/383 2501/4398/383 2503/4399/383 2499/4400/383
f 2500/4401/384 2499/4400/384 2503/4402/384 2504/4403/384
f 2504/4404/385 2503/4405/385 2501/4406/385 2502/4407/385
f 2502/4408/386 2498/4409/386 2500/4401/386 2504/4410/386
f 2498/4409/387 2497/4397/387 2499/4400/387 2500/4401/387
f 2502/4407/388 2501/4406/388 2497/4397/388 2498/4409/388
f 2505/4411/383 2509/4412/383 2511/4413/383 2507/4414/383
f 2508/4415/384 2507/4414/384 2511/4416/384 2512/4417/384
f 2512/4418/385 2511/4419/385 2509/4420/385 2510/4421/385
f 2510/4422/386 2506/4423/386 2508/4415/386 2512/4424/386
f 2506/4423/387 2505/4411/387 2507/4414/387 2508/4415/387
f 2510/4421/388 2509/4420/388 2505/4411/388 2506/4423/388
f 2513/4425/383 2517/4426/383 2519/4427/383 2515/4428/383
f 2516/4429/384 2515/4428/384 2519/4430/384 2520/4431/384
f 2520/4432/385 2519/4433/385 2517/4434/385 2518/4435/385
f 2518/4436/386 2514/4437/386 2516/4429/386 2520/4438/386
f 2514/4437/387 2513/4425/387 2515/4428/387 2516/4429/387
f 2518/4435/388 2517/4434/388 2513/4425/388 2514/4437/388
f 2521/4439/383 2525/4440/383 2527/4441/383 2523/4442/383
f 2524/4443/384 2523/4442/384 2527/4444/384 2528/4445/384
f 2528/4446/385 2527/4447/385 2525/4448/385 2526/4449/385
f 2526/4450/386 2522/4451/386 2524/4443/386 2528/4452/386
f 2522/4451/387 2521/4439/387 2523/4442/387 2524/4443/387
f 2526/4449/388 2525/4448/388 2521/4439/388 2522/4451/388
f 2529/4453/375 2533/4454/375 2535/4455/375 2531/4456/375
f 2532/4457/379 2531/4456/379 2535/4458/379 2536/4459/379
f 2536/4460/380 2535/4461/380 2533/4462/380 2534/4463/380
f 2534/4464/377 2530/4465/377 2532/4457/377 2536/4466/377
f 2530/4465/381 2529/4453/381 2531/4456/381 2532/4457/381
f 2534/4463/382 2533/4462/382 2529/4453/382 2530/4465/382
usemtl Material.002
f 2361/4467/390 2365/4468/390 2367/4469/390 2363/4470/390
f 2364/4471/391 2363/4470/391 2367/4472/391 2368/4473/391
f 2368/4474/392 2367/4475/392 2365/4476/392 2366/4477/392
f 2366/4478/393 2362/4479/393 2364/4471/393 2368/4480/393
f 2362/4479/394 2361/4467/394 2363/4470/394 2364/4471/394
f 2366/4477/395 2365/4476/395 2361/4467/395 2362/4479/395
f 2417/4481/396 2421/4482/396 2423/4483/396 2419/4484/396
f 2420/4485/397 2419/4484/397 2423/4486/397 2424/4487/397
f 2424/4488/398 2423/4489/398 2421/4490/398 2422/4491/398
f 2422/4492/399 2418/4493/399 2420/4485/399 2424/4494/399
f 2418/4493/400 2417/4481/400 2419/4484/400 2420/4485/400
f 2422/4491/401 2421/4490/401 2417/4481/401 2418/4493/401
f 2481/4495/390 2485/4496/390 2487/4497/390 2483/4498/390
f 2484/4499/391 2483/4498/391 2487/4500/391 2488/4501/391
f 2488/4502/392 2487/4503/392 2485/4504/392 2486/4505/392
f 2486/4506/393 2482/4507/393 2484/4499/393 2488/4508/393
f 2482/4507/394 2481/4495/394 2483/4498/394 2484/4499/394
f 2486/4505/395 2485/4504/395 2481/4495/395 2482/4507/395
f 2537/4509/396 2541/4510/396 2543/4511/396 2539/4512/396
f 2540/4513/397 2539/4512/397 2543/4514/397 2544/4515/397
f 2544/4516/398 2543/4517/398 2541/4518/398 2542/4519/398
f 2542/4520/399 2538/4521/399 2540/4513/399 2544/4522/399
f 2538/4521/400 2537/4509/400 2539/4512/400 2540/4513/400
f 2542/4519/401 2541/4518/401 2537/4509/401 2538/4521/401
usemtl Material.005
f 2553/4523/402 2554/4524/402 2556/4525/402 2555/4526/402
f 2555/4526/403 2556/4525/403 2560/4527/403 2559/4528/403
f 2559/4528/404 2560/4527/404 2558/4529/404 2557/4530/404
f 2557/4530/405 2558/4529/405 2554/4531/405 2553/4532/405
f 2555/4533/406 2559/4528/406 2557/4530/406 2553/4534/406
f 2560/4527/407 2556/4535/407 2554/4536/407 2558/4529/407
f 2609/4537/402 2610/4538/402 2612/4539/402 2611/4540/402
f 2611/4540/403 2612/4539/403 2616/4541/403 2615/4542/403
f 2615/4542/404 2616/4541/404 2614/4543/404 2613/4544/404
f 2613/4544/405 2614/4543/405 2610/4545/405 2609/4546/405
f 2611/4547/406 2615/4542/406 2613/4544/406 2609/4548/406
f 2616/4541/407 2612/4549/407 2610/4550/407 2614/4543/407
f 2665/4551/408 2666/4552/408 2668/4553/408 2667/4554/408
f 2667/4554/409 2668/4553/409 2672/4555/409 2671/4556/409
f 2671/4556/410 2672/4555/410 2670/4557/410 2669/4558/410
f 2669/4558/411 2670/4557/411 2666/4559/411 2665/4560/411
f 2667/4561/406 2671/4556/406 2669/4558/406 2665/4562/406
f 2672/4555/407 2668/4563/407 2666/4564/407 2670/4557/407
usemtl Material.004
f 2561/4565/402 2562/4566/402 2564/4567/402 2563/4568/402
f 2563/4568/403 2564/4567/403 2568/4569/403 2567/4570/403
f 2567/4570/404 2568/4569/404 2566/4571/404 2565/4572/404
f 2565/4572/405 2566/4571/405 2562/4573/405 2561/4574/405
f 2563/4575/406 2567/4570/406 2565/4572/406 2561/4576/406
f 2568/4569/407 2564/4577/407 2562/4578/407 2566/4571/407
f 2569/4579/402 2570/4580/402 2572/4581/402 2571/4582/402
f 2571/4582/403 2572/4581/403 2576/4583/403 2575/4584/403
f 2575/4584/404 2576/4583/404 2574/4585/404 2573/4586/404
f 2573/4586/405 2574/4585/405 2570/4587/405 2569/4588/405
f 2571/4589/406 2575/4584/406 2573/4586/406 2569/4590/406
f 2576/4583/407 2572/4591/407 2570/4592/407 2574/4585/407
f 2577/4593/402 2578/4594/402 2580/4595/402 2579/4596/402
f 2579/4596/403 2580/4595/403 2584/4597/403 2583/4598/403
f 2583/4598/404 2584/4597/404 2582/4599/404 2581/4600/404
f 2581/4600/405 2582/4599/405 2578/4601/405 2577/4602/405
f 2579/4603/406 2583/4598/406 2581/4600/406 2577/4604/406
f 2584/4597/407 2580/4605/407 2578/4606/407 2582/4599/407
f 2585/4607/402 2586/4608/402 2588/4609/402 2587/4610/402
f 2587/4610/403 2588/4609/403 2592/4611/403 2591/4612/403
f 2591/4612/404 2592/4611/404 2590/4613/404 2589/4614/404
f 2589/4614/405 2590/4613/405 2586/4615/405 2585/4616/405
f 2587/4617/406 2591/4612/406 2589/4614/406 2585/4618/406
f 2592/4611/407 2588/4619/407 2586/4620/407 2590/4613/407
f 2593/4621/402 2594/4622/402 2596/4623/402 2595/4624/402
f 2595/4624/403 2596/4623/403 2600/4625/403 2599/4626/403
f 2599/4626/404 2600/4625/404 2598/4627/404 2597/4628/404
f 2597/4628/405 2598/4627/405 2594/4629/405 2593/4630/405
f 2595/4631/406 2599/4626/406 2597/4628/406 2593/4632/406
f 2600/4625/407 2596/4633/407 2594/4634/407 2598/4627/407
f 2601/4635/402 2602/4636/402 2604/4637/402 2603/4638/402
f 2603/4638/403 2604/4637/403 2608/4639/403 2607/4640/403
f 2607/4640/404 2608/4639/404 2606/4641/404 2605/4642/404
f 2605/4642/405 2606/4641/405 2602/4643/405 2601/4644/405
f 2603/4645/406 2607/4640/406 2605/4642/406 2601/4646/406
f 2608/4639/407 2604/4647/407 2602/4648/407 2606/4641/407
f 2617/4649/402 2618/4650/402 2620/4651/402 2619/4652/402
f 2619/4652/403 2620/4651/403 2624/4653/403 2623/4654/403
f 2623/4654/404 2624/4653/404 2622/4655/404 2621/4656/404
f 2621/4656/405 2622/4655/405 2618/4657/405 2617/4658/405
f 2619/4659/406 2623/4654/406 2621/4656/406 2617/4660/406
f 2624/4653/407 2620/4661/407 2618/4662/407 2622/4655/407
f 2625/4663/402 2626/4664/402 2628/4665/402 2627/4666/402
f 2627/4666/403 2628/4665/403 2632/4667/403 2631/4668/403
f 2631/4668/404 2632/4667/404 2630/4669/404 2629/4670/404
f 2629/4670/405 2630/4669/405 2626/4671/405 2625/4672/405
f 2627/4673/406 2631/4668/406 2629/4670/406 2625/4674/406
f 2632/4667/407 2628/4675/407 2626/4676/407 2630/4669/407
f 2633/4677/402 2634/4678/402 2636/4679/402 2635/4680/402
f 2635/4680/403 2636/4679/403 2640/4681/403 2639/4682/403
f 2639/4682/404 2640/4681/404 2638/4683/404 2637/4684/404
f 2637/4684/405 2638/4683/405 2634/4685/405 2633/4686/405
f 2635/4687/406 2639/4682/406 2637/4684/406 2633/4688/406
f 2640/4681/407 2636/4689/407 2634/4690/407 2638/4683/407
f 2641/4691/402 2642/4692/402 2644/4693/402 2643/4694/402
f 2643/4694/403 2644/4693/403 2648/4695/403 2647/4696/403
f 2647/4696/404 2648/4695/404 2646/4697/404 2645/4698/404
f 2645/4698/405 2646/4697/405 2642/4699/405 2641/4700/405
f 2643/4701/406 2647/4696/406 2645/4698/406 2641/4702/406
f 2648/4695/407 2644/4703/407 2642/4704/407 2646/4697/407
f 2649/4705/402 2650/4706/402 2652/4707/402 2651/4708/402
f 2651/4708/403 2652/4707/403 2656/4709/403 2655/4710/403
f 2655/4710/404 2656/4709/404 2654/4711/404 2653/4712/404
f 2653/4712/405 2654/4711/405 2650/4713/405 2649/4714/405
f 2651/4715/406 2655/4710/406 2653/4712/406 2649/4716/406
f 2656/4709/407 2652/4717/407 2650/4718/407 2654/4711/407
f 2657/4719/402 2658/4720/402 2660/4721/402 2659/4722/402
f 2659/4722/403 2660/4721/403 2664/4723/403 2663/4724/403
f 2663/4724/404 2664/4723/404 2662/4725/404 2661/4726/404
f 2661/4726/405 2662/4725/405 2658/4727/405 2657/4728/405
f 2659/4729/406 2663/4724/406 2661/4726/406 2657/4730/406
f 2664/4723/407 2660/4731/407 2658/4732/407 2662/4725/407
f 2673/4733/408 2674/4734/408 2676/4735/408 2675/4736/408
f 2675/4736/409 2676/4735/409 2680/4737/409 2679/4738/409
f 2679/4738/410 2680/4737/410 2678/4739/410 2677/4740/410
f 2677/4740/411 2678/4739/411 2674/4741/411 2673/4742/411
f 2675/4743/406 2679/4738/406 2677/4740/406 2673/4744/406
f 2680/4737/407 2676/4745/407 2674/4746/407 2678/4739/407
f 2681/4747/408 2682/4748/408 2684/4749/408 2683/4750/408
f 2683/4750/409 2684/4749/409 2688/4751/409 2687/4752/409
f 2687/4752/410 2688/4751/410 2686/4753/410 2685/4754/410
f 2685/4754/411 2686/4753/411 2682/4755/411 2681/4756/411
f 2683/4757/406 2687/4752/406 2685/4754/406 2681/4758/406
f 2688/4751/407 2684/4759/407 2682/4760/407 2686/4753/407
f 2689/4761/408 2690/4762/408 2692/4763/408 2691/4764/408
f 2691/4764/409 2692/4763/409 2696/4765/409 2695/4766/409
f 2695/4766/410 2696/4765/410 2694/4767/410 2693/4768/410
f 2693/4768/411 2694/4767/411 2690/4769/411 2689/4770/411
f 2691/4771/406 2695/4766/406 2693/4768/406 2689/4772/406
f 2696/4765/407 2692/4773/407 2690/4774/407 2694/4767/407
f 2697/4775/408 2698/4776/408 2700/4777/408 2699/4778/408
f 2699/4778/409 2700/4777/409 2704/4779/409 2703/4780/409
f 2703/4780/410 2704/4779/410 2702/4781/410 2701/4782/410
f 2701/4782/411 2702/4781/411 2698/4783/411 2697/4784/411
f 2699/4785/406 2703/4780/406 2701/4782/406 2697/4786/406
f 2704/4779/407 2700/4787/407 2698/4788/407 2702/4781/407
f 2705/4789/408 2706/4790/408 2708/4791/408 2707/4792/408
f 2707/4792/409 2708/4791/409 2712/4793/409 2711/4794/409
f 2711/4794/410 2712/4793/410 2710/4795/410 2709/4796/410
f 2709/4796/411 2710/4795/411 2706/4797/411 2705/4798/411
f 2707/4799/406 2711/4794/406 2709/4796/406 2705/4800/406
f 2712/4793/407 2708/4801/407 2706/4802/407 2710/4795/407
f 2713/4803/408 2714/4804/408 2716/4805/408 2715/4806/408
f 2715/4806/409 2716/4805/409 2720/4807/409 2719/4808/409
f 2719/4808/410 2720/4807/410 2718/4809/410 2717/4810/410
f 2717/4810/411 2718/4809/411 2714/4811/411 2713/4812/411
f 2715/4813/406 2719/4808/406 2717/4810/406 2713/4814/406
f 2720/4807/407 2716/4815/407 2714/4816/407 2718/4809/407
usemtl Material.007
f 2721/4817/341 2722/4818/341 2724/4819/341 2723/4820/341
f 2723/4820/412 2724/4819/412 2728/4821/412 2727/4822/412
f 2727/4822/339 2728/4821/339 2726/4823/339 2725/4824/339
f 2725/4824/413 2726/4823/413 2722/4825/413 2721/4826/413
f 2723/4827/407 2727/4822/407 2725/4824/407 2721/4828/407
f 2728/4821/406 2724/4829/406 2722/4830/406 2726/4823/406
f 2729/4831/341 2730/4832/341 2732/4833/341 2731/4834/341
f 2731/4834/414 2732/4833/414 2736/4835/414 2735/4836/414
f 2735/4836/339 2736/4835/339 2734/4837/339 2733/4838/339
f 2733/4838/415 2734/4837/415 2730/4839/415 2729/4840/415
f 2731/4841/416 2735/4836/416 2733/4838/416 2729/4842/416
f 2736/4835/417 2732/4843/417 2730/4844/417 2734/4837/417
f 2737/4845/341 2738/4846/341 2740/4847/341 2739/4848/341
f 2739/4848/414 2740/4847/414 2744/4849/414 2743/4850/414
f 2743/4850/339 2744/4849/339 2742/4851/339 2741/4852/339
f 2741/4852/418 2742/4851/418 2738/4853/418 2737/4854/418
f 2739/4855/416 2743/4850/416 2741/4852/416 2737/4856/416
f 2744/4849/417 2740/4857/417 2738/4858/417 2742/4851/417
f 2745/4859/341 2746/4860/341 2748/4861/341 2747/4862/341
f 2747/4862/414 2748/4861/414 2752/4863/414 2751/4864/414
f 2751/4864/339 2752/4863/339 2750/4865/339 2749/4866/339
f 2749/4866/415 2750/4865/415 2746/4867/415 2745/4868/415
f 2747/4869/416 2751/4864/416 2749/4866/416 2745/4870/416
f 2752/4863/417 2748/4871/417 2746/4872/417 2750/4865/417
f 2753/4873/341 2754/4874/341 2756/4875/341 2755/4876/341
f 2755/4876/414 2756/4875/414 2760/4877/414 2759/4878/414
f 2759/4878/339 2760/4877/339 2758/4879/339 2757/4880/339
f 2757/4880/415 2758/4879/415 2754/4881/415 2753/4882/415
f 2755/4883/416 2759/4878/416 2757/4880/416 2753/4884/416
f 2760/4877/417 2756/4885/417 2754/4886/417 2758/4879/417
f 2761/4887/341 2762/4888/341 2764/4889/341 2763/4890/341
f 2763/4890/414 2764/4889/414 2768/4891/414 2767/4892/414
f 2767/4892/339 2768/4891/339 2766/4893/339 2765/4894/339
f 2765/4894/418 2766/4893/418 2762/4895/418 2761/4896/418
f 2763/4897/416 2767/4892/416 2765/4894/416 2761/4898/416
f 2768/4891/417 2764/4899/417 2762/4900/417 2766/4893/417
f 2769/4901/341 2770/4902/341 2772/4903/341 2771/4904/341
f 2771/4904/419 2772/4903/419 2776/4905/419 2775/4906/419
f 2775/4906/339 2776/4905/339 2774/4907/339 2773/4908/339
f 2773/4908/420 2774/4907/420 2770/4909/420 2769/4910/420
f 2771/4911/421 2775/4906/421 2773/4908/421 2769/4912/421
f 2776/4905/422 2772/4913/422 2770/4914/422 2774/4907/422
f 2777/4915/341 2778/4916/341 2780/4917/341 2779/4918/341
f 2779/4918/414 2780/4917/414 2784/4919/414 2783/4920/414
f 2783/4920/339 2784/4919/339 2782/4921/339 2781/4922/339
f 2781/4922/415 2782/4921/415 2778/4923/415 2777/4924/415
f 2779/4925/416 2783/4920/416 2781/4922/416 2777/4926/416
f 2784/4919/417 2780/4927/417 2778/4928/417 2782/4921/417
f 2785/4929/341 2786/4930/341 2788/4931/341 2787/4932/341
f 2787/4932/414 2788/4931/414 2792/4933/414 2791/4934/414
f 2791/4934/339 2792/4933/339 2790/4935/339 2789/4936/339
f 2789/4936/415 2790/4935/415 2786/4937/415 2785/4938/415
f 2787/4939/416 2791/4934/416 2789/4936/416 2785/4940/416
f 2792/4933/417 2788/4941/417 2786/4942/417 2790/4935/417
f 2793/4943/341 2794/4944/341 2796/4945/341 2795/4946/341
f 2795/4946/414 2796/4945/414 2800/4947/414 2799/4948/414
f 2799/4948/339 2800/4947/339 2798/4949/339 2797/4950/339
f 2797/4950/415 2798/4949/415 2794/4951/415 2793/4952/415
f 2795/4953/416 2799/4948/416 2797/4950/416 2793/4954/416
f 2800/4947/417 2796/4955/417 2794/4956/417 2798/4949/417
f 2801/4957/341 2802/4958/341 2804/4959/341 2803/4960/341
f 2803/4960/423 2804/4959/423 2808/4961/423 2807/4962/423
f 2807/4962/339 2808/4961/339 2806/4963/339 2805/4964/339
f 2805/4964/415 2806/4963/415 2802/4965/415 2801/4966/415
f 2803/4967/416 2807/4962/416 2805/4964/416 2801/4968/416
f 2808/4961/417 2804/4969/417 2802/4970/417 2806/4963/417
usemtl Material.006
f 2809/4971/341 2810/4972/341 2812/4973/341 2811/4974/341
f 2811/4974/424 2812/4973/424 2816/4975/424 2815/4976/424
f 2815/4976/339 2816/4975/339 2814/4977/339 2813/4978/339
f 2813/4978/425 2814/4977/425 2810/4979/425 2809/4980/425
f 2811/4981/426 2815/4976/426 2813/4978/426 2809/4982/426
f 2816/4975/427 2812/4983/427 2810/4984/427 2814/4977/427
f 2817/4985/341 2818/4986/341 2820/4987/341 2819/4988/341
f 2819/4988/412 2820/4987/412 2824/4989/412 2823/4990/412
f 2823/4990/339 2824/4989/339 2822/4991/339 2821/4992/339
f 2821/4992/413 2822/4991/413 2818/4993/413 2817/4994/413
f 2819/4995/407 2823/4990/407 2821/4992/407 2817/4996/407
f 2824/4989/406 2820/4997/406 2818/4998/406 2822/4991/406
f 2825/4999/341 2826/5000/341 2828/5001/341 2827/5002/341
f 2827/5002/412 2828/5001/412 2832/5003/412 2831/5004/412
f 2831/5004/339 2832/5003/339 2830/5005/339 2829/5006/339
f 2829/5006/413 2830/5005/413 2826/5007/413 2825/5008/413
f 2827/5009/407 2831/5004/407 2829/5006/407 2825/5010/407
f 2832/5003/406 2828/5011/406 2826/5012/406 2830/5005/406
f 2833/5013/341 2834/5014/341 2836/5015/341 2835/5016/341
f 2835/5016/412 2836/5015/412 2840/5017/412 2839/5018/412
f 2839/5018/339 2840/5017/339 2838/5019/339 2837/5020/339
f 2837/5020/413 2838/5019/413 2834/5021/413 2833/5022/413
f 2835/5023/407 2839/5018/407 2837/5020/407 2833/5024/407
f 2840/5017/406 2836/5025/406 2834/5026/406 2838/5019/406
f 2841/5027/341 2842/5028/341 2844/5029/341 2843/5030/341
f 2843/5030/424 2844/5029/424 2848/5031/424 2847/5032/424
f 2847/5032/339 2848/5031/339 2846/5033/339 2845/5034/339
f 2845/5034/425 2846/5033/425 2842/5035/425 2841/5036/425
f 2843/5037/426 2847/5032/426 2845/5034/426 2841/5038/426
f 2848/5031/427 2844/5039/427 2842/5040/427 2846/5033/427
f 2849/5041/341 2850/5042/341 2852/5043/341 2851/5044/341
f 2851/5044/412 2852/5043/412 2856/5045/412 2855/5046/412
f 2855/5046/339 2856/5045/339 2854/5047/339 2853/5048/339
f 2853/5048/413 2854/5047/413 2850/5049/413 2849/5050/413
f 2851/5051/407 2855/5046/407 2853/5048/407 2849/5052/407
f 2856/5045/406 2852/5053/406 2850/5054/406 2854/5047/406
f 2857/5055/341 2858/5056/341 2860/5057/341 2859/5058/341
f 2859/5058/424 2860/5057/424 2864/5059/424 2863/5060/424
f 2863/5060/339 2864/5059/339 2862/5061/339 2861/5062/339
f 2861/5062/425 2862/5061/425 2858/5063/425 2857/5064/425
f 2859/5065/426 2863/5060/426 2861/5062/426 2857/5066/426
f 2864/5059/427 2860/5067/427 2858/5068/427 2862/5061/427
f 2865/5069/341 2866/5070/341 2868/5071/341 2867/5072/341
f 2867/5072/428 2868/5071/428 2872/5073/428 2871/5074/428
f 2871/5074/339 2872/5073/339 2870/5075/339 2869/5076/339
f 2869/5076/429 2870/5075/429 2866/5077/429 2865/5078/429
f 2867/5079/430 2871/5074/430 2869/5076/430 2865/5080/430
f 2872/5073/431 2868/5081/431 2866/5082/431 2870/5075/431
f 2873/5083/341 2874/5084/341 2876/5085/341 2875/5086/341
f 2875/5086/428 2876/5085/428 2880/5087/428 2879/5088/428
f 2879/5088/339 2880/5087/339 2878/5089/339 2877/5090/339
f 2877/5090/429 2878/5089/429 2874/5091/429 2873/5092/429
f 2875/5093/430 2879/5088/430 2877/5090/430 2873/5094/430
f 2880/5087/431 2876/5095/431 2874/5096/431 2878/5089/431
f 2881/5097/341 2882/5098/341 2884/5099/341 2883/5100/341
f 2883/5100/428 2884/5099/428 2888/5101/428 2887/5102/428
f 2887/5102/339 2888/5101/339 2886/5103/339 2885/5104/339
f 2885/5104/429 2886/5103/429 2882/5105/429 2881/5106/429
f 2883/5107/430 2887/5102/430 2885/5104/430 2881/5108/430
f 2888/5101/431 2884/5109/431 2882/5110/431 2886/5103/431
f 2889/5111/341 2890/5112/341 2892/5113/341 2891/5114/341
f 2891/5114/424 2892/5113/424 2896/5115/424 2895/5116/424
f 2895/5116/339 2896/5115/339 2894/5117/339 2893/5118/339
f 2893/5118/425 2894/5117/425 2890/5119/425 2889/5120/425
f 2891/5121/426 2895/5116/426 2893/5118/426 2889/5122/426
f 2896/5115/427 2892/5123/427 2890/5124/427 2894/5117/427
f 2897/5125/341 2898/5126/341 2900/5127/341 2899/5128/341
f 2899/5128/428 2900/5127/428 2904/5129/428 2903/5130/428
f 2903/5130/339 2904/5129/339 2902/5131/339 2901/5132/339
f 2901/5132/429 2902/5131/429 2898/5133/429 2897/5134/429
f 2899/5135/430 2903/5130/430 2901/5132/430 2897/5136/430
f 2904/5129/431 2900/5137/431 2898/5138/431 2902/5131/431
o Cube.006_Cube.077
v 1.032538 1.747772 -0.806550
v 1.032538 -0.252228 -0.806550
v 1.032538 1.747772 0.806550
v 1.032538 -0.252228 0.806550
v -0.967462 1.747772 -0.806550
v -0.967462 -0.252228 -0.806550
v -0.967462 1.747772 0.806550
v -0.967462 -0.252228 0.806550
vt 0.625000 0.500000
vt 0.875000 0.500000
vt 0.875000 0.750000
vt 0.625000 0.750000
vt 0.375000 0.750000
vt 0.625000 1.000000
vt 0.375000 1.000000
vt 0.375000 0.000000
vt 0.625000 0.000000
vt 0.625000 0.250000
vt 0.375000 0.250000
vt 0.125000 0.500000
vt 0.375000 0.500000
vt 0.125000 0.750000
vn 0.0000 1.0000 0.0000
vn 0.0000 0.0000 1.0000
vn -1.0000 0.0000 0.0000
vn 0.0000 -1.0000 0.0000
vn 1.0000 0.0000 0.0000
vn 0.0000 0.0000 -1.0000
usemtl Material.001
s off
f 2937/5139/432 2941/5140/432 2943/5141/432 2939/5142/432
f 2940/5143/433 2939/5142/433 2943/5144/433 2944/5145/433
f 2944/5146/434 2943/5147/434 2941/5148/434 2942/5149/434
f 2942/5150/435 2938/5151/435 2940/5143/435 2944/5152/435
f 2938/5151/436 2937/5139/436 2939/5142/436 2940/5143/436
f 2942/5149/437 2941/5148/437 2937/5139/437 2938/5151/437
o Cube.007_Cube.078
v 0.248431 1.063136 -0.520306
v 0.248431 -0.224029 -0.520306
v 0.248431 1.063136 0.820068
v 0.248431 -0.224029 0.820068
v -0.981016 1.063136 -0.520306
v -0.981016 -0.224029 -0.520306
v -0.981016 1.063136 0.820068
v -0.981016 -0.224029 0.820068
vt 0.625000 0.500000
vt 0.875000 0.500000
vt 0.875000 0.750000
vt 0.625000 0.750000
vt 0.375000 0.750000
vt 0.625000 1.000000
vt 0.375000 1.000000
vt 0.375000 0.000000
vt 0.625000 0.000000
vt 0.625000 0.250000
vt 0.375000 0.250000
vt 0.125000 0.500000
vt 0.375000 0.500000
vt 0.125000 0.750000
vn 0.0000 1.0000 0.0000
vn 0.0000 0.0000 1.0000
vn -1.0000 0.0000 0.0000
vn 0.0000 -1.0000 0.0000
vn 1.0000 0.0000 0.0000
vn 0.0000 0.0000 -1.0000
usemtl Material
s off
f 2945/5153/438 2949/5154/438 2951/5155/438 2947/5156/438
f 2948/5157/439 2947/5156/439 2951/5158/439 2952/5159/439
f 2952/5160/440 2951/5161/440 2949/5162/440 2950/5163/440
f 2950/5164/441 2946/5165/441 2948/5157/441 2952/5166/441
f 2946/5165/442 2945/5153/442 2947/5156/442 2948/5157/442
f 2950/5163/443 2949/5162/443 2945/5153/443 2946/5165/443
o Cube.008_Cube.079
v 0.623390 1.212315 -0.811988
v 0.623390 -0.074850 -0.811988
v 0.623390 1.212315 0.528386
v 0.623390 -0.074850 0.528386
v -0.606057 1.212315 -0.811988
v -0.606057 -0.074850 -0.811988
v -0.606057 1.212315 0.528386
v -0.606057 -0.074850 0.528386
vt 0.625000 0.500000
vt 0.875000 0.500000
vt 0.875000 0.750000
vt 0.625000 0.750000
vt 0.375000 0.750000
vt 0.625000 1.000000
vt 0.375000 1.000000
vt 0.375000 0.000000
vt 0.625000 0.000000
vt 0.625000 0.250000
vt 0.375000 0.250000
vt 0.125000 0.500000
vt 0.375000 0.500000
vt 0.125000 0.750000
vn 0.0000 1.0000 0.0000
vn 0.0000 0.0000 1.0000
vn -1.0000 0.0000 0.0000
vn 0.0000 -1.0000 0.0000
vn 1.0000 0.0000 0.0000
vn 0.0000 0.0000 -1.0000
usemtl Material
s off
f 2953/5167/444 2957/5168/444 2959/5169/444 2955/5170/444
f 2956/5171/445 2955/5170/445 2959/5172/445 2960/5173/445
f 2960/5174/446 2959/5175/446 2957/5176/446 2958/5177/446
f 2958/5178/447 2954/5179/447 2956/5171/447 2960/5180/447
f 2954/5179/448 2953/5167/448 2955/5170/448 2956/5171/448
f 2958/5177/449 2957/5176/449 2953/5167/449 2954/5179/449
o Cube.009_Cube.080
v 1.078080 1.168216 -0.650415
v 1.078080 -0.030751 -0.650415
v 1.078080 1.168216 0.613337
v 1.078080 -0.030751 0.613337
v -0.151367 1.168216 -0.650415
v -0.151367 -0.030751 -0.650415
v -0.151367 1.168216 0.613337
v -0.151367 -0.030751 0.613337
vt 0.625000 0.500000
vt 0.875000 0.500000
vt 0.875000 0.750000
vt 0.625000 0.750000
vt 0.375000 0.750000
vt 0.625000 1.000000
vt 0.375000 1.000000
vt 0.375000 0.000000
vt 0.625000 0.000000
vt 0.625000 0.250000
vt 0.375000 0.250000
vt 0.125000 0.500000
vt 0.375000 0.500000
vt 0.125000 0.750000
vn 0.0000 1.0000 0.0000
vn 0.0000 0.0000 1.0000
vn -1.0000 0.0000 0.0000
vn 0.0000 -1.0000 0.0000
vn 1.0000 0.0000 0.0000
vn 0.0000 0.0000 -1.0000
usemtl Material
s off
f 2961/5181/450 2965/5182/450 2967/5183/450 2963/5184/450
f 2964/5185/451 2963/5184/451 2967/5186/451 2968/5187/451
f 2968/5188/452 2967/5189/452 2965/5190/452 2966/5191/452
f 2966/5192/453 2962/5193/453 2964/5185/453 2968/5194/453
f 2962/5193/454 2961/5181/454 2963/5184/454 2964/5185/454
f 2966/5191/455 2965/5190/455 2961/5181/455 2962/5193/455
o Cube.010_Cube.081
v 0.875121 -0.075153 0.320279
v 0.872380 1.179276 0.315359
v 0.875104 -0.075015 0.355490
v 0.872363 1.179415 0.350571
v 1.162383 -0.074525 0.320415
v 1.159642 1.179904 0.315496
v 1.162366 -0.074387 0.355627
v 1.159625 1.180043 0.350707
v 0.930331 0.458432 -0.723930
v 0.930331 0.458319 -0.672615
v 0.930331 0.413233 -0.724030
v 0.930331 0.413120 -0.672714
v 1.217594 0.458432 -0.723930
v 1.217594 0.458319 -0.672615
v 1.217594 0.413233 -0.724030
v 1.217594 0.413120 -0.672715
v 0.929607 -0.072122 0.610674
v 0.929607 1.194658 0.638049
v 0.929607 -0.073435 0.671456
v 0.929607 1.193344 0.698830
v 1.216870 -0.072122 0.610674
v 1.216870 1.194658 0.638049
v 1.216870 -0.073435 0.671456
v 1.216870 1.193344 0.698830
v 0.929445 1.178128 -0.627634
v 0.929445 1.196652 0.639306
v 0.929445 1.117340 -0.626745
v 0.929445 1.135863 0.640195
v 1.216708 1.178128 -0.627634
v 1.216708 1.196652 0.639306
v 1.216708 1.117340 -0.626745
v 1.216708 1.135863 0.640195
v 0.929607 -0.089075 -0.706005
v 0.929607 1.177704 -0.678631
v 0.929607 -0.090389 -0.645224
v 0.929607 1.176391 -0.617850
v 1.216870 -0.089075 -0.706005
v 1.216870 1.177704 -0.678631
v 1.216870 -0.090389 -0.645224
v 1.216870 1.176391 -0.617850
v 0.929445 -0.026488 -0.653308
v 0.929445 -0.007964 0.613632
v 0.929445 -0.087277 -0.652419
v 0.929445 -0.068753 0.614521
v 1.216708 -0.026488 -0.653308
v 1.216708 -0.007964 0.613632
v 1.216708 -0.087277 -0.652420
v 1.216708 -0.068753 0.614521
v 1.181494 0.664635 -0.657891
v 1.172819 0.672351 0.622057
v 1.120729 0.666139 -0.658312
v 1.112054 0.673855 0.621637
v 1.177000 0.483340 -0.656828
v 1.168325 0.491057 0.623120
v 1.116236 0.484844 -0.657249
v 1.107561 0.492560 0.622699
v 1.198837 -0.058245 -0.051197
v 1.191767 1.128416 -0.053756
v 1.138083 -0.058610 -0.052680
v 1.131013 1.128051 -0.055238
v 1.195964 -0.058009 0.066494
v 1.188894 1.128653 0.063936
v 1.135210 -0.058374 0.065012
v 1.128140 1.128288 0.062453
v 0.802548 1.012386 -0.639049
v 0.799700 1.025415 0.664429
v 0.802539 0.994355 -0.638869
v 0.799691 1.007384 0.664609
v 1.089810 1.012253 -0.638420
v 1.086962 1.025282 0.665058
v 1.089801 0.994222 -0.638240
v 1.086953 1.007251 0.665238
v 0.819065 0.750551 -0.677657
v 0.816156 0.763860 0.653840
v 0.819057 0.732520 -0.677477
v 0.816147 0.745829 0.654020
v 1.106327 0.750419 -0.677028
v 1.103418 0.763727 0.654469
v 1.106318 0.732387 -0.676848
v 1.103409 0.745696 0.654649
v 0.817162 0.433354 -0.664133
v 0.814311 0.446393 0.640316
v 0.817153 0.415323 -0.663953
v 0.814303 0.428361 0.640496
v 1.104424 0.433221 -0.663504
v 1.101573 0.446260 0.640945
v 1.104415 0.415190 -0.663324
v 1.101565 0.428229 0.641125
v 0.835267 0.185049 -0.677277
v 0.832383 0.198245 0.642881
v 0.835259 0.167018 -0.677097
v 0.832374 0.180214 0.643062
v 1.122529 0.184917 -0.676648
v 1.119645 0.198112 0.643510
v 1.122521 0.166885 -0.676468
v 1.119636 0.180081 0.643690
v 0.872439 -0.075153 -0.350466
v 0.869698 1.179276 -0.355386
v 0.872422 -0.075015 -0.315255
v 0.869681 1.179414 -0.320174
v 1.159701 -0.074525 -0.350330
v 1.156960 1.179904 -0.355249
v 1.159684 -0.074387 -0.315118
v 1.156943 1.180043 -0.320038
v 1.158183 0.514000 0.572811
v 1.157864 0.659943 0.573366
v 1.158174 0.513931 0.590843
v 1.157855 0.659874 0.591398
v 1.213191 0.514120 0.572838
v 1.212872 0.660063 0.573393
v 1.213182 0.514051 0.590870
v 1.212863 0.659994 0.591425
v 1.156562 0.653671 0.107887
v 1.155527 0.658408 0.581745
v 1.156553 0.635640 0.108067
v 1.155518 0.640377 0.581926
v 1.211570 0.653646 0.108007
v 1.210535 0.658382 0.581866
v 1.211562 0.635615 0.108187
v 1.210526 0.640351 0.582046
v 1.145531 0.527133 0.107887
v 1.144496 0.531870 0.581745
v 1.145522 0.509102 0.108067
v 1.144487 0.513839 0.581925
v 1.200540 0.527108 0.108007
v 1.199504 0.531844 0.581865
v 1.200531 0.509077 0.108187
v 1.199495 0.513813 0.582046
v 1.152701 0.614849 0.109854
v 1.151666 0.619586 0.583712
v 1.152693 0.596818 0.110034
v 1.151657 0.601554 0.583893
v 1.207710 0.614824 0.109974
v 1.206674 0.619560 0.583833
v 1.207701 0.596793 0.110154
v 1.206666 0.601529 0.584013
v 1.152701 0.570155 0.109854
v 1.151666 0.574892 0.583712
v 1.152693 0.552124 0.110034
v 1.151657 0.556861 0.583893
v 1.207710 0.570130 0.109974
v 1.206674 0.574866 0.583833
v 1.207701 0.552099 0.110154
v 1.206666 0.556835 0.584013
v 1.158183 0.506733 0.096122
v 1.157864 0.652676 0.096677
v 1.158174 0.506664 0.114154
v 1.157855 0.652607 0.114709
v 1.213191 0.506853 0.096149
v 1.212872 0.652796 0.096704
v 1.213182 0.506784 0.114181
v 1.212863 0.652727 0.114736
v 1.177847 0.647396 0.093814
v 1.182712 0.648357 0.578492
v 1.155502 0.647859 0.094037
v 1.160367 0.648819 0.578715
v 1.175175 0.518182 0.094097
v 1.180040 0.519143 0.578775
v 1.152829 0.518645 0.094320
v 1.157694 0.519606 0.578998
v 1.158303 0.514000 -0.115638
v 1.157978 0.659943 -0.115087
v 1.158065 0.513931 -0.097608
v 1.157739 0.659874 -0.097057
v 1.213307 0.514120 -0.114910
v 1.212981 0.660063 -0.114359
v 1.213068 0.514051 -0.096880
v 1.212742 0.659994 -0.096329
v 1.162609 0.653671 -0.580545
v 1.155534 0.658408 -0.106739
v 1.162598 0.635640 -0.580365
v 1.155523 0.640377 -0.106559
v 1.217612 0.653646 -0.579724
v 1.210536 0.658382 -0.105917
v 1.217601 0.635615 -0.579544
v 1.210525 0.640351 -0.105737
v 1.151579 0.527133 -0.580686
v 1.144504 0.531870 -0.106880
v 1.151568 0.509102 -0.580506
v 1.144493 0.513839 -0.106699
v 1.206582 0.527108 -0.579865
v 1.199506 0.531844 -0.106058
v 1.206571 0.509077 -0.579685
v 1.199495 0.513813 -0.105878
v 1.158724 0.614849 -0.578628
v 1.151648 0.619586 -0.104821
v 1.158713 0.596818 -0.578448
v 1.151637 0.601554 -0.104641
v 1.213726 0.614824 -0.577806
v 1.206651 0.619560 -0.103999
v 1.213715 0.596793 -0.577626
v 1.206640 0.601529 -0.103819
v 1.158724 0.570155 -0.578628
v 1.151648 0.574892 -0.104821
v 1.158713 0.552124 -0.578448
v 1.151637 0.556861 -0.104641
v 1.213726 0.570130 -0.577806
v 1.206651 0.574866 -0.103999
v 1.213715 0.552099 -0.577626
v 1.206640 0.556835 -0.103819
v 1.164380 0.506733 -0.592289
v 1.164054 0.652676 -0.591738
v 1.164141 0.506664 -0.574259
v 1.163815 0.652607 -0.573708
v 1.219383 0.506853 -0.591561
v 1.219058 0.652796 -0.591009
v 1.219145 0.506784 -0.573530
v 1.218819 0.652727 -0.572979
v 1.184072 0.647396 -0.594346
v 1.182759 0.648357 -0.109646
v 1.161726 0.647859 -0.594408
v 1.160412 0.648819 -0.109707
v 1.181396 0.518182 -0.594097
v 1.180083 0.519143 -0.109397
v 1.159050 0.518645 -0.594159
v 1.157736 0.519606 -0.109458
v 1.212387 -0.069172 -0.676729
v 1.211817 -0.065004 0.643488
v 1.194359 -0.068863 -0.676738
v 1.193789 -0.064694 0.643479
v 1.209183 -0.255930 -0.676141
v 1.208613 -0.251761 0.644076
v 1.191154 -0.255620 -0.676150
v 1.190585 -0.251452 0.644067
v 1.208492 -0.194614 0.572811
v 1.208174 -0.048671 0.573366
v 1.208484 -0.194683 0.590843
v 1.208165 -0.048740 0.591398
v 1.263501 -0.194494 0.572838
v 1.263182 -0.048551 0.573393
v 1.263492 -0.194562 0.590870
v 1.263173 -0.048619 0.591425
v 1.206872 -0.054942 0.107887
v 1.205837 -0.050206 0.581745
v 1.206863 -0.072973 0.108067
v 1.205828 -0.068237 0.581926
v 1.261880 -0.054968 0.108007
v 1.260845 -0.050231 0.581866
v 1.261871 -0.072999 0.108187
v 1.260836 -0.068262 0.582046
v 1.195841 -0.181480 0.107887
v 1.194806 -0.176744 0.581745
v 1.195832 -0.199511 0.108067
v 1.194797 -0.194775 0.581925
v 1.250849 -0.181506 0.108007
v 1.249814 -0.176769 0.581866
v 1.250841 -0.199537 0.108187
v 1.249805 -0.194800 0.582046
v 1.203011 -0.093764 0.109854
v 1.201976 -0.089028 0.583712
v 1.203002 -0.111795 0.110034
v 1.201967 -0.107059 0.583893
v 1.258020 -0.093790 0.109974
v 1.256984 -0.089053 0.583833
v 1.258011 -0.111821 0.110154
v 1.256976 -0.107085 0.584013
v 1.203011 -0.138458 0.109854
v 1.201976 -0.133722 0.583712
v 1.203002 -0.156489 0.110034
v 1.201967 -0.151753 0.583893
v 1.258020 -0.138484 0.109974
v 1.256984 -0.133747 0.583833
v 1.258011 -0.156515 0.110154
v 1.256976 -0.151778 0.584013
v 1.208493 -0.201881 0.096122
v 1.208174 -0.055938 0.096677
v 1.208484 -0.201949 0.114154
v 1.208165 -0.056006 0.114709
v 1.263501 -0.201761 0.096149
v 1.263182 -0.055818 0.096704
v 1.263492 -0.201829 0.114181
v 1.263173 -0.055886 0.114736
v 1.228157 -0.061218 0.093814
v 1.233022 -0.060257 0.578492
v 1.205812 -0.060755 0.094037
v 1.210677 -0.059794 0.578715
v 1.225485 -0.190431 0.094097
v 1.230350 -0.189471 0.578775
v 1.203139 -0.189969 0.094320
v 1.208004 -0.189008 0.578998
v 1.206926 -0.200283 -0.115638
v 1.206600 -0.054339 -0.115087
v 1.206687 -0.200351 -0.097608
v 1.206362 -0.054408 -0.097057
v 1.261930 -0.200162 -0.114910
v 1.261604 -0.054219 -0.114359
v 1.261691 -0.200231 -0.096880
v 1.261365 -0.054288 -0.096329
v 1.211232 -0.060611 -0.580545
v 1.204156 -0.055874 -0.106739
v 1.211221 -0.078642 -0.580365
v 1.204145 -0.073905 -0.106559
v 1.266234 -0.060636 -0.579724
v 1.259159 -0.055900 -0.105917
v 1.266223 -0.078667 -0.579544
v 1.259148 -0.073931 -0.105737
v 1.200202 -0.187149 -0.580686
v 1.193126 -0.182412 -0.106879
v 1.200191 -0.205180 -0.580506
v 1.193115 -0.200444 -0.106699
v 1.255204 -0.187174 -0.579865
v 1.248129 -0.182438 -0.106058
v 1.255193 -0.205205 -0.579685
v 1.248118 -0.200469 -0.105878
v 1.207347 -0.099433 -0.578628
v 1.200271 -0.094697 -0.104821
v 1.207336 -0.117464 -0.578448
v 1.200260 -0.112728 -0.104641
v 1.262349 -0.099458 -0.577806
v 1.255273 -0.094722 -0.103999
v 1.262338 -0.117490 -0.577626
v 1.255262 -0.112753 -0.103819
v 1.207347 -0.144127 -0.578628
v 1.200271 -0.139390 -0.104821
v 1.207336 -0.162158 -0.578448
v 1.200260 -0.157422 -0.104641
v 1.262349 -0.144152 -0.577806
v 1.255273 -0.139416 -0.103999
v 1.262338 -0.162183 -0.577626
v 1.255262 -0.157447 -0.103819
v 1.213003 -0.207549 -0.592289
v 1.212677 -0.061606 -0.591738
v 1.212764 -0.207618 -0.574259
v 1.212438 -0.061675 -0.573708
v 1.268006 -0.207429 -0.591560
v 1.267680 -0.061486 -0.591009
v 1.267767 -0.207498 -0.573530
v 1.267442 -0.061555 -0.572979
v 1.232695 -0.066886 -0.594346
v 1.231381 -0.065925 -0.109646
v 1.210348 -0.066424 -0.594407
v 1.209035 -0.065463 -0.109707
v 1.230019 -0.196100 -0.594097
v 1.228705 -0.195139 -0.109397
v 1.207672 -0.195637 -0.594159
v 1.206359 -0.194676 -0.109458
v 1.198107 -0.090239 -0.596546
v 1.197614 -0.086634 0.545153
v 0.863691 -0.084502 -0.596708
v 0.863198 -0.080897 0.544991
v 1.195887 -0.219628 -0.596138
v 1.195394 -0.216023 0.545561
v 0.861471 -0.213890 -0.596301
v 0.860978 -0.210286 0.545398
v 0.976795 1.051794 -0.702994
v 0.976795 0.856474 -0.702994
v 1.179551 1.051794 -0.692081
v 1.179551 0.856474 -0.692081
v 0.974167 1.051794 -0.654168
v 0.974167 0.856474 -0.654168
v 1.176924 1.051794 -0.643255
v 1.176924 0.856474 -0.643255
v 0.981492 0.865654 -0.739061
v 0.981492 0.846933 -0.739062
v 1.184249 0.865654 -0.728148
v 1.184249 0.846933 -0.728148
v 0.978864 0.865654 -0.690235
v 0.978864 0.846933 -0.690235
v 1.181621 0.865654 -0.679322
v 1.181621 0.846933 -0.679322
v 0.981492 1.054068 -0.727396
v 0.981492 1.035347 -0.727396
v 1.184248 1.054068 -0.716483
v 1.184248 1.035347 -0.716483
v 0.978864 1.054068 -0.678570
v 0.978864 1.035347 -0.678570
v 1.181620 1.054068 -0.667657
v 1.181620 1.035347 -0.667657
v 0.981492 1.019916 -0.727396
v 0.981492 1.001194 -0.727396
v 1.184248 1.019916 -0.716483
v 1.184248 1.001194 -0.716483
v 0.978864 1.019916 -0.678570
v 0.978864 1.001194 -0.678570
v 1.181620 1.019916 -0.667657
v 1.181620 1.001194 -0.667657
v 0.981492 0.980148 -0.727396
v 0.981492 0.961427 -0.727396
v 1.184248 0.980148 -0.716483
v 1.184248 0.961427 -0.716483
v 0.978864 0.980148 -0.678570
v 0.978864 0.961427 -0.678570
v 1.181620 0.980148 -0.667657
v 1.181620 0.961427 -0.667657
v 0.981492 0.944082 -0.731103
v 0.981492 0.925361 -0.731103
v 1.184248 0.944082 -0.720190
v 1.184248 0.925361 -0.720189
v 0.978864 0.944082 -0.682276
v 0.978864 0.925361 -0.682276
v 1.181620 0.944082 -0.671363
v 1.181620 0.925361 -0.671363
v 0.981492 0.902190 -0.731102
v 0.981492 0.883469 -0.731102
v 1.184248 0.902190 -0.720190
v 1.184248 0.883469 -0.720190
v 0.978864 0.902190 -0.682276
v 0.978864 0.883469 -0.682276
v 1.181620 0.902190 -0.671363
v 1.181620 0.883469 -0.671363
v 0.976795 0.261305 -0.702994
v 0.976795 0.065985 -0.702994
v 1.179551 0.261305 -0.692081
v 1.179551 0.065985 -0.692081
v 0.974167 0.261305 -0.654168
v 0.974167 0.065985 -0.654168
v 1.176923 0.261305 -0.643255
v 1.176923 0.065985 -0.643255
v 0.981492 0.075165 -0.739062
v 0.981492 0.056444 -0.739062
v 1.184248 0.075165 -0.728149
v 1.184248 0.056444 -0.728149
v 0.978864 0.075165 -0.690235
v 0.978864 0.056444 -0.690235
v 1.181620 0.075165 -0.679322
v 1.181620 0.056444 -0.679322
v 0.981492 0.263579 -0.727396
v 0.981492 0.244858 -0.727396
v 1.184248 0.263579 -0.716483
v 1.184248 0.244858 -0.716483
v 0.978864 0.263579 -0.678570
v 0.978864 0.244858 -0.678570
v 1.181620 0.263579 -0.667657
v 1.181620 0.244858 -0.667657
v 0.981492 0.229427 -0.727396
v 0.981492 0.210706 -0.727396
v 1.184248 0.229427 -0.716483
v 1.184248 0.210706 -0.716483
v 0.978864 0.229427 -0.678570
v 0.978864 0.210706 -0.678570
v 1.181620 0.229427 -0.667657
v 1.181620 0.210706 -0.667657
v 0.981492 0.189659 -0.727396
v 0.981492 0.170938 -0.727396
v 1.184248 0.189659 -0.716483
v 1.184248 0.170938 -0.716483
v 0.978864 0.189659 -0.678570
v 0.978864 0.170938 -0.678570
v 1.181620 0.189659 -0.667657
v 1.181620 0.170938 -0.667657
v 0.981492 0.153593 -0.731103
v 0.981492 0.134872 -0.731103
v 1.184248 0.153593 -0.720190
v 1.184248 0.134872 -0.720189
v 0.978864 0.153593 -0.682276
v 0.978864 0.134872 -0.682276
v 1.181620 0.153593 -0.671363
v 1.181620 0.134872 -0.671363
v 0.981492 0.111701 -0.731103
v 0.981492 0.092980 -0.731103
v 1.184248 0.111701 -0.720190
v 1.184248 0.092980 -0.720190
v 0.978864 0.111701 -0.682276
v 0.978864 0.092980 -0.682276
v 1.181620 0.111701 -0.671363
v 1.181620 0.092980 -0.671363
v 1.189016 0.477480 0.696437
v 1.189016 0.282160 0.696437
v 0.985983 0.477480 0.693809
v 0.985983 0.282160 0.693809
v 1.189649 0.477480 0.647544
v 1.189649 0.282160 0.647544
v 0.986616 0.477480 0.644916
v 0.986616 0.282160 0.644916
v 1.185795 0.291340 0.732666
v 1.185795 0.272619 0.732666
v 0.982762 0.291340 0.730038
v 0.982762 0.272619 0.730038
v 1.186428 0.291340 0.683773
v 1.186428 0.272619 0.683773
v 0.983395 0.291340 0.681146
v 0.983395 0.272619 0.681146
v 1.185319 0.479754 0.721010
v 1.185319 0.461033 0.721010
v 0.982286 0.479754 0.718383
v 0.982286 0.461033 0.718383
v 1.185952 0.479754 0.672118
v 1.185952 0.461033 0.672118
v 0.982919 0.479754 0.669490
v 0.982919 0.461033 0.669490
v 1.185319 0.445602 0.721010
v 1.185319 0.426881 0.721010
v 0.982286 0.445602 0.718383
v 0.982286 0.426881 0.718383
v 1.185952 0.445602 0.672118
v 1.185952 0.426881 0.672118
v 0.982919 0.445602 0.669490
v 0.982919 0.426881 0.669490
v 1.185319 0.405834 0.721010
v 1.185319 0.387113 0.721010
v 0.982286 0.405834 0.718383
v 0.982286 0.387113 0.718383
v 1.185952 0.405834 0.672118
v 1.185952 0.387113 0.672118
v 0.982919 0.405834 0.669490
v 0.982919 0.387113 0.669490
v 1.185470 0.369768 0.724714
v 1.185470 0.351047 0.724714
v 0.982438 0.369768 0.722086
v 0.982438 0.351047 0.722086
v 1.186103 0.369768 0.675821
v 1.186103 0.351047 0.675821
v 0.983070 0.369768 0.673193
v 0.983070 0.351047 0.673193
v 1.185470 0.327876 0.724714
v 1.185470 0.309155 0.724714
v 0.982438 0.327876 0.722086
v 0.982438 0.309155 0.722086
v 1.186103 0.327876 0.675821
v 1.186103 0.309155 0.675821
v 0.983070 0.327876 0.673193
v 0.983070 0.309155 0.673193
v 1.200322 1.170205 0.227159
v 1.200322 1.196580 0.227159
v 1.200322 1.170205 -0.299555
v 1.200322 1.196580 -0.299555
v 1.024318 1.170205 0.227159
v 1.024318 1.196580 0.227159
v 1.024318 1.170205 -0.299555
v 1.024318 1.196579 -0.299555
v 1.191070 1.294768 0.228102
v 1.191070 1.294618 0.210874
v 1.191070 1.166409 0.230477
v 1.191070 1.166259 0.213248
v 1.015065 1.294768 0.228102
v 1.015065 1.294618 0.210874
v 1.015065 1.166409 0.230477
v 1.015065 1.166259 0.213248
v 1.191070 1.294768 0.106141
v 1.191070 1.294618 0.088913
v 1.191070 1.166409 0.108516
v 1.191070 1.166259 0.091287
v 1.015065 1.294768 0.106141
v 1.015065 1.294618 0.088913
v 1.015065 1.166409 0.108516
v 1.015065 1.166259 0.091287
v 1.191070 1.294111 -0.040885
v 1.191070 1.293960 -0.058113
v 1.191070 1.165752 -0.038511
v 1.191070 1.165601 -0.055739
v 1.015065 1.294111 -0.040885
v 1.015065 1.293960 -0.058113
v 1.015065 1.165752 -0.038511
v 1.015065 1.165601 -0.055739
v 1.191070 1.291207 -0.168767
v 1.191070 1.291056 -0.185995
v 1.191070 1.162848 -0.166392
v 1.191070 1.162697 -0.183621
v 1.015065 1.291207 -0.168767
v 1.015065 1.291056 -0.185995
v 1.015065 1.162848 -0.166392
v 1.015065 1.162697 -0.183621
v 1.191070 1.291289 -0.284091
v 1.191070 1.291139 -0.301319
v 1.191070 1.162930 -0.281716
v 1.191070 1.162780 -0.298945
v 1.015065 1.291289 -0.284091
v 1.015065 1.291139 -0.301319
v 1.015065 1.162930 -0.281716
v 1.015065 1.162780 -0.298945
v 1.197440 1.271890 0.227242
v 1.197440 1.298264 0.227070
v 1.197440 1.270271 -0.299467
v 1.197440 1.296645 -0.299638
v 1.021435 1.271890 0.227242
v 1.021435 1.298264 0.227070
v 1.021435 1.270271 -0.299467
v 1.021435 1.296645 -0.299638
v 1.191070 1.294768 0.034263
v 1.191070 1.294618 0.017035
v 1.191070 1.166409 0.036637
v 1.191070 1.166259 0.019409
v 1.015065 1.294768 0.034263
v 1.015065 1.294618 0.017035
v 1.015065 1.166409 0.036637
v 1.015065 1.166259 0.019409
v 1.191070 1.294381 0.174348
v 1.191070 1.294230 0.157119
v 1.191070 1.166022 0.176722
v 1.191070 1.165871 0.159494
v 1.015065 1.294381 0.174348
v 1.015065 1.294230 0.157119
v 1.015065 1.166022 0.176722
v 1.015065 1.165871 0.159494
v 1.191070 1.294111 -0.102322
v 1.191070 1.293960 -0.119550
v 1.191070 1.165752 -0.099947
v 1.191070 1.165601 -0.117176
v 1.015065 1.294111 -0.102322
v 1.015065 1.293960 -0.119550
v 1.015065 1.165752 -0.099947
v 1.015065 1.165601 -0.117176
v 1.191070 1.294111 -0.239897
v 1.191070 1.293960 -0.257125
v 1.191070 1.165752 -0.237523
v 1.191070 1.165601 -0.254751
v 1.015065 1.294111 -0.239897
v 1.015065 1.293960 -0.257125
v 1.015065 1.165752 -0.237523
v 1.015065 1.165601 -0.254751
v 1.191070 1.345359 0.286626
v 1.191070 1.345139 0.269397
v 1.191070 1.158695 0.289000
v 1.191070 1.158476 0.271772
v 1.015065 1.345358 0.286626
v 1.015065 1.345140 0.269397
v 1.015065 1.158695 0.289000
v 1.015065 1.158476 0.271772
v 1.187416 1.181700 0.593933
v 1.187416 1.220054 0.593933
v 1.187416 1.181700 0.274131
v 1.187416 1.220054 0.274131
v 1.011411 1.181700 0.593933
v 1.011411 1.220054 0.593933
v 1.011411 1.181700 0.274131
v 1.011411 1.220054 0.274131
v 1.187416 1.238173 0.593933
v 1.187416 1.276527 0.593933
v 1.187416 1.238173 0.274131
v 1.187416 1.276527 0.274131
v 1.011411 1.238173 0.593933
v 1.011411 1.276527 0.593933
v 1.011411 1.238173 0.274131
v 1.011411 1.276527 0.274131
v 1.187416 1.302059 0.593933
v 1.187416 1.340413 0.593933
v 1.187416 1.302059 0.274132
v 1.187416 1.340413 0.274132
v 1.011411 1.302059 0.593933
v 1.011411 1.340413 0.593933
v 1.011411 1.302059 0.274132
v 1.011411 1.340413 0.274132
v 1.191070 1.345359 0.598302
v 1.191070 1.345139 0.581073
v 1.191070 1.158695 0.600676
v 1.191070 1.158476 0.583448
v 1.015065 1.345359 0.598302
v 1.015065 1.345140 0.581073
v 1.015065 1.158695 0.600676
v 1.015065 1.158476 0.583448
v 1.187416 1.181700 0.593933
v 1.187416 1.220054 0.593933
v 1.187416 1.181700 0.274131
v 1.187416 1.220054 0.274131
v 1.011411 1.181700 0.593933
v 1.011411 1.220054 0.593933
v 1.011411 1.181700 0.274131
v 1.011411 1.220054 0.274131
v 1.191070 1.309433 -0.622938
v 1.191070 1.309289 -0.634208
v 1.191070 1.122778 -0.620564
v 1.191070 1.122635 -0.631834
v 1.015065 1.309433 -0.622938
v 1.015065 1.309289 -0.634208
v 1.015065 1.122778 -0.620564
v 1.015065 1.122635 -0.631834
v 1.187416 1.144439 -0.421167
v 1.187416 1.182790 -0.421336
v 1.187416 1.145846 -0.630392
v 1.187416 1.184196 -0.630561
v 1.011411 1.144439 -0.421167
v 1.011411 1.182790 -0.421336
v 1.011411 1.145846 -0.630392
v 1.011411 1.184196 -0.630561
v 1.187416 1.200907 -0.421416
v 1.187416 1.239257 -0.421584
v 1.187416 1.202313 -0.630641
v 1.187416 1.240663 -0.630809
v 1.011411 1.200907 -0.421416
v 1.011411 1.239257 -0.421584
v 1.011411 1.202313 -0.630641
v 1.011411 1.240664 -0.630809
v 1.187416 1.264786 -0.421697
v 1.187416 1.303137 -0.421865
v 1.187416 1.266193 -0.630921
v 1.187416 1.304543 -0.631090
v 1.011411 1.264786 -0.421697
v 1.011411 1.303137 -0.421865
v 1.011411 1.266193 -0.630922
v 1.011411 1.304543 -0.631090
v 1.191070 1.308062 -0.419029
v 1.191070 1.307919 -0.430299
v 1.191070 1.121408 -0.416654
v 1.191070 1.121264 -0.427925
v 1.015065 1.308062 -0.419029
v 1.015065 1.307919 -0.430299
v 1.015065 1.121408 -0.416654
v 1.015065 1.121264 -0.427925
v 1.187416 1.144439 -0.421167
v 1.187416 1.182790 -0.421336
v 1.187416 1.145846 -0.630392
v 1.187416 1.184196 -0.630561
v 1.011411 1.144439 -0.421167
v 1.011411 1.182790 -0.421336
v 1.011411 1.145846 -0.630392
v 1.011411 1.184196 -0.630561
v 0.930331 0.593157 -0.723930
v 0.930331 0.593044 -0.672615
v 0.930331 0.547958 -0.724029
v 0.930331 0.547845 -0.672715
v 1.217594 0.593157 -0.723930
v 1.217594 0.593044 -0.672615
v 1.217594 0.547958 -0.724030
v 1.217594 0.547845 -0.672715
v 0.927826 0.692202 0.662614
v 0.927826 0.692089 0.713928
v 0.927826 0.647003 0.662514
v 0.927826 0.646890 0.713829
v 1.215089 0.692202 0.662613
v 1.215089 0.692089 0.713928
v 1.215089 0.647003 0.662514
v 1.215089 0.646890 0.713829
v 0.927826 0.863866 0.662613
v 0.927826 0.863753 0.713928
v 0.927826 0.818668 0.662514
v 0.927826 0.818555 0.713829
v 1.215089 0.863866 0.662613
v 1.215089 0.863753 0.713928
v 1.215089 0.818668 0.662514
v 1.215089 0.818555 0.713829
v 0.927826 1.039266 0.662613
v 0.927826 1.039153 0.713928
v 0.927826 0.994067 0.662514
v 0.927826 0.993954 0.713829
v 1.215089 1.039266 0.662613
v 1.215089 1.039153 0.713928
v 1.215089 0.994067 0.662514
v 1.215089 0.993954 0.713829
vt 0.625000 0.500000
vt 0.875000 0.500000
vt 0.875000 0.750000
vt 0.625000 0.750000
vt 0.375000 0.750000
vt 0.625000 1.000000
vt 0.375000 1.000000
vt 0.375000 0.000000
vt 0.625000 0.000000
vt 0.625000 0.250000
vt 0.375000 0.250000
vt 0.125000 0.500000
vt 0.375000 0.500000
vt 0.125000 0.750000
vt 0.625000 0.500000
vt 0.875000 0.500000
vt 0.875000 0.750000
vt 0.625000 0.750000
vt 0.375000 0.750000
vt 0.625000 1.000000
vt 0.375000 1.000000
vt 0.375000 0.000000
vt 0.625000 0.000000
vt 0.625000 0.250000
vt 0.375000 0.250000
vt 0.125000 0.500000
vt 0.375000 0.500000
vt 0.125000 0.750000
vt 0.625000 0.500000
vt 0.875000 0.500000
vt 0.875000 0.750000
vt 0.625000 0.750000
vt 0.375000 0.750000
vt 0.625000 1.000000
vt 0.375000 1.000000
vt 0.375000 0.000000
vt 0.625000 0.000000
vt 0.625000 0.250000
vt 0.375000 0.250000
vt 0.125000 0.500000
vt 0.375000 0.500000
vt 0.125000 0.750000
vt 0.625000 0.500000
vt 0.875000 0.500000
vt 0.875000 0.750000
vt 0.625000 0.750000
vt 0.375000 0.750000
vt 0.625000 1.000000
vt 0.375000 1.000000
vt 0.375000 0.000000
vt 0.625000 0.000000
vt 0.625000 0.250000
vt 0.375000 0.250000
vt 0.125000 0.500000
vt 0.375000 0.500000
vt 0.125000 0.750000
vt 0.625000 0.500000
vt 0.875000 0.500000
vt 0.875000 0.750000
vt 0.625000 0.750000
vt 0.375000 0.750000
vt 0.625000 1.000000
vt 0.375000 1.000000
vt 0.375000 0.000000
vt 0.625000 0.000000
vt 0.625000 0.250000
vt 0.375000 0.250000
vt 0.125000 0.500000
vt 0.375000 0.500000
vt 0.125000 0.750000
vt 0.625000 0.500000
vt 0.875000 0.500000
vt 0.875000 0.750000
vt 0.625000 0.750000
vt 0.375000 0.750000
vt 0.625000 1.000000
vt 0.375000 1.000000
vt 0.375000 0.000000
vt 0.625000 0.000000
vt 0.625000 0.250000
vt 0.375000 0.250000
vt 0.125000 0.500000
vt 0.375000 0.500000
vt 0.125000 0.750000
vt 0.625000 0.500000
vt 0.875000 0.500000
vt 0.875000 0.750000
vt 0.625000 0.750000
vt 0.375000 0.750000
vt 0.625000 1.000000
vt 0.375000 1.000000
vt 0.375000 0.000000
vt 0.625000 0.000000
vt 0.625000 0.250000
vt 0.375000 0.250000
vt 0.125000 0.500000
vt 0.375000 0.500000
vt 0.125000 0.750000
vt 0.625000 0.500000
vt 0.875000 0.500000
vt 0.875000 0.750000
vt 0.625000 0.750000
vt 0.375000 0.750000
vt 0.625000 1.000000
vt 0.375000 1.000000
vt 0.375000 0.000000
vt 0.625000 0.000000
vt 0.625000 0.250000
vt 0.375000 0.250000
vt 0.125000 0.500000
vt 0.375000 0.500000
vt 0.125000 0.750000
vt 0.625000 0.500000
vt 0.875000 0.500000
vt 0.875000 0.750000
vt 0.625000 0.750000
vt 0.375000 0.750000
vt 0.625000 1.000000
vt 0.375000 1.000000
vt 0.375000 0.000000
vt 0.625000 0.000000
vt 0.625000 0.250000
vt 0.375000 0.250000
vt 0.125000 0.500000
vt 0.375000 0.500000
vt 0.125000 0.750000
vt 0.625000 0.500000
vt 0.875000 0.500000
vt 0.875000 0.750000
vt 0.625000 0.750000
vt 0.375000 0.750000
vt 0.625000 1.000000
vt 0.375000 1.000000
vt 0.375000 0.000000
vt 0.625000 0.000000
vt 0.625000 0.250000
vt 0.375000 0.250000
vt 0.125000 0.500000
vt 0.375000 0.500000
vt 0.125000 0.750000
vt 0.625000 0.500000
vt 0.875000 0.500000
vt 0.875000 0.750000
vt 0.625000 0.750000
vt 0.375000 0.750000
vt 0.625000 1.000000
vt 0.375000 1.000000
vt 0.375000 0.000000
vt 0.625000 0.000000
vt 0.625000 0.250000
vt 0.375000 0.250000
vt 0.125000 0.500000
vt 0.375000 0.500000
vt 0.125000 0.750000
vt 0.625000 0.500000
vt 0.875000 0.500000
vt 0.875000 0.750000
vt 0.625000 0.750000
vt 0.375000 0.750000
vt 0.625000 1.000000
vt 0.375000 1.000000
vt 0.375000 0.000000
vt 0.625000 0.000000
vt 0.625000 0.250000
vt 0.375000 0.250000
vt 0.125000 0.500000
vt 0.375000 0.500000
vt 0.125000 0.750000
vt 0.625000 0.500000
vt 0.875000 0.500000
vt 0.875000 0.750000
vt 0.625000 0.750000
vt 0.375000 0.750000
vt 0.625000 1.000000
vt 0.375000 1.000000
vt 0.375000 0.000000
vt 0.625000 0.000000
vt 0.625000 0.250000
vt 0.375000 0.250000
vt 0.125000 0.500000
vt 0.375000 0.500000
vt 0.125000 0.750000
vt 0.625000 0.500000
vt 0.875000 0.500000
vt 0.875000 0.750000
vt 0.625000 0.750000
vt 0.375000 0.750000
vt 0.625000 1.000000
vt 0.375000 1.000000
vt 0.375000 0.000000
vt 0.625000 0.000000
vt 0.625000 0.250000
vt 0.375000 0.250000
vt 0.125000 0.500000
vt 0.375000 0.500000
vt 0.125000 0.750000
vt 0.625000 0.500000
vt 0.875000 0.500000
vt 0.875000 0.750000
vt 0.625000 0.750000
vt 0.375000 0.750000
vt 0.625000 1.000000
vt 0.375000 1.000000
vt 0.375000 0.000000
vt 0.625000 0.000000
vt 0.625000 0.250000
vt 0.375000 0.250000
vt 0.125000 0.500000
vt 0.375000 0.500000
vt 0.125000 0.750000
vt 0.625000 0.500000
vt 0.875000 0.500000
vt 0.875000 0.750000
vt 0.625000 0.750000
vt 0.375000 0.750000
vt 0.625000 1.000000
vt 0.375000 1.000000
vt 0.375000 0.000000
vt 0.625000 0.000000
vt 0.625000 0.250000
vt 0.375000 0.250000
vt 0.125000 0.500000
vt 0.375000 0.500000
vt 0.125000 0.750000
vt 0.625000 0.500000
vt 0.875000 0.500000
vt 0.875000 0.750000
vt 0.625000 0.750000
vt 0.375000 0.750000
vt 0.625000 1.000000
vt 0.375000 1.000000
vt 0.375000 0.000000
vt 0.625000 0.000000
vt 0.625000 0.250000
vt 0.375000 0.250000
vt 0.125000 0.500000
vt 0.375000 0.500000
vt 0.125000 0.750000
vt 0.625000 0.500000
vt 0.875000 0.500000
vt 0.875000 0.750000
vt 0.625000 0.750000
vt 0.375000 0.750000
vt 0.625000 1.000000
vt 0.375000 1.000000
vt 0.375000 0.000000
vt 0.625000 0.000000
vt 0.625000 0.250000
vt 0.375000 0.250000
vt 0.125000 0.500000
vt 0.375000 0.500000
vt 0.125000 0.750000
vt 0.625000 0.500000
vt 0.875000 0.500000
vt 0.875000 0.750000
vt 0.625000 0.750000
vt 0.375000 0.750000
vt 0.625000 1.000000
vt 0.375000 1.000000
vt 0.375000 0.000000
vt 0.625000 0.000000
vt 0.625000 0.250000
vt 0.375000 0.250000
vt 0.125000 0.500000
vt 0.375000 0.500000
vt 0.125000 0.750000
vt 0.625000 0.500000
vt 0.875000 0.500000
vt 0.875000 0.750000
vt 0.625000 0.750000
vt 0.375000 0.750000
vt 0.625000 1.000000
vt 0.375000 1.000000
vt 0.375000 0.000000
vt 0.625000 0.000000
vt 0.625000 0.250000
vt 0.375000 0.250000
vt 0.125000 0.500000
vt 0.375000 0.500000
vt 0.125000 0.750000
vt 0.625000 0.500000
vt 0.875000 0.500000
vt 0.875000 0.750000
vt 0.625000 0.750000
vt 0.375000 0.750000
vt 0.625000 1.000000
vt 0.375000 1.000000
vt 0.375000 0.000000
vt 0.625000 0.000000
vt 0.625000 0.250000
vt 0.375000 0.250000
vt 0.125000 0.500000
vt 0.375000 0.500000
vt 0.125000 0.750000
vt 0.625000 0.500000
vt 0.875000 0.500000
vt 0.875000 0.750000
vt 0.625000 0.750000
vt 0.375000 0.750000
vt 0.625000 1.000000
vt 0.375000 1.000000
vt 0.375000 0.000000
vt 0.625000 0.000000
vt 0.625000 0.250000
vt 0.375000 0.250000
vt 0.125000 0.500000
vt 0.375000 0.500000
vt 0.125000 0.750000
vt 0.625000 0.500000
vt 0.875000 0.500000
vt 0.875000 0.750000
vt 0.625000 0.750000
vt 0.375000 0.750000
vt 0.625000 1.000000
vt 0.375000 1.000000
vt 0.375000 0.000000
vt 0.625000 0.000000
vt 0.625000 0.250000
vt 0.375000 0.250000
vt 0.125000 0.500000
vt 0.375000 0.500000
vt 0.125000 0.750000
vt 0.625000 0.500000
vt 0.875000 0.500000
vt 0.875000 0.750000
vt 0.625000 0.750000
vt 0.375000 0.750000
vt 0.625000 1.000000
vt 0.375000 1.000000
vt 0.375000 0.000000
vt 0.625000 0.000000
vt 0.625000 0.250000
vt 0.375000 0.250000
vt 0.125000 0.500000
vt 0.375000 0.500000
vt 0.125000 0.750000
vt 0.625000 0.500000
vt 0.875000 0.500000
vt 0.875000 0.750000
vt 0.625000 0.750000
vt 0.375000 0.750000
vt 0.625000 1.000000
vt 0.375000 1.000000
vt 0.375000 0.000000
vt 0.625000 0.000000
vt 0.625000 0.250000
vt 0.375000 0.250000
vt 0.125000 0.500000
vt 0.375000 0.500000
vt 0.125000 0.750000
vt 0.625000 0.500000
vt 0.875000 0.500000
vt 0.875000 0.750000
vt 0.625000 0.750000
vt 0.375000 0.750000
vt 0.625000 1.000000
vt 0.375000 1.000000
vt 0.375000 0.000000
vt 0.625000 0.000000
vt 0.625000 0.250000
vt 0.375000 0.250000
vt 0.125000 0.500000
vt 0.375000 0.500000
vt 0.125000 0.750000
vt 0.625000 0.500000
vt 0.875000 0.500000
vt 0.875000 0.750000
vt 0.625000 0.750000
vt 0.375000 0.750000
vt 0.625000 1.000000
vt 0.375000 1.000000
vt 0.375000 0.000000
vt 0.625000 0.000000
vt 0.625000 0.250000
vt 0.375000 0.250000
vt 0.125000 0.500000
vt 0.375000 0.500000
vt 0.125000 0.750000
vt 0.625000 0.500000
vt 0.875000 0.500000
vt 0.875000 0.750000
vt 0.625000 0.750000
vt 0.375000 0.750000
vt 0.625000 1.000000
vt 0.375000 1.000000
vt 0.375000 0.000000
vt 0.625000 0.000000
vt 0.625000 0.250000
vt 0.375000 0.250000
vt 0.125000 0.500000
vt 0.375000 0.500000
vt 0.125000 0.750000
vt 0.625000 0.500000
vt 0.875000 0.500000
vt 0.875000 0.750000
vt 0.625000 0.750000
vt 0.375000 0.750000
vt 0.625000 1.000000
vt 0.375000 1.000000
vt 0.375000 0.000000
vt 0.625000 0.000000
vt 0.625000 0.250000
vt 0.375000 0.250000
vt 0.125000 0.500000
vt 0.375000 0.500000
vt 0.125000 0.750000
vt 0.625000 0.500000
vt 0.875000 0.500000
vt 0.875000 0.750000
vt 0.625000 0.750000
vt 0.375000 0.750000
vt 0.625000 1.000000
vt 0.375000 1.000000
vt 0.375000 0.000000
vt 0.625000 0.000000
vt 0.625000 0.250000
vt 0.375000 0.250000
vt 0.125000 0.500000
vt 0.375000 0.500000
vt 0.125000 0.750000
vt 0.625000 0.500000
vt 0.875000 0.500000
vt 0.875000 0.750000
vt 0.625000 0.750000
vt 0.375000 0.750000
vt 0.625000 1.000000
vt 0.375000 1.000000
vt 0.375000 0.000000
vt 0.625000 0.000000
vt 0.625000 0.250000
vt 0.375000 0.250000
vt 0.125000 0.500000
vt 0.375000 0.500000
vt 0.125000 0.750000
vt 0.625000 0.500000
vt 0.875000 0.500000
vt 0.875000 0.750000
vt 0.625000 0.750000
vt 0.375000 0.750000
vt 0.625000 1.000000
vt 0.375000 1.000000
vt 0.375000 0.000000
vt 0.625000 0.000000
vt 0.625000 0.250000
vt 0.375000 0.250000
vt 0.125000 0.500000
vt 0.375000 0.500000
vt 0.125000 0.750000
vt 0.625000 0.500000
vt 0.875000 0.500000
vt 0.875000 0.750000
vt 0.625000 0.750000
vt 0.375000 0.750000
vt 0.625000 1.000000
vt 0.375000 1.000000
vt 0.375000 0.000000
vt 0.625000 0.000000
vt 0.625000 0.250000
vt 0.375000 0.250000
vt 0.125000 0.500000
vt 0.375000 0.500000
vt 0.125000 0.750000
vt 0.625000 0.500000
vt 0.875000 0.500000
vt 0.875000 0.750000
vt 0.625000 0.750000
vt 0.375000 0.750000
vt 0.625000 1.000000
vt 0.375000 1.000000
vt 0.375000 0.000000
vt 0.625000 0.000000
vt 0.625000 0.250000
vt 0.375000 0.250000
vt 0.125000 0.500000
vt 0.375000 0.500000
vt 0.125000 0.750000
vt 0.625000 0.500000
vt 0.875000 0.500000
vt 0.875000 0.750000
vt 0.625000 0.750000
vt 0.375000 0.750000
vt 0.625000 1.000000
vt 0.375000 1.000000
vt 0.375000 0.000000
vt 0.625000 0.000000
vt 0.625000 0.250000
vt 0.375000 0.250000
vt 0.125000 0.500000
vt 0.375000 0.500000
vt 0.125000 0.750000
vt 0.625000 0.500000
vt 0.875000 0.500000
vt 0.875000 0.750000
vt 0.625000 0.750000
vt 0.375000 0.750000
vt 0.625000 1.000000
vt 0.375000 1.000000
vt 0.375000 0.000000
vt 0.625000 0.000000
vt 0.625000 0.250000
vt 0.375000 0.250000
vt 0.125000 0.500000
vt 0.375000 0.500000
vt 0.125000 0.750000
vt 0.625000 0.500000
vt 0.875000 0.500000
vt 0.875000 0.750000
vt 0.625000 0.750000
vt 0.375000 0.750000
vt 0.625000 1.000000
vt 0.375000 1.000000
vt 0.375000 0.000000
vt 0.625000 0.000000
vt 0.625000 0.250000
vt 0.375000 0.250000
vt 0.125000 0.500000
vt 0.375000 0.500000
vt 0.125000 0.750000
vt 0.625000 0.500000
vt 0.875000 0.500000
vt 0.875000 0.750000
vt 0.625000 0.750000
vt 0.375000 0.750000
vt 0.625000 1.000000
vt 0.375000 1.000000
vt 0.375000 0.000000
vt 0.625000 0.000000
vt 0.625000 0.250000
vt 0.375000 0.250000
vt 0.125000 0.500000
vt 0.375000 0.500000
vt 0.125000 0.750000
vt 0.625000 0.500000
vt 0.875000 0.500000
vt 0.875000 0.750000
vt 0.625000 0.750000
vt 0.375000 0.750000
vt 0.625000 1.000000
vt 0.375000 1.000000
vt 0.375000 0.000000
vt 0.625000 0.000000
vt 0.625000 0.250000
vt 0.375000 0.250000
vt 0.125000 0.500000
vt 0.375000 0.500000
vt 0.125000 0.750000
vt 0.625000 0.500000
vt 0.875000 0.500000
vt 0.875000 0.750000
vt 0.625000 0.750000
vt 0.375000 0.750000
vt 0.625000 1.000000
vt 0.375000 1.000000
vt 0.375000 0.000000
vt 0.625000 0.000000
vt 0.625000 0.250000
vt 0.375000 0.250000
vt 0.125000 0.500000
vt 0.375000 0.500000
vt 0.125000 0.750000
vt 0.625000 0.500000
vt 0.875000 0.500000
vt 0.875000 0.750000
vt 0.625000 0.750000
vt 0.375000 0.750000
vt 0.625000 1.000000
vt 0.375000 1.000000
vt 0.375000 0.000000
vt 0.625000 0.000000
vt 0.625000 0.250000
vt 0.375000 0.250000
vt 0.125000 0.500000
vt 0.375000 0.500000
vt 0.125000 0.750000
vt 0.625000 0.500000
vt 0.875000 0.500000
vt 0.875000 0.750000
vt 0.625000 0.750000
vt 0.375000 0.750000
vt 0.625000 1.000000
vt 0.375000 1.000000
vt 0.375000 0.000000
vt 0.625000 0.000000
vt 0.625000 0.250000
vt 0.375000 0.250000
vt 0.125000 0.500000
vt 0.375000 0.500000
vt 0.125000 0.750000
vt 0.625000 0.500000
vt 0.875000 0.500000
vt 0.875000 0.750000
vt 0.625000 0.750000
vt 0.375000 0.750000
vt 0.625000 1.000000
vt 0.375000 1.000000
vt 0.375000 0.000000
vt 0.625000 0.000000
vt 0.625000 0.250000
vt 0.375000 0.250000
vt 0.125000 0.500000
vt 0.375000 0.500000
vt 0.125000 0.750000
vt 0.625000 0.500000
vt 0.875000 0.500000
vt 0.875000 0.750000
vt 0.625000 0.750000
vt 0.375000 0.750000
vt 0.625000 1.000000
vt 0.375000 1.000000
vt 0.375000 0.000000
vt 0.625000 0.000000
vt 0.625000 0.250000
vt 0.375000 0.250000
vt 0.125000 0.500000
vt 0.375000 0.500000
vt 0.125000 0.750000
vt 0.625000 0.500000
vt 0.875000 0.500000
vt 0.875000 0.750000
vt 0.625000 0.750000
vt 0.375000 0.750000
vt 0.625000 1.000000
vt 0.375000 1.000000
vt 0.375000 0.000000
vt 0.625000 0.000000
vt 0.625000 0.250000
vt 0.375000 0.250000
vt 0.125000 0.500000
vt 0.375000 0.500000
vt 0.125000 0.750000
vt 0.625000 0.500000
vt 0.875000 0.500000
vt 0.875000 0.750000
vt 0.625000 0.750000
vt 0.375000 0.750000
vt 0.625000 1.000000
vt 0.375000 1.000000
vt 0.375000 0.000000
vt 0.625000 0.000000
vt 0.625000 0.250000
vt 0.375000 0.250000
vt 0.125000 0.500000
vt 0.375000 0.500000
vt 0.125000 0.750000
vt 0.625000 0.500000
vt 0.875000 0.500000
vt 0.875000 0.750000
vt 0.625000 0.750000
vt 0.375000 0.750000
vt 0.625000 1.000000
vt 0.375000 1.000000
vt 0.375000 0.000000
vt 0.625000 0.000000
vt 0.625000 0.250000
vt 0.375000 0.250000
vt 0.125000 0.500000
vt 0.375000 0.500000
vt 0.125000 0.750000
vt 0.375000 0.000000
vt 0.625000 0.000000
vt 0.625000 0.250000
vt 0.375000 0.250000
vt 0.625000 0.500000
vt 0.375000 0.500000
vt 0.625000 0.750000
vt 0.375000 0.750000
vt 0.625000 1.000000
vt 0.375000 1.000000
vt 0.125000 0.500000
vt 0.125000 0.750000
vt 0.875000 0.500000
vt 0.875000 0.750000
vt 0.375000 0.000000
vt 0.625000 0.000000
vt 0.625000 0.250000
vt 0.375000 0.250000
vt 0.625000 0.500000
vt 0.375000 0.500000
vt 0.625000 0.750000
vt 0.375000 0.750000
vt 0.625000 1.000000
vt 0.375000 1.000000
vt 0.125000 0.500000
vt 0.125000 0.750000
vt 0.875000 0.500000
vt 0.875000 0.750000
vt 0.375000 0.000000
vt 0.625000 0.000000
vt 0.625000 0.250000
vt 0.375000 0.250000
vt 0.625000 0.500000
vt 0.375000 0.500000
vt 0.625000 0.750000
vt 0.375000 0.750000
vt 0.625000 1.000000
vt 0.375000 1.000000
vt 0.125000 0.500000
vt 0.125000 0.750000
vt 0.875000 0.500000
vt 0.875000 0.750000
vt 0.375000 0.000000
vt 0.625000 0.000000
vt 0.625000 0.250000
vt 0.375000 0.250000
vt 0.625000 0.500000
vt 0.375000 0.500000
vt 0.625000 0.750000
vt 0.375000 0.750000
vt 0.625000 1.000000
vt 0.375000 1.000000
vt 0.125000 0.500000
vt 0.125000 0.750000
vt 0.875000 0.500000
vt 0.875000 0.750000
vt 0.375000 0.000000
vt 0.625000 0.000000
vt 0.625000 0.250000
vt 0.375000 0.250000
vt 0.625000 0.500000
vt 0.375000 0.500000
vt 0.625000 0.750000
vt 0.375000 0.750000
vt 0.625000 1.000000
vt 0.375000 1.000000
vt 0.125000 0.500000
vt 0.125000 0.750000
vt 0.875000 0.500000
vt 0.875000 0.750000
vt 0.375000 0.000000
vt 0.625000 0.000000
vt 0.625000 0.250000
vt 0.375000 0.250000
vt 0.625000 0.500000
vt 0.375000 0.500000
vt 0.625000 0.750000
vt 0.375000 0.750000
vt 0.625000 1.000000
vt 0.375000 1.000000
vt 0.125000 0.500000
vt 0.125000 0.750000
vt 0.875000 0.500000
vt 0.875000 0.750000
vt 0.375000 0.000000
vt 0.625000 0.000000
vt 0.625000 0.250000
vt 0.375000 0.250000
vt 0.625000 0.500000
vt 0.375000 0.500000
vt 0.625000 0.750000
vt 0.375000 0.750000
vt 0.625000 1.000000
vt 0.375000 1.000000
vt 0.125000 0.500000
vt 0.125000 0.750000
vt 0.875000 0.500000
vt 0.875000 0.750000
vt 0.375000 0.000000
vt 0.625000 0.000000
vt 0.625000 0.250000
vt 0.375000 0.250000
vt 0.625000 0.500000
vt 0.375000 0.500000
vt 0.625000 0.750000
vt 0.375000 0.750000
vt 0.625000 1.000000
vt 0.375000 1.000000
vt 0.125000 0.500000
vt 0.125000 0.750000
vt 0.875000 0.500000
vt 0.875000 0.750000
vt 0.375000 0.000000
vt 0.625000 0.000000
vt 0.625000 0.250000
vt 0.375000 0.250000
vt 0.625000 0.500000
vt 0.375000 0.500000
vt 0.625000 0.750000
vt 0.375000 0.750000
vt 0.625000 1.000000
vt 0.375000 1.000000
vt 0.125000 0.500000
vt 0.125000 0.750000
vt 0.875000 0.500000
vt 0.875000 0.750000
vt 0.375000 0.000000
vt 0.625000 0.000000
vt 0.625000 0.250000
vt 0.375000 0.250000
vt 0.625000 0.500000
vt 0.375000 0.500000
vt 0.625000 0.750000
vt 0.375000 0.750000
vt 0.625000 1.000000
vt 0.375000 1.000000
vt 0.125000 0.500000
vt 0.125000 0.750000
vt 0.875000 0.500000
vt 0.875000 0.750000
vt 0.375000 0.000000
vt 0.625000 0.000000
vt 0.625000 0.250000
vt 0.375000 0.250000
vt 0.625000 0.500000
vt 0.375000 0.500000
vt 0.625000 0.750000
vt 0.375000 0.750000
vt 0.625000 1.000000
vt 0.375000 1.000000
vt 0.125000 0.500000
vt 0.125000 0.750000
vt 0.875000 0.500000
vt 0.875000 0.750000
vt 0.375000 0.000000
vt 0.625000 0.000000
vt 0.625000 0.250000
vt 0.375000 0.250000
vt 0.625000 0.500000
vt 0.375000 0.500000
vt 0.625000 0.750000
vt 0.375000 0.750000
vt 0.625000 1.000000
vt 0.375000 1.000000
vt 0.125000 0.500000
vt 0.125000 0.750000
vt 0.875000 0.500000
vt 0.875000 0.750000
vt 0.375000 0.000000
vt 0.625000 0.000000
vt 0.625000 0.250000
vt 0.375000 0.250000
vt 0.625000 0.500000
vt 0.375000 0.500000
vt 0.625000 0.750000
vt 0.375000 0.750000
vt 0.625000 1.000000
vt 0.375000 1.000000
vt 0.125000 0.500000
vt 0.125000 0.750000
vt 0.875000 0.500000
vt 0.875000 0.750000
vt 0.375000 0.000000
vt 0.625000 0.000000
vt 0.625000 0.250000
vt 0.375000 0.250000
vt 0.625000 0.500000
vt 0.375000 0.500000
vt 0.625000 0.750000
vt 0.375000 0.750000
vt 0.625000 1.000000
vt 0.375000 1.000000
vt 0.125000 0.500000
vt 0.125000 0.750000
vt 0.875000 0.500000
vt 0.875000 0.750000
vt 0.375000 0.000000
vt 0.625000 0.000000
vt 0.625000 0.250000
vt 0.375000 0.250000
vt 0.625000 0.500000
vt 0.375000 0.500000
vt 0.625000 0.750000
vt 0.375000 0.750000
vt 0.625000 1.000000
vt 0.375000 1.000000
vt 0.125000 0.500000
vt 0.125000 0.750000
vt 0.875000 0.500000
vt 0.875000 0.750000
vt 0.375000 0.000000
vt 0.625000 0.000000
vt 0.625000 0.250000
vt 0.375000 0.250000
vt 0.625000 0.500000
vt 0.375000 0.500000
vt 0.625000 0.750000
vt 0.375000 0.750000
vt 0.625000 1.000000
vt 0.375000 1.000000
vt 0.125000 0.500000
vt 0.125000 0.750000
vt 0.875000 0.500000
vt 0.875000 0.750000
vt 0.375000 0.000000
vt 0.625000 0.000000
vt 0.625000 0.250000
vt 0.375000 0.250000
vt 0.625000 0.500000
vt 0.375000 0.500000
vt 0.625000 0.750000
vt 0.375000 0.750000
vt 0.625000 1.000000
vt 0.375000 1.000000
vt 0.125000 0.500000
vt 0.125000 0.750000
vt 0.875000 0.500000
vt 0.875000 0.750000
vt 0.375000 0.000000
vt 0.625000 0.000000
vt 0.625000 0.250000
vt 0.375000 0.250000
vt 0.625000 0.500000
vt 0.375000 0.500000
vt 0.625000 0.750000
vt 0.375000 0.750000
vt 0.625000 1.000000
vt 0.375000 1.000000
vt 0.125000 0.500000
vt 0.125000 0.750000
vt 0.875000 0.500000
vt 0.875000 0.750000
vt 0.375000 0.000000
vt 0.625000 0.000000
vt 0.625000 0.250000
vt 0.375000 0.250000
vt 0.625000 0.500000
vt 0.375000 0.500000
vt 0.625000 0.750000
vt 0.375000 0.750000
vt 0.625000 1.000000
vt 0.375000 1.000000
vt 0.125000 0.500000
vt 0.125000 0.750000
vt 0.875000 0.500000
vt 0.875000 0.750000
vt 0.375000 0.000000
vt 0.625000 0.000000
vt 0.625000 0.250000
vt 0.375000 0.250000
vt 0.625000 0.500000
vt 0.375000 0.500000
vt 0.625000 0.750000
vt 0.375000 0.750000
vt 0.625000 1.000000
vt 0.375000 1.000000
vt 0.125000 0.500000
vt 0.125000 0.750000
vt 0.875000 0.500000
vt 0.875000 0.750000
vt 0.375000 0.000000
vt 0.625000 0.000000
vt 0.625000 0.250000
vt 0.375000 0.250000
vt 0.625000 0.500000
vt 0.375000 0.500000
vt 0.625000 0.750000
vt 0.375000 0.750000
vt 0.625000 1.000000
vt 0.375000 1.000000
vt 0.125000 0.500000
vt 0.125000 0.750000
vt 0.875000 0.500000
vt 0.875000 0.750000
vt 0.375000 0.000000
vt 0.625000 0.000000
vt 0.625000 0.250000
vt 0.375000 0.250000
vt 0.625000 0.500000
vt 0.375000 0.500000
vt 0.625000 0.750000
vt 0.375000 0.750000
vt 0.625000 1.000000
vt 0.375000 1.000000
vt 0.125000 0.500000
vt 0.125000 0.750000
vt 0.875000 0.500000
vt 0.875000 0.750000
vt 0.375000 0.000000
vt 0.625000 0.000000
vt 0.625000 0.250000
vt 0.375000 0.250000
vt 0.625000 0.500000
vt 0.375000 0.500000
vt 0.625000 0.750000
vt 0.375000 0.750000
vt 0.625000 1.000000
vt 0.375000 1.000000
vt 0.125000 0.500000
vt 0.125000 0.750000
vt 0.875000 0.500000
vt 0.875000 0.750000
vt 0.375000 0.000000
vt 0.625000 0.000000
vt 0.625000 0.250000
vt 0.375000 0.250000
vt 0.625000 0.500000
vt 0.375000 0.500000
vt 0.625000 0.750000
vt 0.375000 0.750000
vt 0.625000 1.000000
vt 0.375000 1.000000
vt 0.125000 0.500000
vt 0.125000 0.750000
vt 0.875000 0.500000
vt 0.875000 0.750000
vt 0.375000 0.000000
vt 0.625000 0.000000
vt 0.625000 0.250000
vt 0.375000 0.250000
vt 0.625000 0.500000
vt 0.375000 0.500000
vt 0.625000 0.750000
vt 0.375000 0.750000
vt 0.625000 1.000000
vt 0.375000 1.000000
vt 0.125000 0.500000
vt 0.125000 0.750000
vt 0.875000 0.500000
vt 0.875000 0.750000
vt 0.375000 0.000000
vt 0.625000 0.000000
vt 0.625000 0.250000
vt 0.375000 0.250000
vt 0.625000 0.500000
vt 0.375000 0.500000
vt 0.625000 0.750000
vt 0.375000 0.750000
vt 0.625000 1.000000
vt 0.375000 1.000000
vt 0.125000 0.500000
vt 0.125000 0.750000
vt 0.875000 0.500000
vt 0.875000 0.750000
vt 0.375000 0.000000
vt 0.625000 0.000000
vt 0.625000 0.250000
vt 0.375000 0.250000
vt 0.625000 0.500000
vt 0.375000 0.500000
vt 0.625000 0.750000
vt 0.375000 0.750000
vt 0.625000 1.000000
vt 0.375000 1.000000
vt 0.125000 0.500000
vt 0.125000 0.750000
vt 0.875000 0.500000
vt 0.875000 0.750000
vt 0.375000 0.000000
vt 0.625000 0.000000
vt 0.625000 0.250000
vt 0.375000 0.250000
vt 0.625000 0.500000
vt 0.375000 0.500000
vt 0.625000 0.750000
vt 0.375000 0.750000
vt 0.625000 1.000000
vt 0.375000 1.000000
vt 0.125000 0.500000
vt 0.125000 0.750000
vt 0.875000 0.500000
vt 0.875000 0.750000
vt 0.375000 0.000000
vt 0.625000 0.000000
vt 0.625000 0.250000
vt 0.375000 0.250000
vt 0.625000 0.500000
vt 0.375000 0.500000
vt 0.625000 0.750000
vt 0.375000 0.750000
vt 0.625000 1.000000
vt 0.375000 1.000000
vt 0.125000 0.500000
vt 0.125000 0.750000
vt 0.875000 0.500000
vt 0.875000 0.750000
vt 0.375000 0.000000
vt 0.625000 0.000000
vt 0.625000 0.250000
vt 0.375000 0.250000
vt 0.625000 0.500000
vt 0.375000 0.500000
vt 0.625000 0.750000
vt 0.375000 0.750000
vt 0.625000 1.000000
vt 0.375000 1.000000
vt 0.125000 0.500000
vt 0.125000 0.750000
vt 0.875000 0.500000
vt 0.875000 0.750000
vt 0.375000 0.000000
vt 0.625000 0.000000
vt 0.625000 0.250000
vt 0.375000 0.250000
vt 0.625000 0.500000
vt 0.375000 0.500000
vt 0.625000 0.750000
vt 0.375000 0.750000
vt 0.625000 1.000000
vt 0.375000 1.000000
vt 0.125000 0.500000
vt 0.125000 0.750000
vt 0.875000 0.500000
vt 0.875000 0.750000
vt 0.375000 0.000000
vt 0.625000 0.000000
vt 0.625000 0.250000
vt 0.375000 0.250000
vt 0.625000 0.500000
vt 0.375000 0.500000
vt 0.625000 0.750000
vt 0.375000 0.750000
vt 0.625000 1.000000
vt 0.375000 1.000000
vt 0.125000 0.500000
vt 0.125000 0.750000
vt 0.875000 0.500000
vt 0.875000 0.750000
vt 0.375000 0.000000
vt 0.625000 0.000000
vt 0.625000 0.250000
vt 0.375000 0.250000
vt 0.625000 0.500000
vt 0.375000 0.500000
vt 0.625000 0.750000
vt 0.375000 0.750000
vt 0.625000 1.000000
vt 0.375000 1.000000
vt 0.125000 0.500000
vt 0.125000 0.750000
vt 0.875000 0.500000
vt 0.875000 0.750000
vt 0.375000 0.000000
vt 0.625000 0.000000
vt 0.625000 0.250000
vt 0.375000 0.250000
vt 0.625000 0.500000
vt 0.375000 0.500000
vt 0.625000 0.750000
vt 0.375000 0.750000
vt 0.625000 1.000000
vt 0.375000 1.000000
vt 0.125000 0.500000
vt 0.125000 0.750000
vt 0.875000 0.500000
vt 0.875000 0.750000
vt 0.375000 0.000000
vt 0.625000 0.000000
vt 0.625000 0.250000
vt 0.375000 0.250000
vt 0.625000 0.500000
vt 0.375000 0.500000
vt 0.625000 0.750000
vt 0.375000 0.750000
vt 0.625000 1.000000
vt 0.375000 1.000000
vt 0.125000 0.500000
vt 0.125000 0.750000
vt 0.875000 0.500000
vt 0.875000 0.750000
vt 0.375000 0.000000
vt 0.625000 0.000000
vt 0.625000 0.250000
vt 0.375000 0.250000
vt 0.625000 0.500000
vt 0.375000 0.500000
vt 0.625000 0.750000
vt 0.375000 0.750000
vt 0.625000 1.000000
vt 0.375000 1.000000
vt 0.125000 0.500000
vt 0.125000 0.750000
vt 0.875000 0.500000
vt 0.875000 0.750000
vt 0.375000 0.000000
vt 0.625000 0.000000
vt 0.625000 0.250000
vt 0.375000 0.250000
vt 0.625000 0.500000
vt 0.375000 0.500000
vt 0.625000 0.750000
vt 0.375000 0.750000
vt 0.625000 1.000000
vt 0.375000 1.000000
vt 0.125000 0.500000
vt 0.125000 0.750000
vt 0.875000 0.500000
vt 0.875000 0.750000
vt 0.375000 0.000000
vt 0.625000 0.000000
vt 0.625000 0.250000
vt 0.375000 0.250000
vt 0.625000 0.500000
vt 0.375000 0.500000
vt 0.625000 0.750000
vt 0.375000 0.750000
vt 0.625000 1.000000
vt 0.375000 1.000000
vt 0.125000 0.500000
vt 0.125000 0.750000
vt 0.875000 0.500000
vt 0.875000 0.750000
vt 0.375000 0.000000
vt 0.625000 0.000000
vt 0.625000 0.250000
vt 0.375000 0.250000
vt 0.625000 0.500000
vt 0.375000 0.500000
vt 0.625000 0.750000
vt 0.375000 0.750000
vt 0.625000 1.000000
vt 0.375000 1.000000
vt 0.125000 0.500000
vt 0.125000 0.750000
vt 0.875000 0.500000
vt 0.875000 0.750000
vt 0.375000 0.000000
vt 0.625000 0.000000
vt 0.625000 0.250000
vt 0.375000 0.250000
vt 0.625000 0.500000
vt 0.375000 0.500000
vt 0.625000 0.750000
vt 0.375000 0.750000
vt 0.625000 1.000000
vt 0.375000 1.000000
vt 0.125000 0.500000
vt 0.125000 0.750000
vt 0.875000 0.500000
vt 0.875000 0.750000
vt 0.375000 0.000000
vt 0.625000 0.000000
vt 0.625000 0.250000
vt 0.375000 0.250000
vt 0.625000 0.500000
vt 0.375000 0.500000
vt 0.625000 0.750000
vt 0.375000 0.750000
vt 0.625000 1.000000
vt 0.375000 1.000000
vt 0.125000 0.500000
vt 0.125000 0.750000
vt 0.875000 0.500000
vt 0.875000 0.750000
vt 0.375000 0.000000
vt 0.625000 0.000000
vt 0.625000 0.250000
vt 0.375000 0.250000
vt 0.625000 0.500000
vt 0.375000 0.500000
vt 0.625000 0.750000
vt 0.375000 0.750000
vt 0.625000 1.000000
vt 0.375000 1.000000
vt 0.125000 0.500000
vt 0.125000 0.750000
vt 0.875000 0.500000
vt 0.875000 0.750000
vt 0.375000 0.000000
vt 0.625000 0.000000
vt 0.625000 0.250000
vt 0.375000 0.250000
vt 0.625000 0.500000
vt 0.375000 0.500000
vt 0.625000 0.750000
vt 0.375000 0.750000
vt 0.625000 1.000000
vt 0.375000 1.000000
vt 0.125000 0.500000
vt 0.125000 0.750000
vt 0.875000 0.500000
vt 0.875000 0.750000
vt 0.375000 0.000000
vt 0.625000 0.000000
vt 0.625000 0.250000
vt 0.375000 0.250000
vt 0.625000 0.500000
vt 0.375000 0.500000
vt 0.625000 0.750000
vt 0.375000 0.750000
vt 0.625000 1.000000
vt 0.375000 1.000000
vt 0.125000 0.500000
vt 0.125000 0.750000
vt 0.875000 0.500000
vt 0.875000 0.750000
vn 0.0022 -1.0000 0.0039
vn -0.0005 0.0039 1.0000
vn 1.0000 0.0022 0.0005
vn -0.0022 1.0000 -0.0039
vn -1.0000 -0.0022 -0.0005
vn 0.0005 -0.0039 -1.0000
vn 0.0000 0.0022 -1.0000
vn -0.0000 -1.0000 -0.0022
vn 1.0000 0.0000 0.0000
vn 0.0000 -0.0022 1.0000
vn -1.0000 0.0000 0.0000
vn -0.0000 1.0000 0.0022
vn 0.0000 -0.9998 -0.0216
vn 0.0000 -0.0216 0.9998
vn -0.0000 0.9998 0.0216
vn 0.0000 0.0216 -0.9998
vn 0.0000 -0.0146 -0.9999
vn -0.0000 -0.9999 0.0146
vn -0.0000 0.0146 0.9999
vn -0.0000 0.9999 -0.0146
vn 0.0068 -0.0060 -1.0000
vn -0.9997 0.0247 -0.0069
vn -0.0248 -0.9997 0.0059
vn -0.0068 0.0060 1.0000
vn 0.0248 0.9997 -0.0059
vn 0.9997 -0.0247 0.0069
vn 0.0060 -1.0000 0.0022
vn -0.9997 -0.0060 -0.0244
vn -0.0244 0.0020 0.9997
vn -0.0060 1.0000 -0.0022
vn 0.0244 -0.0020 -0.9997
vn 0.9997 0.0060 0.0244
vn 0.0022 -0.0100 -0.9999
vn -0.0005 -0.9999 0.0100
vn 1.0000 -0.0005 0.0022
vn -0.0022 0.0100 0.9999
vn -1.0000 0.0005 -0.0022
vn 0.0005 0.9999 -0.0100
vn 0.0005 1.0000 -0.0100
vn 0.0004 -0.0032 -1.0000
vn -0.9999 0.0172 -0.0005
vn -0.0172 -0.9998 0.0031
vn -0.0004 0.0032 1.0000
vn 0.0172 0.9998 -0.0031
vn 0.9999 -0.0172 0.0005
vn 0.0022 -1.0000 -0.0038
vn -0.0005 -0.0038 1.0000
vn -0.0022 1.0000 0.0038
vn 0.0005 0.0038 -1.0000
vn -1.0000 0.0004 -0.0022
vn -0.0132 -0.0038 0.9999
vn 0.9999 0.0022 0.0132
vn -0.9999 -0.0022 -0.0132
vn 0.0132 0.0038 -0.9999
vn 0.0149 -0.0100 -0.9998
vn -0.0006 -0.9999 0.0100
vn 0.9999 -0.0005 0.0149
vn -0.0149 0.0100 0.9998
vn -0.9999 0.0005 -0.0149
vn 0.0006 0.9999 -0.0100
vn -0.0100 -0.0020 -0.9999
vn -0.9997 0.0207 0.0100
vn -0.0207 -0.9998 0.0022
vn 0.0100 0.0020 0.9999
vn 0.0207 0.9998 -0.0022
vn 0.9997 -0.0207 -0.0100
vn 0.0027 -0.0020 -1.0000
vn -0.9998 0.0207 -0.0028
vn -0.0207 -0.9998 0.0019
vn -0.0027 0.0020 1.0000
vn 0.0207 0.9998 -0.0019
vn 0.9998 -0.0207 0.0028
vn -0.0537 -0.0000 0.9986
vn -0.9986 0.0000 -0.0537
vn 0.0537 0.0000 -0.9986
vn 0.9986 0.0000 0.0537
vn 0.0000 -1.0000 -0.0000
vn 0.0000 1.0000 -0.0000
vn 0.0129 0.0000 -0.9999
vn 0.9999 0.0000 0.0129
vn -0.0129 -0.0000 0.9999
vn -0.9999 0.0000 -0.0129
vn 0.0000 0.0000 1.0000
vn 0.0000 -0.0000 -1.0000
vn 0.0000 1.0000 -0.0087
vn 0.0000 -1.0000 0.0087
vn 0.0000 -0.0185 -0.9998
vn 0.0000 0.0185 0.9998
vn -0.0000 -1.0000 0.0088
vn 0.0000 0.0065 1.0000
vn 0.0000 -0.0065 -1.0000
vn 0.0000 1.0000 -0.0031
vn 0.0000 -1.0000 0.0031
vn 0.0000 0.9999 -0.0127
vn -0.0000 -0.9999 0.0127
vn -0.0000 -0.0127 -0.9999
vn -0.0000 0.0127 0.9999
vn 0.0000 0.0044 1.0000
vn 0.0000 -0.0044 -1.0000
vn -0.0000 1.0000 0.0067
vn 0.0000 -1.0000 -0.0067
usemtl Material.001
s off
f 2969/5195/456 2973/5196/456 2975/5197/456 2971/5198/456
f 2972/5199/457 2971/5198/457 2975/5200/457 2976/5201/457
f 2976/5202/458 2975/5203/458 2973/5204/458 2974/5205/458
f 2974/5206/459 2970/5207/459 2972/5199/459 2976/5208/459
f 2970/5207/460 2969/5195/460 2971/5198/460 2972/5199/460
f 2974/5205/461 2973/5204/461 2969/5195/461 2970/5207/461
f 2977/5209/462 2981/5210/462 2983/5211/462 2979/5212/462
f 2980/5213/463 2979/5212/463 2983/5214/463 2984/5215/463
f 2984/5216/464 2983/5217/464 2981/5218/464 2982/5219/464
f 2982/5220/465 2978/5221/465 2980/5213/465 2984/5222/465
f 2978/5221/466 2977/5209/466 2979/5212/466 2980/5213/466
f 2982/5219/467 2981/5218/467 2977/5209/467 2978/5221/467
f 2985/5223/468 2989/5224/468 2991/5225/468 2987/5226/468
f 2988/5227/469 2987/5226/469 2991/5228/469 2992/5229/469
f 2992/5230/464 2991/5231/464 2989/5232/464 2990/5233/464
f 2990/5234/470 2986/5235/470 2988/5227/470 2992/5236/470
f 2986/5235/466 2985/5223/466 2987/5226/466 2988/5227/466
f 2990/5233/471 2989/5232/471 2985/5223/471 2986/5235/471
f 2993/5237/472 2997/5238/472 2999/5239/472 2995/5240/472
f 2996/5241/473 2995/5240/473 2999/5242/473 3000/5243/473
f 3000/5244/464 2999/5245/464 2997/5246/464 2998/5247/464
f 2998/5248/474 2994/5249/474 2996/5241/474 3000/5250/474
f 2994/5249/466 2993/5237/466 2995/5240/466 2996/5241/466
f 2998/5247/475 2997/5246/475 2993/5237/475 2994/5249/475
f 3001/5251/468 3005/5252/468 3007/5253/468 3003/5254/468
f 3004/5255/469 3003/5254/469 3007/5256/469 3008/5257/469
f 3008/5258/464 3007/5259/464 3005/5260/464 3006/5261/464
f 3006/5262/470 3002/5263/470 3004/5255/470 3008/5264/470
f 3002/5263/466 3001/5251/466 3003/5254/466 3004/5255/466
f 3006/5261/471 3005/5260/471 3001/5251/471 3002/5263/471
f 3009/5265/472 3013/5266/472 3015/5267/472 3011/5268/472
f 3012/5269/473 3011/5268/473 3015/5270/473 3016/5271/473
f 3016/5272/464 3015/5273/464 3013/5274/464 3014/5275/464
f 3014/5276/474 3010/5277/474 3012/5269/474 3016/5278/474
f 3010/5277/466 3009/5265/466 3011/5268/466 3012/5269/466
f 3014/5275/475 3013/5274/475 3009/5265/475 3010/5277/475
f 3017/5279/476 3021/5280/476 3023/5281/476 3019/5282/476
f 3020/5283/477 3019/5282/477 3023/5284/477 3024/5285/477
f 3024/5286/478 3023/5287/478 3021/5288/478 3022/5289/478
f 3022/5290/479 3018/5291/479 3020/5283/479 3024/5292/479
f 3018/5291/480 3017/5279/480 3019/5282/480 3020/5283/480
f 3022/5289/481 3021/5288/481 3017/5279/481 3018/5291/481
f 3025/5293/482 3029/5294/482 3031/5295/482 3027/5296/482
f 3028/5297/483 3027/5296/483 3031/5298/483 3032/5299/483
f 3032/5300/484 3031/5301/484 3029/5302/484 3030/5303/484
f 3030/5304/485 3026/5305/485 3028/5297/485 3032/5306/485
f 3026/5305/486 3025/5293/486 3027/5296/486 3028/5297/486
f 3030/5303/487 3029/5302/487 3025/5293/487 3026/5305/487
f 3033/5307/488 3037/5308/488 3039/5309/488 3035/5310/488
f 3036/5311/489 3035/5310/489 3039/5312/489 3040/5313/489
f 3040/5314/490 3039/5315/490 3037/5316/490 3038/5317/490
f 3038/5318/491 3034/5319/491 3036/5311/491 3040/5320/491
f 3034/5319/492 3033/5307/492 3035/5310/492 3036/5311/492
f 3038/5317/493 3037/5316/493 3033/5307/493 3034/5319/493
f 3041/5321/488 3045/5322/488 3047/5323/488 3043/5324/488
f 3044/5325/489 3043/5324/489 3047/5326/489 3048/5327/489
f 3048/5328/490 3047/5329/490 3045/5330/490 3046/5331/490
f 3046/5332/491 3042/5333/491 3044/5325/491 3048/5334/491
f 3042/5333/492 3041/5321/492 3043/5324/492 3044/5325/492
f 3046/5331/493 3045/5330/493 3041/5321/493 3042/5333/493
f 3049/5335/488 3053/5336/488 3055/5337/488 3051/5338/488
f 3052/5339/489 3051/5338/489 3055/5340/489 3056/5341/489
f 3056/5342/490 3055/5343/490 3053/5344/490 3054/5345/490
f 3054/5346/491 3050/5347/491 3052/5339/491 3056/5348/491
f 3050/5347/492 3049/5335/492 3051/5338/492 3052/5339/492
f 3054/5345/493 3053/5344/493 3049/5335/493 3050/5347/493
f 3057/5349/488 3061/5350/488 3063/5351/488 3059/5352/488
f 3060/5353/489 3059/5352/489 3063/5354/489 3064/5355/489
f 3064/5356/490 3063/5357/490 3061/5358/490 3062/5359/490
f 3062/5360/491 3058/5361/491 3060/5353/491 3064/5362/491
f 3058/5361/492 3057/5349/492 3059/5352/492 3060/5353/492
f 3062/5359/494 3061/5358/494 3057/5349/494 3058/5361/494
f 3065/5363/456 3069/5364/456 3071/5365/456 3067/5366/456
f 3068/5367/457 3067/5366/457 3071/5368/457 3072/5369/457
f 3072/5370/458 3071/5371/458 3069/5372/458 3070/5373/458
f 3070/5374/459 3066/5375/459 3068/5367/459 3072/5376/459
f 3066/5375/460 3065/5363/460 3067/5366/460 3068/5367/460
f 3070/5373/461 3069/5372/461 3065/5363/461 3066/5375/461
f 3185/5377/495 3189/5378/495 3191/5379/495 3187/5380/495
f 3188/5381/496 3187/5380/496 3191/5382/496 3192/5383/496
f 3192/5384/497 3191/5385/497 3189/5386/497 3190/5387/497
f 3190/5388/498 3186/5389/498 3188/5381/498 3192/5390/498
f 3186/5389/499 3185/5377/499 3187/5380/499 3188/5381/499
f 3190/5387/500 3189/5386/500 3185/5377/500 3186/5389/500
f 3305/5391/495 3309/5392/495 3311/5393/495 3307/5394/495
f 3308/5395/496 3307/5394/496 3311/5396/496 3312/5397/496
f 3312/5398/497 3311/5399/497 3309/5400/497 3310/5401/497
f 3310/5402/498 3306/5403/498 3308/5395/498 3312/5404/498
f 3306/5403/499 3305/5391/499 3307/5394/499 3308/5395/499
f 3310/5401/500 3309/5400/500 3305/5391/500 3306/5403/500
f 3665/5405/462 3669/5406/462 3671/5407/462 3667/5408/462
f 3668/5409/463 3667/5408/463 3671/5410/463 3672/5411/463
f 3672/5412/464 3671/5413/464 3669/5414/464 3670/5415/464
f 3670/5416/465 3666/5417/465 3668/5409/465 3672/5418/465
f 3666/5417/466 3665/5405/466 3667/5408/466 3668/5409/466
f 3670/5415/467 3669/5414/467 3665/5405/467 3666/5417/467
f 3673/5419/462 3677/5420/462 3679/5421/462 3675/5422/462
f 3676/5423/463 3675/5422/463 3679/5424/463 3680/5425/463
f 3680/5426/464 3679/5427/464 3677/5428/464 3678/5429/464
f 3678/5430/465 3674/5431/465 3676/5423/465 3680/5432/465
f 3674/5431/466 3673/5419/466 3675/5422/466 3676/5423/466
f 3678/5429/467 3677/5428/467 3673/5419/467 3674/5431/467
f 3681/5433/462 3685/5434/462 3687/5435/462 3683/5436/462
f 3684/5437/463 3683/5436/463 3687/5438/463 3688/5439/463
f 3688/5440/464 3687/5441/464 3685/5442/464 3686/5443/464
f 3686/5444/465 3682/5445/465 3684/5437/465 3688/5446/465
f 3682/5445/466 3681/5433/466 3683/5436/466 3684/5437/466
f 3686/5443/467 3685/5442/467 3681/5433/467 3682/5445/467
f 3689/5447/462 3693/5448/462 3695/5449/462 3691/5450/462
f 3692/5451/463 3691/5450/463 3695/5452/463 3696/5453/463
f 3696/5454/464 3695/5455/464 3693/5456/464 3694/5457/464
f 3694/5458/465 3690/5459/465 3692/5451/465 3696/5460/465
f 3690/5459/466 3689/5447/466 3691/5450/466 3692/5451/466
f 3694/5457/467 3693/5456/467 3689/5447/467 3690/5459/467
usemtl Material.003
f 3073/5461/501 3077/5462/501 3079/5463/501 3075/5464/501
f 3076/5465/502 3075/5464/502 3079/5466/502 3080/5467/502
f 3080/5468/458 3079/5469/458 3077/5470/458 3078/5471/458
f 3078/5472/503 3074/5473/503 3076/5465/503 3080/5474/503
f 3074/5473/460 3073/5461/460 3075/5464/460 3076/5465/460
f 3078/5471/504 3077/5470/504 3073/5461/504 3074/5473/504
f 3081/5475/488 3085/5476/488 3087/5477/488 3083/5478/488
f 3084/5479/489 3083/5478/489 3087/5480/489 3088/5481/489
f 3088/5482/490 3087/5483/490 3085/5484/490 3086/5485/490
f 3086/5486/491 3082/5487/491 3084/5479/491 3088/5488/491
f 3082/5487/505 3081/5475/505 3083/5478/505 3084/5479/505
f 3086/5485/493 3085/5484/493 3081/5475/493 3082/5487/493
f 3089/5489/488 3093/5490/488 3095/5491/488 3091/5492/488
f 3092/5493/489 3091/5492/489 3095/5494/489 3096/5495/489
f 3096/5496/490 3095/5497/490 3093/5498/490 3094/5499/490
f 3094/5500/491 3090/5501/491 3092/5493/491 3096/5502/491
f 3090/5501/492 3089/5489/492 3091/5492/492 3092/5493/492
f 3094/5499/493 3093/5498/493 3089/5489/493 3090/5501/493
f 3097/5503/488 3101/5504/488 3103/5505/488 3099/5506/488
f 3100/5507/489 3099/5506/489 3103/5508/489 3104/5509/489
f 3104/5510/490 3103/5511/490 3101/5512/490 3102/5513/490
f 3102/5514/491 3098/5515/491 3100/5507/491 3104/5516/491
f 3098/5515/492 3097/5503/492 3099/5506/492 3100/5507/492
f 3102/5513/493 3101/5512/493 3097/5503/493 3098/5515/493
f 3105/5517/488 3109/5518/488 3111/5519/488 3107/5520/488
f 3108/5521/489 3107/5520/489 3111/5522/489 3112/5523/489
f 3112/5524/490 3111/5525/490 3109/5526/490 3110/5527/490
f 3110/5528/491 3106/5529/491 3108/5521/491 3112/5530/491
f 3106/5529/492 3105/5517/492 3107/5520/492 3108/5521/492
f 3110/5527/493 3109/5526/493 3105/5517/493 3106/5529/493
f 3113/5531/501 3117/5532/501 3119/5533/501 3115/5534/501
f 3116/5535/502 3115/5534/502 3119/5536/502 3120/5537/502
f 3120/5538/458 3119/5539/458 3117/5540/458 3118/5541/458
f 3118/5542/503 3114/5543/503 3116/5535/503 3120/5544/503
f 3114/5543/460 3113/5531/460 3115/5534/460 3116/5535/460
f 3118/5541/504 3117/5540/504 3113/5531/504 3114/5543/504
f 3129/5545/501 3133/5546/501 3135/5547/501 3131/5548/501
f 3132/5549/506 3131/5548/506 3135/5550/506 3136/5551/506
f 3136/5552/507 3135/5553/507 3133/5554/507 3134/5555/507
f 3134/5556/503 3130/5557/503 3132/5549/503 3136/5558/503
f 3130/5557/508 3129/5545/508 3131/5548/508 3132/5549/508
f 3134/5555/509 3133/5554/509 3129/5545/509 3130/5557/509
f 3137/5559/510 3141/5560/510 3143/5561/510 3139/5562/510
f 3140/5563/511 3139/5562/511 3143/5564/511 3144/5565/511
f 3144/5566/512 3143/5567/512 3141/5568/512 3142/5569/512
f 3142/5570/513 3138/5571/513 3140/5563/513 3144/5572/513
f 3138/5571/514 3137/5559/514 3139/5562/514 3140/5563/514
f 3142/5569/515 3141/5568/515 3137/5559/515 3138/5571/515
f 3145/5573/510 3149/5574/510 3151/5575/510 3147/5576/510
f 3148/5577/511 3147/5576/511 3151/5578/511 3152/5579/511
f 3152/5580/512 3151/5581/512 3149/5582/512 3150/5583/512
f 3150/5584/513 3146/5585/513 3148/5577/513 3152/5586/513
f 3146/5585/514 3145/5573/514 3147/5576/514 3148/5577/514
f 3150/5583/515 3149/5582/515 3145/5573/515 3146/5585/515
f 3153/5587/510 3157/5588/510 3159/5589/510 3155/5590/510
f 3156/5591/511 3155/5590/511 3159/5592/511 3160/5593/511
f 3160/5594/512 3159/5595/512 3157/5596/512 3158/5597/512
f 3158/5598/513 3154/5599/513 3156/5591/513 3160/5600/513
f 3154/5599/514 3153/5587/514 3155/5590/514 3156/5591/514
f 3158/5597/515 3157/5596/515 3153/5587/515 3154/5599/515
f 3161/5601/510 3165/5602/510 3167/5603/510 3163/5604/510
f 3164/5605/511 3163/5604/511 3167/5606/511 3168/5607/511
f 3168/5608/512 3167/5609/512 3165/5610/512 3166/5611/512
f 3166/5612/513 3162/5613/513 3164/5605/513 3168/5614/513
f 3162/5613/514 3161/5601/514 3163/5604/514 3164/5605/514
f 3166/5611/515 3165/5610/515 3161/5601/515 3162/5613/515
f 3169/5615/501 3173/5616/501 3175/5617/501 3171/5618/501
f 3172/5619/506 3171/5618/506 3175/5620/506 3176/5621/506
f 3176/5622/507 3175/5623/507 3173/5624/507 3174/5625/507
f 3174/5626/503 3170/5627/503 3172/5619/503 3176/5628/503
f 3170/5627/508 3169/5615/508 3171/5618/508 3172/5619/508
f 3174/5625/509 3173/5624/509 3169/5615/509 3170/5627/509
f 3193/5629/501 3197/5630/501 3199/5631/501 3195/5632/501
f 3196/5633/502 3195/5632/502 3199/5634/502 3200/5635/502
f 3200/5636/458 3199/5637/458 3197/5638/458 3198/5639/458
f 3198/5640/503 3194/5641/503 3196/5633/503 3200/5642/503
f 3194/5641/460 3193/5629/460 3195/5632/460 3196/5633/460
f 3198/5639/504 3197/5638/504 3193/5629/504 3194/5641/504
f 3201/5643/488 3205/5644/488 3207/5645/488 3203/5646/488
f 3204/5647/489 3203/5646/489 3207/5648/489 3208/5649/489
f 3208/5650/490 3207/5651/490 3205/5652/490 3206/5653/490
f 3206/5654/491 3202/5655/491 3204/5647/491 3208/5656/491
f 3202/5655/492 3201/5643/492 3203/5646/492 3204/5647/492
f 3206/5653/493 3205/5652/493 3201/5643/493 3202/5655/493
f 3209/5657/488 3213/5658/488 3215/5659/488 3211/5660/488
f 3212/5661/489 3211/5660/489 3215/5662/489 3216/5663/489
f 3216/5664/490 3215/5665/490 3213/5666/490 3214/5667/490
f 3214/5668/491 3210/5669/491 3212/5661/491 3216/5670/491
f 3210/5669/492 3209/5657/492 3211/5660/492 3212/5661/492
f 3214/5667/493 3213/5666/493 3209/5657/493 3210/5669/493
f 3217/5671/488 3221/5672/488 3223/5673/488 3219/5674/488
f 3220/5675/489 3219/5674/489 3223/5676/489 3224/5677/489
f 3224/5678/490 3223/5679/490 3221/5680/490 3222/5681/490
f 3222/5682/491 3218/5683/491 3220/5675/491 3224/5684/491
f 3218/5683/492 3217/5671/492 3219/5674/492 3220/5675/492
f 3222/5681/493 3221/5680/493 3217/5671/493 3218/5683/493
f 3225/5685/488 3229/5686/488 3231/5687/488 3227/5688/488
f 3228/5689/489 3227/5688/489 3231/5690/489 3232/5691/489
f 3232/5692/490 3231/5693/490 3229/5694/490 3230/5695/490
f 3230/5696/491 3226/5697/491 3228/5689/491 3232/5698/491
f 3226/5697/492 3225/5685/492 3227/5688/492 3228/5689/492
f 3230/5695/493 3229/5694/493 3225/5685/493 3226/5697/493
f 3233/5699/501 3237/5700/501 3239/5701/501 3235/5702/501
f 3236/5703/502 3235/5702/502 3239/5704/502 3240/5705/502
f 3240/5706/458 3239/5707/458 3237/5708/458 3238/5709/458
f 3238/5710/503 3234/5711/503 3236/5703/503 3240/5712/503
f 3234/5711/460 3233/5699/460 3235/5702/460 3236/5703/460
f 3238/5709/504 3237/5708/504 3233/5699/504 3234/5711/504
f 3249/5713/501 3253/5714/501 3255/5715/501 3251/5716/501
f 3252/5717/506 3251/5716/506 3255/5718/506 3256/5719/506
f 3256/5720/507 3255/5721/507 3253/5722/507 3254/5723/507
f 3254/5724/503 3250/5725/503 3252/5717/503 3256/5726/503
f 3250/5725/508 3249/5713/508 3251/5716/508 3252/5717/508
f 3254/5723/509 3253/5722/509 3249/5713/509 3250/5725/509
f 3257/5727/510 3261/5728/510 3263/5729/510 3259/5730/510
f 3260/5731/511 3259/5730/511 3263/5732/511 3264/5733/511
f 3264/5734/512 3263/5735/512 3261/5736/512 3262/5737/512
f 3262/5738/513 3258/5739/513 3260/5731/513 3264/5740/513
f 3258/5739/514 3257/5727/514 3259/5730/514 3260/5731/514
f 3262/5737/515 3261/5736/515 3257/5727/515 3258/5739/515
f 3265/5741/510 3269/5742/510 3271/5743/510 3267/5744/510
f 3268/5745/511 3267/5744/511 3271/5746/511 3272/5747/511
f 3272/5748/512 3271/5749/512 3269/5750/512 3270/5751/512
f 3270/5752/513 3266/5753/513 3268/5745/513 3272/5754/513
f 3266/5753/514 3265/5741/514 3267/5744/514 3268/5745/514
f 3270/5751/515 3269/5750/515 3265/5741/515 3266/5753/515
f 3273/5755/510 3277/5756/510 3279/5757/510 3275/5758/510
f 3276/5759/511 3275/5758/511 3279/5760/511 3280/5761/511
f 3280/5762/512 3279/5763/512 3277/5764/512 3278/5765/512
f 3278/5766/513 3274/5767/513 3276/5759/513 3280/5768/513
f 3274/5767/514 3273/5755/514 3275/5758/514 3276/5759/514
f 3278/5765/515 3277/5764/515 3273/5755/515 3274/5767/515
f 3281/5769/510 3285/5770/510 3287/5771/510 3283/5772/510
f 3284/5773/511 3283/5772/511 3287/5774/511 3288/5775/511
f 3288/5776/512 3287/5777/512 3285/5778/512 3286/5779/512
f 3286/5780/513 3282/5781/513 3284/5773/513 3288/5782/513
f 3282/5781/514 3281/5769/514 3283/5772/514 3284/5773/514
f 3286/5779/515 3285/5778/515 3281/5769/515 3282/5781/515
f 3289/5783/501 3293/5784/501 3295/5785/501 3291/5786/501
f 3292/5787/506 3291/5786/506 3295/5788/506 3296/5789/506
f 3296/5790/507 3295/5791/507 3293/5792/507 3294/5793/507
f 3294/5794/503 3290/5795/503 3292/5787/503 3296/5796/503
f 3290/5795/508 3289/5783/508 3291/5786/508 3292/5787/508
f 3294/5793/509 3293/5792/509 3289/5783/509 3290/5795/509
usemtl Material.002
f 3121/5797/516 3125/5798/516 3127/5799/516 3123/5800/516
f 3124/5801/517 3123/5800/517 3127/5802/517 3128/5803/517
f 3128/5804/518 3127/5805/518 3125/5806/518 3126/5807/518
f 3126/5808/519 3122/5809/519 3124/5801/519 3128/5810/519
f 3122/5809/520 3121/5797/520 3123/5800/520 3124/5801/520
f 3126/5807/521 3125/5806/521 3121/5797/521 3122/5809/521
f 3177/5811/522 3181/5812/522 3183/5813/522 3179/5814/522
f 3180/5815/523 3179/5814/523 3183/5816/523 3184/5817/523
f 3184/5818/524 3183/5819/524 3181/5820/524 3182/5821/524
f 3182/5822/525 3178/5823/525 3180/5815/525 3184/5824/525
f 3178/5823/526 3177/5811/526 3179/5814/526 3180/5815/526
f 3182/5821/527 3181/5820/527 3177/5811/527 3178/5823/527
f 3241/5825/516 3245/5826/516 3247/5827/516 3243/5828/516
f 3244/5829/517 3243/5828/517 3247/5830/517 3248/5831/517
f 3248/5832/518 3247/5833/518 3245/5834/518 3246/5835/518
f 3246/5836/519 3242/5837/519 3244/5829/519 3248/5838/519
f 3242/5837/520 3241/5825/520 3243/5828/520 3244/5829/520
f 3246/5835/521 3245/5834/521 3241/5825/521 3242/5837/521
f 3297/5839/522 3301/5840/522 3303/5841/522 3299/5842/522
f 3300/5843/523 3299/5842/523 3303/5844/523 3304/5845/523
f 3304/5846/524 3303/5847/524 3301/5848/524 3302/5849/524
f 3302/5850/525 3298/5851/525 3300/5843/525 3304/5852/525
f 3298/5851/526 3297/5839/526 3299/5842/526 3300/5843/526
f 3302/5849/527 3301/5848/527 3297/5839/527 3298/5851/527
usemtl Material.005
f 3313/5853/528 3314/5854/528 3316/5855/528 3315/5856/528
f 3315/5856/529 3316/5855/529 3320/5857/529 3319/5858/529
f 3319/5858/530 3320/5857/530 3318/5859/530 3317/5860/530
f 3317/5860/531 3318/5859/531 3314/5861/531 3313/5862/531
f 3315/5863/532 3319/5858/532 3317/5860/532 3313/5864/532
f 3320/5857/533 3316/5865/533 3314/5866/533 3318/5859/533
f 3369/5867/528 3370/5868/528 3372/5869/528 3371/5870/528
f 3371/5870/529 3372/5869/529 3376/5871/529 3375/5872/529
f 3375/5872/530 3376/5871/530 3374/5873/530 3373/5874/530
f 3373/5874/531 3374/5873/531 3370/5875/531 3369/5876/531
f 3371/5877/532 3375/5872/532 3373/5874/532 3369/5878/532
f 3376/5871/533 3372/5879/533 3370/5880/533 3374/5873/533
f 3425/5881/534 3426/5882/534 3428/5883/534 3427/5884/534
f 3427/5884/535 3428/5883/535 3432/5885/535 3431/5886/535
f 3431/5886/536 3432/5885/536 3430/5887/536 3429/5888/536
f 3429/5888/537 3430/5887/537 3426/5889/537 3425/5890/537
f 3427/5891/532 3431/5886/532 3429/5888/532 3425/5892/532
f 3432/5885/533 3428/5893/533 3426/5894/533 3430/5887/533
usemtl Material.004
f 3321/5895/528 3322/5896/528 3324/5897/528 3323/5898/528
f 3323/5898/529 3324/5897/529 3328/5899/529 3327/5900/529
f 3327/5900/530 3328/5899/530 3326/5901/530 3325/5902/530
f 3325/5902/531 3326/5901/531 3322/5903/531 3321/5904/531
f 3323/5905/532 3327/5900/532 3325/5902/532 3321/5906/532
f 3328/5899/533 3324/5907/533 3322/5908/533 3326/5901/533
f 3329/5909/528 3330/5910/528 3332/5911/528 3331/5912/528
f 3331/5912/529 3332/5911/529 3336/5913/529 3335/5914/529
f 3335/5914/530 3336/5913/530 3334/5915/530 3333/5916/530
f 3333/5916/531 3334/5915/531 3330/5917/531 3329/5918/531
f 3331/5919/532 3335/5914/532 3333/5916/532 3329/5920/532
f 3336/5913/533 3332/5921/533 3330/5922/533 3334/5915/533
f 3337/5923/528 3338/5924/528 3340/5925/528 3339/5926/528
f 3339/5926/529 3340/5925/529 3344/5927/529 3343/5928/529
f 3343/5928/530 3344/5927/530 3342/5929/530 3341/5930/530
f 3341/5930/531 3342/5929/531 3338/5931/531 3337/5932/531
f 3339/5933/532 3343/5928/532 3341/5930/532 3337/5934/532
f 3344/5927/533 3340/5935/533 3338/5936/533 3342/5929/533
f 3345/5937/528 3346/5938/528 3348/5939/528 3347/5940/528
f 3347/5940/529 3348/5939/529 3352/5941/529 3351/5942/529
f 3351/5942/530 3352/5941/530 3350/5943/530 3349/5944/530
f 3349/5944/531 3350/5943/531 3346/5945/531 3345/5946/531
f 3347/5947/532 3351/5942/532 3349/5944/532 3345/5948/532
f 3352/5941/533 3348/5949/533 3346/5950/533 3350/5943/533
f 3353/5951/528 3354/5952/528 3356/5953/528 3355/5954/528
f 3355/5954/529 3356/5953/529 3360/5955/529 3359/5956/529
f 3359/5956/530 3360/5955/530 3358/5957/530 3357/5958/530
f 3357/5958/531 3358/5957/531 3354/5959/531 3353/5960/531
f 3355/5961/532 3359/5956/532 3357/5958/532 3353/5962/532
f 3360/5955/533 3356/5963/533 3354/5964/533 3358/5957/533
f 3361/5965/528 3362/5966/528 3364/5967/528 3363/5968/528
f 3363/5968/529 3364/5967/529 3368/5969/529 3367/5970/529
f 3367/5970/530 3368/5969/530 3366/5971/530 3365/5972/530
f 3365/5972/531 3366/5971/531 3362/5973/531 3361/5974/531
f 3363/5975/532 3367/5970/532 3365/5972/532 3361/5976/532
f 3368/5969/533 3364/5977/533 3362/5978/533 3366/5971/533
f 3377/5979/528 3378/5980/528 3380/5981/528 3379/5982/528
f 3379/5982/529 3380/5981/529 3384/5983/529 3383/5984/529
f 3383/5984/530 3384/5983/530 3382/5985/530 3381/5986/530
f 3381/5986/531 3382/5985/531 3378/5987/531 3377/5988/531
f 3379/5989/532 3383/5984/532 3381/5986/532 3377/5990/532
f 3384/5983/533 3380/5991/533 3378/5992/533 3382/5985/533
f 3385/5993/528 3386/5994/528 3388/5995/528 3387/5996/528
f 3387/5996/529 3388/5995/529 3392/5997/529 3391/5998/529
f 3391/5998/530 3392/5997/530 3390/5999/530 3389/6000/530
f 3389/6000/531 3390/5999/531 3386/6001/531 3385/6002/531
f 3387/6003/532 3391/5998/532 3389/6000/532 3385/6004/532
f 3392/5997/533 3388/6005/533 3386/6006/533 3390/5999/533
f 3393/6007/528 3394/6008/528 3396/6009/528 3395/6010/528
f 3395/6010/529 3396/6009/529 3400/6011/529 3399/6012/529
f 3399/6012/530 3400/6011/530 3398/6013/530 3397/6014/530
f 3397/6014/531 3398/6013/531 3394/6015/531 3393/6016/531
f 3395/6017/532 3399/6012/532 3397/6014/532 3393/6018/532
f 3400/6011/533 3396/6019/533 3394/6020/533 3398/6013/533
f 3401/6021/528 3402/6022/528 3404/6023/528 3403/6024/528
f 3403/6024/529 3404/6023/529 3408/6025/529 3407/6026/529
f 3407/6026/530 3408/6025/530 3406/6027/530 3405/6028/530
f 3405/6028/531 3406/6027/531 3402/6029/531 3401/6030/531
f 3403/6031/532 3407/6026/532 3405/6028/532 3401/6032/532
f 3408/6025/533 3404/6033/533 3402/6034/533 3406/6027/533
f 3409/6035/528 3410/6036/528 3412/6037/528 3411/6038/528
f 3411/6038/529 3412/6037/529 3416/6039/529 3415/6040/529
f 3415/6040/530 3416/6039/530 3414/6041/530 3413/6042/530
f 3413/6042/531 3414/6041/531 3410/6043/531 3409/6044/531
f 3411/6045/532 3415/6040/532 3413/6042/532 3409/6046/532
f 3416/6039/533 3412/6047/533 3410/6048/533 3414/6041/533
f 3417/6049/528 3418/6050/528 3420/6051/528 3419/6052/528
f 3419/6052/529 3420/6051/529 3424/6053/529 3423/6054/529
f 3423/6054/530 3424/6053/530 3422/6055/530 3421/6056/530
f 3421/6056/531 3422/6055/531 3418/6057/531 3417/6058/531
f 3419/6059/532 3423/6054/532 3421/6056/532 3417/6060/532
f 3424/6053/533 3420/6061/533 3418/6062/533 3422/6055/533
f 3433/6063/534 3434/6064/534 3436/6065/534 3435/6066/534
f 3435/6066/535 3436/6065/535 3440/6067/535 3439/6068/535
f 3439/6068/536 3440/6067/536 3438/6069/536 3437/6070/536
f 3437/6070/537 3438/6069/537 3434/6071/537 3433/6072/537
f 3435/6073/532 3439/6068/532 3437/6070/532 3433/6074/532
f 3440/6067/533 3436/6075/533 3434/6076/533 3438/6069/533
f 3441/6077/534 3442/6078/534 3444/6079/534 3443/6080/534
f 3443/6080/535 3444/6079/535 3448/6081/535 3447/6082/535
f 3447/6082/536 3448/6081/536 3446/6083/536 3445/6084/536
f 3445/6084/537 3446/6083/537 3442/6085/537 3441/6086/537
f 3443/6087/532 3447/6082/532 3445/6084/532 3441/6088/532
f 3448/6081/533 3444/6089/533 3442/6090/533 3446/6083/533
f 3449/6091/534 3450/6092/534 3452/6093/534 3451/6094/534
f 3451/6094/535 3452/6093/535 3456/6095/535 3455/6096/535
f 3455/6096/536 3456/6095/536 3454/6097/536 3453/6098/536
f 3453/6098/537 3454/6097/537 3450/6099/537 3449/6100/537
f 3451/6101/532 3455/6096/532 3453/6098/532 3449/6102/532
f 3456/6095/533 3452/6103/533 3450/6104/533 3454/6097/533
f 3457/6105/534 3458/6106/534 3460/6107/534 3459/6108/534
f 3459/6108/535 3460/6107/535 3464/6109/535 3463/6110/535
f 3463/6110/536 3464/6109/536 3462/6111/536 3461/6112/536
f 3461/6112/537 3462/6111/537 3458/6113/537 3457/6114/537
f 3459/6115/532 3463/6110/532 3461/6112/532 3457/6116/532
f 3464/6109/533 3460/6117/533 3458/6118/533 3462/6111/533
f 3465/6119/534 3466/6120/534 3468/6121/534 3467/6122/534
f 3467/6122/535 3468/6121/535 3472/6123/535 3471/6124/535
f 3471/6124/536 3472/6123/536 3470/6125/536 3469/6126/536
f 3469/6126/537 3470/6125/537 3466/6127/537 3465/6128/537
f 3467/6129/532 3471/6124/532 3469/6126/532 3465/6130/532
f 3472/6123/533 3468/6131/533 3466/6132/533 3470/6125/533
f 3473/6133/534 3474/6134/534 3476/6135/534 3475/6136/534
f 3475/6136/535 3476/6135/535 3480/6137/535 3479/6138/535
f 3479/6138/536 3480/6137/536 3478/6139/536 3477/6140/536
f 3477/6140/537 3478/6139/537 3474/6141/537 3473/6142/537
f 3475/6143/532 3479/6138/532 3477/6140/532 3473/6144/532
f 3480/6137/533 3476/6145/533 3474/6146/533 3478/6139/533
usemtl Material.007
f 3481/6147/466 3482/6148/466 3484/6149/466 3483/6150/466
f 3483/6150/538 3484/6149/538 3488/6151/538 3487/6152/538
f 3487/6152/464 3488/6151/464 3486/6153/464 3485/6154/464
f 3485/6154/539 3486/6153/539 3482/6155/539 3481/6156/539
f 3483/6157/533 3487/6152/533 3485/6154/533 3481/6158/533
f 3488/6151/532 3484/6159/532 3482/6160/532 3486/6153/532
f 3489/6161/466 3490/6162/466 3492/6163/466 3491/6164/466
f 3491/6164/540 3492/6163/540 3496/6165/540 3495/6166/540
f 3495/6166/464 3496/6165/464 3494/6167/464 3493/6168/464
f 3493/6168/541 3494/6167/541 3490/6169/541 3489/6170/541
f 3491/6171/542 3495/6166/542 3493/6168/542 3489/6172/542
f 3496/6165/543 3492/6173/543 3490/6174/543 3494/6167/543
f 3497/6175/466 3498/6176/466 3500/6177/466 3499/6178/466
f 3499/6178/540 3500/6177/540 3504/6179/540 3503/6180/540
f 3503/6180/464 3504/6179/464 3502/6181/464 3501/6182/464
f 3501/6182/541 3502/6181/541 3498/6183/541 3497/6184/541
f 3499/6185/542 3503/6180/542 3501/6182/542 3497/6186/542
f 3504/6179/543 3500/6187/543 3498/6188/543 3502/6181/543
f 3505/6189/466 3506/6190/466 3508/6191/466 3507/6192/466
f 3507/6192/540 3508/6191/540 3512/6193/540 3511/6194/540
f 3511/6194/464 3512/6193/464 3510/6195/464 3509/6196/464
f 3509/6196/544 3510/6195/544 3506/6197/544 3505/6198/544
f 3507/6199/542 3511/6194/542 3509/6196/542 3505/6200/542
f 3512/6193/543 3508/6201/543 3506/6202/543 3510/6195/543
f 3513/6203/466 3514/6204/466 3516/6205/466 3515/6206/466
f 3515/6206/540 3516/6205/540 3520/6207/540 3519/6208/540
f 3519/6208/464 3520/6207/464 3518/6209/464 3517/6210/464
f 3517/6210/541 3518/6209/541 3514/6211/541 3513/6212/541
f 3515/6213/542 3519/6208/542 3517/6210/542 3513/6214/542
f 3520/6207/543 3516/6215/543 3514/6216/543 3518/6209/543
f 3521/6217/466 3522/6218/466 3524/6219/466 3523/6220/466
f 3523/6220/540 3524/6219/540 3528/6221/540 3527/6222/540
f 3527/6222/464 3528/6221/464 3526/6223/464 3525/6224/464
f 3525/6224/541 3526/6223/541 3522/6225/541 3521/6226/541
f 3523/6227/542 3527/6222/542 3525/6224/542 3521/6228/542
f 3528/6221/543 3524/6229/543 3522/6230/543 3526/6223/543
f 3529/6231/466 3530/6232/466 3532/6233/466 3531/6234/466
f 3531/6234/545 3532/6233/545 3536/6235/545 3535/6236/545
f 3535/6236/464 3536/6235/464 3534/6237/464 3533/6238/464
f 3533/6238/546 3534/6237/546 3530/6239/546 3529/6240/546
f 3531/6241/547 3535/6236/547 3533/6238/547 3529/6242/547
f 3536/6235/548 3532/6243/548 3530/6244/548 3534/6237/548
f 3537/6245/466 3538/6246/466 3540/6247/466 3539/6248/466
f 3539/6248/540 3540/6247/540 3544/6249/540 3543/6250/540
f 3543/6250/464 3544/6249/464 3542/6251/464 3541/6252/464
f 3541/6252/541 3542/6251/541 3538/6253/541 3537/6254/541
f 3539/6255/542 3543/6250/542 3541/6252/542 3537/6256/542
f 3544/6249/543 3540/6257/543 3538/6258/543 3542/6251/543
f 3545/6259/466 3546/6260/466 3548/6261/466 3547/6262/466
f 3547/6262/540 3548/6261/540 3552/6263/540 3551/6264/540
f 3551/6264/464 3552/6263/464 3550/6265/464 3549/6266/464
f 3549/6266/541 3550/6265/541 3546/6267/541 3545/6268/541
f 3547/6269/542 3551/6264/542 3549/6266/542 3545/6270/542
f 3552/6263/543 3548/6271/543 3546/6272/543 3550/6265/543
f 3553/6273/466 3554/6274/466 3556/6275/466 3555/6276/466
f 3555/6276/540 3556/6275/540 3560/6277/540 3559/6278/540
f 3559/6278/464 3560/6277/464 3558/6279/464 3557/6280/464
f 3557/6280/544 3558/6279/544 3554/6281/544 3553/6282/544
f 3555/6283/542 3559/6278/542 3557/6280/542 3553/6284/542
f 3560/6277/543 3556/6285/543 3554/6286/543 3558/6279/543
f 3561/6287/466 3562/6288/466 3564/6289/466 3563/6290/466
f 3563/6290/540 3564/6289/540 3568/6291/540 3567/6292/540
f 3567/6292/464 3568/6291/464 3566/6293/464 3565/6294/464
f 3565/6294/541 3566/6293/541 3562/6295/541 3561/6296/541
f 3563/6297/542 3567/6292/542 3565/6294/542 3561/6298/542
f 3568/6291/543 3564/6299/543 3562/6300/543 3566/6293/543
usemtl Material.006
f 3569/6301/466 3570/6302/466 3572/6303/466 3571/6304/466
f 3571/6304/549 3572/6303/549 3576/6305/549 3575/6306/549
f 3575/6306/464 3576/6305/464 3574/6307/464 3573/6308/464
f 3573/6308/550 3574/6307/550 3570/6309/550 3569/6310/550
f 3571/6311/551 3575/6306/551 3573/6308/551 3569/6312/551
f 3576/6305/552 3572/6313/552 3570/6314/552 3574/6307/552
f 3577/6315/466 3578/6316/466 3580/6317/466 3579/6318/466
f 3579/6318/538 3580/6317/538 3584/6319/538 3583/6320/538
f 3583/6320/464 3584/6319/464 3582/6321/464 3581/6322/464
f 3581/6322/539 3582/6321/539 3578/6323/539 3577/6324/539
f 3579/6325/533 3583/6320/533 3581/6322/533 3577/6326/533
f 3584/6319/532 3580/6327/532 3578/6328/532 3582/6321/532
f 3585/6329/466 3586/6330/466 3588/6331/466 3587/6332/466
f 3587/6332/538 3588/6331/538 3592/6333/538 3591/6334/538
f 3591/6334/464 3592/6333/464 3590/6335/464 3589/6336/464
f 3589/6336/539 3590/6335/539 3586/6337/539 3585/6338/539
f 3587/6339/533 3591/6334/533 3589/6336/533 3585/6340/533
f 3592/6333/532 3588/6341/532 3586/6342/532 3590/6335/532
f 3593/6343/466 3594/6344/466 3596/6345/466 3595/6346/466
f 3595/6346/538 3596/6345/538 3600/6347/538 3599/6348/538
f 3599/6348/464 3600/6347/464 3598/6349/464 3597/6350/464
f 3597/6350/539 3598/6349/539 3594/6351/539 3593/6352/539
f 3595/6353/533 3599/6348/533 3597/6350/533 3593/6354/533
f 3600/6347/532 3596/6355/532 3594/6356/532 3598/6349/532
f 3601/6357/466 3602/6358/466 3604/6359/466 3603/6360/466
f 3603/6360/549 3604/6359/549 3608/6361/549 3607/6362/549
f 3607/6362/464 3608/6361/464 3606/6363/464 3605/6364/464
f 3605/6364/550 3606/6363/550 3602/6365/550 3601/6366/550
f 3603/6367/551 3607/6362/551 3605/6364/551 3601/6368/551
f 3608/6361/552 3604/6369/552 3602/6370/552 3606/6363/552
f 3609/6371/466 3610/6372/466 3612/6373/466 3611/6374/466
f 3611/6374/538 3612/6373/538 3616/6375/538 3615/6376/538
f 3615/6376/464 3616/6375/464 3614/6377/464 3613/6378/464
f 3613/6378/539 3614/6377/539 3610/6379/539 3609/6380/539
f 3611/6381/533 3615/6376/533 3613/6378/533 3609/6382/533
f 3616/6375/532 3612/6383/532 3610/6384/532 3614/6377/532
f 3617/6385/466 3618/6386/466 3620/6387/466 3619/6388/466
f 3619/6388/549 3620/6387/549 3624/6389/549 3623/6390/549
f 3623/6390/464 3624/6389/464 3622/6391/464 3621/6392/464
f 3621/6392/550 3622/6391/550 3618/6393/550 3617/6394/550
f 3619/6395/551 3623/6390/551 3621/6392/551 3617/6396/551
f 3624/6389/552 3620/6397/552 3618/6398/552 3622/6391/552
f 3625/6399/466 3626/6400/466 3628/6401/466 3627/6402/466
f 3627/6402/553 3628/6401/553 3632/6403/553 3631/6404/553
f 3631/6404/464 3632/6403/464 3630/6405/464 3629/6406/464
f 3629/6406/554 3630/6405/554 3626/6407/554 3625/6408/554
f 3627/6409/555 3631/6404/555 3629/6406/555 3625/6410/555
f 3632/6403/556 3628/6411/556 3626/6412/556 3630/6405/556
f 3633/6413/466 3634/6414/466 3636/6415/466 3635/6416/466
f 3635/6416/553 3636/6415/553 3640/6417/553 3639/6418/553
f 3639/6418/464 3640/6417/464 3638/6419/464 3637/6420/464
f 3637/6420/554 3638/6419/554 3634/6421/554 3633/6422/554
f 3635/6423/555 3639/6418/555 3637/6420/555 3633/6424/555
f 3640/6417/556 3636/6425/556 3634/6426/556 3638/6419/556
f 3641/6427/466 3642/6428/466 3644/6429/466 3643/6430/466
f 3643/6430/553 3644/6429/553 3648/6431/553 3647/6432/553
f 3647/6432/464 3648/6431/464 3646/6433/464 3645/6434/464
f 3645/6434/554 3646/6433/554 3642/6435/554 3641/6436/554
f 3643/6437/555 3647/6432/555 3645/6434/555 3641/6438/555
f 3648/6431/556 3644/6439/556 3642/6440/556 3646/6433/556
f 3649/6441/466 3650/6442/466 3652/6443/466 3651/6444/466
f 3651/6444/549 3652/6443/549 3656/6445/549 3655/6446/549
f 3655/6446/464 3656/6445/464 3654/6447/464 3653/6448/464
f 3653/6448/550 3654/6447/550 3650/6449/550 3649/6450/550
f 3651/6451/551 3655/6446/551 3653/6448/551 3649/6452/551
f 3656/6445/552 3652/6453/552 3650/6454/552 3654/6447/552
f 3657/6455/466 3658/6456/466 3660/6457/466 3659/6458/466
f 3659/6458/553 3660/6457/553 3664/6459/553 3663/6460/553
f 3663/6460/464 3664/6459/464 3662/6461/464 3661/6462/464
f 3661/6462/554 3662/6461/554 3658/6463/554 3657/6464/554
f 3659/6465/555 3663/6460/555 3661/6462/555 3657/6466/555
f 3664/6459/556 3660/6467/556 3658/6468/556 3662/6461/556
o Cube.011_Cube.082
v 0.351889 -0.055448 -0.649800
v 0.346968 1.198981 -0.647060
v 0.387100 -0.055310 -0.649779
v 0.382180 1.199120 -0.647039
v 0.352056 -0.054820 -0.937062
v 0.347135 1.199610 -0.934322
v 0.387267 -0.054682 -0.937041
v 0.382347 1.199748 -0.934301
v -0.692315 0.478136 -0.705122
v -0.640999 0.478023 -0.705116
v -0.692414 0.432938 -0.705122
v -0.641099 0.432825 -0.705116
v -0.692284 0.478136 -0.992384
v -0.640969 0.478023 -0.992379
v -0.692383 0.432938 -0.992384
v -0.641068 0.432825 -0.992379
v 0.642290 -0.052417 -0.704255
v 0.669664 1.214363 -0.704252
v 0.703071 -0.053730 -0.704249
v 0.730445 1.213049 -0.704246
v 0.642321 -0.052417 -0.991518
v 0.669695 1.214363 -0.991515
v 0.703102 -0.053730 -0.991512
v 0.730476 1.213049 -0.991509
v -0.596019 1.197833 -0.704225
v 0.670921 1.216357 -0.704090
v -0.595130 1.137044 -0.704225
v 0.671810 1.155568 -0.704090
v -0.595989 1.197833 -0.991488
v 0.670952 1.216357 -0.991353
v -0.595099 1.137044 -0.991488
v 0.671841 1.155568 -0.991353
v -0.674389 -0.069371 -0.704396
v -0.647016 1.197408 -0.704393
v -0.613608 -0.070684 -0.704389
v -0.586235 1.196095 -0.704386
v -0.674359 -0.069371 -0.991658
v -0.646985 1.197408 -0.991655
v -0.613577 -0.070684 -0.991652
v -0.586204 1.196095 -0.991649
v -0.621692 -0.006784 -0.704228
v 0.645248 0.011741 -0.704093
v -0.620804 -0.067572 -0.704228
v 0.646137 -0.049048 -0.704093
v -0.621662 -0.006784 -0.991491
v 0.645278 0.011741 -0.991356
v -0.620773 -0.067572 -0.991491
v 0.646167 -0.049048 -0.991355
v -0.626249 0.684339 -0.956277
v 0.653699 0.692057 -0.947466
v -0.626676 0.685843 -0.895513
v 0.653271 0.693560 -0.886701
v -0.625187 0.503045 -0.951784
v 0.654761 0.510762 -0.942972
v -0.625614 0.504548 -0.891019
v 0.654334 0.512265 -0.882208
v -0.019553 -0.038541 -0.973556
v -0.022113 1.148121 -0.966486
v -0.021041 -0.038906 -0.912802
v -0.023601 1.147756 -0.905732
v 0.098138 -0.038304 -0.970670
v 0.095578 1.148358 -0.963601
v 0.096649 -0.038669 -0.909916
v 0.094089 1.147993 -0.902847
v -0.607447 1.032090 -0.577329
v 0.696030 1.045120 -0.574342
v -0.607267 1.014059 -0.577321
v 0.696210 1.027089 -0.574334
v -0.606788 1.031958 -0.864591
v 0.696690 1.044987 -0.861604
v -0.606607 1.013927 -0.864583
v 0.696870 1.026956 -0.861596
v -0.646053 0.770256 -0.593851
v 0.685443 0.783565 -0.590800
v -0.645873 0.752224 -0.593842
v 0.685623 0.765534 -0.590791
v -0.645394 0.770123 -0.881113
v 0.686103 0.783433 -0.878062
v -0.645214 0.752092 -0.881104
v 0.686283 0.765401 -0.878053
v -0.632530 0.453058 -0.591946
v 0.671919 0.466098 -0.588956
v -0.632349 0.435027 -0.591937
v 0.672099 0.448067 -0.588948
v -0.631870 0.452926 -0.879208
v 0.672579 0.465965 -0.876218
v -0.631690 0.434894 -0.879199
v 0.672759 0.447934 -0.876210
v -0.645671 0.204754 -0.610053
v 0.674487 0.217950 -0.607028
v -0.645491 0.186722 -0.610044
v 0.674667 0.199919 -0.607019
v -0.645012 0.204621 -0.897315
v 0.675146 0.217817 -0.894290
v -0.644832 0.186590 -0.897306
v 0.675326 0.199786 -0.894281
v -0.318857 -0.055448 -0.647189
v -0.323777 1.198981 -0.644449
v -0.283645 -0.055310 -0.647169
v -0.288566 1.199119 -0.644428
v -0.318689 -0.054820 -0.934452
v -0.323610 1.199609 -0.931711
v -0.283478 -0.054682 -0.934431
v -0.288398 1.199747 -0.931691
v 0.604451 0.533705 -0.932835
v 0.605006 0.679648 -0.932516
v 0.622483 0.533636 -0.932824
v 0.623038 0.679579 -0.932505
v 0.604484 0.533825 -0.987843
v 0.605039 0.679768 -0.987524
v 0.622516 0.533756 -0.987832
v 0.623071 0.679699 -0.987514
v 0.139526 0.673376 -0.931264
v 0.613385 0.678113 -0.930178
v 0.139707 0.655345 -0.931255
v 0.613565 0.660082 -0.930169
v 0.139653 0.673351 -0.986272
v 0.613511 0.678088 -0.985186
v 0.139833 0.655320 -0.986264
v 0.613691 0.660056 -0.985178
v 0.139525 0.546838 -0.920233
v 0.613383 0.551575 -0.919147
v 0.139705 0.528807 -0.920224
v 0.613564 0.533544 -0.919138
v 0.139651 0.546813 -0.975241
v 0.613510 0.551549 -0.974155
v 0.139832 0.528782 -0.975233
v 0.613690 0.533518 -0.974147
v 0.141493 0.634554 -0.927403
v 0.615351 0.639291 -0.926317
v 0.141673 0.616523 -0.927394
v 0.615532 0.621260 -0.926308
v 0.141619 0.634529 -0.982411
v 0.615478 0.639265 -0.981326
v 0.141800 0.616498 -0.982403
v 0.615658 0.621234 -0.981317
v 0.141493 0.589860 -0.927403
v 0.615352 0.594597 -0.926317
v 0.141673 0.571829 -0.927394
v 0.615532 0.576566 -0.926308
v 0.141619 0.589835 -0.982411
v 0.615478 0.594572 -0.981326
v 0.141800 0.571804 -0.982403
v 0.615658 0.576540 -0.981317
v 0.127762 0.526438 -0.932886
v 0.128317 0.672381 -0.932567
v 0.145793 0.526369 -0.932875
v 0.146349 0.672312 -0.932556
v 0.127795 0.526558 -0.987894
v 0.128350 0.672501 -0.987575
v 0.145826 0.526489 -0.987884
v 0.146382 0.672432 -0.987565
v 0.125456 0.667101 -0.952551
v 0.610134 0.668062 -0.957364
v 0.125677 0.667563 -0.930205
v 0.610355 0.668525 -0.935018
v 0.125738 0.537887 -0.949878
v 0.610417 0.538848 -0.954691
v 0.125959 0.538350 -0.927532
v 0.610638 0.539311 -0.932346
v -0.083998 0.533704 -0.933029
v -0.083448 0.679647 -0.932703
v -0.065968 0.533636 -0.932789
v -0.065417 0.679579 -0.932463
v -0.083264 0.533824 -0.988033
v -0.082713 0.679767 -0.987707
v -0.065234 0.533756 -0.987792
v -0.064683 0.679699 -0.987466
v -0.548905 0.673376 -0.937385
v -0.075099 0.678113 -0.930259
v -0.548725 0.655345 -0.937374
v -0.074919 0.660081 -0.930248
v -0.548078 0.673350 -0.992387
v -0.074272 0.678087 -0.985261
v -0.547898 0.655319 -0.992376
v -0.074092 0.660056 -0.985250
v -0.549047 0.546838 -0.926355
v -0.075241 0.551574 -0.919229
v -0.548867 0.528807 -0.926344
v -0.075061 0.533543 -0.919218
v -0.548220 0.546812 -0.981357
v -0.074414 0.551549 -0.974231
v -0.548040 0.528781 -0.981346
v -0.074234 0.533518 -0.974220
v -0.546988 0.634554 -0.933499
v -0.073182 0.639290 -0.926373
v -0.546808 0.616522 -0.933488
v -0.073002 0.621259 -0.926362
v -0.546160 0.634528 -0.988501
v -0.072354 0.639265 -0.981375
v -0.545980 0.616497 -0.988490
v -0.072174 0.621234 -0.981364
v -0.546988 0.589860 -0.933499
v -0.073182 0.594597 -0.926373
v -0.546808 0.571829 -0.933488
v -0.073002 0.576565 -0.926362
v -0.546160 0.589834 -0.988501
v -0.072354 0.594571 -0.981375
v -0.545980 0.571803 -0.988490
v -0.072174 0.576540 -0.981364
v -0.560648 0.526437 -0.939157
v -0.560097 0.672380 -0.938831
v -0.542618 0.526369 -0.938916
v -0.542067 0.672312 -0.938590
v -0.559914 0.526557 -0.994160
v -0.559363 0.672500 -0.993834
v -0.541884 0.526489 -0.993919
v -0.541333 0.672432 -0.993593
v -0.562704 0.667100 -0.958849
v -0.078003 0.668061 -0.957484
v -0.562768 0.667563 -0.936503
v -0.078067 0.668524 -0.935137
v -0.562455 0.537887 -0.956173
v -0.077755 0.538848 -0.954808
v -0.562519 0.538349 -0.933827
v -0.077818 0.539310 -0.932461
v -0.645083 -0.049468 -0.987172
v 0.675134 -0.045298 -0.986462
v -0.645094 -0.049159 -0.969144
v 0.675123 -0.044989 -0.968433
v -0.644495 -0.236225 -0.983968
v 0.675722 -0.232056 -0.983257
v -0.644506 -0.235916 -0.965940
v 0.675711 -0.231747 -0.965229
v 0.604457 -0.174909 -0.983145
v 0.605012 -0.028966 -0.982826
v 0.622489 -0.174977 -0.983134
v 0.623044 -0.029034 -0.982815
v 0.604490 -0.174789 -1.038153
v 0.605045 -0.028846 -1.037834
v 0.622522 -0.174857 -1.038142
v 0.623077 -0.028914 -1.037823
v 0.139532 -0.035237 -0.981574
v 0.613391 -0.030501 -0.980488
v 0.139712 -0.053268 -0.981565
v 0.613571 -0.048532 -0.980479
v 0.139659 -0.035263 -1.036582
v 0.613517 -0.030526 -1.035496
v 0.139839 -0.053294 -1.036573
v 0.613697 -0.048557 -1.035487
v 0.139531 -0.161775 -0.970543
v 0.613389 -0.157039 -0.969457
v 0.139711 -0.179807 -0.970534
v 0.613570 -0.175070 -0.969448
v 0.139657 -0.161801 -1.025551
v 0.613516 -0.157064 -1.024465
v 0.139837 -0.179832 -1.025542
v 0.613696 -0.175095 -1.024457
v 0.141499 -0.074059 -0.977713
v 0.615357 -0.069323 -0.976627
v 0.141679 -0.092091 -0.977704
v 0.615538 -0.087354 -0.976618
v 0.141625 -0.074085 -1.032721
v 0.615484 -0.069348 -1.031635
v 0.141805 -0.092116 -1.032712
v 0.615664 -0.087379 -1.031627
v 0.141499 -0.118753 -0.977713
v 0.615357 -0.114017 -0.976627
v 0.141679 -0.136784 -0.977704
v 0.615538 -0.132048 -0.976618
v 0.141625 -0.118779 -1.032721
v 0.615484 -0.114042 -1.031635
v 0.141805 -0.136810 -1.032712
v 0.615664 -0.132073 -1.031627
v 0.127768 -0.182176 -0.983196
v 0.128323 -0.036233 -0.982877
v 0.145799 -0.182245 -0.983185
v 0.146354 -0.036301 -0.982866
v 0.127801 -0.182056 -1.038204
v 0.128356 -0.036113 -1.037885
v 0.145832 -0.182124 -1.038193
v 0.146387 -0.036181 -1.037874
v 0.125461 -0.041513 -1.002861
v 0.610140 -0.040552 -1.007674
v 0.125682 -0.041050 -0.980515
v 0.610361 -0.040089 -0.985328
v 0.125744 -0.170726 -1.000188
v 0.610423 -0.169765 -1.005001
v 0.125965 -0.170264 -0.977842
v 0.610644 -0.169303 -0.982656
v -0.083993 -0.180578 -0.981652
v -0.083442 -0.034635 -0.981326
v -0.065963 -0.180646 -0.981411
v -0.065412 -0.034703 -0.981085
v -0.083259 -0.180458 -1.036655
v -0.082708 -0.034515 -1.036329
v -0.065228 -0.180526 -1.036415
v -0.064677 -0.034583 -1.036089
v -0.548900 -0.040906 -0.986007
v -0.075093 -0.036170 -0.978881
v -0.548720 -0.058937 -0.985996
v -0.074913 -0.054201 -0.978870
v -0.548072 -0.040932 -1.041010
v -0.074266 -0.036195 -1.033883
v -0.547892 -0.058963 -1.040999
v -0.074086 -0.054226 -1.033872
v -0.549041 -0.167444 -0.974977
v -0.075235 -0.162708 -0.967851
v -0.548861 -0.185476 -0.974966
v -0.075055 -0.180739 -0.967840
v -0.548214 -0.167470 -1.029980
v -0.074408 -0.162733 -1.022854
v -0.548034 -0.185501 -1.029969
v -0.074228 -0.180764 -1.022843
v -0.546982 -0.079728 -0.982122
v -0.073176 -0.074992 -0.974996
v -0.546802 -0.097760 -0.982111
v -0.072996 -0.093023 -0.974985
v -0.546155 -0.079754 -1.037124
v -0.072349 -0.075017 -1.029998
v -0.545975 -0.097785 -1.037113
v -0.072168 -0.093048 -1.029987
v -0.546982 -0.124422 -0.982122
v -0.073176 -0.119686 -0.974996
v -0.546802 -0.142454 -0.982111
v -0.072996 -0.137717 -0.974985
v -0.546155 -0.124448 -1.037124
v -0.072349 -0.119711 -1.029998
v -0.545975 -0.142479 -1.037113
v -0.072168 -0.137742 -1.029987
v -0.560642 -0.187845 -0.987779
v -0.560092 -0.041902 -0.987453
v -0.542612 -0.187914 -0.987539
v -0.542061 -0.041970 -0.987213
v -0.559908 -0.187725 -1.042783
v -0.559358 -0.041782 -1.042457
v -0.541878 -0.187793 -1.042542
v -0.541327 -0.041850 -1.042216
v -0.562698 -0.047182 -1.007472
v -0.077997 -0.046221 -1.006106
v -0.562762 -0.046719 -0.985125
v -0.078061 -0.045758 -0.983760
v -0.562449 -0.176396 -1.004796
v -0.077749 -0.175434 -1.003430
v -0.562513 -0.175933 -0.982449
v -0.077813 -0.174972 -0.981084
v -0.564901 -0.070535 -0.972884
v 0.576797 -0.066929 -0.972269
v -0.565100 -0.064797 -0.638468
v 0.576599 -0.061192 -0.637853
v -0.564494 -0.199923 -0.970664
v 0.577205 -0.196318 -0.970049
v -0.564692 -0.194186 -0.636248
v 0.577007 -0.190580 -0.635633
v -0.671374 1.071498 -0.751584
v -0.671374 0.876179 -0.751584
v -0.660439 1.071498 -0.954339
v -0.660439 0.876179 -0.954339
v -0.622548 1.071498 -0.748950
v -0.622548 0.876179 -0.748950
v -0.611613 1.071499 -0.951705
v -0.611613 0.876179 -0.951705
v -0.707441 0.885358 -0.756285
v -0.707441 0.866637 -0.756285
v -0.696506 0.885358 -0.959040
v -0.696506 0.866637 -0.959040
v -0.658615 0.885358 -0.753651
v -0.658615 0.866637 -0.753651
v -0.647680 0.885358 -0.956406
v -0.647680 0.866637 -0.956406
v -0.695776 1.073772 -0.756283
v -0.695776 1.055051 -0.756283
v -0.684841 1.073772 -0.959038
v -0.684841 1.055051 -0.959038
v -0.646950 1.073772 -0.753650
v -0.646950 1.055051 -0.753650
v -0.636015 1.073772 -0.956405
v -0.636015 1.055051 -0.956405
v -0.695776 1.039620 -0.756283
v -0.695776 1.020899 -0.756283
v -0.684841 1.039620 -0.959038
v -0.684841 1.020899 -0.959038
v -0.646950 1.039620 -0.753650
v -0.646950 1.020899 -0.753650
v -0.636015 1.039620 -0.956405
v -0.636015 1.020899 -0.956405
v -0.695776 0.999852 -0.756283
v -0.695776 0.981131 -0.756283
v -0.684841 0.999852 -0.959038
v -0.684841 0.981131 -0.959038
v -0.646950 0.999852 -0.753650
v -0.646950 0.981131 -0.753650
v -0.636015 0.999852 -0.956405
v -0.636015 0.981131 -0.956405
v -0.699482 0.963786 -0.756284
v -0.699482 0.945065 -0.756284
v -0.688547 0.963786 -0.959039
v -0.688547 0.945065 -0.959039
v -0.650656 0.963786 -0.753650
v -0.650656 0.945065 -0.753650
v -0.639721 0.963786 -0.956405
v -0.639721 0.945065 -0.956405
v -0.699482 0.921894 -0.756284
v -0.699482 0.903173 -0.756284
v -0.688547 0.921894 -0.959039
v -0.688547 0.903173 -0.959039
v -0.650656 0.921894 -0.753650
v -0.650656 0.903173 -0.753650
v -0.639721 0.921894 -0.956405
v -0.639721 0.903173 -0.956405
v -0.671373 0.281009 -0.751584
v -0.671373 0.085690 -0.751584
v -0.660439 0.281009 -0.954339
v -0.660439 0.085690 -0.954339
v -0.622548 0.281009 -0.748950
v -0.622547 0.085690 -0.748950
v -0.611613 0.281010 -0.951705
v -0.611613 0.085690 -0.951705
v -0.707440 0.094869 -0.756285
v -0.707440 0.076148 -0.756285
v -0.696506 0.094869 -0.959040
v -0.696506 0.076148 -0.959040
v -0.658615 0.094869 -0.753651
v -0.658615 0.076148 -0.753651
v -0.647680 0.094869 -0.956406
v -0.647680 0.076148 -0.956406
v -0.695775 0.283283 -0.756283
v -0.695775 0.264562 -0.756283
v -0.684841 0.283283 -0.959038
v -0.684841 0.264562 -0.959038
v -0.646949 0.283283 -0.753650
v -0.646949 0.264562 -0.753650
v -0.636015 0.283283 -0.956405
v -0.636015 0.264562 -0.956405
v -0.695775 0.249131 -0.756283
v -0.695775 0.230410 -0.756283
v -0.684840 0.249131 -0.959038
v -0.684840 0.230410 -0.959038
v -0.646949 0.249131 -0.753650
v -0.646949 0.230410 -0.753650
v -0.636015 0.249131 -0.956405
v -0.636015 0.230410 -0.956405
v -0.695775 0.209364 -0.756283
v -0.695775 0.190642 -0.756283
v -0.684841 0.209364 -0.959038
v -0.684841 0.190643 -0.959038
v -0.646949 0.209364 -0.753650
v -0.646949 0.190643 -0.753650
v -0.636015 0.209364 -0.956405
v -0.636015 0.190643 -0.956405
v -0.699481 0.173297 -0.756284
v -0.699481 0.154576 -0.756284
v -0.688547 0.173297 -0.959038
v -0.688547 0.154576 -0.959038
v -0.650656 0.173297 -0.753650
v -0.650656 0.154576 -0.753650
v -0.639721 0.173297 -0.956405
v -0.639721 0.154576 -0.956405
v -0.699481 0.131405 -0.756284
v -0.699481 0.112684 -0.756284
v -0.688547 0.131405 -0.959038
v -0.688547 0.112684 -0.959038
v -0.650656 0.131405 -0.753650
v -0.650656 0.112684 -0.753650
v -0.639721 0.131405 -0.956405
v -0.639721 0.112684 -0.956405
v 0.728080 0.497186 -0.963655
v 0.728080 0.301866 -0.963655
v 0.725431 0.497186 -0.760623
v 0.725431 0.301866 -0.760623
v 0.679187 0.497186 -0.964293
v 0.679187 0.301866 -0.964293
v 0.676538 0.497186 -0.761261
v 0.676538 0.301866 -0.761261
v 0.764309 0.311045 -0.960430
v 0.764309 0.292324 -0.960430
v 0.761660 0.311045 -0.757398
v 0.761660 0.292324 -0.757398
v 0.715416 0.311045 -0.961068
v 0.715416 0.292324 -0.961068
v 0.712767 0.311045 -0.758036
v 0.712767 0.292324 -0.758036
v 0.752653 0.499459 -0.959955
v 0.752653 0.480738 -0.959955
v 0.750004 0.499459 -0.756923
v 0.750004 0.480738 -0.756923
v 0.703761 0.499459 -0.960593
v 0.703761 0.480738 -0.960593
v 0.701111 0.499459 -0.757561
v 0.701111 0.480738 -0.757561
v 0.752653 0.465307 -0.959955
v 0.752653 0.446586 -0.959955
v 0.750004 0.465307 -0.756923
v 0.750004 0.446586 -0.756923
v 0.703761 0.465307 -0.960593
v 0.703761 0.446586 -0.960593
v 0.701111 0.465307 -0.757561
v 0.701111 0.446586 -0.757561
v 0.752653 0.425540 -0.959955
v 0.752653 0.406819 -0.959955
v 0.750004 0.425540 -0.756923
v 0.750004 0.406819 -0.756923
v 0.703761 0.425540 -0.960593
v 0.703761 0.406819 -0.960593
v 0.701111 0.425540 -0.757561
v 0.701111 0.406819 -0.757561
v 0.756356 0.389473 -0.960106
v 0.756356 0.370752 -0.960106
v 0.753707 0.389473 -0.757074
v 0.753707 0.370752 -0.757074
v 0.707464 0.389473 -0.960744
v 0.707464 0.370752 -0.960744
v 0.704815 0.389473 -0.757712
v 0.704815 0.370752 -0.757712
v 0.756356 0.347581 -0.960106
v 0.756356 0.328860 -0.960106
v 0.753707 0.347581 -0.757074
v 0.753707 0.328860 -0.757074
v 0.707464 0.347581 -0.960744
v 0.707464 0.328860 -0.960744
v 0.704815 0.347581 -0.757712
v 0.704815 0.328860 -0.757712
v 0.258803 1.189910 -0.975011
v 0.258803 1.216285 -0.975011
v -0.267911 1.189910 -0.975068
v -0.267912 1.216284 -0.975068
v 0.258784 1.189910 -0.799007
v 0.258784 1.216285 -0.799007
v -0.267930 1.189910 -0.799063
v -0.267930 1.216284 -0.799063
v 0.259745 1.314473 -0.965759
v 0.242517 1.314323 -0.965761
v 0.262120 1.186114 -0.965759
v 0.244891 1.185964 -0.965761
v 0.259726 1.314473 -0.789754
v 0.242498 1.314323 -0.789756
v 0.262101 1.186114 -0.789754
v 0.244872 1.185964 -0.789756
v 0.137784 1.314473 -0.965772
v 0.120556 1.314323 -0.965774
v 0.140159 1.186114 -0.965772
v 0.122930 1.185964 -0.965774
v 0.137765 1.314473 -0.789767
v 0.120537 1.314322 -0.789769
v 0.140140 1.186114 -0.789767
v 0.122911 1.185964 -0.789769
v -0.009242 1.313816 -0.965788
v -0.026470 1.313665 -0.965790
v -0.006868 1.185457 -0.965788
v -0.024096 1.185306 -0.965789
v -0.009261 1.313816 -0.789783
v -0.026489 1.313665 -0.789785
v -0.006886 1.185457 -0.789783
v -0.024115 1.185306 -0.789785
v -0.137124 1.310911 -0.965801
v -0.154352 1.310760 -0.965803
v -0.134749 1.182552 -0.965801
v -0.151978 1.182402 -0.965803
v -0.137143 1.310911 -0.789797
v -0.154371 1.310760 -0.789798
v -0.134768 1.182552 -0.789796
v -0.151997 1.182402 -0.789798
v -0.252448 1.310994 -0.965814
v -0.269676 1.310843 -0.965816
v -0.250073 1.182635 -0.965813
v -0.267302 1.182484 -0.965815
v -0.252467 1.310994 -0.789809
v -0.269695 1.310843 -0.789811
v -0.250092 1.182635 -0.789809
v -0.267320 1.182484 -0.789810
v 0.258885 1.291595 -0.972129
v 0.258714 1.317969 -0.972129
v -0.267823 1.289976 -0.972185
v -0.267995 1.316350 -0.972185
v 0.258867 1.291595 -0.796124
v 0.258695 1.317969 -0.796124
v -0.267842 1.289976 -0.796180
v -0.268014 1.316350 -0.796180
v 0.065906 1.314473 -0.965780
v 0.048677 1.314322 -0.965782
v 0.068280 1.186114 -0.965779
v 0.051052 1.185964 -0.965781
v 0.065887 1.314473 -0.789775
v 0.048659 1.314322 -0.789777
v 0.068261 1.186114 -0.789775
v 0.051033 1.185964 -0.789777
v 0.205991 1.314086 -0.965765
v 0.188762 1.313935 -0.965767
v 0.208365 1.185727 -0.965765
v 0.191137 1.185576 -0.965766
v 0.205972 1.314086 -0.789760
v 0.188743 1.313935 -0.789762
v 0.208346 1.185727 -0.789760
v 0.191118 1.185576 -0.789762
v -0.070679 1.313816 -0.965794
v -0.087907 1.313665 -0.965796
v -0.068304 1.185457 -0.965794
v -0.085533 1.185306 -0.965796
v -0.070698 1.313816 -0.789789
v -0.087926 1.313665 -0.789791
v -0.068323 1.185457 -0.789789
v -0.085551 1.185306 -0.789791
v -0.208254 1.313816 -0.965809
v -0.225483 1.313665 -0.965811
v -0.205880 1.185457 -0.965809
v -0.223108 1.185306 -0.965811
v -0.208273 1.313815 -0.789804
v -0.225501 1.313665 -0.789806
v -0.205899 1.185457 -0.789804
v -0.223127 1.185306 -0.789806
v 0.318269 1.365064 -0.965753
v 0.301040 1.364844 -0.965755
v 0.320643 1.178400 -0.965752
v 0.303415 1.178181 -0.965754
v 0.318250 1.365064 -0.789748
v 0.301021 1.364844 -0.789750
v 0.320624 1.178400 -0.789748
v 0.303396 1.178181 -0.789750
v 0.625575 1.201405 -0.962066
v 0.625575 1.239759 -0.962066
v 0.305774 1.201405 -0.962100
v 0.305774 1.239759 -0.962100
v 0.625556 1.201405 -0.786061
v 0.625556 1.239759 -0.786061
v 0.305755 1.201405 -0.786095
v 0.305755 1.239759 -0.786095
v 0.625575 1.257878 -0.962066
v 0.625575 1.296232 -0.962066
v 0.305774 1.257878 -0.962100
v 0.305774 1.296232 -0.962100
v 0.625556 1.257878 -0.786061
v 0.625556 1.296232 -0.786061
v 0.305755 1.257878 -0.786095
v 0.305755 1.296232 -0.786095
v 0.625575 1.321764 -0.962066
v 0.625575 1.360119 -0.962066
v 0.305774 1.321764 -0.962100
v 0.305774 1.360118 -0.962100
v 0.625556 1.321764 -0.786061
v 0.625556 1.360119 -0.786061
v 0.305755 1.321764 -0.786095
v 0.305755 1.360118 -0.786095
v 0.629944 1.365064 -0.965719
v 0.612716 1.364845 -0.965721
v 0.632319 1.178401 -0.965719
v 0.615090 1.178181 -0.965721
v 0.629926 1.365064 -0.789715
v 0.612697 1.364845 -0.789716
v 0.632300 1.178401 -0.789714
v 0.615072 1.178181 -0.789716
v 0.625575 1.201405 -0.962066
v 0.625575 1.239759 -0.962066
v 0.305774 1.201405 -0.962100
v 0.305774 1.239759 -0.962100
v 0.625556 1.201405 -0.786061
v 0.625556 1.239759 -0.786061
v 0.305755 1.201405 -0.786095
v 0.305755 1.239759 -0.786095
v -0.591295 1.329137 -0.965850
v -0.602565 1.328994 -0.965851
v -0.588921 1.142483 -0.965849
v -0.600191 1.142339 -0.965851
v -0.591314 1.329137 -0.789845
v -0.602584 1.328994 -0.789846
v -0.588940 1.142483 -0.789845
v -0.600210 1.142339 -0.789846
v -0.389525 1.164144 -0.962174
v -0.389694 1.202495 -0.962174
v -0.598750 1.165550 -0.962197
v -0.598918 1.203901 -0.962197
v -0.389544 1.164144 -0.786170
v -0.389712 1.202495 -0.786170
v -0.598769 1.165550 -0.786192
v -0.598937 1.203901 -0.786192
v -0.389773 1.220611 -0.962174
v -0.389942 1.258962 -0.962174
v -0.598998 1.222017 -0.962197
v -0.599167 1.260368 -0.962197
v -0.389792 1.220611 -0.786170
v -0.389961 1.258962 -0.786170
v -0.599017 1.222017 -0.786192
v -0.599186 1.260368 -0.786192
v -0.390054 1.284491 -0.962174
v -0.390223 1.322841 -0.962174
v -0.599279 1.285897 -0.962197
v -0.599448 1.324247 -0.962197
v -0.390073 1.284491 -0.786170
v -0.390242 1.322841 -0.786170
v -0.599298 1.285897 -0.786192
v -0.599467 1.324247 -0.786192
v -0.387386 1.327767 -0.965828
v -0.398656 1.327623 -0.965829
v -0.385011 1.141112 -0.965828
v -0.396282 1.140969 -0.965829
v -0.387405 1.327767 -0.789823
v -0.398675 1.327623 -0.789824
v -0.385030 1.141112 -0.789823
v -0.396301 1.140969 -0.789824
v -0.389525 1.164144 -0.962174
v -0.389694 1.202495 -0.962174
v -0.598750 1.165550 -0.962197
v -0.598918 1.203901 -0.962197
v -0.389544 1.164144 -0.786170
v -0.389712 1.202495 -0.786170
v -0.598769 1.165550 -0.786192
v -0.598937 1.203901 -0.786192
v -0.692315 0.612861 -0.705122
v -0.641000 0.612748 -0.705116
v -0.692414 0.567663 -0.705122
v -0.641099 0.567550 -0.705116
v -0.692284 0.612861 -0.992384
v -0.640969 0.612748 -0.992379
v -0.692383 0.567663 -0.992384
v -0.641068 0.567550 -0.992379
v 0.694229 0.711907 -0.702469
v 0.745544 0.711794 -0.702463
v 0.694129 0.666709 -0.702469
v 0.745444 0.666596 -0.702463
v 0.694259 0.711907 -0.989731
v 0.745574 0.711794 -0.989726
v 0.694160 0.666709 -0.989731
v 0.745475 0.666596 -0.989726
v 0.694228 0.883572 -0.702469
v 0.745543 0.883459 -0.702463
v 0.694129 0.838373 -0.702469
v 0.745444 0.838260 -0.702463
v 0.694259 0.883572 -0.989732
v 0.745574 0.883459 -0.989726
v 0.694160 0.838373 -0.989732
v 0.745475 0.838260 -0.989726
v 0.694228 1.058971 -0.702469
v 0.745543 1.058858 -0.702463
v 0.694129 1.013772 -0.702469
v 0.745444 1.013660 -0.702463
v 0.694259 1.058971 -0.989732
v 0.745574 1.058858 -0.989726
v 0.694160 1.013772 -0.989732
v 0.745474 1.013660 -0.989726
vt 0.625000 0.500000
vt 0.875000 0.500000
vt 0.875000 0.750000
vt 0.625000 0.750000
vt 0.375000 0.750000
vt 0.625000 1.000000
vt 0.375000 1.000000
vt 0.375000 0.000000
vt 0.625000 0.000000
vt 0.625000 0.250000
vt 0.375000 0.250000
vt 0.125000 0.500000
vt 0.375000 0.500000
vt 0.125000 0.750000
vt 0.625000 0.500000
vt 0.875000 0.500000
vt 0.875000 0.750000
vt 0.625000 0.750000
vt 0.375000 0.750000
vt 0.625000 1.000000
vt 0.375000 1.000000
vt 0.375000 0.000000
vt 0.625000 0.000000
vt 0.625000 0.250000
vt 0.375000 0.250000
vt 0.125000 0.500000
vt 0.375000 0.500000
vt 0.125000 0.750000
vt 0.625000 0.500000
vt 0.875000 0.500000
vt 0.875000 0.750000
vt 0.625000 0.750000
vt 0.375000 0.750000
vt 0.625000 1.000000
vt 0.375000 1.000000
vt 0.375000 0.000000
vt 0.625000 0.000000
vt 0.625000 0.250000
vt 0.375000 0.250000
vt 0.125000 0.500000
vt 0.375000 0.500000
vt 0.125000 0.750000
vt 0.625000 0.500000
vt 0.875000 0.500000
vt 0.875000 0.750000
vt 0.625000 0.750000
vt 0.375000 0.750000
vt 0.625000 1.000000
vt 0.375000 1.000000
vt 0.375000 0.000000
vt 0.625000 0.000000
vt 0.625000 0.250000
vt 0.375000 0.250000
vt 0.125000 0.500000
vt 0.375000 0.500000
vt 0.125000 0.750000
vt 0.625000 0.500000
vt 0.875000 0.500000
vt 0.875000 0.750000
vt 0.625000 0.750000
vt 0.375000 0.750000
vt 0.625000 1.000000
vt 0.375000 1.000000
vt 0.375000 0.000000
vt 0.625000 0.000000
vt 0.625000 0.250000
vt 0.375000 0.250000
vt 0.125000 0.500000
vt 0.375000 0.500000
vt 0.125000 0.750000
vt 0.625000 0.500000
vt 0.875000 0.500000
vt 0.875000 0.750000
vt 0.625000 0.750000
vt 0.375000 0.750000
vt 0.625000 1.000000
vt 0.375000 1.000000
vt 0.375000 0.000000
vt 0.625000 0.000000
vt 0.625000 0.250000
vt 0.375000 0.250000
vt 0.125000 0.500000
vt 0.375000 0.500000
vt 0.125000 0.750000
vt 0.625000 0.500000
vt 0.875000 0.500000
vt 0.875000 0.750000
vt 0.625000 0.750000
vt 0.375000 0.750000
vt 0.625000 1.000000
vt 0.375000 1.000000
vt 0.375000 0.000000
vt 0.625000 0.000000
vt 0.625000 0.250000
vt 0.375000 0.250000
vt 0.125000 0.500000
vt 0.375000 0.500000
vt 0.125000 0.750000
vt 0.625000 0.500000
vt 0.875000 0.500000
vt 0.875000 0.750000
vt 0.625000 0.750000
vt 0.375000 0.750000
vt 0.625000 1.000000
vt 0.375000 1.000000
vt 0.375000 0.000000
vt 0.625000 0.000000
vt 0.625000 0.250000
vt 0.375000 0.250000
vt 0.125000 0.500000
vt 0.375000 0.500000
vt 0.125000 0.750000
vt 0.625000 0.500000
vt 0.875000 0.500000
vt 0.875000 0.750000
vt 0.625000 0.750000
vt 0.375000 0.750000
vt 0.625000 1.000000
vt 0.375000 1.000000
vt 0.375000 0.000000
vt 0.625000 0.000000
vt 0.625000 0.250000
vt 0.375000 0.250000
vt 0.125000 0.500000
vt 0.375000 0.500000
vt 0.125000 0.750000
vt 0.625000 0.500000
vt 0.875000 0.500000
vt 0.875000 0.750000
vt 0.625000 0.750000
vt 0.375000 0.750000
vt 0.625000 1.000000
vt 0.375000 1.000000
vt 0.375000 0.000000
vt 0.625000 0.000000
vt 0.625000 0.250000
vt 0.375000 0.250000
vt 0.125000 0.500000
vt 0.375000 0.500000
vt 0.125000 0.750000
vt 0.625000 0.500000
vt 0.875000 0.500000
vt 0.875000 0.750000
vt 0.625000 0.750000
vt 0.375000 0.750000
vt 0.625000 1.000000
vt 0.375000 1.000000
vt 0.375000 0.000000
vt 0.625000 0.000000
vt 0.625000 0.250000
vt 0.375000 0.250000
vt 0.125000 0.500000
vt 0.375000 0.500000
vt 0.125000 0.750000
vt 0.625000 0.500000
vt 0.875000 0.500000
vt 0.875000 0.750000
vt 0.625000 0.750000
vt 0.375000 0.750000
vt 0.625000 1.000000
vt 0.375000 1.000000
vt 0.375000 0.000000
vt 0.625000 0.000000
vt 0.625000 0.250000
vt 0.375000 0.250000
vt 0.125000 0.500000
vt 0.375000 0.500000
vt 0.125000 0.750000
vt 0.625000 0.500000
vt 0.875000 0.500000
vt 0.875000 0.750000
vt 0.625000 0.750000
vt 0.375000 0.750000
vt 0.625000 1.000000
vt 0.375000 1.000000
vt 0.375000 0.000000
vt 0.625000 0.000000
vt 0.625000 0.250000
vt 0.375000 0.250000
vt 0.125000 0.500000
vt 0.375000 0.500000
vt 0.125000 0.750000
vt 0.625000 0.500000
vt 0.875000 0.500000
vt 0.875000 0.750000
vt 0.625000 0.750000
vt 0.375000 0.750000
vt 0.625000 1.000000
vt 0.375000 1.000000
vt 0.375000 0.000000
vt 0.625000 0.000000
vt 0.625000 0.250000
vt 0.375000 0.250000
vt 0.125000 0.500000
vt 0.375000 0.500000
vt 0.125000 0.750000
vt 0.625000 0.500000
vt 0.875000 0.500000
vt 0.875000 0.750000
vt 0.625000 0.750000
vt 0.375000 0.750000
vt 0.625000 1.000000
vt 0.375000 1.000000
vt 0.375000 0.000000
vt 0.625000 0.000000
vt 0.625000 0.250000
vt 0.375000 0.250000
vt 0.125000 0.500000
vt 0.375000 0.500000
vt 0.125000 0.750000
vt 0.625000 0.500000
vt 0.875000 0.500000
vt 0.875000 0.750000
vt 0.625000 0.750000
vt 0.375000 0.750000
vt 0.625000 1.000000
vt 0.375000 1.000000
vt 0.375000 0.000000
vt 0.625000 0.000000
vt 0.625000 0.250000
vt 0.375000 0.250000
vt 0.125000 0.500000
vt 0.375000 0.500000
vt 0.125000 0.750000
vt 0.625000 0.500000
vt 0.875000 0.500000
vt 0.875000 0.750000
vt 0.625000 0.750000
vt 0.375000 0.750000
vt 0.625000 1.000000
vt 0.375000 1.000000
vt 0.375000 0.000000
vt 0.625000 0.000000
vt 0.625000 0.250000
vt 0.375000 0.250000
vt 0.125000 0.500000
vt 0.375000 0.500000
vt 0.125000 0.750000
vt 0.625000 0.500000
vt 0.875000 0.500000
vt 0.875000 0.750000
vt 0.625000 0.750000
vt 0.375000 0.750000
vt 0.625000 1.000000
vt 0.375000 1.000000
vt 0.375000 0.000000
vt 0.625000 0.000000
vt 0.625000 0.250000
vt 0.375000 0.250000
vt 0.125000 0.500000
vt 0.375000 0.500000
vt 0.125000 0.750000
vt 0.625000 0.500000
vt 0.875000 0.500000
vt 0.875000 0.750000
vt 0.625000 0.750000
vt 0.375000 0.750000
vt 0.625000 1.000000
vt 0.375000 1.000000
vt 0.375000 0.000000
vt 0.625000 0.000000
vt 0.625000 0.250000
vt 0.375000 0.250000
vt 0.125000 0.500000
vt 0.375000 0.500000
vt 0.125000 0.750000
vt 0.625000 0.500000
vt 0.875000 0.500000
vt 0.875000 0.750000
vt 0.625000 0.750000
vt 0.375000 0.750000
vt 0.625000 1.000000
vt 0.375000 1.000000
vt 0.375000 0.000000
vt 0.625000 0.000000
vt 0.625000 0.250000
vt 0.375000 0.250000
vt 0.125000 0.500000
vt 0.375000 0.500000
vt 0.125000 0.750000
vt 0.625000 0.500000
vt 0.875000 0.500000
vt 0.875000 0.750000
vt 0.625000 0.750000
vt 0.375000 0.750000
vt 0.625000 1.000000
vt 0.375000 1.000000
vt 0.375000 0.000000
vt 0.625000 0.000000
vt 0.625000 0.250000
vt 0.375000 0.250000
vt 0.125000 0.500000
vt 0.375000 0.500000
vt 0.125000 0.750000
vt 0.625000 0.500000
vt 0.875000 0.500000
vt 0.875000 0.750000
vt 0.625000 0.750000
vt 0.375000 0.750000
vt 0.625000 1.000000
vt 0.375000 1.000000
vt 0.375000 0.000000
vt 0.625000 0.000000
vt 0.625000 0.250000
vt 0.375000 0.250000
vt 0.125000 0.500000
vt 0.375000 0.500000
vt 0.125000 0.750000
vt 0.625000 0.500000
vt 0.875000 0.500000
vt 0.875000 0.750000
vt 0.625000 0.750000
vt 0.375000 0.750000
vt 0.625000 1.000000
vt 0.375000 1.000000
vt 0.375000 0.000000
vt 0.625000 0.000000
vt 0.625000 0.250000
vt 0.375000 0.250000
vt 0.125000 0.500000
vt 0.375000 0.500000
vt 0.125000 0.750000
vt 0.625000 0.500000
vt 0.875000 0.500000
vt 0.875000 0.750000
vt 0.625000 0.750000
vt 0.375000 0.750000
vt 0.625000 1.000000
vt 0.375000 1.000000
vt 0.375000 0.000000
vt 0.625000 0.000000
vt 0.625000 0.250000
vt 0.375000 0.250000
vt 0.125000 0.500000
vt 0.375000 0.500000
vt 0.125000 0.750000
vt 0.625000 0.500000
vt 0.875000 0.500000
vt 0.875000 0.750000
vt 0.625000 0.750000
vt 0.375000 0.750000
vt 0.625000 1.000000
vt 0.375000 1.000000
vt 0.375000 0.000000
vt 0.625000 0.000000
vt 0.625000 0.250000
vt 0.375000 0.250000
vt 0.125000 0.500000
vt 0.375000 0.500000
vt 0.125000 0.750000
vt 0.625000 0.500000
vt 0.875000 0.500000
vt 0.875000 0.750000
vt 0.625000 0.750000
vt 0.375000 0.750000
vt 0.625000 1.000000
vt 0.375000 1.000000
vt 0.375000 0.000000
vt 0.625000 0.000000
vt 0.625000 0.250000
vt 0.375000 0.250000
vt 0.125000 0.500000
vt 0.375000 0.500000
vt 0.125000 0.750000
vt 0.625000 0.500000
vt 0.875000 0.500000
vt 0.875000 0.750000
vt 0.625000 0.750000
vt 0.375000 0.750000
vt 0.625000 1.000000
vt 0.375000 1.000000
vt 0.375000 0.000000
vt 0.625000 0.000000
vt 0.625000 0.250000
vt 0.375000 0.250000
vt 0.125000 0.500000
vt 0.375000 0.500000
vt 0.125000 0.750000
vt 0.625000 0.500000
vt 0.875000 0.500000
vt 0.875000 0.750000
vt 0.625000 0.750000
vt 0.375000 0.750000
vt 0.625000 1.000000
vt 0.375000 1.000000
vt 0.375000 0.000000
vt 0.625000 0.000000
vt 0.625000 0.250000
vt 0.375000 0.250000
vt 0.125000 0.500000
vt 0.375000 0.500000
vt 0.125000 0.750000
vt 0.625000 0.500000
vt 0.875000 0.500000
vt 0.875000 0.750000
vt 0.625000 0.750000
vt 0.375000 0.750000
vt 0.625000 1.000000
vt 0.375000 1.000000
vt 0.375000 0.000000
vt 0.625000 0.000000
vt 0.625000 0.250000
vt 0.375000 0.250000
vt 0.125000 0.500000
vt 0.375000 0.500000
vt 0.125000 0.750000
vt 0.625000 0.500000
vt 0.875000 0.500000
vt 0.875000 0.750000
vt 0.625000 0.750000
vt 0.375000 0.750000
vt 0.625000 1.000000
vt 0.375000 1.000000
vt 0.375000 0.000000
vt 0.625000 0.000000
vt 0.625000 0.250000
vt 0.375000 0.250000
vt 0.125000 0.500000
vt 0.375000 0.500000
vt 0.125000 0.750000
vt 0.625000 0.500000
vt 0.875000 0.500000
vt 0.875000 0.750000
vt 0.625000 0.750000
vt 0.375000 0.750000
vt 0.625000 1.000000
vt 0.375000 1.000000
vt 0.375000 0.000000
vt 0.625000 0.000000
vt 0.625000 0.250000
vt 0.375000 0.250000
vt 0.125000 0.500000
vt 0.375000 0.500000
vt 0.125000 0.750000
vt 0.625000 0.500000
vt 0.875000 0.500000
vt 0.875000 0.750000
vt 0.625000 0.750000
vt 0.375000 0.750000
vt 0.625000 1.000000
vt 0.375000 1.000000
vt 0.375000 0.000000
vt 0.625000 0.000000
vt 0.625000 0.250000
vt 0.375000 0.250000
vt 0.125000 0.500000
vt 0.375000 0.500000
vt 0.125000 0.750000
vt 0.625000 0.500000
vt 0.875000 0.500000
vt 0.875000 0.750000
vt 0.625000 0.750000
vt 0.375000 0.750000
vt 0.625000 1.000000
vt 0.375000 1.000000
vt 0.375000 0.000000
vt 0.625000 0.000000
vt 0.625000 0.250000
vt 0.375000 0.250000
vt 0.125000 0.500000
vt 0.375000 0.500000
vt 0.125000 0.750000
vt 0.625000 0.500000
vt 0.875000 0.500000
vt 0.875000 0.750000
vt 0.625000 0.750000
vt 0.375000 0.750000
vt 0.625000 1.000000
vt 0.375000 1.000000
vt 0.375000 0.000000
vt 0.625000 0.000000
vt 0.625000 0.250000
vt 0.375000 0.250000
vt 0.125000 0.500000
vt 0.375000 0.500000
vt 0.125000 0.750000
vt 0.625000 0.500000
vt 0.875000 0.500000
vt 0.875000 0.750000
vt 0.625000 0.750000
vt 0.375000 0.750000
vt 0.625000 1.000000
vt 0.375000 1.000000
vt 0.375000 0.000000
vt 0.625000 0.000000
vt 0.625000 0.250000
vt 0.375000 0.250000
vt 0.125000 0.500000
vt 0.375000 0.500000
vt 0.125000 0.750000
vt 0.625000 0.500000
vt 0.875000 0.500000
vt 0.875000 0.750000
vt 0.625000 0.750000
vt 0.375000 0.750000
vt 0.625000 1.000000
vt 0.375000 1.000000
vt 0.375000 0.000000
vt 0.625000 0.000000
vt 0.625000 0.250000
vt 0.375000 0.250000
vt 0.125000 0.500000
vt 0.375000 0.500000
vt 0.125000 0.750000
vt 0.625000 0.500000
vt 0.875000 0.500000
vt 0.875000 0.750000
vt 0.625000 0.750000
vt 0.375000 0.750000
vt 0.625000 1.000000
vt 0.375000 1.000000
vt 0.375000 0.000000
vt 0.625000 0.000000
vt 0.625000 0.250000
vt 0.375000 0.250000
vt 0.125000 0.500000
vt 0.375000 0.500000
vt 0.125000 0.750000
vt 0.625000 0.500000
vt 0.875000 0.500000
vt 0.875000 0.750000
vt 0.625000 0.750000
vt 0.375000 0.750000
vt 0.625000 1.000000
vt 0.375000 1.000000
vt 0.375000 0.000000
vt 0.625000 0.000000
vt 0.625000 0.250000
vt 0.375000 0.250000
vt 0.125000 0.500000
vt 0.375000 0.500000
vt 0.125000 0.750000
vt 0.625000 0.500000
vt 0.875000 0.500000
vt 0.875000 0.750000
vt 0.625000 0.750000
vt 0.375000 0.750000
vt 0.625000 1.000000
vt 0.375000 1.000000
vt 0.375000 0.000000
vt 0.625000 0.000000
vt 0.625000 0.250000
vt 0.375000 0.250000
vt 0.125000 0.500000
vt 0.375000 0.500000
vt 0.125000 0.750000
vt 0.625000 0.500000
vt 0.875000 0.500000
vt 0.875000 0.750000
vt 0.625000 0.750000
vt 0.375000 0.750000
vt 0.625000 1.000000
vt 0.375000 1.000000
vt 0.375000 0.000000
vt 0.625000 0.000000
vt 0.625000 0.250000
vt 0.375000 0.250000
vt 0.125000 0.500000
vt 0.375000 0.500000
vt 0.125000 0.750000
vt 0.625000 0.500000
vt 0.875000 0.500000
vt 0.875000 0.750000
vt 0.625000 0.750000
vt 0.375000 0.750000
vt 0.625000 1.000000
vt 0.375000 1.000000
vt 0.375000 0.000000
vt 0.625000 0.000000
vt 0.625000 0.250000
vt 0.375000 0.250000
vt 0.125000 0.500000
vt 0.375000 0.500000
vt 0.125000 0.750000
vt 0.625000 0.500000
vt 0.875000 0.500000
vt 0.875000 0.750000
vt 0.625000 0.750000
vt 0.375000 0.750000
vt 0.625000 1.000000
vt 0.375000 1.000000
vt 0.375000 0.000000
vt 0.625000 0.000000
vt 0.625000 0.250000
vt 0.375000 0.250000
vt 0.125000 0.500000
vt 0.375000 0.500000
vt 0.125000 0.750000
vt 0.625000 0.500000
vt 0.875000 0.500000
vt 0.875000 0.750000
vt 0.625000 0.750000
vt 0.375000 0.750000
vt 0.625000 1.000000
vt 0.375000 1.000000
vt 0.375000 0.000000
vt 0.625000 0.000000
vt 0.625000 0.250000
vt 0.375000 0.250000
vt 0.125000 0.500000
vt 0.375000 0.500000
vt 0.125000 0.750000
vt 0.625000 0.500000
vt 0.875000 0.500000
vt 0.875000 0.750000
vt 0.625000 0.750000
vt 0.375000 0.750000
vt 0.625000 1.000000
vt 0.375000 1.000000
vt 0.375000 0.000000
vt 0.625000 0.000000
vt 0.625000 0.250000
vt 0.375000 0.250000
vt 0.125000 0.500000
vt 0.375000 0.500000
vt 0.125000 0.750000
vt 0.625000 0.500000
vt 0.875000 0.500000
vt 0.875000 0.750000
vt 0.625000 0.750000
vt 0.375000 0.750000
vt 0.625000 1.000000
vt 0.375000 1.000000
vt 0.375000 0.000000
vt 0.625000 0.000000
vt 0.625000 0.250000
vt 0.375000 0.250000
vt 0.125000 0.500000
vt 0.375000 0.500000
vt 0.125000 0.750000
vt 0.625000 0.500000
vt 0.875000 0.500000
vt 0.875000 0.750000
vt 0.625000 0.750000
vt 0.375000 0.750000
vt 0.625000 1.000000
vt 0.375000 1.000000
vt 0.375000 0.000000
vt 0.625000 0.000000
vt 0.625000 0.250000
vt 0.375000 0.250000
vt 0.125000 0.500000
vt 0.375000 0.500000
vt 0.125000 0.750000
vt 0.625000 0.500000
vt 0.875000 0.500000
vt 0.875000 0.750000
vt 0.625000 0.750000
vt 0.375000 0.750000
vt 0.625000 1.000000
vt 0.375000 1.000000
vt 0.375000 0.000000
vt 0.625000 0.000000
vt 0.625000 0.250000
vt 0.375000 0.250000
vt 0.125000 0.500000
vt 0.375000 0.500000
vt 0.125000 0.750000
vt 0.375000 0.000000
vt 0.625000 0.000000
vt 0.625000 0.250000
vt 0.375000 0.250000
vt 0.625000 0.500000
vt 0.375000 0.500000
vt 0.625000 0.750000
vt 0.375000 0.750000
vt 0.625000 1.000000
vt 0.375000 1.000000
vt 0.125000 0.500000
vt 0.125000 0.750000
vt 0.875000 0.500000
vt 0.875000 0.750000
vt 0.375000 0.000000
vt 0.625000 0.000000
vt 0.625000 0.250000
vt 0.375000 0.250000
vt 0.625000 0.500000
vt 0.375000 0.500000
vt 0.625000 0.750000
vt 0.375000 0.750000
vt 0.625000 1.000000
vt 0.375000 1.000000
vt 0.125000 0.500000
vt 0.125000 0.750000
vt 0.875000 0.500000
vt 0.875000 0.750000
vt 0.375000 0.000000
vt 0.625000 0.000000
vt 0.625000 0.250000
vt 0.375000 0.250000
vt 0.625000 0.500000
vt 0.375000 0.500000
vt 0.625000 0.750000
vt 0.375000 0.750000
vt 0.625000 1.000000
vt 0.375000 1.000000
vt 0.125000 0.500000
vt 0.125000 0.750000
vt 0.875000 0.500000
vt 0.875000 0.750000
vt 0.375000 0.000000
vt 0.625000 0.000000
vt 0.625000 0.250000
vt 0.375000 0.250000
vt 0.625000 0.500000
vt 0.375000 0.500000
vt 0.625000 0.750000
vt 0.375000 0.750000
vt 0.625000 1.000000
vt 0.375000 1.000000
vt 0.125000 0.500000
vt 0.125000 0.750000
vt 0.875000 0.500000
vt 0.875000 0.750000
vt 0.375000 0.000000
vt 0.625000 0.000000
vt 0.625000 0.250000
vt 0.375000 0.250000
vt 0.625000 0.500000
vt 0.375000 0.500000
vt 0.625000 0.750000
vt 0.375000 0.750000
vt 0.625000 1.000000
vt 0.375000 1.000000
vt 0.125000 0.500000
vt 0.125000 0.750000
vt 0.875000 0.500000
vt 0.875000 0.750000
vt 0.375000 0.000000
vt 0.625000 0.000000
vt 0.625000 0.250000
vt 0.375000 0.250000
vt 0.625000 0.500000
vt 0.375000 0.500000
vt 0.625000 0.750000
vt 0.375000 0.750000
vt 0.625000 1.000000
vt 0.375000 1.000000
vt 0.125000 0.500000
vt 0.125000 0.750000
vt 0.875000 0.500000
vt 0.875000 0.750000
vt 0.375000 0.000000
vt 0.625000 0.000000
vt 0.625000 0.250000
vt 0.375000 0.250000
vt 0.625000 0.500000
vt 0.375000 0.500000
vt 0.625000 0.750000
vt 0.375000 0.750000
vt 0.625000 1.000000
vt 0.375000 1.000000
vt 0.125000 0.500000
vt 0.125000 0.750000
vt 0.875000 0.500000
vt 0.875000 0.750000
vt 0.375000 0.000000
vt 0.625000 0.000000
vt 0.625000 0.250000
vt 0.375000 0.250000
vt 0.625000 0.500000
vt 0.375000 0.500000
vt 0.625000 0.750000
vt 0.375000 0.750000
vt 0.625000 1.000000
vt 0.375000 1.000000
vt 0.125000 0.500000
vt 0.125000 0.750000
vt 0.875000 0.500000
vt 0.875000 0.750000
vt 0.375000 0.000000
vt 0.625000 0.000000
vt 0.625000 0.250000
vt 0.375000 0.250000
vt 0.625000 0.500000
vt 0.375000 0.500000
vt 0.625000 0.750000
vt 0.375000 0.750000
vt 0.625000 1.000000
vt 0.375000 1.000000
vt 0.125000 0.500000
vt 0.125000 0.750000
vt 0.875000 0.500000
vt 0.875000 0.750000
vt 0.375000 0.000000
vt 0.625000 0.000000
vt 0.625000 0.250000
vt 0.375000 0.250000
vt 0.625000 0.500000
vt 0.375000 0.500000
vt 0.625000 0.750000
vt 0.375000 0.750000
vt 0.625000 1.000000
vt 0.375000 1.000000
vt 0.125000 0.500000
vt 0.125000 0.750000
vt 0.875000 0.500000
vt 0.875000 0.750000
vt 0.375000 0.000000
vt 0.625000 0.000000
vt 0.625000 0.250000
vt 0.375000 0.250000
vt 0.625000 0.500000
vt 0.375000 0.500000
vt 0.625000 0.750000
vt 0.375000 0.750000
vt 0.625000 1.000000
vt 0.375000 1.000000
vt 0.125000 0.500000
vt 0.125000 0.750000
vt 0.875000 0.500000
vt 0.875000 0.750000
vt 0.375000 0.000000
vt 0.625000 0.000000
vt 0.625000 0.250000
vt 0.375000 0.250000
vt 0.625000 0.500000
vt 0.375000 0.500000
vt 0.625000 0.750000
vt 0.375000 0.750000
vt 0.625000 1.000000
vt 0.375000 1.000000
vt 0.125000 0.500000
vt 0.125000 0.750000
vt 0.875000 0.500000
vt 0.875000 0.750000
vt 0.375000 0.000000
vt 0.625000 0.000000
vt 0.625000 0.250000
vt 0.375000 0.250000
vt 0.625000 0.500000
vt 0.375000 0.500000
vt 0.625000 0.750000
vt 0.375000 0.750000
vt 0.625000 1.000000
vt 0.375000 1.000000
vt 0.125000 0.500000
vt 0.125000 0.750000
vt 0.875000 0.500000
vt 0.875000 0.750000
vt 0.375000 0.000000
vt 0.625000 0.000000
vt 0.625000 0.250000
vt 0.375000 0.250000
vt 0.625000 0.500000
vt 0.375000 0.500000
vt 0.625000 0.750000
vt 0.375000 0.750000
vt 0.625000 1.000000
vt 0.375000 1.000000
vt 0.125000 0.500000
vt 0.125000 0.750000
vt 0.875000 0.500000
vt 0.875000 0.750000
vt 0.375000 0.000000
vt 0.625000 0.000000
vt 0.625000 0.250000
vt 0.375000 0.250000
vt 0.625000 0.500000
vt 0.375000 0.500000
vt 0.625000 0.750000
vt 0.375000 0.750000
vt 0.625000 1.000000
vt 0.375000 1.000000
vt 0.125000 0.500000
vt 0.125000 0.750000
vt 0.875000 0.500000
vt 0.875000 0.750000
vt 0.375000 0.000000
vt 0.625000 0.000000
vt 0.625000 0.250000
vt 0.375000 0.250000
vt 0.625000 0.500000
vt 0.375000 0.500000
vt 0.625000 0.750000
vt 0.375000 0.750000
vt 0.625000 1.000000
vt 0.375000 1.000000
vt 0.125000 0.500000
vt 0.125000 0.750000
vt 0.875000 0.500000
vt 0.875000 0.750000
vt 0.375000 0.000000
vt 0.625000 0.000000
vt 0.625000 0.250000
vt 0.375000 0.250000
vt 0.625000 0.500000
vt 0.375000 0.500000
vt 0.625000 0.750000
vt 0.375000 0.750000
vt 0.625000 1.000000
vt 0.375000 1.000000
vt 0.125000 0.500000
vt 0.125000 0.750000
vt 0.875000 0.500000
vt 0.875000 0.750000
vt 0.375000 0.000000
vt 0.625000 0.000000
vt 0.625000 0.250000
vt 0.375000 0.250000
vt 0.625000 0.500000
vt 0.375000 0.500000
vt 0.625000 0.750000
vt 0.375000 0.750000
vt 0.625000 1.000000
vt 0.375000 1.000000
vt 0.125000 0.500000
vt 0.125000 0.750000
vt 0.875000 0.500000
vt 0.875000 0.750000
vt 0.375000 0.000000
vt 0.625000 0.000000
vt 0.625000 0.250000
vt 0.375000 0.250000
vt 0.625000 0.500000
vt 0.375000 0.500000
vt 0.625000 0.750000
vt 0.375000 0.750000
vt 0.625000 1.000000
vt 0.375000 1.000000
vt 0.125000 0.500000
vt 0.125000 0.750000
vt 0.875000 0.500000
vt 0.875000 0.750000
vt 0.375000 0.000000
vt 0.625000 0.000000
vt 0.625000 0.250000
vt 0.375000 0.250000
vt 0.625000 0.500000
vt 0.375000 0.500000
vt 0.625000 0.750000
vt 0.375000 0.750000
vt 0.625000 1.000000
vt 0.375000 1.000000
vt 0.125000 0.500000
vt 0.125000 0.750000
vt 0.875000 0.500000
vt 0.875000 0.750000
vt 0.375000 0.000000
vt 0.625000 0.000000
vt 0.625000 0.250000
vt 0.375000 0.250000
vt 0.625000 0.500000
vt 0.375000 0.500000
vt 0.625000 0.750000
vt 0.375000 0.750000
vt 0.625000 1.000000
vt 0.375000 1.000000
vt 0.125000 0.500000
vt 0.125000 0.750000
vt 0.875000 0.500000
vt 0.875000 0.750000
vt 0.375000 0.000000
vt 0.625000 0.000000
vt 0.625000 0.250000
vt 0.375000 0.250000
vt 0.625000 0.500000
vt 0.375000 0.500000
vt 0.625000 0.750000
vt 0.375000 0.750000
vt 0.625000 1.000000
vt 0.375000 1.000000
vt 0.125000 0.500000
vt 0.125000 0.750000
vt 0.875000 0.500000
vt 0.875000 0.750000
vt 0.375000 0.000000
vt 0.625000 0.000000
vt 0.625000 0.250000
vt 0.375000 0.250000
vt 0.625000 0.500000
vt 0.375000 0.500000
vt 0.625000 0.750000
vt 0.375000 0.750000
vt 0.625000 1.000000
vt 0.375000 1.000000
vt 0.125000 0.500000
vt 0.125000 0.750000
vt 0.875000 0.500000
vt 0.875000 0.750000
vt 0.375000 0.000000
vt 0.625000 0.000000
vt 0.625000 0.250000
vt 0.375000 0.250000
vt 0.625000 0.500000
vt 0.375000 0.500000
vt 0.625000 0.750000
vt 0.375000 0.750000
vt 0.625000 1.000000
vt 0.375000 1.000000
vt 0.125000 0.500000
vt 0.125000 0.750000
vt 0.875000 0.500000
vt 0.875000 0.750000
vt 0.375000 0.000000
vt 0.625000 0.000000
vt 0.625000 0.250000
vt 0.375000 0.250000
vt 0.625000 0.500000
vt 0.375000 0.500000
vt 0.625000 0.750000
vt 0.375000 0.750000
vt 0.625000 1.000000
vt 0.375000 1.000000
vt 0.125000 0.500000
vt 0.125000 0.750000
vt 0.875000 0.500000
vt 0.875000 0.750000
vt 0.375000 0.000000
vt 0.625000 0.000000
vt 0.625000 0.250000
vt 0.375000 0.250000
vt 0.625000 0.500000
vt 0.375000 0.500000
vt 0.625000 0.750000
vt 0.375000 0.750000
vt 0.625000 1.000000
vt 0.375000 1.000000
vt 0.125000 0.500000
vt 0.125000 0.750000
vt 0.875000 0.500000
vt 0.875000 0.750000
vt 0.375000 0.000000
vt 0.625000 0.000000
vt 0.625000 0.250000
vt 0.375000 0.250000
vt 0.625000 0.500000
vt 0.375000 0.500000
vt 0.625000 0.750000
vt 0.375000 0.750000
vt 0.625000 1.000000
vt 0.375000 1.000000
vt 0.125000 0.500000
vt 0.125000 0.750000
vt 0.875000 0.500000
vt 0.875000 0.750000
vt 0.375000 0.000000
vt 0.625000 0.000000
vt 0.625000 0.250000
vt 0.375000 0.250000
vt 0.625000 0.500000
vt 0.375000 0.500000
vt 0.625000 0.750000
vt 0.375000 0.750000
vt 0.625000 1.000000
vt 0.375000 1.000000
vt 0.125000 0.500000
vt 0.125000 0.750000
vt 0.875000 0.500000
vt 0.875000 0.750000
vt 0.375000 0.000000
vt 0.625000 0.000000
vt 0.625000 0.250000
vt 0.375000 0.250000
vt 0.625000 0.500000
vt 0.375000 0.500000
vt 0.625000 0.750000
vt 0.375000 0.750000
vt 0.625000 1.000000
vt 0.375000 1.000000
vt 0.125000 0.500000
vt 0.125000 0.750000
vt 0.875000 0.500000
vt 0.875000 0.750000
vt 0.375000 0.000000
vt 0.625000 0.000000
vt 0.625000 0.250000
vt 0.375000 0.250000
vt 0.625000 0.500000
vt 0.375000 0.500000
vt 0.625000 0.750000
vt 0.375000 0.750000
vt 0.625000 1.000000
vt 0.375000 1.000000
vt 0.125000 0.500000
vt 0.125000 0.750000
vt 0.875000 0.500000
vt 0.875000 0.750000
vt 0.375000 0.000000
vt 0.625000 0.000000
vt 0.625000 0.250000
vt 0.375000 0.250000
vt 0.625000 0.500000
vt 0.375000 0.500000
vt 0.625000 0.750000
vt 0.375000 0.750000
vt 0.625000 1.000000
vt 0.375000 1.000000
vt 0.125000 0.500000
vt 0.125000 0.750000
vt 0.875000 0.500000
vt 0.875000 0.750000
vt 0.375000 0.000000
vt 0.625000 0.000000
vt 0.625000 0.250000
vt 0.375000 0.250000
vt 0.625000 0.500000
vt 0.375000 0.500000
vt 0.625000 0.750000
vt 0.375000 0.750000
vt 0.625000 1.000000
vt 0.375000 1.000000
vt 0.125000 0.500000
vt 0.125000 0.750000
vt 0.875000 0.500000
vt 0.875000 0.750000
vt 0.375000 0.000000
vt 0.625000 0.000000
vt 0.625000 0.250000
vt 0.375000 0.250000
vt 0.625000 0.500000
vt 0.375000 0.500000
vt 0.625000 0.750000
vt 0.375000 0.750000
vt 0.625000 1.000000
vt 0.375000 1.000000
vt 0.125000 0.500000
vt 0.125000 0.750000
vt 0.875000 0.500000
vt 0.875000 0.750000
vt 0.375000 0.000000
vt 0.625000 0.000000
vt 0.625000 0.250000
vt 0.375000 0.250000
vt 0.625000 0.500000
vt 0.375000 0.500000
vt 0.625000 0.750000
vt 0.375000 0.750000
vt 0.625000 1.000000
vt 0.375000 1.000000
vt 0.125000 0.500000
vt 0.125000 0.750000
vt 0.875000 0.500000
vt 0.875000 0.750000
vt 0.375000 0.000000
vt 0.625000 0.000000
vt 0.625000 0.250000
vt 0.375000 0.250000
vt 0.625000 0.500000
vt 0.375000 0.500000
vt 0.625000 0.750000
vt 0.375000 0.750000
vt 0.625000 1.000000
vt 0.375000 1.000000
vt 0.125000 0.500000
vt 0.125000 0.750000
vt 0.875000 0.500000
vt 0.875000 0.750000
vt 0.375000 0.000000
vt 0.625000 0.000000
vt 0.625000 0.250000
vt 0.375000 0.250000
vt 0.625000 0.500000
vt 0.375000 0.500000
vt 0.625000 0.750000
vt 0.375000 0.750000
vt 0.625000 1.000000
vt 0.375000 1.000000
vt 0.125000 0.500000
vt 0.125000 0.750000
vt 0.875000 0.500000
vt 0.875000 0.750000
vt 0.375000 0.000000
vt 0.625000 0.000000
vt 0.625000 0.250000
vt 0.375000 0.250000
vt 0.625000 0.500000
vt 0.375000 0.500000
vt 0.625000 0.750000
vt 0.375000 0.750000
vt 0.625000 1.000000
vt 0.375000 1.000000
vt 0.125000 0.500000
vt 0.125000 0.750000
vt 0.875000 0.500000
vt 0.875000 0.750000
vt 0.375000 0.000000
vt 0.625000 0.000000
vt 0.625000 0.250000
vt 0.375000 0.250000
vt 0.625000 0.500000
vt 0.375000 0.500000
vt 0.625000 0.750000
vt 0.375000 0.750000
vt 0.625000 1.000000
vt 0.375000 1.000000
vt 0.125000 0.500000
vt 0.125000 0.750000
vt 0.875000 0.500000
vt 0.875000 0.750000
vt 0.375000 0.000000
vt 0.625000 0.000000
vt 0.625000 0.250000
vt 0.375000 0.250000
vt 0.625000 0.500000
vt 0.375000 0.500000
vt 0.625000 0.750000
vt 0.375000 0.750000
vt 0.625000 1.000000
vt 0.375000 1.000000
vt 0.125000 0.500000
vt 0.125000 0.750000
vt 0.875000 0.500000
vt 0.875000 0.750000
vt 0.375000 0.000000
vt 0.625000 0.000000
vt 0.625000 0.250000
vt 0.375000 0.250000
vt 0.625000 0.500000
vt 0.375000 0.500000
vt 0.625000 0.750000
vt 0.375000 0.750000
vt 0.625000 1.000000
vt 0.375000 1.000000
vt 0.125000 0.500000
vt 0.125000 0.750000
vt 0.875000 0.500000
vt 0.875000 0.750000
vt 0.375000 0.000000
vt 0.625000 0.000000
vt 0.625000 0.250000
vt 0.375000 0.250000
vt 0.625000 0.500000
vt 0.375000 0.500000
vt 0.625000 0.750000
vt 0.375000 0.750000
vt 0.625000 1.000000
vt 0.375000 1.000000
vt 0.125000 0.500000
vt 0.125000 0.750000
vt 0.875000 0.500000
vt 0.875000 0.750000
vt 0.375000 0.000000
vt 0.625000 0.000000
vt 0.625000 0.250000
vt 0.375000 0.250000
vt 0.625000 0.500000
vt 0.375000 0.500000
vt 0.625000 0.750000
vt 0.375000 0.750000
vt 0.625000 1.000000
vt 0.375000 1.000000
vt 0.125000 0.500000
vt 0.125000 0.750000
vt 0.875000 0.500000
vt 0.875000 0.750000
vt 0.375000 0.000000
vt 0.625000 0.000000
vt 0.625000 0.250000
vt 0.375000 0.250000
vt 0.625000 0.500000
vt 0.375000 0.500000
vt 0.625000 0.750000
vt 0.375000 0.750000
vt 0.625000 1.000000
vt 0.375000 1.000000
vt 0.125000 0.500000
vt 0.125000 0.750000
vt 0.875000 0.500000
vt 0.875000 0.750000
vt 0.375000 0.000000
vt 0.625000 0.000000
vt 0.625000 0.250000
vt 0.375000 0.250000
vt 0.625000 0.500000
vt 0.375000 0.500000
vt 0.625000 0.750000
vt 0.375000 0.750000
vt 0.625000 1.000000
vt 0.375000 1.000000
vt 0.125000 0.500000
vt 0.125000 0.750000
vt 0.875000 0.500000
vt 0.875000 0.750000
vn 0.0039 -1.0000 -0.0022
vn 1.0000 0.0039 0.0006
vn 0.0006 0.0022 -1.0000
vn -0.0039 1.0000 0.0022
vn -0.0006 -0.0022 1.0000
vn -1.0000 -0.0039 -0.0006
vn -1.0000 0.0022 -0.0001
vn -0.0022 -1.0000 -0.0000
vn 0.0001 -0.0000 -1.0000
vn 1.0000 -0.0022 0.0001
vn -0.0001 0.0000 1.0000
vn 0.0022 1.0000 0.0000
vn -0.0216 -0.9998 -0.0000
vn 0.9998 -0.0216 0.0001
vn 0.0216 0.9998 0.0000
vn -0.9998 0.0216 -0.0001
vn -0.9999 -0.0146 -0.0001
vn 0.0146 -0.9999 0.0000
vn 0.9999 0.0146 0.0001
vn -0.0146 0.9999 -0.0000
vn -1.0000 -0.0060 -0.0069
vn -0.0070 0.0247 0.9997
vn 0.0059 -0.9997 0.0248
vn 1.0000 0.0060 0.0069
vn -0.0059 0.9997 -0.0248
vn 0.0070 -0.0247 -0.9997
vn 0.0022 -1.0000 -0.0060
vn -0.0245 -0.0060 0.9997
vn 0.9997 0.0020 0.0245
vn -0.0022 1.0000 0.0060
vn -0.9997 -0.0020 -0.0245
vn 0.0245 0.0060 -0.9997
vn -0.9999 -0.0100 -0.0023
vn 0.0100 -0.9999 0.0005
vn 0.0023 -0.0005 -1.0000
vn 0.9999 0.0100 0.0023
vn -0.0023 0.0005 1.0000
vn -0.0100 0.9999 -0.0005
vn -1.0000 -0.0032 -0.0005
vn -0.0006 0.0172 0.9999
vn 0.0031 -0.9998 0.0172
vn 1.0000 0.0032 0.0005
vn -0.0031 0.9998 -0.0172
vn 0.0006 -0.0172 -0.9999
vn -0.0038 -1.0000 -0.0022
vn 1.0000 -0.0038 0.0006
vn 0.0038 1.0000 0.0022
vn -1.0000 0.0038 -0.0006
vn 0.9999 -0.0038 0.0133
vn 0.0133 0.0022 -0.9999
vn -0.0133 -0.0022 0.9999
vn -0.9999 0.0038 -0.0133
vn -0.9998 -0.0100 -0.0150
vn 0.0100 -0.9999 0.0006
vn 0.0150 -0.0005 -0.9999
vn 0.9998 0.0100 0.0150
vn -0.0150 0.0005 0.9999
vn -0.0100 0.9999 -0.0006
vn 0.0100 -1.0000 0.0006
vn 0.0134 0.0022 -0.9999
vn -0.0134 -0.0022 0.9999
vn -0.9999 -0.0020 0.0099
vn 0.0099 0.0207 0.9997
vn 0.0022 -0.9998 0.0207
vn 0.9999 0.0020 -0.0099
vn -0.0022 0.9998 -0.0207
vn -0.0099 -0.0207 -0.9997
vn -1.0000 -0.0020 -0.0028
vn -0.0029 0.0207 0.9998
vn 0.0019 -0.9998 0.0207
vn 1.0000 0.0020 0.0028
vn -0.0019 0.9998 -0.0207
vn 0.0029 -0.0207 -0.9998
vn 0.9985 0.0000 0.0539
vn -0.0539 -0.0000 0.9985
vn -0.9985 -0.0000 -0.0539
vn 0.0539 0.0000 -0.9985
vn 0.0000 -1.0000 0.0000
vn 0.0000 1.0000 0.0000
vn -0.9999 -0.0000 -0.0130
vn 0.0130 0.0000 -0.9999
vn 0.9999 0.0000 0.0130
vn -0.0130 -0.0000 0.9999
vn 1.0000 0.0000 0.0001
vn -1.0000 -0.0000 -0.0001
vn -0.0087 1.0000 -0.0000
vn 0.0087 -1.0000 0.0000
vn -0.9998 -0.0185 -0.0001
vn 0.9998 0.0185 0.0001
vn 0.0088 -1.0000 0.0000
vn 1.0000 0.0065 0.0001
vn -1.0000 -0.0065 -0.0001
vn -0.0031 1.0000 -0.0000
vn 0.0031 -1.0000 -0.0000
vn -0.0127 0.9999 -0.0000
vn 0.0127 -0.9999 0.0000
vn -0.9999 -0.0127 -0.0001
vn 0.9999 0.0127 0.0001
vn 1.0000 0.0044 0.0001
vn -1.0000 -0.0044 -0.0001
vn 0.0067 1.0000 0.0000
vn -0.0067 -1.0000 -0.0000
usemtl Material.001
s off
f 3697/6469/557 3701/6470/557 3703/6471/557 3699/6472/557
f 3700/6473/558 3699/6472/558 3703/6474/558 3704/6475/558
f 3704/6476/559 3703/6477/559 3701/6478/559 3702/6479/559
f 3702/6480/560 3698/6481/560 3700/6473/560 3704/6482/560
f 3698/6481/561 3697/6469/561 3699/6472/561 3700/6473/561
f 3702/6479/562 3701/6478/562 3697/6469/562 3698/6481/562
f 3705/6483/563 3709/6484/563 3711/6485/563 3707/6486/563
f 3708/6487/564 3707/6486/564 3711/6488/564 3712/6489/564
f 3712/6490/565 3711/6491/565 3709/6492/565 3710/6493/565
f 3710/6494/566 3706/6495/566 3708/6487/566 3712/6496/566
f 3706/6495/567 3705/6483/567 3707/6486/567 3708/6487/567
f 3710/6493/568 3709/6492/568 3705/6483/568 3706/6495/568
f 3713/6497/569 3717/6498/569 3719/6499/569 3715/6500/569
f 3716/6501/570 3715/6500/570 3719/6502/570 3720/6503/570
f 3720/6504/565 3719/6505/565 3717/6506/565 3718/6507/565
f 3718/6508/571 3714/6509/571 3716/6501/571 3720/6510/571
f 3714/6509/567 3713/6497/567 3715/6500/567 3716/6501/567
f 3718/6507/572 3717/6506/572 3713/6497/572 3714/6509/572
f 3721/6511/573 3725/6512/573 3727/6513/573 3723/6514/573
f 3724/6515/574 3723/6514/574 3727/6516/574 3728/6517/574
f 3728/6518/565 3727/6519/565 3725/6520/565 3726/6521/565
f 3726/6522/575 3722/6523/575 3724/6515/575 3728/6524/575
f 3722/6523/567 3721/6511/567 3723/6514/567 3724/6515/567
f 3726/6521/576 3725/6520/576 3721/6511/576 3722/6523/576
f 3729/6525/569 3733/6526/569 3735/6527/569 3731/6528/569
f 3732/6529/570 3731/6528/570 3735/6530/570 3736/6531/570
f 3736/6532/565 3735/6533/565 3733/6534/565 3734/6535/565
f 3734/6536/571 3730/6537/571 3732/6529/571 3736/6538/571
f 3730/6537/567 3729/6525/567 3731/6528/567 3732/6529/567
f 3734/6535/572 3733/6534/572 3729/6525/572 3730/6537/572
f 3737/6539/573 3741/6540/573 3743/6541/573 3739/6542/573
f 3740/6543/574 3739/6542/574 3743/6544/574 3744/6545/574
f 3744/6546/565 3743/6547/565 3741/6548/565 3742/6549/565
f 3742/6550/575 3738/6551/575 3740/6543/575 3744/6552/575
f 3738/6551/567 3737/6539/567 3739/6542/567 3740/6543/567
f 3742/6549/576 3741/6548/576 3737/6539/576 3738/6551/576
f 3745/6553/577 3749/6554/577 3751/6555/577 3747/6556/577
f 3748/6557/578 3747/6556/578 3751/6558/578 3752/6559/578
f 3752/6560/579 3751/6561/579 3749/6562/579 3750/6563/579
f 3750/6564/580 3746/6565/580 3748/6557/580 3752/6566/580
f 3746/6565/581 3745/6553/581 3747/6556/581 3748/6557/581
f 3750/6563/582 3749/6562/582 3745/6553/582 3746/6565/582
f 3753/6567/583 3757/6568/583 3759/6569/583 3755/6570/583
f 3756/6571/584 3755/6570/584 3759/6572/584 3760/6573/584
f 3760/6574/585 3759/6575/585 3757/6576/585 3758/6577/585
f 3758/6578/586 3754/6579/586 3756/6571/586 3760/6580/586
f 3754/6579/587 3753/6567/587 3755/6570/587 3756/6571/587
f 3758/6577/588 3757/6576/588 3753/6567/588 3754/6579/588
f 3761/6581/589 3765/6582/589 3767/6583/589 3763/6584/589
f 3764/6585/590 3763/6584/590 3767/6586/590 3768/6587/590
f 3768/6588/591 3767/6589/591 3765/6590/591 3766/6591/591
f 3766/6592/592 3762/6593/592 3764/6585/592 3768/6594/592
f 3762/6593/593 3761/6581/593 3763/6584/593 3764/6585/593
f 3766/6591/594 3765/6590/594 3761/6581/594 3762/6593/594
f 3769/6595/589 3773/6596/589 3775/6597/589 3771/6598/589
f 3772/6599/590 3771/6598/590 3775/6600/590 3776/6601/590
f 3776/6602/591 3775/6603/591 3773/6604/591 3774/6605/591
f 3774/6606/592 3770/6607/592 3772/6599/592 3776/6608/592
f 3770/6607/593 3769/6595/593 3771/6598/593 3772/6599/593
f 3774/6605/594 3773/6604/594 3769/6595/594 3770/6607/594
f 3777/6609/589 3781/6610/589 3783/6611/589 3779/6612/589
f 3780/6613/590 3779/6612/590 3783/6614/590 3784/6615/590
f 3784/6616/591 3783/6617/591 3781/6618/591 3782/6619/591
f 3782/6620/592 3778/6621/592 3780/6613/592 3784/6622/592
f 3778/6621/593 3777/6609/593 3779/6612/593 3780/6613/593
f 3782/6619/594 3781/6618/594 3777/6609/594 3778/6621/594
f 3785/6623/589 3789/6624/589 3791/6625/589 3787/6626/589
f 3788/6627/590 3787/6626/590 3791/6628/590 3792/6629/590
f 3792/6630/591 3791/6631/591 3789/6632/591 3790/6633/591
f 3790/6634/592 3786/6635/592 3788/6627/592 3792/6636/592
f 3786/6635/593 3785/6623/593 3787/6626/593 3788/6627/593
f 3790/6633/594 3789/6632/594 3785/6623/594 3786/6635/594
f 3793/6637/557 3797/6638/557 3799/6639/557 3795/6640/557
f 3796/6641/558 3795/6640/558 3799/6642/558 3800/6643/558
f 3800/6644/559 3799/6645/559 3797/6646/559 3798/6647/559
f 3798/6648/560 3794/6649/560 3796/6641/560 3800/6650/560
f 3794/6649/561 3793/6637/561 3795/6640/561 3796/6641/561
f 3798/6647/562 3797/6646/562 3793/6637/562 3794/6649/562
f 3913/6651/595 3917/6652/595 3919/6653/595 3915/6654/595
f 3916/6655/596 3915/6654/596 3919/6656/596 3920/6657/596
f 3920/6658/597 3919/6659/597 3917/6660/597 3918/6661/597
f 3918/6662/598 3914/6663/598 3916/6655/598 3920/6664/598
f 3914/6663/599 3913/6651/599 3915/6654/599 3916/6655/599
f 3918/6661/600 3917/6660/600 3913/6651/600 3914/6663/600
f 4033/6665/595 4037/6666/595 4039/6667/595 4035/6668/595
f 4036/6669/596 4035/6668/596 4039/6670/596 4040/6671/596
f 4040/6672/597 4039/6673/597 4037/6674/597 4038/6675/597
f 4038/6676/598 4034/6677/598 4036/6669/598 4040/6678/598
f 4034/6677/599 4033/6665/599 4035/6668/599 4036/6669/599
f 4038/6675/600 4037/6674/600 4033/6665/600 4034/6677/600
f 4393/6679/563 4397/6680/563 4399/6681/563 4395/6682/563
f 4396/6683/564 4395/6682/564 4399/6684/564 4400/6685/564
f 4400/6686/565 4399/6687/565 4397/6688/565 4398/6689/565
f 4398/6690/566 4394/6691/566 4396/6683/566 4400/6692/566
f 4394/6691/567 4393/6679/567 4395/6682/567 4396/6683/567
f 4398/6689/568 4397/6688/568 4393/6679/568 4394/6691/568
f 4401/6693/563 4405/6694/563 4407/6695/563 4403/6696/563
f 4404/6697/564 4403/6696/564 4407/6698/564 4408/6699/564
f 4408/6700/565 4407/6701/565 4405/6702/565 4406/6703/565
f 4406/6704/566 4402/6705/566 4404/6697/566 4408/6706/566
f 4402/6705/567 4401/6693/567 4403/6696/567 4404/6697/567
f 4406/6703/568 4405/6702/568 4401/6693/568 4402/6705/568
f 4409/6707/563 4413/6708/563 4415/6709/563 4411/6710/563
f 4412/6711/564 4411/6710/564 4415/6712/564 4416/6713/564
f 4416/6714/565 4415/6715/565 4413/6716/565 4414/6717/565
f 4414/6718/566 4410/6719/566 4412/6711/566 4416/6720/566
f 4410/6719/567 4409/6707/567 4411/6710/567 4412/6711/567
f 4414/6717/568 4413/6716/568 4409/6707/568 4410/6719/568
f 4417/6721/563 4421/6722/563 4423/6723/563 4419/6724/563
f 4420/6725/564 4419/6724/564 4423/6726/564 4424/6727/564
f 4424/6728/565 4423/6729/565 4421/6730/565 4422/6731/565
f 4422/6732/566 4418/6733/566 4420/6725/566 4424/6734/566
f 4418/6733/567 4417/6721/567 4419/6724/567 4420/6725/567
f 4422/6731/568 4421/6730/568 4417/6721/568 4418/6733/568
usemtl Material.003
f 3801/6735/601 3805/6736/601 3807/6737/601 3803/6738/601
f 3804/6739/602 3803/6738/602 3807/6740/602 3808/6741/602
f 3808/6742/559 3807/6743/559 3805/6744/559 3806/6745/559
f 3806/6746/603 3802/6747/603 3804/6739/603 3808/6748/603
f 3802/6747/561 3801/6735/561 3803/6738/561 3804/6739/561
f 3806/6745/604 3805/6744/604 3801/6735/604 3802/6747/604
f 3809/6749/589 3813/6750/589 3815/6751/589 3811/6752/589
f 3812/6753/590 3811/6752/590 3815/6754/590 3816/6755/590
f 3816/6756/591 3815/6757/591 3813/6758/591 3814/6759/591
f 3814/6760/592 3810/6761/592 3812/6753/592 3816/6762/592
f 3810/6761/593 3809/6749/593 3811/6752/593 3812/6753/593
f 3814/6759/594 3813/6758/594 3809/6749/594 3810/6761/594
f 3817/6763/589 3821/6764/589 3823/6765/589 3819/6766/589
f 3820/6767/590 3819/6766/590 3823/6768/590 3824/6769/590
f 3824/6770/591 3823/6771/591 3821/6772/591 3822/6773/591
f 3822/6774/592 3818/6775/592 3820/6767/592 3824/6776/592
f 3818/6775/593 3817/6763/593 3819/6766/593 3820/6767/593
f 3822/6773/594 3821/6772/594 3817/6763/594 3818/6775/594
f 3825/6777/589 3829/6778/589 3831/6779/589 3827/6780/589
f 3828/6781/590 3827/6780/590 3831/6782/590 3832/6783/590
f 3832/6784/591 3831/6785/591 3829/6786/591 3830/6787/591
f 3830/6788/592 3826/6789/592 3828/6781/592 3832/6790/592
f 3826/6789/593 3825/6777/593 3827/6780/593 3828/6781/593
f 3830/6787/594 3829/6786/594 3825/6777/594 3826/6789/594
f 3833/6791/589 3837/6792/589 3839/6793/589 3835/6794/589
f 3836/6795/590 3835/6794/590 3839/6796/590 3840/6797/590
f 3840/6798/591 3839/6799/591 3837/6800/591 3838/6801/591
f 3838/6802/592 3834/6803/592 3836/6795/592 3840/6804/592
f 3834/6803/593 3833/6791/593 3835/6794/593 3836/6795/593
f 3838/6801/594 3837/6800/594 3833/6791/594 3834/6803/594
f 3841/6805/601 3845/6806/601 3847/6807/601 3843/6808/601
f 3844/6809/602 3843/6808/602 3847/6810/602 3848/6811/602
f 3848/6812/559 3847/6813/559 3845/6814/559 3846/6815/559
f 3846/6816/603 3842/6817/603 3844/6809/603 3848/6818/603
f 3842/6817/561 3841/6805/561 3843/6808/561 3844/6809/561
f 3846/6815/604 3845/6814/604 3841/6805/604 3842/6817/604
f 3857/6819/601 3861/6820/601 3863/6821/601 3859/6822/601
f 3860/6823/605 3859/6822/605 3863/6824/605 3864/6825/605
f 3864/6826/606 3863/6827/606 3861/6828/606 3862/6829/606
f 3862/6830/603 3858/6831/603 3860/6823/603 3864/6832/603
f 3858/6831/607 3857/6819/607 3859/6822/607 3860/6823/607
f 3862/6829/608 3861/6828/608 3857/6819/608 3858/6831/608
f 3865/6833/609 3869/6834/609 3871/6835/609 3867/6836/609
f 3868/6837/610 3867/6836/610 3871/6838/610 3872/6839/610
f 3872/6840/611 3871/6841/611 3869/6842/611 3870/6843/611
f 3870/6844/612 3866/6845/612 3868/6837/612 3872/6846/612
f 3866/6845/613 3865/6833/613 3867/6836/613 3868/6837/613
f 3870/6843/614 3869/6842/614 3865/6833/614 3866/6845/614
f 3873/6847/609 3877/6848/609 3879/6849/609 3875/6850/609
f 3876/6851/610 3875/6850/610 3879/6852/610 3880/6853/610
f 3880/6854/611 3879/6855/611 3877/6856/611 3878/6857/611
f 3878/6858/612 3874/6859/612 3876/6851/612 3880/6860/612
f 3874/6859/613 3873/6847/613 3875/6850/613 3876/6851/613
f 3878/6857/614 3877/6856/614 3873/6847/614 3874/6859/614
f 3881/6861/609 3885/6862/609 3887/6863/609 3883/6864/609
f 3884/6865/615 3883/6864/615 3887/6866/615 3888/6867/615
f 3888/6868/611 3887/6869/611 3885/6870/611 3886/6871/611
f 3886/6872/612 3882/6873/612 3884/6865/612 3888/6874/612
f 3882/6873/613 3881/6861/613 3883/6864/613 3884/6865/613
f 3886/6871/614 3885/6870/614 3881/6861/614 3882/6873/614
f 3889/6875/609 3893/6876/609 3895/6877/609 3891/6878/609
f 3892/6879/610 3891/6878/610 3895/6880/610 3896/6881/610
f 3896/6882/611 3895/6883/611 3893/6884/611 3894/6885/611
f 3894/6886/612 3890/6887/612 3892/6879/612 3896/6888/612
f 3890/6887/613 3889/6875/613 3891/6878/613 3892/6879/613
f 3894/6885/614 3893/6884/614 3889/6875/614 3890/6887/614
f 3897/6889/601 3901/6890/601 3903/6891/601 3899/6892/601
f 3900/6893/605 3899/6892/605 3903/6894/605 3904/6895/605
f 3904/6896/616 3903/6897/616 3901/6898/616 3902/6899/616
f 3902/6900/603 3898/6901/603 3900/6893/603 3904/6902/603
f 3898/6901/607 3897/6889/607 3899/6892/607 3900/6893/607
f 3902/6899/608 3901/6898/608 3897/6889/608 3898/6901/608
f 3921/6903/601 3925/6904/601 3927/6905/601 3923/6906/601
f 3924/6907/602 3923/6906/602 3927/6908/602 3928/6909/602
f 3928/6910/559 3927/6911/559 3925/6912/559 3926/6913/559
f 3926/6914/603 3922/6915/603 3924/6907/603 3928/6916/603
f 3922/6915/561 3921/6903/561 3923/6906/561 3924/6907/561
f 3926/6913/604 3925/6912/604 3921/6903/604 3922/6915/604
f 3929/6917/589 3933/6918/589 3935/6919/589 3931/6920/589
f 3932/6921/590 3931/6920/590 3935/6922/590 3936/6923/590
f 3936/6924/591 3935/6925/591 3933/6926/591 3934/6927/591
f 3934/6928/592 3930/6929/592 3932/6921/592 3936/6930/592
f 3930/6929/593 3929/6917/593 3931/6920/593 3932/6921/593
f 3934/6927/594 3933/6926/594 3929/6917/594 3930/6929/594
f 3937/6931/589 3941/6932/589 3943/6933/589 3939/6934/589
f 3940/6935/590 3939/6934/590 3943/6936/590 3944/6937/590
f 3944/6938/591 3943/6939/591 3941/6940/591 3942/6941/591
f 3942/6942/592 3938/6943/592 3940/6935/592 3944/6944/592
f 3938/6943/593 3937/6931/593 3939/6934/593 3940/6935/593
f 3942/6941/594 3941/6940/594 3937/6931/594 3938/6943/594
f 3945/6945/589 3949/6946/589 3951/6947/589 3947/6948/589
f 3948/6949/590 3947/6948/590 3951/6950/590 3952/6951/590
f 3952/6952/591 3951/6953/591 3949/6954/591 3950/6955/591
f 3950/6956/592 3946/6957/592 3948/6949/592 3952/6958/592
f 3946/6957/593 3945/6945/593 3947/6948/593 3948/6949/593
f 3950/6955/594 3949/6954/594 3945/6945/594 3946/6957/594
f 3953/6959/589 3957/6960/589 3959/6961/589 3955/6962/589
f 3956/6963/590 3955/6962/590 3959/6964/590 3960/6965/590
f 3960/6966/591 3959/6967/591 3957/6968/591 3958/6969/591
f 3958/6970/592 3954/6971/592 3956/6963/592 3960/6972/592
f 3954/6971/593 3953/6959/593 3955/6962/593 3956/6963/593
f 3958/6969/594 3957/6968/594 3953/6959/594 3954/6971/594
f 3961/6973/601 3965/6974/601 3967/6975/601 3963/6976/601
f 3964/6977/602 3963/6976/602 3967/6978/602 3968/6979/602
f 3968/6980/559 3967/6981/559 3965/6982/559 3966/6983/559
f 3966/6984/603 3962/6985/603 3964/6977/603 3968/6986/603
f 3962/6985/561 3961/6973/561 3963/6976/561 3964/6977/561
f 3966/6983/604 3965/6982/604 3961/6973/604 3962/6985/604
f 3977/6987/601 3981/6988/601 3983/6989/601 3979/6990/601
f 3980/6991/605 3979/6990/605 3983/6992/605 3984/6993/605
f 3984/6994/606 3983/6995/606 3981/6996/606 3982/6997/606
f 3982/6998/603 3978/6999/603 3980/6991/603 3984/7000/603
f 3978/6999/617 3977/6987/617 3979/6990/617 3980/6991/617
f 3982/6997/608 3981/6996/608 3977/6987/608 3978/6999/608
f 3985/7001/609 3989/7002/609 3991/7003/609 3987/7004/609
f 3988/7005/610 3987/7004/610 3991/7006/610 3992/7007/610
f 3992/7008/611 3991/7009/611 3989/7010/611 3990/7011/611
f 3990/7012/612 3986/7013/612 3988/7005/612 3992/7014/612
f 3986/7013/613 3985/7001/613 3987/7004/613 3988/7005/613
f 3990/7011/614 3989/7010/614 3985/7001/614 3986/7013/614
f 3993/7015/609 3997/7016/609 3999/7017/609 3995/7018/609
f 3996/7019/610 3995/7018/610 3999/7020/610 4000/7021/610
f 4000/7022/611 3999/7023/611 3997/7024/611 3998/7025/611
f 3998/7026/612 3994/7027/612 3996/7019/612 4000/7028/612
f 3994/7027/613 3993/7015/613 3995/7018/613 3996/7019/613
f 3998/7025/614 3997/7024/614 3993/7015/614 3994/7027/614
f 4001/7029/609 4005/7030/609 4007/7031/609 4003/7032/609
f 4004/7033/610 4003/7032/610 4007/7034/610 4008/7035/610
f 4008/7036/611 4007/7037/611 4005/7038/611 4006/7039/611
f 4006/7040/612 4002/7041/612 4004/7033/612 4008/7042/612
f 4002/7041/613 4001/7029/613 4003/7032/613 4004/7033/613
f 4006/7039/614 4005/7038/614 4001/7029/614 4002/7041/614
f 4009/7043/609 4013/7044/609 4015/7045/609 4011/7046/609
f 4012/7047/610 4011/7046/610 4015/7048/610 4016/7049/610
f 4016/7050/611 4015/7051/611 4013/7052/611 4014/7053/611
f 4014/7054/612 4010/7055/612 4012/7047/612 4016/7056/612
f 4010/7055/613 4009/7043/613 4011/7046/613 4012/7047/613
f 4014/7053/614 4013/7052/614 4009/7043/614 4010/7055/614
f 4017/7057/601 4021/7058/601 4023/7059/601 4019/7060/601
f 4020/7061/605 4019/7060/605 4023/7062/605 4024/7063/605
f 4024/7064/606 4023/7065/606 4021/7066/606 4022/7067/606
f 4022/7068/603 4018/7069/603 4020/7061/603 4024/7070/603
f 4018/7069/607 4017/7057/607 4019/7060/607 4020/7061/607
f 4022/7067/608 4021/7066/608 4017/7057/608 4018/7069/608
usemtl Material.002
f 3849/7071/618 3853/7072/618 3855/7073/618 3851/7074/618
f 3852/7075/619 3851/7074/619 3855/7076/619 3856/7077/619
f 3856/7078/620 3855/7079/620 3853/7080/620 3854/7081/620
f 3854/7082/621 3850/7083/621 3852/7075/621 3856/7084/621
f 3850/7083/622 3849/7071/622 3851/7074/622 3852/7075/622
f 3854/7081/623 3853/7080/623 3849/7071/623 3850/7083/623
f 3905/7085/624 3909/7086/624 3911/7087/624 3907/7088/624
f 3908/7089/625 3907/7088/625 3911/7090/625 3912/7091/625
f 3912/7092/626 3911/7093/626 3909/7094/626 3910/7095/626
f 3910/7096/627 3906/7097/627 3908/7089/627 3912/7098/627
f 3906/7097/628 3905/7085/628 3907/7088/628 3908/7089/628
f 3910/7095/629 3909/7094/629 3905/7085/629 3906/7097/629
f 3969/7099/618 3973/7100/618 3975/7101/618 3971/7102/618
f 3972/7103/619 3971/7102/619 3975/7104/619 3976/7105/619
f 3976/7106/620 3975/7107/620 3973/7108/620 3974/7109/620
f 3974/7110/621 3970/7111/621 3972/7103/621 3976/7112/621
f 3970/7111/622 3969/7099/622 3971/7102/622 3972/7103/622
f 3974/7109/623 3973/7108/623 3969/7099/623 3970/7111/623
f 4025/7113/624 4029/7114/624 4031/7115/624 4027/7116/624
f 4028/7117/625 4027/7116/625 4031/7118/625 4032/7119/625
f 4032/7120/626 4031/7121/626 4029/7122/626 4030/7123/626
f 4030/7124/627 4026/7125/627 4028/7117/627 4032/7126/627
f 4026/7125/628 4025/7113/628 4027/7116/628 4028/7117/628
f 4030/7123/629 4029/7122/629 4025/7113/629 4026/7125/629
usemtl Material.005
f 4041/7127/630 4042/7128/630 4044/7129/630 4043/7130/630
f 4043/7130/631 4044/7129/631 4048/7131/631 4047/7132/631
f 4047/7132/632 4048/7131/632 4046/7133/632 4045/7134/632
f 4045/7134/633 4046/7133/633 4042/7135/633 4041/7136/633
f 4043/7137/634 4047/7132/634 4045/7134/634 4041/7138/634
f 4048/7131/635 4044/7139/635 4042/7140/635 4046/7133/635
f 4097/7141/630 4098/7142/630 4100/7143/630 4099/7144/630
f 4099/7144/631 4100/7143/631 4104/7145/631 4103/7146/631
f 4103/7146/632 4104/7145/632 4102/7147/632 4101/7148/632
f 4101/7148/633 4102/7147/633 4098/7149/633 4097/7150/633
f 4099/7151/634 4103/7146/634 4101/7148/634 4097/7152/634
f 4104/7145/635 4100/7153/635 4098/7154/635 4102/7147/635
f 4153/7155/636 4154/7156/636 4156/7157/636 4155/7158/636
f 4155/7158/637 4156/7157/637 4160/7159/637 4159/7160/637
f 4159/7160/638 4160/7159/638 4158/7161/638 4157/7162/638
f 4157/7162/639 4158/7161/639 4154/7163/639 4153/7164/639
f 4155/7165/634 4159/7160/634 4157/7162/634 4153/7166/634
f 4160/7159/635 4156/7167/635 4154/7168/635 4158/7161/635
usemtl Material.004
f 4049/7169/630 4050/7170/630 4052/7171/630 4051/7172/630
f 4051/7172/631 4052/7171/631 4056/7173/631 4055/7174/631
f 4055/7174/632 4056/7173/632 4054/7175/632 4053/7176/632
f 4053/7176/633 4054/7175/633 4050/7177/633 4049/7178/633
f 4051/7179/634 4055/7174/634 4053/7176/634 4049/7180/634
f 4056/7173/635 4052/7181/635 4050/7182/635 4054/7175/635
f 4057/7183/630 4058/7184/630 4060/7185/630 4059/7186/630
f 4059/7186/631 4060/7185/631 4064/7187/631 4063/7188/631
f 4063/7188/632 4064/7187/632 4062/7189/632 4061/7190/632
f 4061/7190/633 4062/7189/633 4058/7191/633 4057/7192/633
f 4059/7193/634 4063/7188/634 4061/7190/634 4057/7194/634
f 4064/7187/635 4060/7195/635 4058/7196/635 4062/7189/635
f 4065/7197/630 4066/7198/630 4068/7199/630 4067/7200/630
f 4067/7200/631 4068/7199/631 4072/7201/631 4071/7202/631
f 4071/7202/632 4072/7201/632 4070/7203/632 4069/7204/632
f 4069/7204/633 4070/7203/633 4066/7205/633 4065/7206/633
f 4067/7207/634 4071/7202/634 4069/7204/634 4065/7208/634
f 4072/7201/635 4068/7209/635 4066/7210/635 4070/7203/635
f 4073/7211/630 4074/7212/630 4076/7213/630 4075/7214/630
f 4075/7214/631 4076/7213/631 4080/7215/631 4079/7216/631
f 4079/7216/632 4080/7215/632 4078/7217/632 4077/7218/632
f 4077/7218/633 4078/7217/633 4074/7219/633 4073/7220/633
f 4075/7221/634 4079/7216/634 4077/7218/634 4073/7222/634
f 4080/7215/635 4076/7223/635 4074/7224/635 4078/7217/635
f 4081/7225/630 4082/7226/630 4084/7227/630 4083/7228/630
f 4083/7228/631 4084/7227/631 4088/7229/631 4087/7230/631
f 4087/7230/632 4088/7229/632 4086/7231/632 4085/7232/632
f 4085/7232/633 4086/7231/633 4082/7233/633 4081/7234/633
f 4083/7235/634 4087/7230/634 4085/7232/634 4081/7236/634
f 4088/7229/635 4084/7237/635 4082/7238/635 4086/7231/635
f 4089/7239/630 4090/7240/630 4092/7241/630 4091/7242/630
f 4091/7242/631 4092/7241/631 4096/7243/631 4095/7244/631
f 4095/7244/632 4096/7243/632 4094/7245/632 4093/7246/632
f 4093/7246/633 4094/7245/633 4090/7247/633 4089/7248/633
f 4091/7249/634 4095/7244/634 4093/7246/634 4089/7250/634
f 4096/7243/635 4092/7251/635 4090/7252/635 4094/7245/635
f 4105/7253/630 4106/7254/630 4108/7255/630 4107/7256/630
f 4107/7256/631 4108/7255/631 4112/7257/631 4111/7258/631
f 4111/7258/632 4112/7257/632 4110/7259/632 4109/7260/632
f 4109/7260/633 4110/7259/633 4106/7261/633 4105/7262/633
f 4107/7263/634 4111/7258/634 4109/7260/634 4105/7264/634
f 4112/7257/635 4108/7265/635 4106/7266/635 4110/7259/635
f 4113/7267/630 4114/7268/630 4116/7269/630 4115/7270/630
f 4115/7270/631 4116/7269/631 4120/7271/631 4119/7272/631
f 4119/7272/632 4120/7271/632 4118/7273/632 4117/7274/632
f 4117/7274/633 4118/7273/633 4114/7275/633 4113/7276/633
f 4115/7277/634 4119/7272/634 4117/7274/634 4113/7278/634
f 4120/7271/635 4116/7279/635 4114/7280/635 4118/7273/635
f 4121/7281/630 4122/7282/630 4124/7283/630 4123/7284/630
f 4123/7284/631 4124/7283/631 4128/7285/631 4127/7286/631
f 4127/7286/632 4128/7285/632 4126/7287/632 4125/7288/632
f 4125/7288/633 4126/7287/633 4122/7289/633 4121/7290/633
f 4123/7291/634 4127/7286/634 4125/7288/634 4121/7292/634
f 4128/7285/635 4124/7293/635 4122/7294/635 4126/7287/635
f 4129/7295/630 4130/7296/630 4132/7297/630 4131/7298/630
f 4131/7298/631 4132/7297/631 4136/7299/631 4135/7300/631
f 4135/7300/632 4136/7299/632 4134/7301/632 4133/7302/632
f 4133/7302/633 4134/7301/633 4130/7303/633 4129/7304/633
f 4131/7305/634 4135/7300/634 4133/7302/634 4129/7306/634
f 4136/7299/635 4132/7307/635 4130/7308/635 4134/7301/635
f 4137/7309/630 4138/7310/630 4140/7311/630 4139/7312/630
f 4139/7312/631 4140/7311/631 4144/7313/631 4143/7314/631
f 4143/7314/632 4144/7313/632 4142/7315/632 4141/7316/632
f 4141/7316/633 4142/7315/633 4138/7317/633 4137/7318/633
f 4139/7319/634 4143/7314/634 4141/7316/634 4137/7320/634
f 4144/7313/635 4140/7321/635 4138/7322/635 4142/7315/635
f 4145/7323/630 4146/7324/630 4148/7325/630 4147/7326/630
f 4147/7326/631 4148/7325/631 4152/7327/631 4151/7328/631
f 4151/7328/632 4152/7327/632 4150/7329/632 4149/7330/632
f 4149/7330/633 4150/7329/633 4146/7331/633 4145/7332/633
f 4147/7333/634 4151/7328/634 4149/7330/634 4145/7334/634
f 4152/7327/635 4148/7335/635 4146/7336/635 4150/7329/635
f 4161/7337/636 4162/7338/636 4164/7339/636 4163/7340/636
f 4163/7340/637 4164/7339/637 4168/7341/637 4167/7342/637
f 4167/7342/638 4168/7341/638 4166/7343/638 4165/7344/638
f 4165/7344/639 4166/7343/639 4162/7345/639 4161/7346/639
f 4163/7347/634 4167/7342/634 4165/7344/634 4161/7348/634
f 4168/7341/635 4164/7349/635 4162/7350/635 4166/7343/635
f 4169/7351/636 4170/7352/636 4172/7353/636 4171/7354/636
f 4171/7354/637 4172/7353/637 4176/7355/637 4175/7356/637
f 4175/7356/638 4176/7355/638 4174/7357/638 4173/7358/638
f 4173/7358/639 4174/7357/639 4170/7359/639 4169/7360/639
f 4171/7361/634 4175/7356/634 4173/7358/634 4169/7362/634
f 4176/7355/635 4172/7363/635 4170/7364/635 4174/7357/635
f 4177/7365/636 4178/7366/636 4180/7367/636 4179/7368/636
f 4179/7368/637 4180/7367/637 4184/7369/637 4183/7370/637
f 4183/7370/638 4184/7369/638 4182/7371/638 4181/7372/638
f 4181/7372/639 4182/7371/639 4178/7373/639 4177/7374/639
f 4179/7375/634 4183/7370/634 4181/7372/634 4177/7376/634
f 4184/7369/635 4180/7377/635 4178/7378/635 4182/7371/635
f 4185/7379/636 4186/7380/636 4188/7381/636 4187/7382/636
f 4187/7382/637 4188/7381/637 4192/7383/637 4191/7384/637
f 4191/7384/638 4192/7383/638 4190/7385/638 4189/7386/638
f 4189/7386/639 4190/7385/639 4186/7387/639 4185/7388/639
f 4187/7389/634 4191/7384/634 4189/7386/634 4185/7390/634
f 4192/7383/635 4188/7391/635 4186/7392/635 4190/7385/635
f 4193/7393/636 4194/7394/636 4196/7395/636 4195/7396/636
f 4195/7396/637 4196/7395/637 4200/7397/637 4199/7398/637
f 4199/7398/638 4200/7397/638 4198/7399/638 4197/7400/638
f 4197/7400/639 4198/7399/639 4194/7401/639 4193/7402/639
f 4195/7403/634 4199/7398/634 4197/7400/634 4193/7404/634
f 4200/7397/635 4196/7405/635 4194/7406/635 4198/7399/635
f 4201/7407/636 4202/7408/636 4204/7409/636 4203/7410/636
f 4203/7410/637 4204/7409/637 4208/7411/637 4207/7412/637
f 4207/7412/638 4208/7411/638 4206/7413/638 4205/7414/638
f 4205/7414/639 4206/7413/639 4202/7415/639 4201/7416/639
f 4203/7417/634 4207/7412/634 4205/7414/634 4201/7418/634
f 4208/7411/635 4204/7419/635 4202/7420/635 4206/7413/635
usemtl Material.007
f 4209/7421/567 4210/7422/567 4212/7423/567 4211/7424/567
f 4211/7424/640 4212/7423/640 4216/7425/640 4215/7426/640
f 4215/7426/565 4216/7425/565 4214/7427/565 4213/7428/565
f 4213/7428/641 4214/7427/641 4210/7429/641 4209/7430/641
f 4211/7431/635 4215/7426/635 4213/7428/635 4209/7432/635
f 4216/7425/634 4212/7433/634 4210/7434/634 4214/7427/634
f 4217/7435/567 4218/7436/567 4220/7437/567 4219/7438/567
f 4219/7438/642 4220/7437/642 4224/7439/642 4223/7440/642
f 4223/7440/565 4224/7439/565 4222/7441/565 4221/7442/565
f 4221/7442/643 4222/7441/643 4218/7443/643 4217/7444/643
f 4219/7445/644 4223/7440/644 4221/7442/644 4217/7446/644
f 4224/7439/645 4220/7447/645 4218/7448/645 4222/7441/645
f 4225/7449/567 4226/7450/567 4228/7451/567 4227/7452/567
f 4227/7452/642 4228/7451/642 4232/7453/642 4231/7454/642
f 4231/7454/565 4232/7453/565 4230/7455/565 4229/7456/565
f 4229/7456/646 4230/7455/646 4226/7457/646 4225/7458/646
f 4227/7459/644 4231/7454/644 4229/7456/644 4225/7460/644
f 4232/7453/645 4228/7461/645 4226/7462/645 4230/7455/645
f 4233/7463/567 4234/7464/567 4236/7465/567 4235/7466/567
f 4235/7466/642 4236/7465/642 4240/7467/642 4239/7468/642
f 4239/7468/565 4240/7467/565 4238/7469/565 4237/7470/565
f 4237/7470/643 4238/7469/643 4234/7471/643 4233/7472/643
f 4235/7473/644 4239/7468/644 4237/7470/644 4233/7474/644
f 4240/7467/645 4236/7475/645 4234/7476/645 4238/7469/645
f 4241/7477/567 4242/7478/567 4244/7479/567 4243/7480/567
f 4243/7480/642 4244/7479/642 4248/7481/642 4247/7482/642
f 4247/7482/565 4248/7481/565 4246/7483/565 4245/7484/565
f 4245/7484/643 4246/7483/643 4242/7485/643 4241/7486/643
f 4243/7487/644 4247/7482/644 4245/7484/644 4241/7488/644
f 4248/7481/645 4244/7489/645 4242/7490/645 4246/7483/645
f 4249/7491/567 4250/7492/567 4252/7493/567 4251/7494/567
f 4251/7494/642 4252/7493/642 4256/7495/642 4255/7496/642
f 4255/7496/565 4256/7495/565 4254/7497/565 4253/7498/565
f 4253/7498/643 4254/7497/643 4250/7499/643 4249/7500/643
f 4251/7501/644 4255/7496/644 4253/7498/644 4249/7502/644
f 4256/7495/645 4252/7503/645 4250/7504/645 4254/7497/645
f 4257/7505/567 4258/7506/567 4260/7507/567 4259/7508/567
f 4259/7508/647 4260/7507/647 4264/7509/647 4263/7510/647
f 4263/7510/565 4264/7509/565 4262/7511/565 4261/7512/565
f 4261/7512/648 4262/7511/648 4258/7513/648 4257/7514/648
f 4259/7515/649 4263/7510/649 4261/7512/649 4257/7516/649
f 4264/7509/650 4260/7517/650 4258/7518/650 4262/7511/650
f 4265/7519/567 4266/7520/567 4268/7521/567 4267/7522/567
f 4267/7522/642 4268/7521/642 4272/7523/642 4271/7524/642
f 4271/7524/565 4272/7523/565 4270/7525/565 4269/7526/565
f 4269/7526/643 4270/7525/643 4266/7527/643 4265/7528/643
f 4267/7529/644 4271/7524/644 4269/7526/644 4265/7530/644
f 4272/7523/645 4268/7531/645 4266/7532/645 4270/7525/645
f 4273/7533/567 4274/7534/567 4276/7535/567 4275/7536/567
f 4275/7536/642 4276/7535/642 4280/7537/642 4279/7538/642
f 4279/7538/565 4280/7537/565 4278/7539/565 4277/7540/565
f 4277/7540/643 4278/7539/643 4274/7541/643 4273/7542/643
f 4275/7543/644 4279/7538/644 4277/7540/644 4273/7544/644
f 4280/7537/645 4276/7545/645 4274/7546/645 4278/7539/645
f 4281/7547/567 4282/7548/567 4284/7549/567 4283/7550/567
f 4283/7550/642 4284/7549/642 4288/7551/642 4287/7552/642
f 4287/7552/565 4288/7551/565 4286/7553/565 4285/7554/565
f 4285/7554/643 4286/7553/643 4282/7555/643 4281/7556/643
f 4283/7557/644 4287/7552/644 4285/7554/644 4281/7558/644
f 4288/7551/645 4284/7559/645 4282/7560/645 4286/7553/645
f 4289/7561/567 4290/7562/567 4292/7563/567 4291/7564/567
f 4291/7564/642 4292/7563/642 4296/7565/642 4295/7566/642
f 4295/7566/565 4296/7565/565 4294/7567/565 4293/7568/565
f 4293/7568/643 4294/7567/643 4290/7569/643 4289/7570/643
f 4291/7571/644 4295/7566/644 4293/7568/644 4289/7572/644
f 4296/7565/645 4292/7573/645 4290/7574/645 4294/7567/645
usemtl Material.006
f 4297/7575/567 4298/7576/567 4300/7577/567 4299/7578/567
f 4299/7578/651 4300/7577/651 4304/7579/651 4303/7580/651
f 4303/7580/565 4304/7579/565 4302/7581/565 4301/7582/565
f 4301/7582/652 4302/7581/652 4298/7583/652 4297/7584/652
f 4299/7585/653 4303/7580/653 4301/7582/653 4297/7586/653
f 4304/7579/654 4300/7587/654 4298/7588/654 4302/7581/654
f 4305/7589/567 4306/7590/567 4308/7591/567 4307/7592/567
f 4307/7592/640 4308/7591/640 4312/7593/640 4311/7594/640
f 4311/7594/565 4312/7593/565 4310/7595/565 4309/7596/565
f 4309/7596/641 4310/7595/641 4306/7597/641 4305/7598/641
f 4307/7599/635 4311/7594/635 4309/7596/635 4305/7600/635
f 4312/7593/634 4308/7601/634 4306/7602/634 4310/7595/634
f 4313/7603/567 4314/7604/567 4316/7605/567 4315/7606/567
f 4315/7606/640 4316/7605/640 4320/7607/640 4319/7608/640
f 4319/7608/565 4320/7607/565 4318/7609/565 4317/7610/565
f 4317/7610/641 4318/7609/641 4314/7611/641 4313/7612/641
f 4315/7613/635 4319/7608/635 4317/7610/635 4313/7614/635
f 4320/7607/634 4316/7615/634 4314/7616/634 4318/7609/634
f 4321/7617/567 4322/7618/567 4324/7619/567 4323/7620/567
f 4323/7620/640 4324/7619/640 4328/7621/640 4327/7622/640
f 4327/7622/565 4328/7621/565 4326/7623/565 4325/7624/565
f 4325/7624/641 4326/7623/641 4322/7625/641 4321/7626/641
f 4323/7627/635 4327/7622/635 4325/7624/635 4321/7628/635
f 4328/7621/634 4324/7629/634 4322/7630/634 4326/7623/634
f 4329/7631/567 4330/7632/567 4332/7633/567 4331/7634/567
f 4331/7634/651 4332/7633/651 4336/7635/651 4335/7636/651
f 4335/7636/565 4336/7635/565 4334/7637/565 4333/7638/565
f 4333/7638/652 4334/7637/652 4330/7639/652 4329/7640/652
f 4331/7641/653 4335/7636/653 4333/7638/653 4329/7642/653
f 4336/7635/654 4332/7643/654 4330/7644/654 4334/7637/654
f 4337/7645/567 4338/7646/567 4340/7647/567 4339/7648/567
f 4339/7648/640 4340/7647/640 4344/7649/640 4343/7650/640
f 4343/7650/565 4344/7649/565 4342/7651/565 4341/7652/565
f 4341/7652/641 4342/7651/641 4338/7653/641 4337/7654/641
f 4339/7655/635 4343/7650/635 4341/7652/635 4337/7656/635
f 4344/7649/634 4340/7657/634 4338/7658/634 4342/7651/634
f 4345/7659/567 4346/7660/567 4348/7661/567 4347/7662/567
f 4347/7662/651 4348/7661/651 4352/7663/651 4351/7664/651
f 4351/7664/565 4352/7663/565 4350/7665/565 4349/7666/565
f 4349/7666/652 4350/7665/652 4346/7667/652 4345/7668/652
f 4347/7669/653 4351/7664/653 4349/7666/653 4345/7670/653
f 4352/7663/654 4348/7671/654 4346/7672/654 4350/7665/654
f 4353/7673/567 4354/7674/567 4356/7675/567 4355/7676/567
f 4355/7676/655 4356/7675/655 4360/7677/655 4359/7678/655
f 4359/7678/565 4360/7677/565 4358/7679/565 4357/7680/565
f 4357/7680/656 4358/7679/656 4354/7681/656 4353/7682/656
f 4355/7683/657 4359/7678/657 4357/7680/657 4353/7684/657
f 4360/7677/658 4356/7685/658 4354/7686/658 4358/7679/658
f 4361/7687/567 4362/7688/567 4364/7689/567 4363/7690/567
f 4363/7690/655 4364/7689/655 4368/7691/655 4367/7692/655
f 4367/7692/565 4368/7691/565 4366/7693/565 4365/7694/565
f 4365/7694/656 4366/7693/656 4362/7695/656 4361/7696/656
f 4363/7697/657 4367/7692/657 4365/7694/657 4361/7698/657
f 4368/7691/658 4364/7699/658 4362/7700/658 4366/7693/658
f 4369/7701/567 4370/7702/567 4372/7703/567 4371/7704/567
f 4371/7704/655 4372/7703/655 4376/7705/655 4375/7706/655
f 4375/7706/565 4376/7705/565 4374/7707/565 4373/7708/565
f 4373/7708/656 4374/7707/656 4370/7709/656 4369/7710/656
f 4371/7711/657 4375/7706/657 4373/7708/657 4369/7712/657
f 4376/7705/658 4372/7713/658 4370/7714/658 4374/7707/658
f 4377/7715/567 4378/7716/567 4380/7717/567 4379/7718/567
f 4379/7718/651 4380/7717/651 4384/7719/651 4383/7720/651
f 4383/7720/565 4384/7719/565 4382/7721/565 4381/7722/565
f 4381/7722/652 4382/7721/652 4378/7723/652 4377/7724/652
f 4379/7725/653 4383/7720/653 4381/7722/653 4377/7726/653
f 4384/7719/654 4380/7727/654 4378/7728/654 4382/7721/654
f 4385/7729/567 4386/7730/567 4388/7731/567 4387/7732/567
f 4387/7732/655 4388/7731/655 4392/7733/655 4391/7734/655
f 4391/7734/565 4392/7733/565 4390/7735/565 4389/7736/565
f 4389/7736/656 4390/7735/656 4386/7737/656 4385/7738/656
f 4387/7739/657 4391/7734/657 4389/7736/657 4385/7740/657
f 4392/7733/658 4388/7741/658 4386/7742/658 4390/7735/658
o Cube.023_Cube.093
v 0.290417 1.049205 0.850025
v 0.290275 1.049338 0.827315
v 0.283298 -0.269203 0.842327
v 0.283155 -0.269069 0.819617
v 0.219890 1.049583 0.850470
v 0.219747 1.049716 0.827760
v 0.212771 -0.268824 0.842772
v 0.212628 -0.268691 0.820062
v -0.969822 1.111020 0.803655
v -0.960057 1.090520 0.803655
v -1.263122 0.971318 0.809569
v -1.253357 0.950818 0.809569
v -0.991730 1.100585 -0.529339
v -0.981965 1.080085 -0.529339
v -1.285030 0.960883 -0.523425
v -1.275265 0.940383 -0.523425
v 0.350299 1.128529 0.807082
v 0.350553 1.108029 0.797321
v 0.348578 0.988827 1.100437
v 0.348832 0.968327 1.090676
v -0.982813 1.118094 0.794292
v -0.982559 1.097593 0.784530
v -0.984534 0.978392 1.087646
v -0.984280 0.957892 1.077885
v -0.941955 0.976739 1.085148
v -0.929429 0.959629 1.077026
v -1.212717 0.809365 1.020204
v -1.200192 0.792254 1.012083
v -0.954402 1.127850 0.747594
v -0.941877 1.110739 0.739472
v -1.225164 0.960476 0.682650
v -1.212639 0.943365 0.674529
v -1.001248 0.077027 0.839647
v -0.978541 0.077161 0.839696
v -0.999336 -0.247888 0.837909
v -0.976629 -0.247755 0.837958
v -0.998251 0.084584 -0.569384
v -0.975544 0.084717 -0.569335
v -0.996339 -0.240331 -0.571122
v -0.973632 -0.240198 -0.571073
v 0.290376 0.062816 0.826396
v 0.290233 0.062949 0.803690
v 0.288621 -0.262096 0.824499
v 0.288479 -0.261962 0.801793
v -0.281329 0.065882 0.830005
v -0.281472 0.066015 0.807299
v -0.283084 -0.259029 0.828108
v -0.283226 -0.258896 0.805402
v -0.250532 1.049257 0.850101
v -0.250675 1.049390 0.827392
v -0.257651 -0.269125 0.842403
v -0.257794 -0.268992 0.819694
v -0.296878 1.049505 0.850393
v -0.297020 1.049639 0.827684
v -0.303997 -0.268877 0.842695
v -0.304139 -0.268743 0.819986
v -0.934971 1.049257 0.850101
v -0.935113 1.049390 0.827392
v -0.942090 -0.269125 0.842403
v -0.942233 -0.268992 0.819694
v -0.981316 1.049505 0.850393
v -0.981459 1.049639 0.827684
v -0.988435 -0.268877 0.842695
v -0.988578 -0.268743 0.819986
v -0.572988 1.049257 0.850101
v -0.573130 1.049390 0.827392
v -0.580107 -0.269125 0.842403
v -0.580249 -0.268992 0.819694
v -0.619333 1.049505 0.850393
v -0.619476 1.049639 0.827684
v -0.626452 -0.268877 0.842695
v -0.626595 -0.268743 0.819986
v -0.997214 1.059326 0.832853
v -0.974447 1.059459 0.833685
v -0.989218 -0.259140 0.826070
v -0.966451 -0.259006 0.826902
v -0.993151 1.059923 0.721560
v -0.970384 1.060057 0.722392
v -0.985155 -0.258542 0.714777
v -0.962388 -0.258409 0.715609
v -0.997214 1.059326 -0.432530
v -0.974447 1.059459 -0.431698
v -0.989218 -0.259140 -0.439314
v -0.966451 -0.259006 -0.438482
v -0.993151 1.059923 -0.543823
v -0.970384 1.060057 -0.542991
v -0.985155 -0.258543 -0.550607
v -0.962388 -0.258409 -0.549775
vt 0.375000 0.000000
vt 0.375000 0.250000
vt 0.625000 0.250000
vt 0.625000 0.000000
vt 0.375000 0.500000
vt 0.625000 0.500000
vt 0.375000 0.750000
vt 0.625000 0.750000
vt 0.375000 1.000000
vt 0.625000 1.000000
vt 0.125000 0.500000
vt 0.125000 0.750000
vt 0.875000 0.750000
vt 0.875000 0.500000
vt 0.375000 0.000000
vt 0.375000 0.250000
vt 0.625000 0.250000
vt 0.625000 0.000000
vt 0.375000 0.500000
vt 0.625000 0.500000
vt 0.375000 0.750000
vt 0.625000 0.750000
vt 0.375000 1.000000
vt 0.625000 1.000000
vt 0.125000 0.500000
vt 0.125000 0.750000
vt 0.875000 0.750000
vt 0.875000 0.500000
vt 0.375000 0.000000
vt 0.375000 0.250000
vt 0.625000 0.250000
vt 0.625000 0.000000
vt 0.375000 0.500000
vt 0.625000 0.500000
vt 0.375000 0.750000
vt 0.625000 0.750000
vt 0.375000 1.000000
vt 0.625000 1.000000
vt 0.125000 0.500000
vt 0.125000 0.750000
vt 0.875000 0.750000
vt 0.875000 0.500000
vt 0.375000 0.000000
vt 0.375000 0.250000
vt 0.625000 0.250000
vt 0.625000 0.000000
vt 0.375000 0.500000
vt 0.625000 0.500000
vt 0.375000 0.750000
vt 0.625000 0.750000
vt 0.375000 1.000000
vt 0.625000 1.000000
vt 0.125000 0.500000
vt 0.125000 0.750000
vt 0.875000 0.750000
vt 0.875000 0.500000
vt 0.375000 0.000000
vt 0.375000 0.250000
vt 0.625000 0.250000
vt 0.625000 0.000000
vt 0.375000 0.500000
vt 0.625000 0.500000
vt 0.375000 0.750000
vt 0.625000 0.750000
vt 0.375000 1.000000
vt 0.625000 1.000000
vt 0.125000 0.500000
vt 0.125000 0.750000
vt 0.875000 0.750000
vt 0.875000 0.500000
vt 0.375000 0.000000
vt 0.375000 0.250000
vt 0.625000 0.250000
vt 0.625000 0.000000
vt 0.375000 0.500000
vt 0.625000 0.500000
vt 0.375000 0.750000
vt 0.625000 0.750000
vt 0.375000 1.000000
vt 0.625000 1.000000
vt 0.125000 0.500000
vt 0.125000 0.750000
vt 0.875000 0.750000
vt 0.875000 0.500000
vt 0.375000 0.000000
vt 0.375000 0.250000
vt 0.625000 0.250000
vt 0.625000 0.000000
vt 0.375000 0.500000
vt 0.625000 0.500000
vt 0.375000 0.750000
vt 0.625000 0.750000
vt 0.375000 1.000000
vt 0.625000 1.000000
vt 0.125000 0.500000
vt 0.125000 0.750000
vt 0.875000 0.750000
vt 0.875000 0.500000
vt 0.375000 0.000000
vt 0.375000 0.250000
vt 0.625000 0.250000
vt 0.625000 0.000000
vt 0.375000 0.500000
vt 0.625000 0.500000
vt 0.375000 0.750000
vt 0.625000 0.750000
vt 0.375000 1.000000
vt 0.625000 1.000000
vt 0.125000 0.500000
vt 0.125000 0.750000
vt 0.875000 0.750000
vt 0.875000 0.500000
vt 0.375000 0.000000
vt 0.375000 0.250000
vt 0.625000 0.250000
vt 0.625000 0.000000
vt 0.375000 0.500000
vt 0.625000 0.500000
vt 0.375000 0.750000
vt 0.625000 0.750000
vt 0.375000 1.000000
vt 0.625000 1.000000
vt 0.125000 0.500000
vt 0.125000 0.750000
vt 0.875000 0.750000
vt 0.875000 0.500000
vt 0.375000 0.000000
vt 0.375000 0.250000
vt 0.625000 0.250000
vt 0.625000 0.000000
vt 0.375000 0.500000
vt 0.625000 0.500000
vt 0.375000 0.750000
vt 0.625000 0.750000
vt 0.375000 1.000000
vt 0.625000 1.000000
vt 0.125000 0.500000
vt 0.125000 0.750000
vt 0.875000 0.750000
vt 0.875000 0.500000
vt 0.375000 0.000000
vt 0.375000 0.250000
vt 0.625000 0.250000
vt 0.625000 0.000000
vt 0.375000 0.500000
vt 0.625000 0.500000
vt 0.375000 0.750000
vt 0.625000 0.750000
vt 0.375000 1.000000
vt 0.625000 1.000000
vt 0.125000 0.500000
vt 0.125000 0.750000
vt 0.875000 0.750000
vt 0.875000 0.500000
vn 1.0000 -0.0054 -0.0063
vn -0.0054 -1.0000 -0.0058
vn -1.0000 0.0054 0.0063
vn 0.0054 1.0000 0.0058
vn 0.0063 -0.0059 1.0000
vn -0.0063 0.0059 -1.0000
vn 0.0164 0.0078 0.9998
vn -0.9027 -0.4299 0.0182
vn -0.0164 -0.0078 -0.9998
vn 0.9027 0.4300 -0.0182
vn -0.4300 0.9028 0.0000
vn 0.4300 -0.9028 -0.0000
vn 0.9999 0.0078 0.0096
vn -0.0053 -0.4299 0.9028
vn -0.9999 -0.0078 -0.0096
vn 0.0053 0.4300 -0.9028
vn -0.0112 0.9028 0.4299
vn 0.0112 -0.9028 -0.4299
vn 0.0336 -0.4084 0.9122
vn -0.8334 -0.5152 -0.1999
vn -0.0336 0.4084 -0.9122
vn 0.8334 0.5152 0.1999
vn -0.5516 0.7535 0.3577
vn 0.5516 -0.7535 -0.3577
vn -0.0021 -0.0054 1.0000
vn 0.0059 -1.0000 -0.0054
vn 0.0021 0.0054 -1.0000
vn -0.0059 1.0000 0.0054
vn -1.0000 -0.0059 -0.0022
vn 1.0000 0.0059 0.0022
vn -0.0365 -0.0054 0.9993
vn 0.0061 -1.0000 -0.0051
vn 0.0365 0.0054 -0.9993
vn -0.0061 1.0000 0.0051
vn -0.9993 -0.0059 -0.0365
vn 0.9993 0.0059 0.0365
usemtl Material.009
s off
f 4425/7743/659 4427/7744/659 4428/7745/659 4426/7746/659
f 4427/7744/660 4431/7747/660 4432/7748/660 4428/7745/660
f 4431/7747/661 4429/7749/661 4430/7750/661 4432/7748/661
f 4429/7749/662 4425/7751/662 4426/7752/662 4430/7750/662
f 4427/7753/663 4425/7754/663 4429/7749/663 4431/7747/663
f 4432/7748/664 4430/7750/664 4426/7755/664 4428/7756/664
f 4433/7757/665 4435/7758/665 4436/7759/665 4434/7760/665
f 4435/7758/666 4439/7761/666 4440/7762/666 4436/7759/666
f 4439/7761/667 4437/7763/667 4438/7764/667 4440/7762/667
f 4437/7763/668 4433/7765/668 4434/7766/668 4438/7764/668
f 4435/7767/669 4433/7768/669 4437/7763/669 4439/7761/669
f 4440/7762/670 4438/7764/670 4434/7769/670 4436/7770/670
f 4441/7771/671 4443/7772/671 4444/7773/671 4442/7774/671
f 4443/7772/672 4447/7775/672 4448/7776/672 4444/7773/672
f 4447/7775/673 4445/7777/673 4446/7778/673 4448/7776/673
f 4445/7777/674 4441/7779/674 4442/7780/674 4446/7778/674
f 4443/7781/675 4441/7782/675 4445/7777/675 4447/7775/675
f 4448/7776/676 4446/7778/676 4442/7783/676 4444/7784/676
f 4449/7785/677 4451/7786/677 4452/7787/677 4450/7788/677
f 4451/7786/678 4455/7789/678 4456/7790/678 4452/7787/678
f 4455/7789/679 4453/7791/679 4454/7792/679 4456/7790/679
f 4453/7791/680 4449/7793/680 4450/7794/680 4454/7792/680
f 4451/7795/681 4449/7796/681 4453/7791/681 4455/7789/681
f 4456/7790/682 4454/7792/682 4450/7797/682 4452/7798/682
f 4457/7799/683 4459/7800/683 4460/7801/683 4458/7802/683
f 4459/7800/684 4463/7803/684 4464/7804/684 4460/7801/684
f 4463/7803/685 4461/7805/685 4462/7806/685 4464/7804/685
f 4461/7805/686 4457/7807/686 4458/7808/686 4462/7806/686
f 4459/7809/687 4457/7810/687 4461/7805/687 4463/7803/687
f 4464/7804/688 4462/7806/688 4458/7811/688 4460/7812/688
f 4465/7813/659 4467/7814/659 4468/7815/659 4466/7816/659
f 4467/7814/660 4471/7817/660 4472/7818/660 4468/7815/660
f 4471/7817/661 4469/7819/661 4470/7820/661 4472/7818/661
f 4469/7819/662 4465/7821/662 4466/7822/662 4470/7820/662
f 4467/7823/663 4465/7824/663 4469/7819/663 4471/7817/663
f 4472/7818/664 4470/7820/664 4466/7825/664 4468/7826/664
f 4473/7827/659 4475/7828/659 4476/7829/659 4474/7830/659
f 4475/7828/660 4479/7831/660 4480/7832/660 4476/7829/660
f 4479/7831/661 4477/7833/661 4478/7834/661 4480/7832/661
f 4477/7833/662 4473/7835/662 4474/7836/662 4478/7834/662
f 4475/7837/663 4473/7838/663 4477/7833/663 4479/7831/663
f 4480/7832/664 4478/7834/664 4474/7839/664 4476/7840/664
f 4481/7841/659 4483/7842/659 4484/7843/659 4482/7844/659
f 4483/7842/660 4487/7845/660 4488/7846/660 4484/7843/660
f 4487/7845/661 4485/7847/661 4486/7848/661 4488/7846/661
f 4485/7847/662 4481/7849/662 4482/7850/662 4486/7848/662
f 4483/7851/663 4481/7852/663 4485/7847/663 4487/7845/663
f 4488/7846/664 4486/7848/664 4482/7853/664 4484/7854/664
f 4489/7855/659 4491/7856/659 4492/7857/659 4490/7858/659
f 4491/7856/660 4495/7859/660 4496/7860/660 4492/7857/660
f 4495/7859/661 4493/7861/661 4494/7862/661 4496/7860/661
f 4493/7861/662 4489/7863/662 4490/7864/662 4494/7862/662
f 4491/7865/663 4489/7866/663 4493/7861/663 4495/7859/663
f 4496/7860/664 4494/7862/664 4490/7867/664 4492/7868/664
f 4497/7869/689 4499/7870/689 4500/7871/689 4498/7872/689
f 4499/7870/690 4503/7873/690 4504/7874/690 4500/7871/690
f 4503/7873/691 4501/7875/691 4502/7876/691 4504/7874/691
f 4501/7875/692 4497/7877/692 4498/7878/692 4502/7876/692
f 4499/7879/693 4497/7880/693 4501/7875/693 4503/7873/693
f 4504/7874/694 4502/7876/694 4498/7881/694 4500/7882/694
f 4505/7883/689 4507/7884/689 4508/7885/689 4506/7886/689
f 4507/7884/690 4511/7887/690 4512/7888/690 4508/7885/690
f 4511/7887/691 4509/7889/691 4510/7890/691 4512/7888/691
f 4509/7889/692 4505/7891/692 4506/7892/692 4510/7890/692
f 4507/7893/693 4505/7894/693 4509/7889/693 4511/7887/693
f 4512/7888/694 4510/7890/694 4506/7895/694 4508/7896/694
o Cube.024_Cube.094
v 0.921212 0.365957 0.992345
v 0.919766 0.367309 0.762069
v 0.917559 -0.310488 0.988396
v 0.916113 -0.309136 0.758119
v 0.590859 0.367728 0.994431
v 0.589412 0.369081 0.764154
v 0.587206 -0.308716 0.990481
v 0.585760 -0.307364 0.760204
vt 0.375000 0.000000
vt 0.375000 0.250000
vt 0.625000 0.250000
vt 0.625000 0.000000
vt 0.375000 0.500000
vt 0.625000 0.500000
vt 0.375000 0.750000
vt 0.625000 0.750000
vt 0.375000 1.000000
vt 0.625000 1.000000
vt 0.125000 0.500000
vt 0.125000 0.750000
vt 0.875000 0.750000
vt 0.875000 0.500000
vn 1.0000 -0.0054 -0.0063
vn -0.0054 -1.0000 -0.0058
vn -1.0000 0.0054 0.0063
vn 0.0054 1.0000 0.0058
vn 0.0063 -0.0059 1.0000
vn -0.0063 0.0059 -1.0000
usemtl Material.010
s off
f 4513/7897/695 4515/7898/695 4516/7899/695 4514/7900/695
f 4515/7898/696 4519/7901/696 4520/7902/696 4516/7899/696
f 4519/7901/697 4517/7903/697 4518/7904/697 4520/7902/697
f 4517/7903/698 4513/7905/698 4514/7906/698 4518/7904/698
f 4515/7907/699 4513/7908/699 4517/7903/699 4519/7901/699
f 4520/7902/700 4518/7904/700 4514/7909/700 4516/7910/700
o Cube.025_Cube.095
v 0.901518 0.332930 1.012620
v 0.901518 0.332394 0.953677
v 0.901518 -0.078042 1.016356
v 0.901518 -0.078578 0.957412
v 0.606207 0.332930 1.012620
v 0.606207 0.332394 0.953677
v 0.606207 -0.078042 1.016356
v 0.606207 -0.078578 0.957412
vt 0.625000 0.500000
vt 0.875000 0.500000
vt 0.875000 0.750000
vt 0.625000 0.750000
vt 0.375000 0.750000
vt 0.625000 1.000000
vt 0.375000 1.000000
vt 0.375000 0.000000
vt 0.625000 0.000000
vt 0.625000 0.250000
vt 0.375000 0.250000
vt 0.125000 0.500000
vt 0.375000 0.500000
vt 0.125000 0.750000
vn 0.0000 0.0091 1.0000
vn 0.0000 -1.0000 0.0091
vn -1.0000 0.0000 0.0000
vn 0.0000 -0.0091 -1.0000
vn 1.0000 0.0000 0.0000
vn 0.0000 1.0000 -0.0091
usemtl Material.008
s off
f 4521/7911/701 4525/7912/701 4527/7913/701 4523/7914/701
f 4524/7915/702 4523/7914/702 4527/7916/702 4528/7917/702
f 4528/7918/703 4527/7919/703 4525/7920/703 4526/7921/703
f 4526/7922/704 4522/7923/704 4524/7915/704 4528/7924/704
f 4522/7923/705 4521/7911/705 4523/7914/705 4524/7915/705
f 4526/7921/706 4525/7920/706 4521/7911/706 4522/7923/706
o Cube.026_Cube.096
v 0.863026 -0.149175 1.005288
v 0.863116 -0.149076 0.989745
v 0.637938 -0.151046 1.003974
v 0.638028 -0.150947 0.988431
v 0.862762 -0.117457 1.005488
v 0.862852 -0.117358 0.989946
v 0.637673 -0.119328 1.004174
v 0.637763 -0.119229 0.988631
vt 0.375000 0.000000
vt 0.375000 0.250000
vt 0.625000 0.250000
vt 0.625000 0.000000
vt 0.375000 0.500000
vt 0.625000 0.500000
vt 0.375000 0.750000
vt 0.625000 0.750000
vt 0.375000 1.000000
vt 0.625000 1.000000
vt 0.125000 0.500000
vt 0.125000 0.750000
vt 0.875000 0.750000
vt 0.875000 0.500000
vn 0.0083 -0.9999 -0.0063
vn -0.9999 -0.0083 -0.0058
vn -0.0083 0.9999 0.0063
vn 0.9999 0.0083 0.0058
vn -0.0058 -0.0064 1.0000
vn 0.0058 0.0064 -1.0000
usemtl Material.011
s off
f 4529/7925/707 4531/7926/707 4532/7927/707 4530/7928/707
f 4531/7926/708 4535/7929/708 4536/7930/708 4532/7927/708
f 4535/7929/709 4533/7931/709 4534/7932/709 4536/7930/709
f 4533/7931/710 4529/7933/710 4530/7934/710 4534/7932/710
f 4531/7935/711 4529/7936/711 4533/7931/711 4535/7929/711
f 4536/7930/712 4534/7932/712 4530/7937/712 4532/7938/712
o Cube.027_Cube.097
v 0.863160 -0.220290 1.005195
v 0.863250 -0.220191 0.989652
v 0.638051 -0.222161 1.003881
v 0.638140 -0.222062 0.988338
v 0.862649 -0.159145 1.005581
v 0.862739 -0.159046 0.990038
v 0.637540 -0.161016 1.004267
v 0.637630 -0.160917 0.988724
vt 0.375000 0.000000
vt 0.375000 0.250000
vt 0.625000 0.250000
vt 0.625000 0.000000
vt 0.375000 0.500000
vt 0.625000 0.500000
vt 0.375000 0.750000
vt 0.625000 0.750000
vt 0.375000 1.000000
vt 0.625000 1.000000
vt 0.125000 0.500000
vt 0.125000 0.750000
vt 0.875000 0.750000
vt 0.875000 0.500000
vn 0.0083 -0.9999 -0.0063
vn -0.9999 -0.0083 -0.0058
vn -0.0083 0.9999 0.0063
vn 0.9999 0.0083 0.0058
vn -0.0058 -0.0064 1.0000
vn 0.0058 0.0064 -1.0000
usemtl Material.012
s off
f 4537/7939/713 4539/7940/713 4540/7941/713 4538/7942/713
f 4539/7940/714 4543/7943/714 4544/7944/714 4540/7941/714
f 4543/7943/715 4541/7945/715 4542/7946/715 4544/7944/715
f 4541/7945/716 4537/7947/716 4538/7948/716 4542/7946/716
f 4539/7949/717 4537/7950/717 4541/7945/717 4543/7943/717
f 4544/7944/718 4542/7946/718 4538/7951/718 4540/7952/718
o Plane
v -1.785487 -0.302331 1.676021
v 1.529944 -0.302331 1.676021
v -1.785487 -0.302331 -1.234612
v 1.529944 -0.302331 -1.234612
vt 0.000000 0.000000
vt 1.000000 0.000000
vt 1.000000 1.000000
vt 0.000000 1.000000
vn 0.0000 1.0000 0.0000
usemtl None
s off
f 4545/7953/719 4546/7954/719 4548/7955/719 4547/7956/719
o Cube.012_Cube.002
v 0.208337 2.921526 0.010837
v 0.208337 3.338672 0.010837
v 0.208337 2.921526 -0.733844
v 0.208337 3.338672 -0.733844
v 0.954444 2.921526 0.010837
v 0.954444 3.338672 0.010837
v 0.954444 2.921526 -0.733844
v 0.954444 3.338672 -0.733844
vt 0.375000 0.000000
vt 0.625000 0.000000
vt 0.625000 0.250000
vt 0.375000 0.250000
vt 0.625000 0.500000
vt 0.375000 0.500000
vt 0.625000 0.750000
vt 0.375000 0.750000
vt 0.625000 1.000000
vt 0.375000 1.000000
vt 0.125000 0.500000
vt 0.125000 0.750000
vt 0.875000 0.500000
vt 0.875000 0.750000
vn -1.0000 0.0000 0.0000
vn 0.0000 0.0000 -1.0000
vn 1.0000 0.0000 0.0000
vn 0.0000 0.0000 1.0000
vn 0.0000 -1.0000 0.0000
vn 0.0000 1.0000 0.0000
usemtl Material.023
s off
f 4549/7957/720 4550/7958/720 4552/7959/720 4551/7960/720
f 4551/7960/721 4552/7959/721 4556/7961/721 4555/7962/721
f 4555/7962/722 4556/7961/722 4554/7963/722 4553/7964/722
f 4553/7964/723 4554/7963/723 4550/7965/723 4549/7966/723
f 4551/7967/724 4555/7962/724 4553/7964/724 4549/7968/724
f 4556/7961/725 4552/7969/725 4550/7970/725 4554/7963/725
o Cube.013_Cube.003
v -0.880468 2.925084 0.725814
v -0.880468 3.121647 0.725814
v -0.880468 2.925084 -0.368120
v -0.880468 3.121647 -0.368120
v -0.588457 2.925084 0.725814
v -0.588457 3.121647 0.725814
v -0.588457 2.925084 -0.368120
v -0.588457 3.121647 -0.368120
vt 0.375000 0.000000
vt 0.625000 0.000000
vt 0.625000 0.250000
vt 0.375000 0.250000
vt 0.625000 0.500000
vt 0.375000 0.500000
vt 0.625000 0.750000
vt 0.375000 0.750000
vt 0.625000 1.000000
vt 0.375000 1.000000
vt 0.125000 0.500000
vt 0.125000 0.750000
vt 0.875000 0.500000
vt 0.875000 0.750000
vn -1.0000 0.0000 0.0000
vn 0.0000 0.0000 -1.0000
vn 1.0000 0.0000 0.0000
vn 0.0000 0.0000 1.0000
vn 0.0000 -1.0000 0.0000
vn 0.0000 1.0000 0.0000
usemtl Material.017
s off
f 4557/7971/726 4558/7972/726 4560/7973/726 4559/7974/726
f 4559/7974/727 4560/7973/727 4564/7975/727 4563/7976/727
f 4563/7976/728 4564/7975/728 4562/7977/728 4561/7978/728
f 4561/7978/729 4562/7977/729 4558/7979/729 4557/7980/729
f 4559/7981/730 4563/7976/730 4561/7978/730 4557/7982/730
f 4564/7975/731 4560/7983/731 4558/7984/731 4562/7977/731
o Cube.015_Cube.005
v 0.486779 2.793364 0.645645
v 0.486779 2.999673 0.645645
v 0.486779 2.793364 0.241712
v 0.486779 2.999673 0.241712
v 0.891486 2.793364 0.645645
v 0.891486 2.999673 0.645645
v 0.891486 2.793364 0.241712
v 0.891486 2.999673 0.241712
v -0.005638 2.793364 0.645645
v -0.005638 2.999673 0.645645
v -0.005638 2.793364 0.241712
v -0.005638 2.999673 0.241712
v 0.399068 2.793364 0.645645
v 0.399068 2.999673 0.645645
v 0.399068 2.793364 0.241712
v 0.399068 2.999673 0.241712
vt 0.375000 0.000000
vt 0.625000 0.000000
vt 0.625000 0.250000
vt 0.375000 0.250000
vt 0.625000 0.500000
vt 0.375000 0.500000
vt 0.625000 0.750000
vt 0.375000 0.750000
vt 0.625000 1.000000
vt 0.375000 1.000000
vt 0.125000 0.500000
vt 0.125000 0.750000
vt 0.875000 0.500000
vt 0.875000 0.750000
vt 0.375000 0.000000
vt 0.625000 0.000000
vt 0.625000 0.250000
vt 0.375000 0.250000
vt 0.625000 0.500000
vt 0.375000 0.500000
vt 0.625000 0.750000
vt 0.375000 0.750000
vt 0.625000 1.000000
vt 0.375000 1.000000
vt 0.125000 0.500000
vt 0.125000 0.750000
vt 0.875000 0.500000
vt 0.875000 0.750000
vn -1.0000 0.0000 0.0000
vn 0.0000 0.0000 -1.0000
vn 1.0000 0.0000 0.0000
vn 0.0000 0.0000 1.0000
vn 0.0000 -1.0000 0.0000
vn 0.0000 1.0000 0.0000
usemtl Material.021
s off
f 4565/7985/732 4566/7986/732 4568/7987/732 4567/7988/732
f 4567/7988/733 4568/7987/733 4572/7989/733 4571/7990/733
f 4571/7990/734 4572/7989/734 4570/7991/734 4569/7992/734
f 4569/7992/735 4570/7991/735 4566/7993/735 4565/7994/735
f 4567/7995/736 4571/7990/736 4569/7992/736 4565/7996/736
f 4572/7989/737 4568/7997/737 4566/7998/737 4570/7991/737
f 4573/7999/732 4574/8000/732 4576/8001/732 4575/8002/732
f 4575/8002/733 4576/8001/733 4580/8003/733 4579/8004/733
f 4579/8004/734 4580/8003/734 4578/8005/734 4577/8006/734
f 4577/8006/735 4578/8005/735 4574/8007/735 4573/8008/735
f 4575/8009/736 4579/8004/736 4577/8006/736 4573/8010/736
f 4580/8003/737 4576/8011/737 4574/8012/737 4578/8005/737
o Cube.016_Cube.006
v 0.519197 2.995423 0.613289
v 0.519197 3.034455 0.613289
v 0.519197 2.995423 0.274068
v 0.519197 3.034455 0.274068
v 0.859068 2.995423 0.613289
v 0.859068 3.034455 0.613289
v 0.859068 2.995423 0.274068
v 0.859068 3.034455 0.274068
v 0.029258 2.995423 0.613289
v 0.029258 3.034455 0.613289
v 0.029258 2.995423 0.274068
v 0.029258 3.034455 0.274068
v 0.369129 2.995423 0.613289
v 0.369129 3.034455 0.613289
v 0.369129 2.995423 0.274068
v 0.369129 3.034455 0.274068
vt 0.375000 0.000000
vt 0.625000 0.000000
vt 0.625000 0.250000
vt 0.375000 0.250000
vt 0.625000 0.500000
vt 0.375000 0.500000
vt 0.625000 0.750000
vt 0.375000 0.750000
vt 0.625000 1.000000
vt 0.375000 1.000000
vt 0.125000 0.500000
vt 0.125000 0.750000
vt 0.875000 0.500000
vt 0.875000 0.750000
vt 0.375000 0.000000
vt 0.625000 0.000000
vt 0.625000 0.250000
vt 0.375000 0.250000
vt 0.625000 0.500000
vt 0.375000 0.500000
vt 0.625000 0.750000
vt 0.375000 0.750000
vt 0.625000 1.000000
vt 0.375000 1.000000
vt 0.125000 0.500000
vt 0.125000 0.750000
vt 0.875000 0.500000
vt 0.875000 0.750000
vn -1.0000 0.0000 0.0000
vn 0.0000 0.0000 -1.0000
vn 1.0000 0.0000 0.0000
vn 0.0000 0.0000 1.0000
vn 0.0000 -1.0000 0.0000
vn 0.0000 1.0000 0.0000
usemtl Material.022
s off
f 4581/8013/738 4582/8014/738 4584/8015/738 4583/8016/738
f 4583/8016/739 4584/8015/739 4588/8017/739 4587/8018/739
f 4587/8018/740 4588/8017/740 4586/8019/740 4585/8020/740
f 4585/8020/741 4586/8019/741 4582/8021/741 4581/8022/741
f 4583/8023/742 4587/8018/742 4585/8020/742 4581/8024/742
f 4588/8017/743 4584/8025/743 4582/8026/743 4586/8019/743
f 4589/8027/738 4590/8028/738 4592/8029/738 4591/8030/738
f 4591/8030/739 4592/8029/739 4596/8031/739 4595/8032/739
f 4595/8032/740 4596/8031/740 4594/8033/740 4593/8034/740
f 4593/8034/741 4594/8033/741 4590/8035/741 4589/8036/741
f 4591/8037/742 4595/8032/742 4593/8034/742 4589/8038/742
f 4596/8031/743 4592/8039/743 4590/8040/743 4594/8033/743
o Cube.018_Cube.008
v -0.701892 2.900574 -0.457948
v -0.701892 2.990397 -0.457948
v -0.701892 2.900574 -0.693315
v -0.701892 2.990397 -0.693315
v -0.466074 2.900574 -0.457948
v -0.466074 2.990397 -0.457948
v -0.466074 2.900574 -0.693315
v -0.466074 2.990397 -0.693315
vt 0.375000 0.000000
vt 0.625000 0.000000
vt 0.625000 0.250000
vt 0.375000 0.250000
vt 0.625000 0.500000
vt 0.375000 0.500000
vt 0.625000 0.750000
vt 0.375000 0.750000
vt 0.625000 1.000000
vt 0.375000 1.000000
vt 0.125000 0.500000
vt 0.125000 0.750000
vt 0.875000 0.500000
vt 0.875000 0.750000
vn -1.0000 0.0000 0.0000
vn 0.0000 0.0000 -1.0000
vn 1.0000 0.0000 0.0000
vn 0.0000 0.0000 1.0000
vn 0.0000 -1.0000 0.0000
vn 0.0000 1.0000 0.0000
usemtl Material.020
s off
f 4597/8041/744 4598/8042/744 4600/8043/744 4599/8044/744
f 4599/8044/745 4600/8043/745 4604/8045/745 4603/8046/745
f 4603/8046/746 4604/8045/746 4602/8047/746 4601/8048/746
f 4601/8048/747 4602/8047/747 4598/8049/747 4597/8050/747
f 4599/8051/748 4603/8046/748 4601/8048/748 4597/8052/748
f 4604/8045/749 4600/8053/749 4598/8054/749 4602/8047/749
o Cube.019_Cube.009
v -0.607991 2.800616 0.722540
v -0.607991 2.997178 0.722540
v -0.607991 2.800616 -0.371393
v -0.607991 2.997178 -0.371393
v -0.315980 2.800616 0.722540
v -0.315980 2.997178 0.722540
v -0.315980 2.800616 -0.371393
v -0.315980 2.997178 -0.371393
vt 0.375000 0.000000
vt 0.625000 0.000000
vt 0.625000 0.250000
vt 0.375000 0.250000
vt 0.625000 0.500000
vt 0.375000 0.500000
vt 0.625000 0.750000
vt 0.375000 0.750000
vt 0.625000 1.000000
vt 0.375000 1.000000
vt 0.125000 0.500000
vt 0.125000 0.750000
vt 0.875000 0.500000
vt 0.875000 0.750000
vn -1.0000 0.0000 0.0000
vn 0.0000 0.0000 -1.0000
vn 1.0000 0.0000 0.0000
vn 0.0000 0.0000 1.0000
vn 0.0000 -1.0000 0.0000
vn 0.0000 1.0000 0.0000
usemtl Material.018
s off
f 4605/8055/750 4606/8056/750 4608/8057/750 4607/8058/750
f 4607/8058/751 4608/8057/751 4612/8059/751 4611/8060/751
f 4611/8060/752 4612/8059/752 4610/8061/752 4609/8062/752
f 4609/8062/753 4610/8061/753 4606/8063/753 4605/8064/753
f 4607/8065/754 4611/8060/754 4609/8062/754 4605/8066/754
f 4612/8059/755 4608/8067/755 4606/8068/755 4610/8061/755
o Cube.022_Cube.011
v -0.583237 2.941298 0.263449
v -0.583237 3.031122 0.263449
v -0.583237 2.941298 0.028082
v -0.583237 3.031122 0.028082
v -0.347419 2.941298 0.263449
v -0.347419 3.031122 0.263449
v -0.347419 2.941298 0.028082
v -0.347419 3.031122 0.028082
v -0.583237 2.941298 -0.120735
v -0.583237 3.031122 -0.120735
v -0.583237 2.941298 -0.356103
v -0.583237 3.031122 -0.356103
v -0.347419 2.941298 -0.120735
v -0.347419 3.031122 -0.120735
v -0.347419 2.941298 -0.356103
v -0.347419 3.031122 -0.356103
v -0.583237 2.941298 0.672235
v -0.583237 3.031122 0.672235
v -0.583237 2.941298 0.436868
v -0.583237 3.031122 0.436868
v -0.347419 2.941298 0.672235
v -0.347419 3.031122 0.672235
v -0.347419 2.941298 0.436868
v -0.347419 3.031122 0.436868
vt 0.375000 0.000000
vt 0.625000 0.000000
vt 0.625000 0.250000
vt 0.375000 0.250000
vt 0.625000 0.500000
vt 0.375000 0.500000
vt 0.625000 0.750000
vt 0.375000 0.750000
vt 0.625000 1.000000
vt 0.375000 1.000000
vt 0.125000 0.500000
vt 0.125000 0.750000
vt 0.875000 0.500000
vt 0.875000 0.750000
vt 0.375000 0.000000
vt 0.625000 0.000000
vt 0.625000 0.250000
vt 0.375000 0.250000
vt 0.625000 0.500000
vt 0.375000 0.500000
vt 0.625000 0.750000
vt 0.375000 0.750000
vt 0.625000 1.000000
vt 0.375000 1.000000
vt 0.125000 0.500000
vt 0.125000 0.750000
vt 0.875000 0.500000
vt 0.875000 0.750000
vt 0.375000 0.000000
vt 0.625000 0.000000
vt 0.625000 0.250000
vt 0.375000 0.250000
vt 0.625000 0.500000
vt 0.375000 0.500000
vt 0.625000 0.750000
vt 0.375000 0.750000
vt 0.625000 1.000000
vt 0.375000 1.000000
vt 0.125000 0.500000
vt 0.125000 0.750000
vt 0.875000 0.500000
vt 0.875000 0.750000
vn -1.0000 0.0000 0.0000
vn 0.0000 0.0000 -1.0000
vn 1.0000 0.0000 0.0000
vn 0.0000 0.0000 1.0000
vn 0.0000 -1.0000 0.0000
vn 0.0000 1.0000 0.0000
usemtl Material.019
s off
f 4613/8069/756 4614/8070/756 4616/8071/756 4615/8072/756
f 4615/8072/757 4616/8071/757 4620/8073/757 4619/8074/757
f 4619/8074/758 4620/8073/758 4618/8075/758 4617/8076/758
f 4617/8076/759 4618/8075/759 4614/8077/759 4613/8078/759
f 4615/8079/760 4619/8074/760 4617/8076/760 4613/8080/760
f 4620/8073/761 4616/8081/761 4614/8082/761 4618/8075/761
f 4621/8083/756 4622/8084/756 4624/8085/756 4623/8086/756
f 4623/8086/757 4624/8085/757 4628/8087/757 4627/8088/757
f 4627/8088/758 4628/8087/758 4626/8089/758 4625/8090/758
f 4625/8090/759 4626/8089/759 4622/8091/759 4621/8092/759
f 4623/8093/760 4627/8088/760 4625/8090/760 4621/8094/760
f 4628/8087/761 4624/8095/761 4622/8096/761 4626/8089/761
f 4629/8097/756 4630/8098/756 4632/8099/756 4631/8100/756
f 4631/8100/757 4632/8099/757 4636/8101/757 4635/8102/757
f 4635/8102/758 4636/8101/758 4634/8103/758 4633/8104/758
f 4633/8104/759 4634/8103/759 4630/8105/759 4629/8106/759
f 4631/8107/760 4635/8102/760 4633/8104/760 4629/8108/760
f 4636/8101/761 4632/8109/761 4630/8110/761 4634/8103/761
o Cube.029_Cube.013
v -0.859159 3.080596 0.188373
v -0.859159 3.170419 0.188373
v -0.859159 3.080596 -0.201546
v -0.859159 3.170419 -0.201546
v -0.623342 3.080596 0.188373
v -0.623342 3.170419 0.188373
v -0.623342 3.080596 -0.201546
v -0.623342 3.170419 -0.201546
vt 0.375000 0.000000
vt 0.625000 0.000000
vt 0.625000 0.250000
vt 0.375000 0.250000
vt 0.625000 0.500000
vt 0.375000 0.500000
vt 0.625000 0.750000
vt 0.375000 0.750000
vt 0.625000 1.000000
vt 0.375000 1.000000
vt 0.125000 0.500000
vt 0.125000 0.750000
vt 0.875000 0.500000
vt 0.875000 0.750000
vn -1.0000 0.0000 0.0000
vn 0.0000 0.0000 -1.0000
vn 1.0000 0.0000 0.0000
vn 0.0000 0.0000 1.0000
vn 0.0000 -1.0000 0.0000
vn 0.0000 1.0000 0.0000
usemtl Material.016
s off
f 4637/8111/762 4638/8112/762 4640/8113/762 4639/8114/762
f 4639/8114/763 4640/8113/763 4644/8115/763 4643/8116/763
f 4643/8116/764 4644/8115/764 4642/8117/764 4641/8118/764
f 4641/8118/765 4642/8117/765 4638/8119/765 4637/8120/765
f 4639/8121/766 4643/8116/766 4641/8118/766 4637/8122/766
f 4644/8115/767 4640/8123/767 4638/8124/767 4642/8117/767
o Cube.030_Cube.014
v 0.217624 2.937002 -0.228980
v 0.185450 2.937277 -0.228980
v 0.217624 2.937002 -0.428505
v 0.185450 2.937277 -0.428505
v 0.220346 3.255620 -0.228980
v 0.188172 3.255895 -0.228980
v 0.220346 3.255620 -0.428505
v 0.188172 3.255895 -0.428505
vt 0.375000 0.000000
vt 0.625000 0.000000
vt 0.625000 0.250000
vt 0.375000 0.250000
vt 0.625000 0.500000
vt 0.375000 0.500000
vt 0.625000 0.750000
vt 0.375000 0.750000
vt 0.625000 1.000000
vt 0.375000 1.000000
vt 0.125000 0.500000
vt 0.125000 0.750000
vt 0.875000 0.500000
vt 0.875000 0.750000
vn -0.0085 -1.0000 0.0000
vn -0.0000 0.0000 -1.0000
vn 0.0085 1.0000 0.0000
vn -0.0000 0.0000 1.0000
vn 1.0000 -0.0085 0.0000
vn -1.0000 0.0085 0.0000
usemtl Material.014
s off
f 4645/8125/768 4646/8126/768 4648/8127/768 4647/8128/768
f 4647/8128/769 4648/8127/769 4652/8129/769 4651/8130/769
f 4651/8130/770 4652/8129/770 4650/8131/770 4649/8132/770
f 4649/8132/771 4650/8131/771 4646/8133/771 4645/8134/771
f 4647/8135/772 4651/8130/772 4649/8132/772 4645/8136/772
f 4652/8129/773 4648/8137/773 4646/8138/773 4650/8131/773
o Cube.031_Cube.015
v 0.192890 3.029030 -0.234593
v 0.179424 3.029145 -0.234593
v 0.192890 3.029030 -0.252577
v 0.179424 3.029145 -0.252577
v 0.193934 3.151318 -0.234593
v 0.180469 3.151433 -0.234593
v 0.193934 3.151318 -0.252577
v 0.180469 3.151433 -0.252577
vt 0.375000 0.000000
vt 0.625000 0.000000
vt 0.625000 0.250000
vt 0.375000 0.250000
vt 0.625000 0.500000
vt 0.375000 0.500000
vt 0.625000 0.750000
vt 0.375000 0.750000
vt 0.625000 1.000000
vt 0.375000 1.000000
vt 0.125000 0.500000
vt 0.125000 0.750000
vt 0.875000 0.500000
vt 0.875000 0.750000
vn -0.0086 -1.0000 0.0000
vn -0.0000 0.0000 -1.0000
vn 0.0086 1.0000 0.0000
vn -0.0000 0.0000 1.0000
vn 1.0000 -0.0085 0.0000
vn -1.0000 0.0085 0.0000
usemtl Material.013
s off
f 4653/8139/774 4654/8140/774 4656/8141/774 4655/8142/774
f 4655/8142/775 4656/8141/775 4660/8143/775 4659/8144/775
f 4659/8144/776 4660/8143/776 4658/8145/776 4657/8146/776
f 4657/8146/777 4658/8145/777 4654/8147/777 4653/8148/777
f 4655/8149/778 4659/8144/778 4657/8146/778 4653/8150/778
f 4660/8143/779 4656/8151/779 4654/8152/779 4658/8145/779
o Cube.032_Cube.016
v 0.227116 3.138835 -0.524754
v 0.194942 3.139110 -0.524754
v 0.227116 3.138835 -0.668425
v 0.194942 3.139110 -0.668425
v 0.228300 3.277507 -0.524754
v 0.196127 3.277782 -0.524754
v 0.228300 3.277507 -0.668425
v 0.196127 3.277782 -0.668425
vt 0.375000 0.000000
vt 0.625000 0.000000
vt 0.625000 0.250000
vt 0.375000 0.250000
vt 0.625000 0.500000
vt 0.375000 0.500000
vt 0.625000 0.750000
vt 0.375000 0.750000
vt 0.625000 1.000000
vt 0.375000 1.000000
vt 0.125000 0.500000
vt 0.125000 0.750000
vt 0.875000 0.500000
vt 0.875000 0.750000
vn -0.0085 -1.0000 0.0000
vn 0.0000 0.0000 -1.0000
vn 0.0085 1.0000 0.0000
vn 0.0000 0.0000 1.0000
vn 1.0000 -0.0085 0.0000
vn -1.0000 0.0085 0.0000
usemtl Material.014
s off
f 4661/8153/780 4662/8154/780 4664/8155/780 4663/8156/780
f 4663/8156/781 4664/8155/781 4668/8157/781 4667/8158/781
f 4667/8158/782 4668/8157/782 4666/8159/782 4665/8160/782
f 4665/8160/783 4666/8159/783 4662/8161/783 4661/8162/783
f 4663/8163/784 4667/8158/784 4665/8160/784 4661/8164/784
f 4668/8157/785 4664/8165/785 4662/8166/785 4666/8159/785
o Cube.037_Cube.021
v 0.192890 3.147245 -0.657885
v 0.179424 3.147360 -0.657885
v 0.192890 3.147245 -0.667533
v 0.179424 3.147360 -0.667533
v 0.193934 3.269532 -0.657885
v 0.180469 3.269648 -0.657885
v 0.193934 3.269532 -0.667533
v 0.180469 3.269648 -0.667533
v 0.192890 3.147245 -0.526742
v 0.179424 3.147360 -0.526742
v 0.192890 3.147245 -0.536390
v 0.179424 3.147360 -0.536390
v 0.193934 3.269532 -0.526742
v 0.180469 3.269647 -0.526742
v 0.193934 3.269532 -0.536390
v 0.180469 3.269647 -0.536390
v 0.192890 3.147245 -0.558211
v 0.179424 3.147360 -0.558211
v 0.192890 3.147245 -0.567859
v 0.179424 3.147360 -0.567859
v 0.193934 3.269532 -0.558211
v 0.180469 3.269647 -0.558211
v 0.193934 3.269532 -0.567859
v 0.180469 3.269647 -0.567859
v 0.192890 3.147245 -0.593450
v 0.179424 3.147360 -0.593450
v 0.192890 3.147245 -0.603098
v 0.179424 3.147360 -0.603098
v 0.193934 3.269532 -0.593450
v 0.180469 3.269647 -0.593450
v 0.193934 3.269532 -0.603098
v 0.180469 3.269647 -0.603098
v 0.192890 3.147245 -0.630086
v 0.179424 3.147360 -0.630086
v 0.192890 3.147245 -0.639734
v 0.179424 3.147360 -0.639734
v 0.193934 3.269532 -0.630086
v 0.180469 3.269647 -0.630086
v 0.193934 3.269532 -0.639734
v 0.180469 3.269647 -0.639734
vt 0.375000 0.000000
vt 0.625000 0.000000
vt 0.625000 0.250000
vt 0.375000 0.250000
vt 0.625000 0.500000
vt 0.375000 0.500000
vt 0.625000 0.750000
vt 0.375000 0.750000
vt 0.625000 1.000000
vt 0.375000 1.000000
vt 0.125000 0.500000
vt 0.125000 0.750000
vt 0.875000 0.500000
vt 0.875000 0.750000
vt 0.375000 0.000000
vt 0.625000 0.000000
vt 0.625000 0.250000
vt 0.375000 0.250000
vt 0.625000 0.500000
vt 0.375000 0.500000
vt 0.625000 0.750000
vt 0.375000 0.750000
vt 0.625000 1.000000
vt 0.375000 1.000000
vt 0.125000 0.500000
vt 0.125000 0.750000
vt 0.875000 0.500000
vt 0.875000 0.750000
vt 0.375000 0.000000
vt 0.625000 0.000000
vt 0.625000 0.250000
vt 0.375000 0.250000
vt 0.625000 0.500000
vt 0.375000 0.500000
vt 0.625000 0.750000
vt 0.375000 0.750000
vt 0.625000 1.000000
vt 0.375000 1.000000
vt 0.125000 0.500000
vt 0.125000 0.750000
vt 0.875000 0.500000
vt 0.875000 0.750000
vt 0.375000 0.000000
vt 0.625000 0.000000
vt 0.625000 0.250000
vt 0.375000 0.250000
vt 0.625000 0.500000
vt 0.375000 0.500000
vt 0.625000 0.750000
vt 0.375000 0.750000
vt 0.625000 1.000000
vt 0.375000 1.000000
vt 0.125000 0.500000
vt 0.125000 0.750000
vt 0.875000 0.500000
vt 0.875000 0.750000
vt 0.375000 0.000000
vt 0.625000 0.000000
vt 0.625000 0.250000
vt 0.375000 0.250000
vt 0.625000 0.500000
vt 0.375000 0.500000
vt 0.625000 0.750000
vt 0.375000 0.750000
vt 0.625000 1.000000
vt 0.375000 1.000000
vt 0.125000 0.500000
vt 0.125000 0.750000
vt 0.875000 0.500000
vt 0.875000 0.750000
vn -0.0086 -1.0000 0.0000
vn -0.0000 0.0000 -1.0000
vn 0.0086 1.0000 0.0000
vn -0.0000 0.0000 1.0000
vn 1.0000 -0.0085 0.0000
vn -1.0000 0.0085 0.0000
vn -0.0085 -1.0000 0.0000
vn 0.0085 1.0000 0.0000
usemtl Material.013
s off
f 4669/8167/786 4670/8168/786 4672/8169/786 4671/8170/786
f 4671/8170/787 4672/8169/787 4676/8171/787 4675/8172/787
f 4675/8172/788 4676/8171/788 4674/8173/788 4673/8174/788
f 4673/8174/789 4674/8173/789 4670/8175/789 4669/8176/789
f 4671/8177/790 4675/8172/790 4673/8174/790 4669/8178/790
f 4676/8171/791 4672/8179/791 4670/8180/791 4674/8173/791
f 4677/8181/792 4678/8182/792 4680/8183/792 4679/8184/792
f 4679/8184/787 4680/8183/787 4684/8185/787 4683/8186/787
f 4683/8186/793 4684/8185/793 4682/8187/793 4681/8188/793
f 4681/8188/789 4682/8187/789 4678/8189/789 4677/8190/789
f 4679/8191/790 4683/8186/790 4681/8188/790 4677/8192/790
f 4684/8185/791 4680/8193/791 4678/8194/791 4682/8187/791
f 4685/8195/792 4686/8196/792 4688/8197/792 4687/8198/792
f 4687/8198/787 4688/8197/787 4692/8199/787 4691/8200/787
f 4691/8200/793 4692/8199/793 4690/8201/793 4689/8202/793
f 4689/8202/789 4690/8201/789 4686/8203/789 4685/8204/789
f 4687/8205/790 4691/8200/790 4689/8202/790 4685/8206/790
f 4692/8199/791 4688/8207/791 4686/8208/791 4690/8201/791
f 4693/8209/792 4694/8210/792 4696/8211/792 4695/8212/792
f 4695/8212/787 4696/8211/787 4700/8213/787 4699/8214/787
f 4699/8214/793 4700/8213/793 4698/8215/793 4697/8216/793
f 4697/8216/789 4698/8215/789 4694/8217/789 4693/8218/789
f 4695/8219/790 4699/8214/790 4697/8216/790 4693/8220/790
f 4700/8213/791 4696/8221/791 4694/8222/791 4698/8215/791
f 4701/8223/792 4702/8224/792 4704/8225/792 4703/8226/792
f 4703/8226/787 4704/8225/787 4708/8227/787 4707/8228/787
f 4707/8228/793 4708/8227/793 4706/8229/793 4705/8230/793
f 4705/8230/789 4706/8229/789 4702/8231/789 4701/8232/789
f 4703/8233/790 4707/8228/790 4705/8230/790 4701/8234/790
f 4708/8227/791 4704/8235/791 4702/8236/791 4706/8229/791
o Cube.033_Cube.022
v -0.872449 2.943718 -0.300669
v -0.885915 2.943833 -0.300669
v -0.872449 2.943718 -0.310317
v -0.885915 2.943833 -0.310317
v -0.870977 3.116097 -0.300669
v -0.884443 3.116212 -0.300669
v -0.870977 3.116097 -0.310317
v -0.884443 3.116212 -0.310317
v -0.872449 2.943718 -0.169527
v -0.885915 2.943833 -0.169527
v -0.872449 2.943718 -0.179175
v -0.885915 2.943833 -0.179175
v -0.870977 3.116097 -0.169527
v -0.884443 3.116212 -0.169527
v -0.870977 3.116097 -0.179175
v -0.884443 3.116212 -0.179175
v -0.872449 2.943718 -0.200995
v -0.885915 2.943833 -0.200995
v -0.872449 2.943718 -0.210643
v -0.885915 2.943833 -0.210643
v -0.870977 3.116097 -0.200995
v -0.884443 3.116212 -0.200995
v -0.870977 3.116097 -0.210643
v -0.884443 3.116212 -0.210643
v -0.872449 2.943718 -0.236234
v -0.885915 2.943833 -0.236234
v -0.872449 2.943718 -0.245883
v -0.885915 2.943833 -0.245883
v -0.870977 3.116097 -0.236234
v -0.884443 3.116212 -0.236234
v -0.870977 3.116097 -0.245883
v -0.884443 3.116212 -0.245883
v -0.872449 2.943718 -0.272871
v -0.885915 2.943833 -0.272871
v -0.872449 2.943718 -0.282519
v -0.885915 2.943833 -0.282519
v -0.870977 3.116097 -0.272871
v -0.884443 3.116212 -0.272871
v -0.870977 3.116097 -0.282519
v -0.884443 3.116212 -0.282519
v -0.872449 2.943718 -0.134801
v -0.885915 2.943833 -0.134801
v -0.872449 2.943718 -0.144450
v -0.885915 2.943833 -0.144450
v -0.870977 3.116097 -0.134801
v -0.884443 3.116212 -0.134801
v -0.870977 3.116097 -0.144450
v -0.884443 3.116212 -0.144450
v -0.872449 2.943718 -0.003659
v -0.885915 2.943833 -0.003659
v -0.872449 2.943718 -0.013307
v -0.885915 2.943833 -0.013307
v -0.870977 3.116097 -0.003659
v -0.884443 3.116212 -0.003659
v -0.870977 3.116097 -0.013307
v -0.884443 3.116212 -0.013307
v -0.872449 2.943718 -0.035127
v -0.885915 2.943833 -0.035127
v -0.872449 2.943718 -0.044775
v -0.885915 2.943833 -0.044775
v -0.870977 3.116097 -0.035127
v -0.884443 3.116212 -0.035127
v -0.870977 3.116097 -0.044775
v -0.884443 3.116212 -0.044775
v -0.872449 2.943718 -0.070367
v -0.885915 2.943833 -0.070367
v -0.872449 2.943718 -0.080015
v -0.885915 2.943833 -0.080015
v -0.870977 3.116097 -0.070367
v -0.884443 3.116212 -0.070367
v -0.870977 3.116097 -0.080015
v -0.884443 3.116212 -0.080015
v -0.872449 2.943718 -0.107003
v -0.885915 2.943833 -0.107003
v -0.872449 2.943718 -0.116651
v -0.885915 2.943833 -0.116651
v -0.870977 3.116097 -0.107003
v -0.884443 3.116212 -0.107003
v -0.870977 3.116097 -0.116651
v -0.884443 3.116212 -0.116651
vt 0.375000 0.000000
vt 0.625000 0.000000
vt 0.625000 0.250000
vt 0.375000 0.250000
vt 0.625000 0.500000
vt 0.375000 0.500000
vt 0.625000 0.750000
vt 0.375000 0.750000
vt 0.625000 1.000000
vt 0.375000 1.000000
vt 0.125000 0.500000
vt 0.125000 0.750000
vt 0.875000 0.500000
vt 0.875000 0.750000
vt 0.375000 0.000000
vt 0.625000 0.000000
vt 0.625000 0.250000
vt 0.375000 0.250000
vt 0.625000 0.500000
vt 0.375000 0.500000
vt 0.625000 0.750000
vt 0.375000 0.750000
vt 0.625000 1.000000
vt 0.375000 1.000000
vt 0.125000 0.500000
vt 0.125000 0.750000
vt 0.875000 0.500000
vt 0.875000 0.750000
vt 0.375000 0.000000
vt 0.625000 0.000000
vt 0.625000 0.250000
vt 0.375000 0.250000
vt 0.625000 0.500000
vt 0.375000 0.500000
vt 0.625000 0.750000
vt 0.375000 0.750000
vt 0.625000 1.000000
vt 0.375000 1.000000
vt 0.125000 0.500000
vt 0.125000 0.750000
vt 0.875000 0.500000
vt 0.875000 0.750000
vt 0.375000 0.000000
vt 0.625000 0.000000
vt 0.625000 0.250000
vt 0.375000 0.250000
vt 0.625000 0.500000
vt 0.375000 0.500000
vt 0.625000 0.750000
vt 0.375000 0.750000
vt 0.625000 1.000000
vt 0.375000 1.000000
vt 0.125000 0.500000
vt 0.125000 0.750000
vt 0.875000 0.500000
vt 0.875000 0.750000
vt 0.375000 0.000000
vt 0.625000 0.000000
vt 0.625000 0.250000
vt 0.375000 0.250000
vt 0.625000 0.500000
vt 0.375000 0.500000
vt 0.625000 0.750000
vt 0.375000 0.750000
vt 0.625000 1.000000
vt 0.375000 1.000000
vt 0.125000 0.500000
vt 0.125000 0.750000
vt 0.875000 0.500000
vt 0.875000 0.750000
vt 0.375000 0.000000
vt 0.625000 0.000000
vt 0.625000 0.250000
vt 0.375000 0.250000
vt 0.625000 0.500000
vt 0.375000 0.500000
vt 0.625000 0.750000
vt 0.375000 0.750000
vt 0.625000 1.000000
vt 0.375000 1.000000
vt 0.125000 0.500000
vt 0.125000 0.750000
vt 0.875000 0.500000
vt 0.875000 0.750000
vt 0.375000 0.000000
vt 0.625000 0.000000
vt 0.625000 0.250000
vt 0.375000 0.250000
vt 0.625000 0.500000
vt 0.375000 0.500000
vt 0.625000 0.750000
vt 0.375000 0.750000
vt 0.625000 1.000000
vt 0.375000 1.000000
vt 0.125000 0.500000
vt 0.125000 0.750000
vt 0.875000 0.500000
vt 0.875000 0.750000
vt 0.375000 0.000000
vt 0.625000 0.000000
vt 0.625000 0.250000
vt 0.375000 0.250000
vt 0.625000 0.500000
vt 0.375000 0.500000
vt 0.625000 0.750000
vt 0.375000 0.750000
vt 0.625000 1.000000
vt 0.375000 1.000000
vt 0.125000 0.500000
vt 0.125000 0.750000
vt 0.875000 0.500000
vt 0.875000 0.750000
vt 0.375000 0.000000
vt 0.625000 0.000000
vt 0.625000 0.250000
vt 0.375000 0.250000
vt 0.625000 0.500000
vt 0.375000 0.500000
vt 0.625000 0.750000
vt 0.375000 0.750000
vt 0.625000 1.000000
vt 0.375000 1.000000
vt 0.125000 0.500000
vt 0.125000 0.750000
vt 0.875000 0.500000
vt 0.875000 0.750000
vt 0.375000 0.000000
vt 0.625000 0.000000
vt 0.625000 0.250000
vt 0.375000 0.250000
vt 0.625000 0.500000
vt 0.375000 0.500000
vt 0.625000 0.750000
vt 0.375000 0.750000
vt 0.625000 1.000000
vt 0.375000 1.000000
vt 0.125000 0.500000
vt 0.125000 0.750000
vt 0.875000 0.500000
vt 0.875000 0.750000
vn -0.0086 -1.0000 0.0000
vn 0.0000 0.0000 -1.0000
vn 0.0086 1.0000 0.0000
vn -0.0000 0.0000 1.0000
vn 1.0000 -0.0085 0.0000
vn -1.0000 0.0085 0.0000
vn -0.0085 -1.0000 0.0000
vn 0.0085 1.0000 0.0000
usemtl Material.013
s off
f 4709/8237/794 4710/8238/794 4712/8239/794 4711/8240/794
f 4711/8240/795 4712/8239/795 4716/8241/795 4715/8242/795
f 4715/8242/796 4716/8241/796 4714/8243/796 4713/8244/796
f 4713/8244/797 4714/8243/797 4710/8245/797 4709/8246/797
f 4711/8247/798 4715/8242/798 4713/8244/798 4709/8248/798
f 4716/8241/799 4712/8249/799 4710/8250/799 4714/8243/799
f 4717/8251/800 4718/8252/800 4720/8253/800 4719/8254/800
f 4719/8254/795 4720/8253/795 4724/8255/795 4723/8256/795
f 4723/8256/801 4724/8255/801 4722/8257/801 4721/8258/801
f 4721/8258/797 4722/8257/797 4718/8259/797 4717/8260/797
f 4719/8261/798 4723/8256/798 4721/8258/798 4717/8262/798
f 4724/8255/799 4720/8263/799 4718/8264/799 4722/8257/799
f 4725/8265/800 4726/8266/800 4728/8267/800 4727/8268/800
f 4727/8268/795 4728/8267/795 4732/8269/795 4731/8270/795
f 4731/8270/801 4732/8269/801 4730/8271/801 4729/8272/801
f 4729/8272/797 4730/8271/797 4726/8273/797 4725/8274/797
f 4727/8275/798 4731/8270/798 4729/8272/798 4725/8276/798
f 4732/8269/799 4728/8277/799 4726/8278/799 4730/8271/799
f 4733/8279/800 4734/8280/800 4736/8281/800 4735/8282/800
f 4735/8282/795 4736/8281/795 4740/8283/795 4739/8284/795
f 4739/8284/801 4740/8283/801 4738/8285/801 4737/8286/801
f 4737/8286/797 4738/8285/797 4734/8287/797 4733/8288/797
f 4735/8289/798 4739/8284/798 4737/8286/798 4733/8290/798
f 4740/8283/799 4736/8291/799 4734/8292/799 4738/8285/799
f 4741/8293/800 4742/8294/800 4744/8295/800 4743/8296/800
f 4743/8296/795 4744/8295/795 4748/8297/795 4747/8298/795
f 4747/8298/801 4748/8297/801 4746/8299/801 4745/8300/801
f 4745/8300/797 4746/8299/797 4742/8301/797 4741/8302/797
f 4743/8303/798 4747/8298/798 4745/8300/798 4741/8304/798
f 4748/8297/799 4744/8305/799 4742/8306/799 4746/8299/799
f 4749/8307/794 4750/8308/794 4752/8309/794 4751/8310/794
f 4751/8310/795 4752/8309/795 4756/8311/795 4755/8312/795
f 4755/8312/796 4756/8311/796 4754/8313/796 4753/8314/796
f 4753/8314/797 4754/8313/797 4750/8315/797 4749/8316/797
f 4751/8317/798 4755/8312/798 4753/8314/798 4749/8318/798
f 4756/8311/799 4752/8319/799 4750/8320/799 4754/8313/799
f 4757/8321/800 4758/8322/800 4760/8323/800 4759/8324/800
f 4759/8324/795 4760/8323/795 4764/8325/795 4763/8326/795
f 4763/8326/801 4764/8325/801 4762/8327/801 4761/8328/801
f 4761/8328/797 4762/8327/797 4758/8329/797 4757/8330/797
f 4759/8331/798 4763/8326/798 4761/8328/798 4757/8332/798
f 4764/8325/799 4760/8333/799 4758/8334/799 4762/8327/799
f 4765/8335/800 4766/8336/800 4768/8337/800 4767/8338/800
f 4767/8338/795 4768/8337/795 4772/8339/795 4771/8340/795
f 4771/8340/801 4772/8339/801 4770/8341/801 4769/8342/801
f 4769/8342/797 4770/8341/797 4766/8343/797 4765/8344/797
f 4767/8345/798 4771/8340/798 4769/8342/798 4765/8346/798
f 4772/8339/799 4768/8347/799 4766/8348/799 4770/8341/799
f 4773/8349/800 4774/8350/800 4776/8351/800 4775/8352/800
f 4775/8352/795 4776/8351/795 4780/8353/795 4779/8354/795
f 4779/8354/801 4780/8353/801 4778/8355/801 4777/8356/801
f 4777/8356/797 4778/8355/797 4774/8357/797 4773/8358/797
f 4775/8359/798 4779/8354/798 4777/8356/798 4773/8360/798
f 4780/8353/799 4776/8361/799 4774/8362/799 4778/8355/799
f 4781/8363/800 4782/8364/800 4784/8365/800 4783/8366/800
f 4783/8366/795 4784/8365/795 4788/8367/795 4787/8368/795
f 4787/8368/801 4788/8367/801 4786/8369/801 4785/8370/801
f 4785/8370/797 4786/8369/797 4782/8371/797 4781/8372/797
f 4783/8373/798 4787/8368/798 4785/8370/798 4781/8374/798
f 4788/8367/799 4784/8375/799 4782/8376/799 4786/8369/799
o Cube.034_Cube.024
v -0.872449 2.943718 0.032780
v -0.885915 2.943833 0.032780
v -0.872449 2.943718 0.023132
v -0.885915 2.943833 0.023132
v -0.870977 3.116097 0.032780
v -0.884443 3.116212 0.032780
v -0.870977 3.116097 0.023132
v -0.884443 3.116212 0.023132
v -0.872449 2.943718 0.163923
v -0.885915 2.943833 0.163923
v -0.872449 2.943718 0.154274
v -0.885915 2.943833 0.154274
v -0.870977 3.116097 0.163923
v -0.884443 3.116212 0.163923
v -0.870977 3.116097 0.154274
v -0.884443 3.116212 0.154274
v -0.872449 2.943718 0.132454
v -0.885915 2.943833 0.132454
v -0.872449 2.943718 0.122806
v -0.885915 2.943833 0.122806
v -0.870977 3.116097 0.132454
v -0.884443 3.116212 0.132454
v -0.870977 3.116097 0.122806
v -0.884443 3.116212 0.122806
v -0.872449 2.943718 0.097215
v -0.885915 2.943833 0.097215
v -0.872449 2.943718 0.087567
v -0.885915 2.943833 0.087567
v -0.870977 3.116097 0.097215
v -0.884443 3.116212 0.097215
v -0.870977 3.116097 0.087567
v -0.884443 3.116212 0.087567
v -0.872449 2.943718 0.060579
v -0.885915 2.943833 0.060579
v -0.872449 2.943718 0.050931
v -0.885915 2.943833 0.050931
v -0.870977 3.116097 0.060579
v -0.884443 3.116212 0.060579
v -0.870977 3.116097 0.050931
v -0.884443 3.116212 0.050931
v -0.872449 2.943718 0.198648
v -0.885915 2.943833 0.198648
v -0.872449 2.943718 0.189000
v -0.885915 2.943833 0.189000
v -0.870977 3.116097 0.198648
v -0.884443 3.116212 0.198648
v -0.870977 3.116097 0.189000
v -0.884443 3.116212 0.189000
v -0.872449 2.943718 0.329791
v -0.885915 2.943833 0.329791
v -0.872449 2.943718 0.320142
v -0.885915 2.943833 0.320142
v -0.870977 3.116097 0.329791
v -0.884443 3.116212 0.329791
v -0.870977 3.116097 0.320142
v -0.884443 3.116212 0.320142
v -0.872449 2.943718 0.298322
v -0.885915 2.943833 0.298322
v -0.872449 2.943718 0.288674
v -0.885915 2.943833 0.288674
v -0.870977 3.116097 0.298322
v -0.884443 3.116212 0.298322
v -0.870977 3.116097 0.288674
v -0.884443 3.116212 0.288674
v -0.872449 2.943718 0.263083
v -0.885915 2.943833 0.263083
v -0.872449 2.943718 0.253435
v -0.885915 2.943833 0.253435
v -0.870977 3.116097 0.263083
v -0.884443 3.116212 0.263083
v -0.870977 3.116097 0.253435
v -0.884443 3.116212 0.253435
v -0.872449 2.943718 0.226447
v -0.885915 2.943833 0.226447
v -0.872449 2.943718 0.216799
v -0.885915 2.943833 0.216799
v -0.870977 3.116097 0.226447
v -0.884443 3.116212 0.226447
v -0.870977 3.116097 0.216799
v -0.884443 3.116212 0.216799
vt 0.375000 0.000000
vt 0.625000 0.000000
vt 0.625000 0.250000
vt 0.375000 0.250000
vt 0.625000 0.500000
vt 0.375000 0.500000
vt 0.625000 0.750000
vt 0.375000 0.750000
vt 0.625000 1.000000
vt 0.375000 1.000000
vt 0.125000 0.500000
vt 0.125000 0.750000
vt 0.875000 0.500000
vt 0.875000 0.750000
vt 0.375000 0.000000
vt 0.625000 0.000000
vt 0.625000 0.250000
vt 0.375000 0.250000
vt 0.625000 0.500000
vt 0.375000 0.500000
vt 0.625000 0.750000
vt 0.375000 0.750000
vt 0.625000 1.000000
vt 0.375000 1.000000
vt 0.125000 0.500000
vt 0.125000 0.750000
vt 0.875000 0.500000
vt 0.875000 0.750000
vt 0.375000 0.000000
vt 0.625000 0.000000
vt 0.625000 0.250000
vt 0.375000 0.250000
vt 0.625000 0.500000
vt 0.375000 0.500000
vt 0.625000 0.750000
vt 0.375000 0.750000
vt 0.625000 1.000000
vt 0.375000 1.000000
vt 0.125000 0.500000
vt 0.125000 0.750000
vt 0.875000 0.500000
vt 0.875000 0.750000
vt 0.375000 0.000000
vt 0.625000 0.000000
vt 0.625000 0.250000
vt 0.375000 0.250000
vt 0.625000 0.500000
vt 0.375000 0.500000
vt 0.625000 0.750000
vt 0.375000 0.750000
vt 0.625000 1.000000
vt 0.375000 1.000000
vt 0.125000 0.500000
vt 0.125000 0.750000
vt 0.875000 0.500000
vt 0.875000 0.750000
vt 0.375000 0.000000
vt 0.625000 0.000000
vt 0.625000 0.250000
vt 0.375000 0.250000
vt 0.625000 0.500000
vt 0.375000 0.500000
vt 0.625000 0.750000
vt 0.375000 0.750000
vt 0.625000 1.000000
vt 0.375000 1.000000
vt 0.125000 0.500000
vt 0.125000 0.750000
vt 0.875000 0.500000
vt 0.875000 0.750000
vt 0.375000 0.000000
vt 0.625000 0.000000
vt 0.625000 0.250000
vt 0.375000 0.250000
vt 0.625000 0.500000
vt 0.375000 0.500000
vt 0.625000 0.750000
vt 0.375000 0.750000
vt 0.625000 1.000000
vt 0.375000 1.000000
vt 0.125000 0.500000
vt 0.125000 0.750000
vt 0.875000 0.500000
vt 0.875000 0.750000
vt 0.375000 0.000000
vt 0.625000 0.000000
vt 0.625000 0.250000
vt 0.375000 0.250000
vt 0.625000 0.500000
vt 0.375000 0.500000
vt 0.625000 0.750000
vt 0.375000 0.750000
vt 0.625000 1.000000
vt 0.375000 1.000000
vt 0.125000 0.500000
vt 0.125000 0.750000
vt 0.875000 0.500000
vt 0.875000 0.750000
vt 0.375000 0.000000
vt 0.625000 0.000000
vt 0.625000 0.250000
vt 0.375000 0.250000
vt 0.625000 0.500000
vt 0.375000 0.500000
vt 0.625000 0.750000
vt 0.375000 0.750000
vt 0.625000 1.000000
vt 0.375000 1.000000
vt 0.125000 0.500000
vt 0.125000 0.750000
vt 0.875000 0.500000
vt 0.875000 0.750000
vt 0.375000 0.000000
vt 0.625000 0.000000
vt 0.625000 0.250000
vt 0.375000 0.250000
vt 0.625000 0.500000
vt 0.375000 0.500000
vt 0.625000 0.750000
vt 0.375000 0.750000
vt 0.625000 1.000000
vt 0.375000 1.000000
vt 0.125000 0.500000
vt 0.125000 0.750000
vt 0.875000 0.500000
vt 0.875000 0.750000
vt 0.375000 0.000000
vt 0.625000 0.000000
vt 0.625000 0.250000
vt 0.375000 0.250000
vt 0.625000 0.500000
vt 0.375000 0.500000
vt 0.625000 0.750000
vt 0.375000 0.750000
vt 0.625000 1.000000
vt 0.375000 1.000000
vt 0.125000 0.500000
vt 0.125000 0.750000
vt 0.875000 0.500000
vt 0.875000 0.750000
vn -0.0086 -1.0000 0.0000
vn 0.0000 0.0000 -1.0000
vn 0.0086 1.0000 0.0000
vn 0.0000 0.0000 1.0000
vn 1.0000 -0.0085 0.0000
vn -1.0000 0.0085 0.0000
vn -0.0085 -1.0000 0.0000
vn 0.0085 1.0000 0.0000
usemtl Material.013
s off
f 4789/8377/802 4790/8378/802 4792/8379/802 4791/8380/802
f 4791/8380/803 4792/8379/803 4796/8381/803 4795/8382/803
f 4795/8382/804 4796/8381/804 4794/8383/804 4793/8384/804
f 4793/8384/805 4794/8383/805 4790/8385/805 4789/8386/805
f 4791/8387/806 4795/8382/806 4793/8384/806 4789/8388/806
f 4796/8381/807 4792/8389/807 4790/8390/807 4794/8383/807
f 4797/8391/808 4798/8392/808 4800/8393/808 4799/8394/808
f 4799/8394/803 4800/8393/803 4804/8395/803 4803/8396/803
f 4803/8396/809 4804/8395/809 4802/8397/809 4801/8398/809
f 4801/8398/805 4802/8397/805 4798/8399/805 4797/8400/805
f 4799/8401/806 4803/8396/806 4801/8398/806 4797/8402/806
f 4804/8395/807 4800/8403/807 4798/8404/807 4802/8397/807
f 4805/8405/808 4806/8406/808 4808/8407/808 4807/8408/808
f 4807/8408/803 4808/8407/803 4812/8409/803 4811/8410/803
f 4811/8410/809 4812/8409/809 4810/8411/809 4809/8412/809
f 4809/8412/805 4810/8411/805 4806/8413/805 4805/8414/805
f 4807/8415/806 4811/8410/806 4809/8412/806 4805/8416/806
f 4812/8409/807 4808/8417/807 4806/8418/807 4810/8411/807
f 4813/8419/808 4814/8420/808 4816/8421/808 4815/8422/808
f 4815/8422/803 4816/8421/803 4820/8423/803 4819/8424/803
f 4819/8424/809 4820/8423/809 4818/8425/809 4817/8426/809
f 4817/8426/805 4818/8425/805 4814/8427/805 4813/8428/805
f 4815/8429/806 4819/8424/806 4817/8426/806 4813/8430/806
f 4820/8423/807 4816/8431/807 4814/8432/807 4818/8425/807
f 4821/8433/808 4822/8434/808 4824/8435/808 4823/8436/808
f 4823/8436/803 4824/8435/803 4828/8437/803 4827/8438/803
f 4827/8438/809 4828/8437/809 4826/8439/809 4825/8440/809
f 4825/8440/805 4826/8439/805 4822/8441/805 4821/8442/805
f 4823/8443/806 4827/8438/806 4825/8440/806 4821/8444/806
f 4828/8437/807 4824/8445/807 4822/8446/807 4826/8439/807
f 4829/8447/802 4830/8448/802 4832/8449/802 4831/8450/802
f 4831/8450/803 4832/8449/803 4836/8451/803 4835/8452/803
f 4835/8452/804 4836/8451/804 4834/8453/804 4833/8454/804
f 4833/8454/805 4834/8453/805 4830/8455/805 4829/8456/805
f 4831/8457/806 4835/8452/806 4833/8454/806 4829/8458/806
f 4836/8451/807 4832/8459/807 4830/8460/807 4834/8453/807
f 4837/8461/808 4838/8462/808 4840/8463/808 4839/8464/808
f 4839/8464/803 4840/8463/803 4844/8465/803 4843/8466/803
f 4843/8466/809 4844/8465/809 4842/8467/809 4841/8468/809
f 4841/8468/805 4842/8467/805 4838/8469/805 4837/8470/805
f 4839/8471/806 4843/8466/806 4841/8468/806 4837/8472/806
f 4844/8465/807 4840/8473/807 4838/8474/807 4842/8467/807
f 4845/8475/808 4846/8476/808 4848/8477/808 4847/8478/808
f 4847/8478/803 4848/8477/803 4852/8479/803 4851/8480/803
f 4851/8480/809 4852/8479/809 4850/8481/809 4849/8482/809
f 4849/8482/805 4850/8481/805 4846/8483/805 4845/8484/805
f 4847/8485/806 4851/8480/806 4849/8482/806 4845/8486/806
f 4852/8479/807 4848/8487/807 4846/8488/807 4850/8481/807
f 4853/8489/808 4854/8490/808 4856/8491/808 4855/8492/808
f 4855/8492/803 4856/8491/803 4860/8493/803 4859/8494/803
f 4859/8494/809 4860/8493/809 4858/8495/809 4857/8496/809
f 4857/8496/805 4858/8495/805 4854/8497/805 4853/8498/805
f 4855/8499/806 4859/8494/806 4857/8496/806 4853/8500/806
f 4860/8493/807 4856/8501/807 4854/8502/807 4858/8495/807
f 4861/8503/808 4862/8504/808 4864/8505/808 4863/8506/808
f 4863/8506/803 4864/8505/803 4868/8507/803 4867/8508/803
f 4867/8508/809 4868/8507/809 4866/8509/809 4865/8510/809
f 4865/8510/805 4866/8509/805 4862/8511/805 4861/8512/805
f 4863/8513/806 4867/8508/806 4865/8510/806 4861/8514/806
f 4868/8507/807 4864/8515/807 4862/8516/807 4866/8509/807
o Cube.035_Cube.026
v -0.872449 2.943718 0.372852
v -0.885915 2.943833 0.372852
v -0.872449 2.943718 0.363203
v -0.885915 2.943833 0.363203
v -0.870977 3.116097 0.372852
v -0.884443 3.116212 0.372852
v -0.870977 3.116097 0.363203
v -0.884443 3.116212 0.363203
v -0.872449 2.943718 0.503994
v -0.885915 2.943833 0.503994
v -0.872449 2.943718 0.494346
v -0.885915 2.943833 0.494346
v -0.870977 3.116097 0.503994
v -0.884443 3.116212 0.503994
v -0.870977 3.116097 0.494346
v -0.884443 3.116212 0.494346
v -0.872449 2.943718 0.472526
v -0.885915 2.943833 0.472526
v -0.872449 2.943718 0.462878
v -0.885915 2.943833 0.462878
v -0.870977 3.116097 0.472526
v -0.884443 3.116212 0.472526
v -0.870977 3.116097 0.462878
v -0.884443 3.116212 0.462878
v -0.872449 2.943718 0.437286
v -0.885915 2.943833 0.437286
v -0.872449 2.943718 0.427638
v -0.885915 2.943833 0.427638
v -0.870977 3.116097 0.437286
v -0.884443 3.116212 0.437286
v -0.870977 3.116097 0.427638
v -0.884443 3.116212 0.427638
v -0.872449 2.943718 0.400650
v -0.885915 2.943833 0.400650
v -0.872449 2.943718 0.391002
v -0.885915 2.943833 0.391002
v -0.870977 3.116097 0.400650
v -0.884443 3.116212 0.400650
v -0.870977 3.116097 0.391002
v -0.884443 3.116212 0.391002
v -0.872449 2.943718 0.538719
v -0.885915 2.943833 0.538719
v -0.872449 2.943718 0.529071
v -0.885915 2.943833 0.529071
v -0.870977 3.116097 0.538719
v -0.884443 3.116212 0.538719
v -0.870977 3.116097 0.529071
v -0.884443 3.116212 0.529071
v -0.872449 2.943718 0.669862
v -0.885915 2.943833 0.669862
v -0.872449 2.943718 0.660214
v -0.885915 2.943833 0.660214
v -0.870977 3.116097 0.669862
v -0.884443 3.116212 0.669862
v -0.870977 3.116097 0.660214
v -0.884443 3.116212 0.660214
v -0.872449 2.943718 0.638394
v -0.885915 2.943833 0.638394
v -0.872449 2.943718 0.628746
v -0.885915 2.943833 0.628746
v -0.870977 3.116097 0.638394
v -0.884443 3.116212 0.638394
v -0.870977 3.116097 0.628746
v -0.884443 3.116212 0.628746
v -0.872449 2.943718 0.603154
v -0.885915 2.943833 0.603154
v -0.872449 2.943718 0.593506
v -0.885915 2.943833 0.593506
v -0.870977 3.116097 0.603154
v -0.884443 3.116212 0.603154
v -0.870977 3.116097 0.593506
v -0.884443 3.116212 0.593506
v -0.872449 2.943718 0.566518
v -0.885915 2.943833 0.566518
v -0.872449 2.943718 0.556870
v -0.885915 2.943833 0.556870
v -0.870977 3.116097 0.566518
v -0.884443 3.116212 0.566518
v -0.870977 3.116097 0.556870
v -0.884443 3.116212 0.556870
vt 0.375000 0.000000
vt 0.625000 0.000000
vt 0.625000 0.250000
vt 0.375000 0.250000
vt 0.625000 0.500000
vt 0.375000 0.500000
vt 0.625000 0.750000
vt 0.375000 0.750000
vt 0.625000 1.000000
vt 0.375000 1.000000
vt 0.125000 0.500000
vt 0.125000 0.750000
vt 0.875000 0.500000
vt 0.875000 0.750000
vt 0.375000 0.000000
vt 0.625000 0.000000
vt 0.625000 0.250000
vt 0.375000 0.250000
vt 0.625000 0.500000
vt 0.375000 0.500000
vt 0.625000 0.750000
vt 0.375000 0.750000
vt 0.625000 1.000000
vt 0.375000 1.000000
vt 0.125000 0.500000
vt 0.125000 0.750000
vt 0.875000 0.500000
vt 0.875000 0.750000
vt 0.375000 0.000000
vt 0.625000 0.000000
vt 0.625000 0.250000
vt 0.375000 0.250000
vt 0.625000 0.500000
vt 0.375000 0.500000
vt 0.625000 0.750000
vt 0.375000 0.750000
vt 0.625000 1.000000
vt 0.375000 1.000000
vt 0.125000 0.500000
vt 0.125000 0.750000
vt 0.875000 0.500000
vt 0.875000 0.750000
vt 0.375000 0.000000
vt 0.625000 0.000000
vt 0.625000 0.250000
vt 0.375000 0.250000
vt 0.625000 0.500000
vt 0.375000 0.500000
vt 0.625000 0.750000
vt 0.375000 0.750000
vt 0.625000 1.000000
vt 0.375000 1.000000
vt 0.125000 0.500000
vt 0.125000 0.750000
vt 0.875000 0.500000
vt 0.875000 0.750000
vt 0.375000 0.000000
vt 0.625000 0.000000
vt 0.625000 0.250000
vt 0.375000 0.250000
vt 0.625000 0.500000
vt 0.375000 0.500000
vt 0.625000 0.750000
vt 0.375000 0.750000
vt 0.625000 1.000000
vt 0.375000 1.000000
vt 0.125000 0.500000
vt 0.125000 0.750000
vt 0.875000 0.500000
vt 0.875000 0.750000
vt 0.375000 0.000000
vt 0.625000 0.000000
vt 0.625000 0.250000
vt 0.375000 0.250000
vt 0.625000 0.500000
vt 0.375000 0.500000
vt 0.625000 0.750000
vt 0.375000 0.750000
vt 0.625000 1.000000
vt 0.375000 1.000000
vt 0.125000 0.500000
vt 0.125000 0.750000
vt 0.875000 0.500000
vt 0.875000 0.750000
vt 0.375000 0.000000
vt 0.625000 0.000000
vt 0.625000 0.250000
vt 0.375000 0.250000
vt 0.625000 0.500000
vt 0.375000 0.500000
vt 0.625000 0.750000
vt 0.375000 0.750000
vt 0.625000 1.000000
vt 0.375000 1.000000
vt 0.125000 0.500000
vt 0.125000 0.750000
vt 0.875000 0.500000
vt 0.875000 0.750000
vt 0.375000 0.000000
vt 0.625000 0.000000
vt 0.625000 0.250000
vt 0.375000 0.250000
vt 0.625000 0.500000
vt 0.375000 0.500000
vt 0.625000 0.750000
vt 0.375000 0.750000
vt 0.625000 1.000000
vt 0.375000 1.000000
vt 0.125000 0.500000
vt 0.125000 0.750000
vt 0.875000 0.500000
vt 0.875000 0.750000
vt 0.375000 0.000000
vt 0.625000 0.000000
vt 0.625000 0.250000
vt 0.375000 0.250000
vt 0.625000 0.500000
vt 0.375000 0.500000
vt 0.625000 0.750000
vt 0.375000 0.750000
vt 0.625000 1.000000
vt 0.375000 1.000000
vt 0.125000 0.500000
vt 0.125000 0.750000
vt 0.875000 0.500000
vt 0.875000 0.750000
vt 0.375000 0.000000
vt 0.625000 0.000000
vt 0.625000 0.250000
vt 0.375000 0.250000
vt 0.625000 0.500000
vt 0.375000 0.500000
vt 0.625000 0.750000
vt 0.375000 0.750000
vt 0.625000 1.000000
vt 0.375000 1.000000
vt 0.125000 0.500000
vt 0.125000 0.750000
vt 0.875000 0.500000
vt 0.875000 0.750000
vn -0.0086 -1.0000 0.0000
vn -0.0000 0.0000 -1.0000
vn 0.0086 1.0000 0.0000
vn -0.0000 0.0000 1.0000
vn 1.0000 -0.0085 0.0000
vn -1.0000 0.0085 0.0000
vn -0.0085 -1.0000 0.0000
vn 0.0085 1.0000 0.0000
usemtl Material.013
s off
f 4869/8517/810 4870/8518/810 4872/8519/810 4871/8520/810
f 4871/8520/811 4872/8519/811 4876/8521/811 4875/8522/811
f 4875/8522/812 4876/8521/812 4874/8523/812 4873/8524/812
f 4873/8524/813 4874/8523/813 4870/8525/813 4869/8526/813
f 4871/8527/814 4875/8522/814 4873/8524/814 4869/8528/814
f 4876/8521/815 4872/8529/815 4870/8530/815 4874/8523/815
f 4877/8531/816 4878/8532/816 4880/8533/816 4879/8534/816
f 4879/8534/811 4880/8533/811 4884/8535/811 4883/8536/811
f 4883/8536/817 4884/8535/817 4882/8537/817 4881/8538/817
f 4881/8538/813 4882/8537/813 4878/8539/813 4877/8540/813
f 4879/8541/814 4883/8536/814 4881/8538/814 4877/8542/814
f 4884/8535/815 4880/8543/815 4878/8544/815 4882/8537/815
f 4885/8545/816 4886/8546/816 4888/8547/816 4887/8548/816
f 4887/8548/811 4888/8547/811 4892/8549/811 4891/8550/811
f 4891/8550/817 4892/8549/817 4890/8551/817 4889/8552/817
f 4889/8552/813 4890/8551/813 4886/8553/813 4885/8554/813
f 4887/8555/814 4891/8550/814 4889/8552/814 4885/8556/814
f 4892/8549/815 4888/8557/815 4886/8558/815 4890/8551/815
f 4893/8559/816 4894/8560/816 4896/8561/816 4895/8562/816
f 4895/8562/811 4896/8561/811 4900/8563/811 4899/8564/811
f 4899/8564/817 4900/8563/817 4898/8565/817 4897/8566/817
f 4897/8566/813 4898/8565/813 4894/8567/813 4893/8568/813
f 4895/8569/814 4899/8564/814 4897/8566/814 4893/8570/814
f 4900/8563/815 4896/8571/815 4894/8572/815 4898/8565/815
f 4901/8573/816 4902/8574/816 4904/8575/816 4903/8576/816
f 4903/8576/811 4904/8575/811 4908/8577/811 4907/8578/811
f 4907/8578/817 4908/8577/817 4906/8579/817 4905/8580/817
f 4905/8580/813 4906/8579/813 4902/8581/813 4901/8582/813
f 4903/8583/814 4907/8578/814 4905/8580/814 4901/8584/814
f 4908/8577/815 4904/8585/815 4902/8586/815 4906/8579/815
f 4909/8587/810 4910/8588/810 4912/8589/810 4911/8590/810
f 4911/8590/811 4912/8589/811 4916/8591/811 4915/8592/811
f 4915/8592/812 4916/8591/812 4914/8593/812 4913/8594/812
f 4913/8594/813 4914/8593/813 4910/8595/813 4909/8596/813
f 4911/8597/814 4915/8592/814 4913/8594/814 4909/8598/814
f 4916/8591/815 4912/8599/815 4910/8600/815 4914/8593/815
f 4917/8601/816 4918/8602/816 4920/8603/816 4919/8604/816
f 4919/8604/811 4920/8603/811 4924/8605/811 4923/8606/811
f 4923/8606/817 4924/8605/817 4922/8607/817 4921/8608/817
f 4921/8608/813 4922/8607/813 4918/8609/813 4917/8610/813
f 4919/8611/814 4923/8606/814 4921/8608/814 4917/8612/814
f 4924/8605/815 4920/8613/815 4918/8614/815 4922/8607/815
f 4925/8615/816 4926/8616/816 4928/8617/816 4927/8618/816
f 4927/8618/811 4928/8617/811 4932/8619/811 4931/8620/811
f 4931/8620/817 4932/8619/817 4930/8621/817 4929/8622/817
f 4929/8622/813 4930/8621/813 4926/8623/813 4925/8624/813
f 4927/8625/814 4931/8620/814 4929/8622/814 4925/8626/814
f 4932/8619/815 4928/8627/815 4926/8628/815 4930/8621/815
f 4933/8629/816 4934/8630/816 4936/8631/816 4935/8632/816
f 4935/8632/811 4936/8631/811 4940/8633/811 4939/8634/811
f 4939/8634/817 4940/8633/817 4938/8635/817 4937/8636/817
f 4937/8636/813 4938/8635/813 4934/8637/813 4933/8638/813
f 4935/8639/814 4939/8634/814 4937/8636/814 4933/8640/814
f 4940/8633/815 4936/8641/815 4934/8642/815 4938/8635/815
f 4941/8643/816 4942/8644/816 4944/8645/816 4943/8646/816
f 4943/8646/811 4944/8645/811 4948/8647/811 4947/8648/811
f 4947/8648/817 4948/8647/817 4946/8649/817 4945/8650/817
f 4945/8650/813 4946/8649/813 4942/8651/813 4941/8652/813
f 4943/8653/814 4947/8648/814 4945/8650/814 4941/8654/814
f 4948/8647/815 4944/8655/815 4942/8656/815 4946/8649/815
o Cube.036_Cube.027
v -0.795235 3.155279 -0.042765
v -0.795235 3.193258 -0.042765
v -0.795235 3.155279 -0.142283
v -0.795235 3.193258 -0.142283
v -0.695526 3.155279 -0.042765
v -0.695526 3.193258 -0.042765
v -0.695526 3.155279 -0.142283
v -0.695526 3.193258 -0.142283
vt 0.375000 0.000000
vt 0.625000 0.000000
vt 0.625000 0.250000
vt 0.375000 0.250000
vt 0.625000 0.500000
vt 0.375000 0.500000
vt 0.625000 0.750000
vt 0.375000 0.750000
vt 0.625000 1.000000
vt 0.375000 1.000000
vt 0.125000 0.500000
vt 0.125000 0.750000
vt 0.875000 0.500000
vt 0.875000 0.750000
vn -1.0000 0.0000 0.0000
vn 0.0000 0.0000 -1.0000
vn 1.0000 0.0000 0.0000
vn 0.0000 0.0000 1.0000
vn 0.0000 -1.0000 0.0000
vn 0.0000 1.0000 0.0000
usemtl Material.015
s off
f 4949/8657/818 4950/8658/818 4952/8659/818 4951/8660/818
f 4951/8660/819 4952/8659/819 4956/8661/819 4955/8662/819
f 4955/8662/820 4956/8661/820 4954/8663/820 4953/8664/820
f 4953/8664/821 4954/8663/821 4950/8665/821 4949/8666/821
f 4951/8667/822 4955/8662/822 4953/8664/822 4949/8668/822
f 4956/8661/823 4952/8669/823 4950/8670/823 4954/8663/823
o Cube.038_Cube.028
v -0.810275 3.149550 0.147634
v -0.810275 3.198987 0.147634
v -0.810275 3.149550 0.018094
v -0.810275 3.198987 0.018094
v -0.680486 3.149550 0.147634
v -0.680486 3.198987 0.147634
v -0.680486 3.149550 0.018094
v -0.680486 3.198987 0.018094
vt 0.375000 0.000000
vt 0.625000 0.000000
vt 0.625000 0.250000
vt 0.375000 0.250000
vt 0.625000 0.500000
vt 0.375000 0.500000
vt 0.625000 0.750000
vt 0.375000 0.750000
vt 0.625000 1.000000
vt 0.375000 1.000000
vt 0.125000 0.500000
vt 0.125000 0.750000
vt 0.875000 0.500000
vt 0.875000 0.750000
vn -1.0000 0.0000 0.0000
vn 0.0000 0.0000 -1.0000
vn 1.0000 0.0000 0.0000
vn 0.0000 0.0000 1.0000
vn 0.0000 -1.0000 0.0000
vn 0.0000 1.0000 0.0000
usemtl Material.015
s off
f 4957/8671/824 4958/8672/824 4960/8673/824 4959/8674/824
f 4959/8674/825 4960/8673/825 4964/8675/825 4963/8676/825
f 4963/8676/826 4964/8675/826 4962/8677/826 4961/8678/826
f 4961/8678/827 4962/8677/827 4958/8679/827 4957/8680/827
f 4959/8681/828 4963/8676/828 4961/8678/828 4957/8682/828
f 4964/8675/829 4960/8683/829 4958/8684/829 4962/8677/829
o Cube.039_Cube.029
v -0.773846 3.191406 -0.109176
v -0.773684 3.199354 -0.109176
v -0.773846 3.191406 -0.113353
v -0.773684 3.199354 -0.113353
v -0.704070 3.189985 -0.109176
v -0.703908 3.197932 -0.109176
v -0.704070 3.189985 -0.113353
v -0.703908 3.197932 -0.113353
v -0.773846 3.191406 -0.052397
v -0.773684 3.199354 -0.052397
v -0.773846 3.191406 -0.056574
v -0.773684 3.199354 -0.056574
v -0.704070 3.189985 -0.052397
v -0.703908 3.197932 -0.052397
v -0.704070 3.189985 -0.056574
v -0.703908 3.197932 -0.056574
v -0.773846 3.191406 -0.066022
v -0.773684 3.199354 -0.066022
v -0.773846 3.191406 -0.070199
v -0.773684 3.199354 -0.070199
v -0.704070 3.189985 -0.066022
v -0.703908 3.197932 -0.066022
v -0.704070 3.189985 -0.070199
v -0.703908 3.197932 -0.070199
v -0.773846 3.191406 -0.081279
v -0.773684 3.199354 -0.081279
v -0.773846 3.191406 -0.085456
v -0.773684 3.199354 -0.085456
v -0.704070 3.189985 -0.081279
v -0.703908 3.197932 -0.081279
v -0.704070 3.189985 -0.085456
v -0.703908 3.197932 -0.085456
v -0.773846 3.191406 -0.097140
v -0.773684 3.199354 -0.097140
v -0.773846 3.191406 -0.101317
v -0.773684 3.199354 -0.101317
v -0.704070 3.189985 -0.097140
v -0.703908 3.197932 -0.097140
v -0.704070 3.189985 -0.101317
v -0.703908 3.197932 -0.101317
vt 0.375000 0.000000
vt 0.625000 0.000000
vt 0.625000 0.250000
vt 0.375000 0.250000
vt 0.625000 0.500000
vt 0.375000 0.500000
vt 0.625000 0.750000
vt 0.375000 0.750000
vt 0.625000 1.000000
vt 0.375000 1.000000
vt 0.125000 0.500000
vt 0.125000 0.750000
vt 0.875000 0.500000
vt 0.875000 0.750000
vt 0.375000 0.000000
vt 0.625000 0.000000
vt 0.625000 0.250000
vt 0.375000 0.250000
vt 0.625000 0.500000
vt 0.375000 0.500000
vt 0.625000 0.750000
vt 0.375000 0.750000
vt 0.625000 1.000000
vt 0.375000 1.000000
vt 0.125000 0.500000
vt 0.125000 0.750000
vt 0.875000 0.500000
vt 0.875000 0.750000
vt 0.375000 0.000000
vt 0.625000 0.000000
vt 0.625000 0.250000
vt 0.375000 0.250000
vt 0.625000 0.500000
vt 0.375000 0.500000
vt 0.625000 0.750000
vt 0.375000 0.750000
vt 0.625000 1.000000
vt 0.375000 1.000000
vt 0.125000 0.500000
vt 0.125000 0.750000
vt 0.875000 0.500000
vt 0.875000 0.750000
vt 0.375000 0.000000
vt 0.625000 0.000000
vt 0.625000 0.250000
vt 0.375000 0.250000
vt 0.625000 0.500000
vt 0.375000 0.500000
vt 0.625000 0.750000
vt 0.375000 0.750000
vt 0.625000 1.000000
vt 0.375000 1.000000
vt 0.125000 0.500000
vt 0.125000 0.750000
vt 0.875000 0.500000
vt 0.875000 0.750000
vt 0.375000 0.000000
vt 0.625000 0.000000
vt 0.625000 0.250000
vt 0.375000 0.250000
vt 0.625000 0.500000
vt 0.375000 0.500000
vt 0.625000 0.750000
vt 0.375000 0.750000
vt 0.625000 1.000000
vt 0.375000 1.000000
vt 0.125000 0.500000
vt 0.125000 0.750000
vt 0.875000 0.500000
vt 0.875000 0.750000
vn -0.9998 0.0204 0.0000
vn 0.0000 0.0000 -1.0000
vn 0.9998 -0.0204 0.0000
vn 0.0000 0.0000 1.0000
vn -0.0204 -0.9998 0.0000
vn 0.0204 0.9998 0.0000
usemtl Material.013
s off
f 4965/8685/830 4966/8686/830 4968/8687/830 4967/8688/830
f 4967/8688/831 4968/8687/831 4972/8689/831 4971/8690/831
f 4971/8690/832 4972/8689/832 4970/8691/832 4969/8692/832
f 4969/8692/833 4970/8691/833 4966/8693/833 4965/8694/833
f 4967/8695/834 4971/8690/834 4969/8692/834 4965/8696/834
f 4972/8689/835 4968/8697/835 4966/8698/835 4970/8691/835
f 4973/8699/830 4974/8700/830 4976/8701/830 4975/8702/830
f 4975/8702/831 4976/8701/831 4980/8703/831 4979/8704/831
f 4979/8704/832 4980/8703/832 4978/8705/832 4977/8706/832
f 4977/8706/833 4978/8705/833 4974/8707/833 4973/8708/833
f 4975/8709/834 4979/8704/834 4977/8706/834 4973/8710/834
f 4980/8703/835 4976/8711/835 4974/8712/835 4978/8705/835
f 4981/8713/830 4982/8714/830 4984/8715/830 4983/8716/830
f 4983/8716/831 4984/8715/831 4988/8717/831 4987/8718/831
f 4987/8718/832 4988/8717/832 4986/8719/832 4985/8720/832
f 4985/8720/833 4986/8719/833 4982/8721/833 4981/8722/833
f 4983/8723/834 4987/8718/834 4985/8720/834 4981/8724/834
f 4988/8717/835 4984/8725/835 4982/8726/835 4986/8719/835
f 4989/8727/830 4990/8728/830 4992/8729/830 4991/8730/830
f 4991/8730/831 4992/8729/831 4996/8731/831 4995/8732/831
f 4995/8732/832 4996/8731/832 4994/8733/832 4993/8734/832
f 4993/8734/833 4994/8733/833 4990/8735/833 4989/8736/833
f 4991/8737/834 4995/8732/834 4993/8734/834 4989/8738/834
f 4996/8731/835 4992/8739/835 4990/8740/835 4994/8733/835
f 4997/8741/830 4998/8742/830 5000/8743/830 4999/8744/830
f 4999/8744/831 5000/8743/831 5004/8745/831 5003/8746/831
f 5003/8746/832 5004/8745/832 5002/8747/832 5001/8748/832
f 5001/8748/833 5002/8747/833 4998/8749/833 4997/8750/833
f 4999/8751/834 5003/8746/834 5001/8748/834 4997/8752/834
f 5004/8745/835 5000/8753/835 4998/8754/835 5002/8747/835
o Cube.040_Cube.030
v -0.801288 3.195886 0.034526
v -0.801567 3.204822 0.034526
v -0.801288 3.195886 0.028123
v -0.801567 3.204822 0.028123
v -0.694375 3.199220 0.034526
v -0.694653 3.208157 0.034526
v -0.694375 3.199220 0.028123
v -0.694653 3.208157 0.028123
v -0.801288 3.195886 0.121565
v -0.801567 3.204822 0.121565
v -0.801288 3.195886 0.115161
v -0.801567 3.204822 0.115161
v -0.694375 3.199220 0.121565
v -0.694653 3.208157 0.121565
v -0.694375 3.199220 0.115161
v -0.694653 3.208157 0.115161
v -0.801288 3.195886 0.100679
v -0.801567 3.204822 0.100679
v -0.801288 3.195886 0.094276
v -0.801567 3.204822 0.094276
v -0.694375 3.199220 0.100679
v -0.694653 3.208157 0.100679
v -0.694375 3.199220 0.094276
v -0.694653 3.208157 0.094276
v -0.801288 3.195886 0.077291
v -0.801567 3.204822 0.077291
v -0.801288 3.195886 0.070888
v -0.801567 3.204822 0.070888
v -0.694375 3.199220 0.077291
v -0.694653 3.208157 0.077291
v -0.694375 3.199220 0.070888
v -0.694653 3.208157 0.070888
v -0.801288 3.195886 0.052976
v -0.801567 3.204822 0.052976
v -0.801288 3.195886 0.046573
v -0.801567 3.204822 0.046573
v -0.694375 3.199220 0.052976
v -0.694653 3.208157 0.052976
v -0.694375 3.199220 0.046573
v -0.694653 3.208157 0.046573
vt 0.375000 0.000000
vt 0.625000 0.000000
vt 0.625000 0.250000
vt 0.375000 0.250000
vt 0.625000 0.500000
vt 0.375000 0.500000
vt 0.625000 0.750000
vt 0.375000 0.750000
vt 0.625000 1.000000
vt 0.375000 1.000000
vt 0.125000 0.500000
vt 0.125000 0.750000
vt 0.875000 0.500000
vt 0.875000 0.750000
vt 0.375000 0.000000
vt 0.625000 0.000000
vt 0.625000 0.250000
vt 0.375000 0.250000
vt 0.625000 0.500000
vt 0.375000 0.500000
vt 0.625000 0.750000
vt 0.375000 0.750000
vt 0.625000 1.000000
vt 0.375000 1.000000
vt 0.125000 0.500000
vt 0.125000 0.750000
vt 0.875000 0.500000
vt 0.875000 0.750000
vt 0.375000 0.000000
vt 0.625000 0.000000
vt 0.625000 0.250000
vt 0.375000 0.250000
vt 0.625000 0.500000
vt 0.375000 0.500000
vt 0.625000 0.750000
vt 0.375000 0.750000
vt 0.625000 1.000000
vt 0.375000 1.000000
vt 0.125000 0.500000
vt 0.125000 0.750000
vt 0.875000 0.500000
vt 0.875000 0.750000
vt 0.375000 0.000000
vt 0.625000 0.000000
vt 0.625000 0.250000
vt 0.375000 0.250000
vt 0.625000 0.500000
vt 0.375000 0.500000
vt 0.625000 0.750000
vt 0.375000 0.750000
vt 0.625000 1.000000
vt 0.375000 1.000000
vt 0.125000 0.500000
vt 0.125000 0.750000
vt 0.875000 0.500000
vt 0.875000 0.750000
vt 0.375000 0.000000
vt 0.625000 0.000000
vt 0.625000 0.250000
vt 0.375000 0.250000
vt 0.625000 0.500000
vt 0.375000 0.500000
vt 0.625000 0.750000
vt 0.375000 0.750000
vt 0.625000 1.000000
vt 0.375000 1.000000
vt 0.125000 0.500000
vt 0.125000 0.750000
vt 0.875000 0.500000
vt 0.875000 0.750000
vn -0.9995 -0.0312 0.0000
vn 0.0000 0.0000 -1.0000
vn 0.9995 0.0312 0.0000
vn 0.0000 0.0000 1.0000
vn 0.0312 -0.9995 0.0000
vn -0.0312 0.9995 0.0000
usemtl Material.013
s off
f 5005/8755/836 5006/8756/836 5008/8757/836 5007/8758/836
f 5007/8758/837 5008/8757/837 5012/8759/837 5011/8760/837
f 5011/8760/838 5012/8759/838 5010/8761/838 5009/8762/838
f 5009/8762/839 5010/8761/839 5006/8763/839 5005/8764/839
f 5007/8765/840 5011/8760/840 5009/8762/840 5005/8766/840
f 5012/8759/841 5008/8767/841 5006/8768/841 5010/8761/841
f 5013/8769/836 5014/8770/836 5016/8771/836 5015/8772/836
f 5015/8772/837 5016/8771/837 5020/8773/837 5019/8774/837
f 5019/8774/838 5020/8773/838 5018/8775/838 5017/8776/838
f 5017/8776/839 5018/8775/839 5014/8777/839 5013/8778/839
f 5015/8779/840 5019/8774/840 5017/8776/840 5013/8780/840
f 5020/8773/841 5016/8781/841 5014/8782/841 5018/8775/841
f 5021/8783/836 5022/8784/836 5024/8785/836 5023/8786/836
f 5023/8786/837 5024/8785/837 5028/8787/837 5027/8788/837
f 5027/8788/838 5028/8787/838 5026/8789/838 5025/8790/838
f 5025/8790/839 5026/8789/839 5022/8791/839 5021/8792/839
f 5023/8793/840 5027/8788/840 5025/8790/840 5021/8794/840
f 5028/8787/841 5024/8795/841 5022/8796/841 5026/8789/841
f 5029/8797/836 5030/8798/836 5032/8799/836 5031/8800/836
f 5031/8800/837 5032/8799/837 5036/8801/837 5035/8802/837
f 5035/8802/838 5036/8801/838 5034/8803/838 5033/8804/838
f 5033/8804/839 5034/8803/839 5030/8805/839 5029/8806/839
f 5031/8807/840 5035/8802/840 5033/8804/840 5029/8808/840
f 5036/8801/841 5032/8809/841 5030/8810/841 5034/8803/841
f 5037/8811/836 5038/8812/836 5040/8813/836 5039/8814/836
f 5039/8814/837 5040/8813/837 5044/8815/837 5043/8816/837
f 5043/8816/838 5044/8815/838 5042/8817/838 5041/8818/838
f 5041/8818/839 5042/8817/839 5038/8819/839 5037/8820/839
f 5039/8821/840 5043/8816/840 5041/8818/840 5037/8822/840
f 5044/8815/841 5040/8823/841 5038/8824/841 5042/8817/841
o Cube.020_Cube.031
v -0.692251 2.982881 -0.656071
v -0.692800 3.000477 -0.656071
v -0.692251 2.982881 -0.668680
v -0.692800 3.000477 -0.668680
v -0.481733 2.989447 -0.656071
v -0.482282 3.007043 -0.656071
v -0.481733 2.989447 -0.668680
v -0.482282 3.007043 -0.668680
v -0.692251 2.982881 -0.484688
v -0.692800 3.000477 -0.484688
v -0.692251 2.982881 -0.497297
v -0.692800 3.000477 -0.497297
v -0.481733 2.989447 -0.484688
v -0.482282 3.007043 -0.484688
v -0.481733 2.989447 -0.497297
v -0.482282 3.007043 -0.497297
v -0.692251 2.982881 -0.525812
v -0.692800 3.000477 -0.525812
v -0.692251 2.982881 -0.538421
v -0.692800 3.000477 -0.538421
v -0.481733 2.989447 -0.525812
v -0.482282 3.007043 -0.525812
v -0.481733 2.989447 -0.538421
v -0.482282 3.007043 -0.538421
v -0.692251 2.982881 -0.571865
v -0.692800 3.000477 -0.571865
v -0.692251 2.982881 -0.584473
v -0.692800 3.000477 -0.584473
v -0.481733 2.989447 -0.571865
v -0.482282 3.007043 -0.571865
v -0.481733 2.989447 -0.584473
v -0.482282 3.007043 -0.584473
v -0.692251 2.982881 -0.619742
v -0.692800 3.000477 -0.619742
v -0.692251 2.982881 -0.632351
v -0.692800 3.000477 -0.632351
v -0.481733 2.989447 -0.619742
v -0.482282 3.007043 -0.619742
v -0.481733 2.989447 -0.632351
v -0.482282 3.007043 -0.632351
vt 0.375000 0.000000
vt 0.625000 0.000000
vt 0.625000 0.250000
vt 0.375000 0.250000
vt 0.625000 0.500000
vt 0.375000 0.500000
vt 0.625000 0.750000
vt 0.375000 0.750000
vt 0.625000 1.000000
vt 0.375000 1.000000
vt 0.125000 0.500000
vt 0.125000 0.750000
vt 0.875000 0.500000
vt 0.875000 0.750000
vt 0.375000 0.000000
vt 0.625000 0.000000
vt 0.625000 0.250000
vt 0.375000 0.250000
vt 0.625000 0.500000
vt 0.375000 0.500000
vt 0.625000 0.750000
vt 0.375000 0.750000
vt 0.625000 1.000000
vt 0.375000 1.000000
vt 0.125000 0.500000
vt 0.125000 0.750000
vt 0.875000 0.500000
vt 0.875000 0.750000
vt 0.375000 0.000000
vt 0.625000 0.000000
vt 0.625000 0.250000
vt 0.375000 0.250000
vt 0.625000 0.500000
vt 0.375000 0.500000
vt 0.625000 0.750000
vt 0.375000 0.750000
vt 0.625000 1.000000
vt 0.375000 1.000000
vt 0.125000 0.500000
vt 0.125000 0.750000
vt 0.875000 0.500000
vt 0.875000 0.750000
vt 0.375000 0.000000
vt 0.625000 0.000000
vt 0.625000 0.250000
vt 0.375000 0.250000
vt 0.625000 0.500000
vt 0.375000 0.500000
vt 0.625000 0.750000
vt 0.375000 0.750000
vt 0.625000 1.000000
vt 0.375000 1.000000
vt 0.125000 0.500000
vt 0.125000 0.750000
vt 0.875000 0.500000
vt 0.875000 0.750000
vt 0.375000 0.000000
vt 0.625000 0.000000
vt 0.625000 0.250000
vt 0.375000 0.250000
vt 0.625000 0.500000
vt 0.375000 0.500000
vt 0.625000 0.750000
vt 0.375000 0.750000
vt 0.625000 1.000000
vt 0.375000 1.000000
vt 0.125000 0.500000
vt 0.125000 0.750000
vt 0.875000 0.500000
vt 0.875000 0.750000
vn -0.9995 -0.0312 0.0000
vn 0.0000 0.0000 -1.0000
vn 0.9995 0.0312 0.0000
vn 0.0000 0.0000 1.0000
vn 0.0312 -0.9995 0.0000
vn -0.0312 0.9995 0.0000
usemtl Material.013
s off
f 5045/8825/842 5046/8826/842 5048/8827/842 5047/8828/842
f 5047/8828/843 5048/8827/843 5052/8829/843 5051/8830/843
f 5051/8830/844 5052/8829/844 5050/8831/844 5049/8832/844
f 5049/8832/845 5050/8831/845 5046/8833/845 5045/8834/845
f 5047/8835/846 5051/8830/846 5049/8832/846 5045/8836/846
f 5052/8829/847 5048/8837/847 5046/8838/847 5050/8831/847
f 5053/8839/842 5054/8840/842 5056/8841/842 5055/8842/842
f 5055/8842/843 5056/8841/843 5060/8843/843 5059/8844/843
f 5059/8844/844 5060/8843/844 5058/8845/844 5057/8846/844
f 5057/8846/845 5058/8845/845 5054/8847/845 5053/8848/845
f 5055/8849/846 5059/8844/846 5057/8846/846 5053/8850/846
f 5060/8843/847 5056/8851/847 5054/8852/847 5058/8845/847
f 5061/8853/842 5062/8854/842 5064/8855/842 5063/8856/842
f 5063/8856/843 5064/8855/843 5068/8857/843 5067/8858/843
f 5067/8858/844 5068/8857/844 5066/8859/844 5065/8860/844
f 5065/8860/845 5066/8859/845 5062/8861/845 5061/8862/845
f 5063/8863/846 5067/8858/846 5065/8860/846 5061/8864/846
f 5068/8857/847 5064/8865/847 5062/8866/847 5066/8859/847
f 5069/8867/842 5070/8868/842 5072/8869/842 5071/8870/842
f 5071/8870/843 5072/8869/843 5076/8871/843 5075/8872/843
f 5075/8872/844 5076/8871/844 5074/8873/844 5073/8874/844
f 5073/8874/845 5074/8873/845 5070/8875/845 5069/8876/845
f 5071/8877/846 5075/8872/846 5073/8874/846 5069/8878/846
f 5076/8871/847 5072/8879/847 5070/8880/847 5074/8873/847
f 5077/8881/842 5078/8882/842 5080/8883/842 5079/8884/842
f 5079/8884/843 5080/8883/843 5084/8885/843 5083/8886/843
f 5083/8886/844 5084/8885/844 5082/8887/844 5081/8888/844
f 5081/8888/845 5082/8887/845 5078/8889/845 5077/8890/845
f 5079/8891/846 5083/8886/846 5081/8888/846 5077/8892/846
f 5084/8885/847 5080/8893/847 5078/8894/847 5082/8887/847
o Cube.041_Cube.035
v 0.619955 3.381328 -0.108243
v 0.619955 3.420691 -0.108243
v 0.619955 3.381328 -0.197359
v 0.619955 3.420691 -0.197359
v 0.709539 3.381328 -0.108243
v 0.709539 3.420691 -0.108243
v 0.709539 3.381328 -0.197359
v 0.709539 3.420691 -0.197359
vt 0.375000 0.000000
vt 0.625000 0.000000
vt 0.625000 0.250000
vt 0.375000 0.250000
vt 0.625000 0.500000
vt 0.375000 0.500000
vt 0.625000 0.750000
vt 0.375000 0.750000
vt 0.625000 1.000000
vt 0.375000 1.000000
vt 0.125000 0.500000
vt 0.125000 0.750000
vt 0.875000 0.500000
vt 0.875000 0.750000
vn -1.0000 0.0000 0.0000
vn 0.0000 0.0000 -1.0000
vn 1.0000 0.0000 0.0000
vn 0.0000 0.0000 1.0000
vn 0.0000 -1.0000 0.0000
vn 0.0000 1.0000 0.0000
usemtl Material.020
s off
f 5085/8895/848 5086/8896/848 5088/8897/848 5087/8898/848
f 5087/8898/849 5088/8897/849 5092/8899/849 5091/8900/849
f 5091/8900/850 5092/8899/850 5090/8901/850 5089/8902/850
f 5089/8902/851 5090/8901/851 5086/8903/851 5085/8904/851
f 5087/8905/852 5091/8900/852 5089/8902/852 5085/8906/852
f 5092/8899/853 5088/8907/853 5086/8908/853 5090/8901/853
o Cube.042_Cube.036
v 0.304813 2.931578 0.021666
v 0.304813 3.329503 0.021666
v 0.304813 2.931578 -0.018449
v 0.304813 3.329503 -0.018449
v 0.314766 2.931578 0.021666
v 0.314766 3.329503 0.021666
v 0.314766 2.931578 -0.018449
v 0.314766 3.329503 -0.018449
vt 0.375000 0.000000
vt 0.625000 0.000000
vt 0.625000 0.250000
vt 0.375000 0.250000
vt 0.625000 0.500000
vt 0.375000 0.500000
vt 0.625000 0.750000
vt 0.375000 0.750000
vt 0.625000 1.000000
vt 0.375000 1.000000
vt 0.125000 0.500000
vt 0.125000 0.750000
vt 0.875000 0.500000
vt 0.875000 0.750000
vn -1.0000 0.0000 0.0000
vn 0.0000 0.0000 -1.0000
vn 1.0000 0.0000 0.0000
vn 0.0000 0.0000 1.0000
vn 0.0000 -1.0000 0.0000
vn 0.0000 1.0000 0.0000
usemtl Material.020
s off
f 5093/8909/854 5094/8910/854 5096/8911/854 5095/8912/854
f 5095/8912/855 5096/8911/855 5100/8913/855 5099/8914/855
f 5099/8914/856 5100/8913/856 5098/8915/856 5097/8916/856
f 5097/8916/857 5098/8915/857 5094/8917/857 5093/8918/857
f 5095/8919/858 5099/8914/858 5097/8916/858 5093/8920/858
f 5100/8913/859 5096/8921/859 5094/8922/859 5098/8915/859
o Cube.043_Cube.037
v 0.394238 2.931578 0.021666
v 0.394238 3.329503 0.021666
v 0.394238 2.931578 -0.018449
v 0.394238 3.329503 -0.018449
v 0.404191 2.931578 0.021666
v 0.404191 3.329503 0.021666
v 0.404191 2.931578 -0.018449
v 0.404191 3.329503 -0.018449
vt 0.375000 0.000000
vt 0.625000 0.000000
vt 0.625000 0.250000
vt 0.375000 0.250000
vt 0.625000 0.500000
vt 0.375000 0.500000
vt 0.625000 0.750000
vt 0.375000 0.750000
vt 0.625000 1.000000
vt 0.375000 1.000000
vt 0.125000 0.500000
vt 0.125000 0.750000
vt 0.875000 0.500000
vt 0.875000 0.750000
vn -1.0000 0.0000 0.0000
vn 0.0000 0.0000 -1.0000
vn 1.0000 0.0000 0.0000
vn 0.0000 0.0000 1.0000
vn 0.0000 -1.0000 0.0000
vn 0.0000 1.0000 0.0000
usemtl Material.020
s off
f 5101/8923/860 5102/8924/860 5104/8925/860 5103/8926/860
f 5103/8926/861 5104/8925/861 5108/8927/861 5107/8928/861
f 5107/8928/862 5108/8927/862 5106/8929/862 5105/8930/862
f 5105/8930/863 5106/8929/863 5102/8931/863 5101/8932/863
f 5103/8933/864 5107/8928/864 5105/8930/864 5101/8934/864
f 5108/8927/865 5104/8935/865 5102/8936/865 5106/8929/865
o Cube.044_Cube.041
v 0.306669 3.230543 0.022455
v 0.401814 3.230703 0.022455
v 0.306669 3.230543 -0.017659
v 0.401814 3.230703 -0.017659
v 0.306686 3.220589 0.022455
v 0.401830 3.220749 0.022455
v 0.306686 3.220589 -0.017659
v 0.401830 3.220749 -0.017659
v 0.306669 3.253502 0.022455
v 0.401814 3.253662 0.022455
v 0.306669 3.253502 -0.017659
v 0.401814 3.253662 -0.017659
v 0.306686 3.243549 0.022455
v 0.401830 3.243709 0.022455
v 0.306686 3.243549 -0.017659
v 0.401830 3.243709 -0.017659
v 0.308716 3.270673 0.022455
v 0.403860 3.270833 0.022455
v 0.308716 3.270673 -0.017659
v 0.403860 3.270833 -0.017659
v 0.308733 3.260720 0.022455
v 0.403877 3.260879 0.022455
v 0.308733 3.260720 -0.017659
v 0.403877 3.260879 -0.017659
v 0.306669 3.288879 0.022455
v 0.401814 3.289039 0.022455
v 0.306669 3.288879 -0.017659
v 0.401814 3.289039 -0.017659
v 0.306686 3.278926 0.022455
v 0.401830 3.279086 0.022455
v 0.306686 3.278926 -0.017659
v 0.401830 3.279086 -0.017659
v 0.306669 3.311839 0.022455
v 0.401814 3.311998 0.022455
v 0.306669 3.311839 -0.017659
v 0.401814 3.311998 -0.017659
v 0.306686 3.301885 0.022455
v 0.401830 3.302045 0.022455
v 0.306686 3.301885 -0.017659
v 0.401830 3.302045 -0.017659
v 0.308716 3.329010 0.022455
v 0.403860 3.329169 0.022455
v 0.308716 3.329010 -0.017659
v 0.403860 3.329169 -0.017659
v 0.308733 3.319056 0.022455
v 0.403877 3.319216 0.022455
v 0.308733 3.319056 -0.017659
v 0.403877 3.319216 -0.017659
vt 0.375000 0.000000
vt 0.625000 0.000000
vt 0.625000 0.250000
vt 0.375000 0.250000
vt 0.625000 0.500000
vt 0.375000 0.500000
vt 0.625000 0.750000
vt 0.375000 0.750000
vt 0.625000 1.000000
vt 0.375000 1.000000
vt 0.125000 0.500000
vt 0.125000 0.750000
vt 0.875000 0.500000
vt 0.875000 0.750000
vt 0.375000 0.000000
vt 0.625000 0.000000
vt 0.625000 0.250000
vt 0.375000 0.250000
vt 0.625000 0.500000
vt 0.375000 0.500000
vt 0.625000 0.750000
vt 0.375000 0.750000
vt 0.625000 1.000000
vt 0.375000 1.000000
vt 0.125000 0.500000
vt 0.125000 0.750000
vt 0.875000 0.500000
vt 0.875000 0.750000
vt 0.375000 0.000000
vt 0.625000 0.000000
vt 0.625000 0.250000
vt 0.375000 0.250000
vt 0.625000 0.500000
vt 0.375000 0.500000
vt 0.625000 0.750000
vt 0.375000 0.750000
vt 0.625000 1.000000
vt 0.375000 1.000000
vt 0.125000 0.500000
vt 0.125000 0.750000
vt 0.875000 0.500000
vt 0.875000 0.750000
vt 0.375000 0.000000
vt 0.625000 0.000000
vt 0.625000 0.250000
vt 0.375000 0.250000
vt 0.625000 0.500000
vt 0.375000 0.500000
vt 0.625000 0.750000
vt 0.375000 0.750000
vt 0.625000 1.000000
vt 0.375000 1.000000
vt 0.125000 0.500000
vt 0.125000 0.750000
vt 0.875000 0.500000
vt 0.875000 0.750000
vt 0.375000 0.000000
vt 0.625000 0.000000
vt 0.625000 0.250000
vt 0.375000 0.250000
vt 0.625000 0.500000
vt 0.375000 0.500000
vt 0.625000 0.750000
vt 0.375000 0.750000
vt 0.625000 1.000000
vt 0.375000 1.000000
vt 0.125000 0.500000
vt 0.125000 0.750000
vt 0.875000 0.500000
vt 0.875000 0.750000
vt 0.375000 0.000000
vt 0.625000 0.000000
vt 0.625000 0.250000
vt 0.375000 0.250000
vt 0.625000 0.500000
vt 0.375000 0.500000
vt 0.625000 0.750000
vt 0.375000 0.750000
vt 0.625000 1.000000
vt 0.375000 1.000000
vt 0.125000 0.500000
vt 0.125000 0.750000
vt 0.875000 0.500000
vt 0.875000 0.750000
vn -0.0017 1.0000 0.0000
vn -0.0000 0.0000 -1.0000
vn 0.0017 -1.0000 0.0000
vn -0.0000 0.0000 1.0000
vn -1.0000 -0.0017 0.0000
vn 1.0000 0.0017 0.0000
usemtl Material.020
s off
f 5109/8937/866 5110/8938/866 5112/8939/866 5111/8940/866
f 5111/8940/867 5112/8939/867 5116/8941/867 5115/8942/867
f 5115/8942/868 5116/8941/868 5114/8943/868 5113/8944/868
f 5113/8944/869 5114/8943/869 5110/8945/869 5109/8946/869
f 5111/8947/870 5115/8942/870 5113/8944/870 5109/8948/870
f 5116/8941/871 5112/8949/871 5110/8950/871 5114/8943/871
f 5117/8951/866 5118/8952/866 5120/8953/866 5119/8954/866
f 5119/8954/867 5120/8953/867 5124/8955/867 5123/8956/867
f 5123/8956/868 5124/8955/868 5122/8957/868 5121/8958/868
f 5121/8958/869 5122/8957/869 5118/8959/869 5117/8960/869
f 5119/8961/870 5123/8956/870 5121/8958/870 5117/8962/870
f 5124/8955/871 5120/8963/871 5118/8964/871 5122/8957/871
f 5125/8965/866 5126/8966/866 5128/8967/866 5127/8968/866
f 5127/8968/867 5128/8967/867 5132/8969/867 5131/8970/867
f 5131/8970/868 5132/8969/868 5130/8971/868 5129/8972/868
f 5129/8972/869 5130/8971/869 5126/8973/869 5125/8974/869
f 5127/8975/870 5131/8970/870 5129/8972/870 5125/8976/870
f 5132/8969/871 5128/8977/871 5126/8978/871 5130/8971/871
f 5133/8979/866 5134/8980/866 5136/8981/866 5135/8982/866
f 5135/8982/867 5136/8981/867 5140/8983/867 5139/8984/867
f 5139/8984/868 5140/8983/868 5138/8985/868 5137/8986/868
f 5137/8986/869 5138/8985/869 5134/8987/869 5133/8988/869
f 5135/8989/870 5139/8984/870 5137/8986/870 5133/8990/870
f 5140/8983/871 5136/8991/871 5134/8992/871 5138/8985/871
f 5141/8993/866 5142/8994/866 5144/8995/866 5143/8996/866
f 5143/8996/867 5144/8995/867 5148/8997/867 5147/8998/867
f 5147/8998/868 5148/8997/868 5146/8999/868 5145/9000/868
f 5145/9000/869 5146/8999/869 5142/9001/869 5141/9002/869
f 5143/9003/870 5147/8998/870 5145/9000/870 5141/9004/870
f 5148/8997/871 5144/9005/871 5142/9006/871 5146/8999/871
f 5149/9007/866 5150/9008/866 5152/9009/866 5151/9010/866
f 5151/9010/867 5152/9009/867 5156/9011/867 5155/9012/867
f 5155/9012/868 5156/9011/868 5154/9013/868 5153/9014/868
f 5153/9014/869 5154/9013/869 5150/9015/869 5149/9016/869
f 5151/9017/870 5155/9012/870 5153/9014/870 5149/9018/870
f 5156/9011/871 5152/9019/871 5150/9020/871 5154/9013/871
o Cube.045_Cube.042
v 0.306669 3.115026 0.022455
v 0.401814 3.115185 0.022455
v 0.306669 3.115026 -0.017659
v 0.401814 3.115185 -0.017659
v 0.306686 3.105072 0.022455
v 0.401830 3.105232 0.022455
v 0.306686 3.105072 -0.017659
v 0.401830 3.105232 -0.017659
v 0.306669 3.137985 0.022455
v 0.401814 3.138145 0.022455
v 0.306669 3.137985 -0.017659
v 0.401814 3.138145 -0.017659
v 0.306686 3.128032 0.022455
v 0.401830 3.128191 0.022455
v 0.306686 3.128032 -0.017659
v 0.401830 3.128191 -0.017659
v 0.308716 3.155156 0.022455
v 0.403860 3.155316 0.022455
v 0.308716 3.155156 -0.017659
v 0.403860 3.155316 -0.017659
v 0.308733 3.145203 0.022455
v 0.403877 3.145362 0.022455
v 0.308733 3.145203 -0.017659
v 0.403877 3.145362 -0.017659
v 0.306669 3.173362 0.022455
v 0.401814 3.173522 0.022455
v 0.306669 3.173362 -0.017659
v 0.401814 3.173522 -0.017659
v 0.306686 3.163409 0.022455
v 0.401830 3.163568 0.022455
v 0.306686 3.163409 -0.017659
v 0.401830 3.163568 -0.017659
v 0.306669 3.196322 0.022455
v 0.401814 3.196481 0.022455
v 0.306669 3.196322 -0.017659
v 0.401814 3.196481 -0.017659
v 0.306686 3.186368 0.022455
v 0.401830 3.186528 0.022455
v 0.306686 3.186368 -0.017659
v 0.401830 3.186528 -0.017659
v 0.308716 3.213493 0.022455
v 0.403860 3.213652 0.022455
v 0.308716 3.213493 -0.017659
v 0.403860 3.213652 -0.017659
v 0.308733 3.203539 0.022455
v 0.403877 3.203699 0.022455
v 0.308733 3.203539 -0.017659
v 0.403877 3.203699 -0.017659
vt 0.375000 0.000000
vt 0.625000 0.000000
vt 0.625000 0.250000
vt 0.375000 0.250000
vt 0.625000 0.500000
vt 0.375000 0.500000
vt 0.625000 0.750000
vt 0.375000 0.750000
vt 0.625000 1.000000
vt 0.375000 1.000000
vt 0.125000 0.500000
vt 0.125000 0.750000
vt 0.875000 0.500000
vt 0.875000 0.750000
vt 0.375000 0.000000
vt 0.625000 0.000000
vt 0.625000 0.250000
vt 0.375000 0.250000
vt 0.625000 0.500000
vt 0.375000 0.500000
vt 0.625000 0.750000
vt 0.375000 0.750000
vt 0.625000 1.000000
vt 0.375000 1.000000
vt 0.125000 0.500000
vt 0.125000 0.750000
vt 0.875000 0.500000
vt 0.875000 0.750000
vt 0.375000 0.000000
vt 0.625000 0.000000
vt 0.625000 0.250000
vt 0.375000 0.250000
vt 0.625000 0.500000
vt 0.375000 0.500000
vt 0.625000 0.750000
vt 0.375000 0.750000
vt 0.625000 1.000000
vt 0.375000 1.000000
vt 0.125000 0.500000
vt 0.125000 0.750000
vt 0.875000 0.500000
vt 0.875000 0.750000
vt 0.375000 0.000000
vt 0.625000 0.000000
vt 0.625000 0.250000
vt 0.375000 0.250000
vt 0.625000 0.500000
vt 0.375000 0.500000
vt 0.625000 0.750000
vt 0.375000 0.750000
vt 0.625000 1.000000
vt 0.375000 1.000000
vt 0.125000 0.500000
vt 0.125000 0.750000
vt 0.875000 0.500000
vt 0.875000 0.750000
vt 0.375000 0.000000
vt 0.625000 0.000000
vt 0.625000 0.250000
vt 0.375000 0.250000
vt 0.625000 0.500000
vt 0.375000 0.500000
vt 0.625000 0.750000
vt 0.375000 0.750000
vt 0.625000 1.000000
vt 0.375000 1.000000
vt 0.125000 0.500000
vt 0.125000 0.750000
vt 0.875000 0.500000
vt 0.875000 0.750000
vt 0.375000 0.000000
vt 0.625000 0.000000
vt 0.625000 0.250000
vt 0.375000 0.250000
vt 0.625000 0.500000
vt 0.375000 0.500000
vt 0.625000 0.750000
vt 0.375000 0.750000
vt 0.625000 1.000000
vt 0.375000 1.000000
vt 0.125000 0.500000
vt 0.125000 0.750000
vt 0.875000 0.500000
vt 0.875000 0.750000
vn -0.0017 1.0000 0.0000
vn -0.0000 0.0000 -1.0000
vn 0.0017 -1.0000 0.0000
vn -0.0000 0.0000 1.0000
vn -1.0000 -0.0017 0.0000
vn 1.0000 0.0017 0.0000
usemtl Material.020
s off
f 5157/9021/872 5158/9022/872 5160/9023/872 5159/9024/872
f 5159/9024/873 5160/9023/873 5164/9025/873 5163/9026/873
f 5163/9026/874 5164/9025/874 5162/9027/874 5161/9028/874
f 5161/9028/875 5162/9027/875 5158/9029/875 5157/9030/875
f 5159/9031/876 5163/9026/876 5161/9028/876 5157/9032/876
f 5164/9025/877 5160/9033/877 5158/9034/877 5162/9027/877
f 5165/9035/872 5166/9036/872 5168/9037/872 5167/9038/872
f 5167/9038/873 5168/9037/873 5172/9039/873 5171/9040/873
f 5171/9040/874 5172/9039/874 5170/9041/874 5169/9042/874
f 5169/9042/875 5170/9041/875 5166/9043/875 5165/9044/875
f 5167/9045/876 5171/9040/876 5169/9042/876 5165/9046/876
f 5172/9039/877 5168/9047/877 5166/9048/877 5170/9041/877
f 5173/9049/872 5174/9050/872 5176/9051/872 5175/9052/872
f 5175/9052/873 5176/9051/873 5180/9053/873 5179/9054/873
f 5179/9054/874 5180/9053/874 5178/9055/874 5177/9056/874
f 5177/9056/875 5178/9055/875 5174/9057/875 5173/9058/875
f 5175/9059/876 5179/9054/876 5177/9056/876 5173/9060/876
f 5180/9053/877 5176/9061/877 5174/9062/877 5178/9055/877
f 5181/9063/872 5182/9064/872 5184/9065/872 5183/9066/872
f 5183/9066/873 5184/9065/873 5188/9067/873 5187/9068/873
f 5187/9068/874 5188/9067/874 5186/9069/874 5185/9070/874
f 5185/9070/875 5186/9069/875 5182/9071/875 5181/9072/875
f 5183/9073/876 5187/9068/876 5185/9070/876 5181/9074/876
f 5188/9067/877 5184/9075/877 5182/9076/877 5186/9069/877
f 5189/9077/872 5190/9078/872 5192/9079/872 5191/9080/872
f 5191/9080/873 5192/9079/873 5196/9081/873 5195/9082/873
f 5195/9082/874 5196/9081/874 5194/9083/874 5193/9084/874
f 5193/9084/875 5194/9083/875 5190/9085/875 5189/9086/875
f 5191/9087/876 5195/9082/876 5193/9084/876 5189/9088/876
f 5196/9081/877 5192/9089/877 5190/9090/877 5194/9083/877
f 5197/9091/872 5198/9092/872 5200/9093/872 5199/9094/872
f 5199/9094/873 5200/9093/873 5204/9095/873 5203/9096/873
f 5203/9096/874 5204/9095/874 5202/9097/874 5201/9098/874
f 5201/9098/875 5202/9097/875 5198/9099/875 5197/9100/875
f 5199/9101/876 5203/9096/876 5201/9098/876 5197/9102/876
f 5204/9095/877 5200/9103/877 5198/9104/877 5202/9097/877
o Cube.046_Cube.043
v 0.306669 2.996897 0.022455
v 0.401814 2.997056 0.022455
v 0.306669 2.996897 -0.017659
v 0.401814 2.997056 -0.017659
v 0.306686 2.986943 0.022455
v 0.401830 2.987103 0.022455
v 0.306686 2.986943 -0.017659
v 0.401830 2.987103 -0.017659
v 0.306669 3.019856 0.022455
v 0.401814 3.020016 0.022455
v 0.306669 3.019856 -0.017659
v 0.401814 3.020016 -0.017659
v 0.306686 3.009902 0.022455
v 0.401830 3.010062 0.022455
v 0.306686 3.009902 -0.017659
v 0.401830 3.010062 -0.017659
v 0.308716 3.037027 0.022455
v 0.403860 3.037186 0.022455
v 0.308716 3.037027 -0.017659
v 0.403860 3.037186 -0.017659
v 0.308733 3.027073 0.022455
v 0.403877 3.027233 0.022455
v 0.308733 3.027073 -0.017659
v 0.403877 3.027233 -0.017659
v 0.306669 3.055233 0.022455
v 0.401814 3.055393 0.022455
v 0.306669 3.055233 -0.017659
v 0.401814 3.055393 -0.017659
v 0.306686 3.045280 0.022455
v 0.401830 3.045439 0.022455
v 0.306686 3.045280 -0.017659
v 0.401830 3.045439 -0.017659
v 0.306669 3.078192 0.022455
v 0.401814 3.078352 0.022455
v 0.306669 3.078192 -0.017659
v 0.401814 3.078352 -0.017659
v 0.306686 3.068239 0.022455
v 0.401830 3.068399 0.022455
v 0.306686 3.068239 -0.017659
v 0.401830 3.068399 -0.017659
v 0.308716 3.095363 0.022455
v 0.403860 3.095523 0.022455
v 0.308716 3.095363 -0.017659
v 0.403860 3.095523 -0.017659
v 0.308733 3.085410 0.022455
v 0.403877 3.085569 0.022455
v 0.308733 3.085410 -0.017659
v 0.403877 3.085569 -0.017659
vt 0.375000 0.000000
vt 0.625000 0.000000
vt 0.625000 0.250000
vt 0.375000 0.250000
vt 0.625000 0.500000
vt 0.375000 0.500000
vt 0.625000 0.750000
vt 0.375000 0.750000
vt 0.625000 1.000000
vt 0.375000 1.000000
vt 0.125000 0.500000
vt 0.125000 0.750000
vt 0.875000 0.500000
vt 0.875000 0.750000
vt 0.375000 0.000000
vt 0.625000 0.000000
vt 0.625000 0.250000
vt 0.375000 0.250000
vt 0.625000 0.500000
vt 0.375000 0.500000
vt 0.625000 0.750000
vt 0.375000 0.750000
vt 0.625000 1.000000
vt 0.375000 1.000000
vt 0.125000 0.500000
vt 0.125000 0.750000
vt 0.875000 0.500000
vt 0.875000 0.750000
vt 0.375000 0.000000
vt 0.625000 0.000000
vt 0.625000 0.250000
vt 0.375000 0.250000
vt 0.625000 0.500000
vt 0.375000 0.500000
vt 0.625000 0.750000
vt 0.375000 0.750000
vt 0.625000 1.000000
vt 0.375000 1.000000
vt 0.125000 0.500000
vt 0.125000 0.750000
vt 0.875000 0.500000
vt 0.875000 0.750000
vt 0.375000 0.000000
vt 0.625000 0.000000
vt 0.625000 0.250000
vt 0.375000 0.250000
vt 0.625000 0.500000
vt 0.375000 0.500000
vt 0.625000 0.750000
vt 0.375000 0.750000
vt 0.625000 1.000000
vt 0.375000 1.000000
vt 0.125000 0.500000
vt 0.125000 0.750000
vt 0.875000 0.500000
vt 0.875000 0.750000
vt 0.375000 0.000000
vt 0.625000 0.000000
vt 0.625000 0.250000
vt 0.375000 0.250000
vt 0.625000 0.500000
vt 0.375000 0.500000
vt 0.625000 0.750000
vt 0.375000 0.750000
vt 0.625000 1.000000
vt 0.375000 1.000000
vt 0.125000 0.500000
vt 0.125000 0.750000
vt 0.875000 0.500000
vt 0.875000 0.750000
vt 0.375000 0.000000
vt 0.625000 0.000000
vt 0.625000 0.250000
vt 0.375000 0.250000
vt 0.625000 0.500000
vt 0.375000 0.500000
vt 0.625000 0.750000
vt 0.375000 0.750000
vt 0.625000 1.000000
vt 0.375000 1.000000
vt 0.125000 0.500000
vt 0.125000 0.750000
vt 0.875000 0.500000
vt 0.875000 0.750000
vn -0.0017 1.0000 0.0000
vn -0.0000 0.0000 -1.0000
vn 0.0017 -1.0000 0.0000
vn -0.0000 0.0000 1.0000
vn -1.0000 -0.0017 0.0000
vn 1.0000 0.0017 0.0000
usemtl Material.020
s off
f 5205/9105/878 5206/9106/878 5208/9107/878 5207/9108/878
f 5207/9108/879 5208/9107/879 5212/9109/879 5211/9110/879
f 5211/9110/880 5212/9109/880 5210/9111/880 5209/9112/880
f 5209/9112/881 5210/9111/881 5206/9113/881 5205/9114/881
f 5207/9115/882 5211/9110/882 5209/9112/882 5205/9116/882
f 5212/9109/883 5208/9117/883 5206/9118/883 5210/9111/883
f 5213/9119/878 5214/9120/878 5216/9121/878 5215/9122/878
f 5215/9122/879 5216/9121/879 5220/9123/879 5219/9124/879
f 5219/9124/880 5220/9123/880 5218/9125/880 5217/9126/880
f 5217/9126/881 5218/9125/881 5214/9127/881 5213/9128/881
f 5215/9129/882 5219/9124/882 5217/9126/882 5213/9130/882
f 5220/9123/883 5216/9131/883 5214/9132/883 5218/9125/883
f 5221/9133/878 5222/9134/878 5224/9135/878 5223/9136/878
f 5223/9136/879 5224/9135/879 5228/9137/879 5227/9138/879
f 5227/9138/880 5228/9137/880 5226/9139/880 5225/9140/880
f 5225/9140/881 5226/9139/881 5222/9141/881 5221/9142/881
f 5223/9143/882 5227/9138/882 5225/9140/882 5221/9144/882
f 5228/9137/883 5224/9145/883 5222/9146/883 5226/9139/883
f 5229/9147/878 5230/9148/878 5232/9149/878 5231/9150/878
f 5231/9150/879 5232/9149/879 5236/9151/879 5235/9152/879
f 5235/9152/880 5236/9151/880 5234/9153/880 5233/9154/880
f 5233/9154/881 5234/9153/881 5230/9155/881 5229/9156/881
f 5231/9157/882 5235/9152/882 5233/9154/882 5229/9158/882
f 5236/9151/883 5232/9159/883 5230/9160/883 5234/9153/883
f 5237/9161/878 5238/9162/878 5240/9163/878 5239/9164/878
f 5239/9164/879 5240/9163/879 5244/9165/879 5243/9166/879
f 5243/9166/880 5244/9165/880 5242/9167/880 5241/9168/880
f 5241/9168/881 5242/9167/881 5238/9169/881 5237/9170/881
f 5239/9171/882 5243/9166/882 5241/9168/882 5237/9172/882
f 5244/9165/883 5240/9173/883 5238/9174/883 5242/9167/883
f 5245/9175/878 5246/9176/878 5248/9177/878 5247/9178/878
f 5247/9178/879 5248/9177/879 5252/9179/879 5251/9180/879
f 5251/9180/880 5252/9179/880 5250/9181/880 5249/9182/880
f 5249/9182/881 5250/9181/881 5246/9183/881 5245/9184/881
f 5247/9185/882 5251/9180/882 5249/9182/882 5245/9186/882
f 5252/9179/883 5248/9187/883 5246/9188/883 5250/9181/883
o Cube.047_Cube.044
v 0.687665 3.331258 -0.468424
v 0.687665 3.421081 -0.468424
v 0.687665 3.331258 -0.703792
v 0.687665 3.421081 -0.703792
v 0.923483 3.331258 -0.468424
v 0.923483 3.421081 -0.468424
v 0.923483 3.331258 -0.703792
v 0.923483 3.421081 -0.703792
vt 0.375000 0.000000
vt 0.625000 0.000000
vt 0.625000 0.250000
vt 0.375000 0.250000
vt 0.625000 0.500000
vt 0.375000 0.500000
vt 0.625000 0.750000
vt 0.375000 0.750000
vt 0.625000 1.000000
vt 0.375000 1.000000
vt 0.125000 0.500000
vt 0.125000 0.750000
vt 0.875000 0.500000
vt 0.875000 0.750000
vn -1.0000 0.0000 0.0000
vn 0.0000 0.0000 -1.0000
vn 1.0000 0.0000 0.0000
vn 0.0000 0.0000 1.0000
vn 0.0000 -1.0000 0.0000
vn 0.0000 1.0000 0.0000
usemtl Material.024
s off
f 5253/9189/884 5254/9190/884 5256/9191/884 5255/9192/884
f 5255/9192/885 5256/9191/885 5260/9193/885 5259/9194/885
f 5259/9194/886 5260/9193/886 5258/9195/886 5257/9196/886
f 5257/9196/887 5258/9195/887 5254/9197/887 5253/9198/887
f 5255/9199/888 5259/9194/888 5257/9196/888 5253/9200/888
f 5260/9193/889 5256/9201/889 5254/9202/889 5258/9195/889
o Cube.014_Cube.045
v 0.739211 3.411370 -0.512328
v 0.739211 3.435880 -0.512328
v 0.739211 3.411370 -0.658288
v 0.739211 3.435880 -0.658288
v 0.871937 3.411370 -0.512328
v 0.871937 3.435880 -0.512328
v 0.871937 3.411370 -0.658288
v 0.871937 3.435880 -0.658288
vt 0.375000 0.000000
vt 0.625000 0.000000
vt 0.625000 0.250000
vt 0.375000 0.250000
vt 0.625000 0.500000
vt 0.375000 0.500000
vt 0.625000 0.750000
vt 0.375000 0.750000
vt 0.625000 1.000000
vt 0.375000 1.000000
vt 0.125000 0.500000
vt 0.125000 0.750000
vt 0.875000 0.500000
vt 0.875000 0.750000
vn -1.0000 0.0000 0.0000
vn 0.0000 0.0000 -1.0000
vn 1.0000 0.0000 0.0000
vn 0.0000 0.0000 1.0000
vn 0.0000 -1.0000 0.0000
vn 0.0000 1.0000 0.0000
usemtl Material.025
s off
f 5261/9203/890 5262/9204/890 5264/9205/890 5263/9206/890
f 5263/9206/891 5264/9205/891 5268/9207/891 5267/9208/891
f 5267/9208/892 5268/9207/892 5266/9209/892 5265/9210/892
f 5265/9210/893 5266/9209/893 5262/9211/893 5261/9212/893
f 5263/9213/894 5267/9208/894 5265/9210/894 5261/9214/894
f 5268/9207/895 5264/9215/895 5262/9216/895 5266/9209/895
o Cube.017_Cube.046
v 0.640077 3.340750 -0.133327
v 0.640077 3.424052 -0.133327
v 0.640077 3.340750 -0.173441
v 0.640077 3.424052 -0.173441
v 0.680547 3.340750 -0.133327
v 0.680547 3.424052 -0.133327
v 0.680547 3.340750 -0.173441
v 0.680547 3.424052 -0.173441
vt 0.375000 0.000000
vt 0.625000 0.000000
vt 0.625000 0.250000
vt 0.375000 0.250000
vt 0.625000 0.500000
vt 0.375000 0.500000
vt 0.625000 0.750000
vt 0.375000 0.750000
vt 0.625000 1.000000
vt 0.375000 1.000000
vt 0.125000 0.500000
vt 0.125000 0.750000
vt 0.875000 0.500000
vt 0.875000 0.750000
vn -1.0000 0.0000 0.0000
vn 0.0000 0.0000 -1.0000
vn 1.0000 0.0000 0.0000
vn 0.0000 0.0000 1.0000
vn 0.0000 -1.0000 0.0000
vn 0.0000 1.0000 0.0000
usemtl Material.026
s off
f 5269/9217/896 5270/9218/896 5272/9219/896 5271/9220/896
f 5271/9220/897 5272/9219/897 5276/9221/897 5275/9222/897
f 5275/9222/898 5276/9221/898 5274/9223/898 5273/9224/898
f 5273/9224/899 5274/9223/899 5270/9225/899 5269/9226/899
f 5271/9227/900 5275/9222/900 5273/9224/900 5269/9228/900
f 5276/9221/901 5272/9229/901 5270/9230/901 5274/9223/901
o Cube.028_Cube.047
v 1.092122 -0.098825 -0.749574
v 1.092122 2.956307 -0.749574
v 1.092122 -0.098825 -0.776759
v 1.092122 2.956307 -0.776759
v 1.122758 -0.098825 -0.749574
v 1.122758 2.956307 -0.749574
v 1.122758 -0.098825 -0.776759
v 1.122758 2.956307 -0.776759
vt 0.375000 0.000000
vt 0.625000 0.000000
vt 0.625000 0.250000
vt 0.375000 0.250000
vt 0.625000 0.500000
vt 0.375000 0.500000
vt 0.625000 0.750000
vt 0.375000 0.750000
vt 0.625000 1.000000
vt 0.375000 1.000000
vt 0.125000 0.500000
vt 0.125000 0.750000
vt 0.875000 0.500000
vt 0.875000 0.750000
vn -1.0000 0.0000 0.0000
vn 0.0000 0.0000 -1.0000
vn 1.0000 0.0000 0.0000
vn 0.0000 0.0000 1.0000
vn 0.0000 -1.0000 0.0000
vn 0.0000 1.0000 0.0000
usemtl Material.025
s off
f 5277/9231/902 5278/9232/902 5280/9233/902 5279/9234/902
f 5279/9234/903 5280/9233/903 5284/9235/903 5283/9236/903
f 5283/9236/904 5284/9235/904 5282/9237/904 5281/9238/904
f 5281/9238/905 5282/9237/905 5278/9239/905 5277/9240/905
f 5279/9241/906 5283/9236/906 5281/9238/906 5277/9242/906
f 5284/9235/907 5280/9243/907 5278/9244/907 5282/9237/907
o Cube.048
v 1.029570 -0.125852 -0.797938
v 1.029570 2.929279 -0.797938
v 1.029570 -0.125852 -0.825123
v 1.029570 2.929279 -0.825123
v 1.060205 -0.125852 -0.797938
v 1.060205 2.929279 -0.797938
v 1.060205 -0.125852 -0.825123
v 1.060205 2.929279 -0.825123
vt 0.375000 0.000000
vt 0.625000 0.000000
vt 0.625000 0.250000
vt 0.375000 0.250000
vt 0.625000 0.500000
vt 0.375000 0.500000
vt 0.625000 0.750000
vt 0.375000 0.750000
vt 0.625000 1.000000
vt 0.375000 1.000000
vt 0.125000 0.500000
vt 0.125000 0.750000
vt 0.875000 0.500000
vt 0.875000 0.750000
vn -1.0000 0.0000 0.0000
vn 0.0000 0.0000 -1.0000
vn 1.0000 0.0000 0.0000
vn 0.0000 0.0000 1.0000
vn 0.0000 -1.0000 0.0000
vn 0.0000 1.0000 0.0000
usemtl Material.025
s off
f 5285/9245/908 5286/9246/908 5288/9247/908 5287/9248/908
f 5287/9248/909 5288/9247/909 5292/9249/909 5291/9250/909
f 5291/9250/910 5292/9249/910 5290/9251/910 5289/9252/910
f 5289/9252/911 5290/9251/911 5286/9253/911 5285/9254/911
f 5287/9255/912 5291/9250/912 5289/9252/912 5285/9256/912
f 5292/9249/913 5288/9257/913 5286/9258/913 5290/9251/913
o Cube.049
v -0.924084 -0.125852 -0.797938
v -0.924084 2.929279 -0.797938
v -0.924084 -0.125852 -0.825123
v -0.924084 2.929279 -0.825123
v -0.893449 -0.125852 -0.797938
v -0.893449 2.929279 -0.797938
v -0.893449 -0.125852 -0.825123
v -0.893449 2.929279 -0.825123
vt 0.375000 0.000000
vt 0.625000 0.000000
vt 0.625000 0.250000
vt 0.375000 0.250000
vt 0.625000 0.500000
vt 0.375000 0.500000
vt 0.625000 0.750000
vt 0.375000 0.750000
vt 0.625000 1.000000
vt 0.375000 1.000000
vt 0.125000 0.500000
vt 0.125000 0.750000
vt 0.875000 0.500000
vt 0.875000 0.750000
vn -1.0000 0.0000 0.0000
vn 0.0000 0.0000 -1.0000
vn 1.0000 0.0000 0.0000
vn 0.0000 0.0000 1.0000
vn 0.0000 -1.0000 0.0000
vn 0.0000 1.0000 0.0000
usemtl Material.025
s off
f 5293/9259/914 5294/9260/914 5296/9261/914 5295/9262/914
f 5295/9262/915 5296/9261/915 5300/9263/915 5299/9264/915
f 5299/9264/916 5300/9263/916 5298/9265/916 5297/9266/916
f 5297/9266/917 5298/9265/917 5294/9267/917 5293/9268/917
f 5295/9269/918 5299/9264/918 5297/9266/918 5293/9270/918
f 5300/9263/919 5296/9271/919 5294/9272/919 5298/9265/919
o Cube.050
v -0.982477 -0.098825 -0.749574
v -0.982477 2.956307 -0.749574
v -0.982477 -0.098825 -0.776759
v -0.982477 2.956307 -0.776759
v -0.951841 -0.098825 -0.749574
v -0.951841 2.956307 -0.749574
v -0.951841 -0.098825 -0.776759
v -0.951841 2.956307 -0.776759
vt 0.375000 0.000000
vt 0.625000 0.000000
vt 0.625000 0.250000
vt 0.375000 0.250000
vt 0.625000 0.500000
vt 0.375000 0.500000
vt 0.625000 0.750000
vt 0.375000 0.750000
vt 0.625000 1.000000
vt 0.375000 1.000000
vt 0.125000 0.500000
vt 0.125000 0.750000
vt 0.875000 0.500000
vt 0.875000 0.750000
vn -1.0000 0.0000 0.0000
vn 0.0000 0.0000 -1.0000
vn 1.0000 0.0000 0.0000
vn 0.0000 0.0000 1.0000
vn 0.0000 -1.0000 0.0000
vn 0.0000 1.0000 0.0000
usemtl Material.025
s off
f 5301/9273/920 5302/9274/920 5304/9275/920 5303/9276/920
f 5303/9276/921 5304/9275/921 5308/9277/921 5307/9278/921
f 5307/9278/922 5308/9277/922 5306/9279/922 5305/9280/922
f 5305/9280/923 5306/9279/923 5302/9281/923 5301/9282/923
f 5303/9283/924 5307/9278/924 5305/9280/924 5301/9284/924
f 5308/9277/925 5304/9285/925 5302/9286/925 5306/9279/925
o Cube.051_Cube.052
v 0.963240 -0.125852 0.829506
v 0.963240 2.929279 0.829506
v 0.963240 -0.125852 0.802321
v 0.963240 2.929279 0.802321
v 0.993875 -0.125852 0.829506
v 0.993875 2.929279 0.829506
v 0.993875 -0.125852 0.802321
v 0.993875 2.929279 0.802321
vt 0.375000 0.000000
vt 0.625000 0.000000
vt 0.625000 0.250000
vt 0.375000 0.250000
vt 0.625000 0.500000
vt 0.375000 0.500000
vt 0.625000 0.750000
vt 0.375000 0.750000
vt 0.625000 1.000000
vt 0.375000 1.000000
vt 0.125000 0.500000
vt 0.125000 0.750000
vt 0.875000 0.500000
vt 0.875000 0.750000
vn -1.0000 0.0000 0.0000
vn 0.0000 0.0000 -1.0000
vn 1.0000 0.0000 0.0000
vn 0.0000 0.0000 1.0000
vn 0.0000 -1.0000 0.0000
vn 0.0000 1.0000 0.0000
usemtl Material.025
s off
f 5309/9287/926 5310/9288/926 5312/9289/926 5311/9290/926
f 5311/9290/927 5312/9289/927 5316/9291/927 5315/9292/927
f 5315/9292/928 5316/9291/928 5314/9293/928 5313/9294/928
f 5313/9294/929 5314/9293/929 5310/9295/929 5309/9296/929
f 5311/9297/930 5315/9292/930 5313/9294/930 5309/9298/930
f 5316/9291/931 5312/9299/931 5310/9300/931 5314/9293/931
o Cube.052_Cube.053
v 1.024580 -0.110050 0.765689
v 1.024580 2.945082 0.765689
v 1.024580 -0.110050 0.738503
v 1.024580 2.945082 0.738503
v 1.055216 -0.110050 0.765689
v 1.055216 2.945082 0.765689
v 1.055216 -0.110050 0.738503
v 1.055216 2.945082 0.738503
vt 0.375000 0.000000
vt 0.625000 0.000000
vt 0.625000 0.250000
vt 0.375000 0.250000
vt 0.625000 0.500000
vt 0.375000 0.500000
vt 0.625000 0.750000
vt 0.375000 0.750000
vt 0.625000 1.000000
vt 0.375000 1.000000
vt 0.125000 0.500000
vt 0.125000 0.750000
vt 0.875000 0.500000
vt 0.875000 0.750000
vn -1.0000 0.0000 0.0000
vn 0.0000 0.0000 -1.0000
vn 1.0000 0.0000 0.0000
vn 0.0000 0.0000 1.0000
vn 0.0000 -1.0000 0.0000
vn 0.0000 1.0000 0.0000
usemtl Material.025
s off
f 5317/9301/932 5318/9302/932 5320/9303/932 5319/9304/932
f 5319/9304/933 5320/9303/933 5324/9305/933 5323/9306/933
f 5323/9306/934 5324/9305/934 5322/9307/934 5321/9308/934
f 5321/9308/935 5322/9307/935 5318/9309/935 5317/9310/935
f 5319/9311/936 5323/9306/936 5321/9308/936 5317/9312/936
f 5324/9305/937 5320/9313/937 5318/9314/937 5322/9307/937
o Cube.053_Cube.054
v 0.372220 2.585268 -0.825782
v 0.372220 2.585133 -0.845132
v 0.372220 2.277008 -0.823631
v 0.372220 2.276872 -0.842981
v 0.652542 2.585268 -0.825782
v 0.652542 2.585133 -0.845132
v 0.652542 2.277008 -0.823631
v 0.652542 2.276872 -0.842981
vt 0.375000 0.000000
vt 0.625000 0.000000
vt 0.625000 0.250000
vt 0.375000 0.250000
vt 0.625000 0.500000
vt 0.375000 0.500000
vt 0.625000 0.750000
vt 0.375000 0.750000
vt 0.625000 1.000000
vt 0.375000 1.000000
vt 0.125000 0.500000
vt 0.125000 0.750000
vt 0.875000 0.500000
vt 0.875000 0.750000
vn -1.0000 -0.0000 0.0000
vn 0.0000 -1.0000 0.0070
vn 1.0000 0.0000 0.0000
vn 0.0000 1.0000 -0.0070
vn 0.0000 0.0070 1.0000
vn 0.0000 -0.0070 -1.0000
usemtl Material.025
s off
f 5325/9315/938 5326/9316/938 5328/9317/938 5327/9318/938
f 5327/9318/939 5328/9317/939 5332/9319/939 5331/9320/939
f 5331/9320/940 5332/9319/940 5330/9321/940 5329/9322/940
f 5329/9322/941 5330/9321/941 5326/9323/941 5325/9324/941
f 5327/9325/942 5331/9320/942 5329/9322/942 5325/9326/942
f 5332/9319/943 5328/9327/943 5326/9328/943 5330/9321/943
o Cube.054_Cube.055
v 0.084407 2.724429 -0.852295
v 0.084407 2.724294 -0.871645
v 0.084407 2.416169 -0.850143
v 0.084407 2.416034 -0.869493
v 0.364729 2.724429 -0.852295
v 0.364729 2.724294 -0.871645
v 0.364729 2.416169 -0.850143
v 0.364729 2.416034 -0.869493
vt 0.375000 0.000000
vt 0.625000 0.000000
vt 0.625000 0.250000
vt 0.375000 0.250000
vt 0.625000 0.500000
vt 0.375000 0.500000
vt 0.625000 0.750000
vt 0.375000 0.750000
vt 0.625000 1.000000
vt 0.375000 1.000000
vt 0.125000 0.500000
vt 0.125000 0.750000
vt 0.875000 0.500000
vt 0.875000 0.750000
vn -1.0000 0.0000 0.0000
vn 0.0000 -1.0000 0.0070
vn 1.0000 0.0000 0.0000
vn 0.0000 1.0000 -0.0070
vn 0.0000 0.0070 1.0000
vn 0.0000 -0.0070 -1.0000
usemtl Material.025
s off
f 5333/9329/944 5334/9330/944 5336/9331/944 5335/9332/944
f 5335/9332/945 5336/9331/945 5340/9333/945 5339/9334/945
f 5339/9334/946 5340/9333/946 5338/9335/946 5337/9336/946
f 5337/9336/947 5338/9335/947 5334/9337/947 5333/9338/947
f 5335/9339/948 5339/9334/948 5337/9336/948 5333/9340/948
f 5340/9333/949 5336/9341/949 5334/9342/949 5338/9335/949
o Cube.055_Cube.056
v -0.302810 2.662665 -0.825782
v -0.302810 2.662530 -0.845132
v -0.302810 2.354405 -0.823631
v -0.302810 2.354270 -0.842981
v -0.022488 2.662665 -0.825782
v -0.022488 2.662530 -0.845132
v -0.022488 2.354405 -0.823631
v -0.022488 2.354270 -0.842981
vt 0.375000 0.000000
vt 0.625000 0.000000
vt 0.625000 0.250000
vt 0.375000 0.250000
vt 0.625000 0.500000
vt 0.375000 0.500000
vt 0.625000 0.750000
vt 0.375000 0.750000
vt 0.625000 1.000000
vt 0.375000 1.000000
vt 0.125000 0.500000
vt 0.125000 0.750000
vt 0.875000 0.500000
vt 0.875000 0.750000
vn -1.0000 0.0000 0.0000
vn 0.0000 -1.0000 0.0070
vn 1.0000 0.0000 0.0000
vn 0.0000 1.0000 -0.0070
vn 0.0000 0.0070 1.0000
vn 0.0000 -0.0070 -1.0000
usemtl Material.025
s off
f 5341/9343/950 5342/9344/950 5344/9345/950 5343/9346/950
f 5343/9346/951 5344/9345/951 5348/9347/951 5347/9348/951
f 5347/9348/952 5348/9347/952 5346/9349/952 5345/9350/952
f 5345/9350/953 5346/9349/953 5342/9351/953 5341/9352/953
f 5343/9353/954 5347/9348/954 5345/9350/954 5341/9354/954
f 5348/9347/955 5344/9355/955 5342/9356/955 5346/9349/955
o Cube.056_Cube.057
v -0.615194 2.605500 -0.826441
v -0.615194 2.605365 -0.845792
v -0.615194 2.108247 -0.822971
v -0.615194 2.108112 -0.842322
v -0.334872 2.605500 -0.826441
v -0.334872 2.605365 -0.845792
v -0.334872 2.108247 -0.822971
v -0.334872 2.108112 -0.842322
vt 0.375000 0.000000
vt 0.625000 0.000000
vt 0.625000 0.250000
vt 0.375000 0.250000
vt 0.625000 0.500000
vt 0.375000 0.500000
vt 0.625000 0.750000
vt 0.375000 0.750000
vt 0.625000 1.000000
vt 0.375000 1.000000
vt 0.125000 0.500000
vt 0.125000 0.750000
vt 0.875000 0.500000
vt 0.875000 0.750000
vn -1.0000 0.0000 0.0000
vn 0.0000 -1.0000 0.0070
vn 1.0000 0.0000 0.0000
vn 0.0000 1.0000 -0.0070
vn 0.0000 0.0070 1.0000
vn 0.0000 -0.0070 -1.0000
usemtl Material.025
s off
f 5349/9357/956 5350/9358/956 5352/9359/956 5351/9360/956
f 5351/9360/957 5352/9359/957 5356/9361/957 5355/9362/957
f 5355/9362/958 5356/9361/958 5354/9363/958 5353/9364/958
f 5353/9364/959 5354/9363/959 5350/9365/959 5349/9366/959
f 5351/9367/960 5355/9362/960 5353/9364/960 5349/9368/960
f 5356/9361/961 5352/9369/961 5350/9370/961 5354/9363/961
o Cube.057_Cube.058
v 0.372220 2.098237 -0.825782
v 0.372220 2.098101 -0.845132
v 0.372220 1.789976 -0.823631
v 0.372220 1.789841 -0.842981
v 0.652542 2.098237 -0.825782
v 0.652542 2.098101 -0.845132
v 0.652542 1.789976 -0.823631
v 0.652542 1.789841 -0.842981
vt 0.375000 0.000000
vt 0.625000 0.000000
vt 0.625000 0.250000
vt 0.375000 0.250000
vt 0.625000 0.500000
vt 0.375000 0.500000
vt 0.625000 0.750000
vt 0.375000 0.750000
vt 0.625000 1.000000
vt 0.375000 1.000000
vt 0.125000 0.500000
vt 0.125000 0.750000
vt 0.875000 0.500000
vt 0.875000 0.750000
vn -1.0000 -0.0000 0.0000
vn 0.0000 -1.0000 0.0070
vn 1.0000 0.0000 0.0000
vn 0.0000 1.0000 -0.0070
vn 0.0000 0.0070 1.0000
vn 0.0000 -0.0070 -1.0000
usemtl Material.025
s off
f 5357/9371/962 5358/9372/962 5360/9373/962 5359/9374/962
f 5359/9374/963 5360/9373/963 5364/9375/963 5363/9376/963
f 5363/9376/964 5364/9375/964 5362/9377/964 5361/9378/964
f 5361/9378/965 5362/9377/965 5358/9379/965 5357/9380/965
f 5359/9381/966 5363/9376/966 5361/9378/966 5357/9382/966
f 5364/9375/967 5360/9383/967 5358/9384/967 5362/9377/967
o Cube.058_Cube.059
v 0.084407 1.948790 -0.852295
v 0.084407 1.948655 -0.871645
v 0.084407 1.640530 -0.850143
v 0.084407 1.640395 -0.869493
v 0.364729 1.948790 -0.852295
v 0.364729 1.948655 -0.871645
v 0.364729 1.640530 -0.850143
v 0.364729 1.640395 -0.869493
vt 0.375000 0.000000
vt 0.625000 0.000000
vt 0.625000 0.250000
vt 0.375000 0.250000
vt 0.625000 0.500000
vt 0.375000 0.500000
vt 0.625000 0.750000
vt 0.375000 0.750000
vt 0.625000 1.000000
vt 0.375000 1.000000
vt 0.125000 0.500000
vt 0.125000 0.750000
vt 0.875000 0.500000
vt 0.875000 0.750000
vn -1.0000 0.0000 0.0000
vn 0.0000 -1.0000 0.0070
vn 1.0000 0.0000 0.0000
vn 0.0000 1.0000 -0.0070
vn 0.0000 0.0070 1.0000
vn 0.0000 -0.0070 -1.0000
usemtl Material.025
s off
f 5365/9385/968 5366/9386/968 5368/9387/968 5367/9388/968
f 5367/9388/969 5368/9387/969 5372/9389/969 5371/9390/969
f 5371/9390/970 5372/9389/970 5370/9391/970 5369/9392/970
f 5369/9392/971 5370/9391/971 5366/9393/971 5365/9394/971
f 5367/9395/972 5371/9390/972 5369/9392/972 5365/9396/972
f 5372/9389/973 5368/9397/973 5366/9398/973 5370/9391/973
o Cube.059_Cube.060
v 0.043873 1.378963 -0.894074
v 0.043873 1.378828 -0.913424
v 0.043873 1.070702 -0.891923
v 0.043873 1.070567 -0.911273
v 0.324195 1.378963 -0.894074
v 0.324195 1.378828 -0.913424
v 0.324195 1.070702 -0.891923
v 0.324195 1.070567 -0.911273
vt 0.375000 0.000000
vt 0.625000 0.000000
vt 0.625000 0.250000
vt 0.375000 0.250000
vt 0.625000 0.500000
vt 0.375000 0.500000
vt 0.625000 0.750000
vt 0.375000 0.750000
vt 0.625000 1.000000
vt 0.375000 1.000000
vt 0.125000 0.500000
vt 0.125000 0.750000
vt 0.875000 0.500000
vt 0.875000 0.750000
vn -1.0000 0.0000 0.0000
vn 0.0000 -1.0000 0.0070
vn 1.0000 0.0000 0.0000
vn 0.0000 1.0000 -0.0070
vn 0.0000 0.0070 1.0000
vn 0.0000 -0.0070 -1.0000
usemtl Material.025
s off
f 5373/9399/974 5374/9400/974 5376/9401/974 5375/9402/974
f 5375/9402/975 5376/9401/975 5380/9403/975 5379/9404/975
f 5379/9404/976 5380/9403/976 5378/9405/976 5377/9406/976
f 5377/9406/977 5378/9405/977 5374/9407/977 5373/9408/977
f 5375/9409/978 5379/9404/978 5377/9406/978 5373/9410/978
f 5380/9403/979 5376/9411/979 5374/9412/979 5378/9405/979
o Cube.060_Cube.061
v 0.372220 1.200788 -0.873090
v 0.372220 1.200653 -0.892440
v 0.372220 0.892527 -0.870939
v 0.372220 0.892392 -0.890289
v 0.652542 1.200788 -0.873090
v 0.652542 1.200653 -0.892440
v 0.652542 0.892527 -0.870939
v 0.652542 0.892392 -0.890289
vt 0.375000 0.000000
vt 0.625000 0.000000
vt 0.625000 0.250000
vt 0.375000 0.250000
vt 0.625000 0.500000
vt 0.375000 0.500000
vt 0.625000 0.750000
vt 0.375000 0.750000
vt 0.625000 1.000000
vt 0.375000 1.000000
vt 0.125000 0.500000
vt 0.125000 0.750000
vt 0.875000 0.500000
vt 0.875000 0.750000
vn -1.0000 -0.0000 0.0000
vn 0.0000 -1.0000 0.0070
vn 1.0000 0.0000 0.0000
vn 0.0000 1.0000 -0.0070
vn 0.0000 0.0070 1.0000
vn 0.0000 -0.0070 -1.0000
usemtl Material.025
s off
f 5381/9413/980 5382/9414/980 5384/9415/980 5383/9416/980
f 5383/9416/981 5384/9415/981 5388/9417/981 5387/9418/981
f 5387/9418/982 5388/9417/982 5386/9419/982 5385/9420/982
f 5385/9420/983 5386/9419/983 5382/9421/983 5381/9422/983
f 5383/9423/984 5387/9418/984 5385/9420/984 5381/9424/984
f 5388/9417/985 5384/9425/985 5382/9426/985 5386/9419/985
o Cube.061_Cube.062
v -0.598964 1.374479 -0.826441
v -0.598964 1.374344 -0.845792
v -0.598964 0.877226 -0.822971
v -0.598964 0.877091 -0.842322
v -0.318642 1.374479 -0.826441
v -0.318642 1.374344 -0.845792
v -0.318642 0.877226 -0.822971
v -0.318642 0.877091 -0.842322
vt 0.375000 0.000000
vt 0.625000 0.000000
vt 0.625000 0.250000
vt 0.375000 0.250000
vt 0.625000 0.500000
vt 0.375000 0.500000
vt 0.625000 0.750000
vt 0.375000 0.750000
vt 0.625000 1.000000
vt 0.375000 1.000000
vt 0.125000 0.500000
vt 0.125000 0.750000
vt 0.875000 0.500000
vt 0.875000 0.750000
vn -1.0000 0.0000 0.0000
vn 0.0000 -1.0000 0.0070
vn 1.0000 0.0000 0.0000
vn 0.0000 1.0000 -0.0070
vn 0.0000 0.0070 1.0000
vn 0.0000 -0.0070 -1.0000
usemtl Material.025
s off
f 5389/9427/986 5390/9428/986 5392/9429/986 5391/9430/986
f 5391/9430/987 5392/9429/987 5396/9431/987 5395/9432/987
f 5395/9432/988 5396/9431/988 5394/9433/988 5393/9434/988
f 5393/9434/989 5394/9433/989 5390/9435/989 5389/9436/989
f 5391/9437/990 5395/9432/990 5393/9434/990 5389/9438/990
f 5396/9431/991 5392/9439/991 5390/9440/991 5394/9433/991
o Cube.062_Cube.063
v 0.372220 0.521431 -0.873090
v 0.372220 0.521296 -0.892440
v 0.372220 0.213170 -0.870939
v 0.372220 0.213035 -0.890289
v 0.652542 0.521431 -0.873090
v 0.652542 0.521296 -0.892440
v 0.652542 0.213170 -0.870939
v 0.652542 0.213035 -0.890289
vt 0.375000 0.000000
vt 0.625000 0.000000
vt 0.625000 0.250000
vt 0.375000 0.250000
vt 0.625000 0.500000
vt 0.375000 0.500000
vt 0.625000 0.750000
vt 0.375000 0.750000
vt 0.625000 1.000000
vt 0.375000 1.000000
vt 0.125000 0.500000
vt 0.125000 0.750000
vt 0.875000 0.500000
vt 0.875000 0.750000
vn -1.0000 -0.0000 0.0000
vn 0.0000 -1.0000 0.0070
vn 1.0000 0.0000 0.0000
vn 0.0000 1.0000 -0.0070
vn 0.0000 0.0070 1.0000
vn 0.0000 -0.0070 -1.0000
usemtl Material.025
s off
f 5397/9441/992 5398/9442/992 5400/9443/992 5399/9444/992
f 5399/9444/993 5400/9443/993 5404/9445/993 5403/9446/993
f 5403/9446/994 5404/9445/994 5402/9447/994 5401/9448/994
f 5401/9448/995 5402/9447/995 5398/9449/995 5397/9450/995
f 5399/9451/996 5403/9446/996 5401/9448/996 5397/9452/996
f 5404/9445/997 5400/9453/997 5398/9454/997 5402/9447/997
o Cube.063_Cube.064
v -0.287498 0.692236 -0.833138
v -0.287498 0.692101 -0.852488
v -0.287498 0.383975 -0.830987
v -0.287498 0.383840 -0.850337
v -0.007176 0.692236 -0.833138
v -0.007176 0.692101 -0.852488
v -0.007176 0.383975 -0.830987
v -0.007176 0.383840 -0.850337
vt 0.375000 0.000000
vt 0.625000 0.000000
vt 0.625000 0.250000
vt 0.375000 0.250000
vt 0.625000 0.500000
vt 0.375000 0.500000
vt 0.625000 0.750000
vt 0.375000 0.750000
vt 0.625000 1.000000
vt 0.375000 1.000000
vt 0.125000 0.500000
vt 0.125000 0.750000
vt 0.875000 0.500000
vt 0.875000 0.750000
vn -1.0000 0.0000 0.0000
vn 0.0000 -1.0000 0.0070
vn 1.0000 -0.0000 0.0000
vn 0.0000 1.0000 -0.0070
vn 0.0000 0.0070 1.0000
vn 0.0000 -0.0070 -1.0000
usemtl Material.025
s off
f 5405/9455/998 5406/9456/998 5408/9457/998 5407/9458/998
f 5407/9458/999 5408/9457/999 5412/9459/999 5411/9460/999
f 5411/9460/1000 5412/9459/1000 5410/9461/1000 5409/9462/1000
f 5409/9462/1001 5410/9461/1001 5406/9463/1001 5405/9464/1001
f 5407/9465/1002 5411/9460/1002 5409/9462/1002 5405/9466/1002
f 5412/9459/1003 5408/9467/1003 5406/9468/1003 5410/9461/1003
o Cube.064_Cube.065
v 0.082096 2.603382 0.825829
v 0.082096 2.603247 0.806479
v 0.082096 2.295122 0.827980
v 0.082096 2.294986 0.808630
v 0.362418 2.603382 0.825829
v 0.362418 2.603247 0.806479
v 0.362418 2.295122 0.827980
v 0.362418 2.294986 0.808630
vt 0.375000 0.000000
vt 0.625000 0.000000
vt 0.625000 0.250000
vt 0.375000 0.250000
vt 0.625000 0.500000
vt 0.375000 0.500000
vt 0.625000 0.750000
vt 0.375000 0.750000
vt 0.625000 1.000000
vt 0.375000 1.000000
vt 0.125000 0.500000
vt 0.125000 0.750000
vt 0.875000 0.500000
vt 0.875000 0.750000
vn -1.0000 0.0000 0.0000
vn 0.0000 -1.0000 0.0070
vn 1.0000 0.0000 0.0000
vn 0.0000 1.0000 -0.0070
vn 0.0000 0.0070 1.0000
vn 0.0000 -0.0070 -1.0000
usemtl Material.025
s off
f 5413/9469/1004 5414/9470/1004 5416/9471/1004 5415/9472/1004
f 5415/9472/1005 5416/9471/1005 5420/9473/1005 5419/9474/1005
f 5419/9474/1006 5420/9473/1006 5418/9475/1006 5417/9476/1006
f 5417/9476/1007 5418/9475/1007 5414/9477/1007 5413/9478/1007
f 5415/9479/1008 5419/9474/1008 5417/9476/1008 5413/9480/1008
f 5420/9473/1009 5416/9481/1009 5414/9482/1009 5418/9475/1009
o Cube.065_Cube.066
v 0.393385 2.603382 0.825829
v 0.393385 2.603247 0.806479
v 0.393385 2.295122 0.827980
v 0.393385 2.294986 0.808630
v 0.673707 2.603382 0.825829
v 0.673707 2.603247 0.806479
v 0.673707 2.295122 0.827980
v 0.673707 2.294986 0.808630
vt 0.375000 0.000000
vt 0.625000 0.000000
vt 0.625000 0.250000
vt 0.375000 0.250000
vt 0.625000 0.500000
vt 0.375000 0.500000
vt 0.625000 0.750000
vt 0.375000 0.750000
vt 0.625000 1.000000
vt 0.375000 1.000000
vt 0.125000 0.500000
vt 0.125000 0.750000
vt 0.875000 0.500000
vt 0.875000 0.750000
vn -1.0000 -0.0000 0.0000
vn 0.0000 -1.0000 0.0070
vn 1.0000 0.0000 0.0000
vn 0.0000 1.0000 -0.0070
vn 0.0000 0.0070 1.0000
vn 0.0000 -0.0070 -1.0000
usemtl Material.025
s off
f 5421/9483/1010 5422/9484/1010 5424/9485/1010 5423/9486/1010
f 5423/9486/1011 5424/9485/1011 5428/9487/1011 5427/9488/1011
f 5427/9488/1012 5428/9487/1012 5426/9489/1012 5425/9490/1012
f 5425/9490/1013 5426/9489/1013 5422/9491/1013 5421/9492/1013
f 5423/9493/1014 5427/9488/1014 5425/9490/1014 5421/9494/1014
f 5428/9487/1015 5424/9495/1015 5422/9496/1015 5426/9489/1015
o Cube.066_Cube.067
v 0.082096 2.603382 0.825829
v 0.082096 2.603247 0.806479
v 0.082096 2.295122 0.827980
v 0.082096 2.294986 0.808630
v 0.362418 2.603382 0.825829
v 0.362418 2.603247 0.806479
v 0.362418 2.295122 0.827980
v 0.362418 2.294986 0.808630
vt 0.375000 0.000000
vt 0.625000 0.000000
vt 0.625000 0.250000
vt 0.375000 0.250000
vt 0.625000 0.500000
vt 0.375000 0.500000
vt 0.625000 0.750000
vt 0.375000 0.750000
vt 0.625000 1.000000
vt 0.375000 1.000000
vt 0.125000 0.500000
vt 0.125000 0.750000
vt 0.875000 0.500000
vt 0.875000 0.750000
vn -1.0000 0.0000 0.0000
vn 0.0000 -1.0000 0.0070
vn 1.0000 0.0000 0.0000
vn 0.0000 1.0000 -0.0070
vn 0.0000 0.0070 1.0000
vn 0.0000 -0.0070 -1.0000
usemtl Material.025
s off
f 5429/9497/1016 5430/9498/1016 5432/9499/1016 5431/9500/1016
f 5431/9500/1017 5432/9499/1017 5436/9501/1017 5435/9502/1017
f 5435/9502/1018 5436/9501/1018 5434/9503/1018 5433/9504/1018
f 5433/9504/1019 5434/9503/1019 5430/9505/1019 5429/9506/1019
f 5431/9507/1020 5435/9502/1020 5433/9504/1020 5429/9508/1020
f 5436/9501/1021 5432/9509/1021 5430/9510/1021 5434/9503/1021
o Cube.067_Cube.068
v -0.276010 2.790169 0.825829
v -0.276010 2.790034 0.806479
v -0.276010 2.481909 0.827980
v -0.276010 2.481774 0.808630
v 0.004312 2.790169 0.825829
v 0.004312 2.790034 0.806479
v 0.004312 2.481909 0.827980
v 0.004312 2.481774 0.808630
vt 0.375000 0.000000
vt 0.625000 0.000000
vt 0.625000 0.250000
vt 0.375000 0.250000
vt 0.625000 0.500000
vt 0.375000 0.500000
vt 0.625000 0.750000
vt 0.375000 0.750000
vt 0.625000 1.000000
vt 0.375000 1.000000
vt 0.125000 0.500000
vt 0.125000 0.750000
vt 0.875000 0.500000
vt 0.875000 0.750000
vn -1.0000 0.0000 0.0000
vn 0.0000 -1.0000 0.0070
vn 1.0000 0.0000 0.0000
vn 0.0000 1.0000 -0.0070
vn 0.0000 0.0070 1.0000
vn 0.0000 -0.0070 -1.0000
usemtl Material.025
s off
f 5437/9511/1022 5438/9512/1022 5440/9513/1022 5439/9514/1022
f 5439/9514/1023 5440/9513/1023 5444/9515/1023 5443/9516/1023
f 5443/9516/1024 5444/9515/1024 5442/9517/1024 5441/9518/1024
f 5441/9518/1025 5442/9517/1025 5438/9519/1025 5437/9520/1025
f 5439/9521/1026 5443/9516/1026 5441/9518/1026 5437/9522/1026
f 5444/9515/1027 5440/9523/1027 5438/9524/1027 5442/9517/1027
o Cube.068_Cube.069
v -0.608681 2.666268 0.825829
v -0.608681 2.666133 0.806479
v -0.608681 2.358007 0.827980
v -0.608681 2.357872 0.808630
v -0.328359 2.666268 0.825829
v -0.328359 2.666133 0.806479
v -0.328359 2.358007 0.827980
v -0.328359 2.357872 0.808630
vt 0.375000 0.000000
vt 0.625000 0.000000
vt 0.625000 0.250000
vt 0.375000 0.250000
vt 0.625000 0.500000
vt 0.375000 0.500000
vt 0.625000 0.750000
vt 0.375000 0.750000
vt 0.625000 1.000000
vt 0.375000 1.000000
vt 0.125000 0.500000
vt 0.125000 0.750000
vt 0.875000 0.500000
vt 0.875000 0.750000
vn -1.0000 0.0000 0.0000
vn 0.0000 -1.0000 0.0070
vn 1.0000 0.0000 0.0000
vn 0.0000 1.0000 -0.0070
vn 0.0000 0.0070 1.0000
vn 0.0000 -0.0070 -1.0000
usemtl Material.025
s off
f 5445/9525/1028 5446/9526/1028 5448/9527/1028 5447/9528/1028
f 5447/9528/1029 5448/9527/1029 5452/9529/1029 5451/9530/1029
f 5451/9530/1030 5452/9529/1030 5450/9531/1030 5449/9532/1030
f 5449/9532/1031 5450/9531/1031 5446/9533/1031 5445/9534/1031
f 5447/9535/1032 5451/9530/1032 5449/9532/1032 5445/9536/1032
f 5452/9529/1033 5448/9537/1033 5446/9538/1033 5450/9531/1033
o Cube.069_Cube.070
v -0.592796 2.016910 0.825829
v -0.592796 2.016775 0.806479
v -0.592796 1.708650 0.827980
v -0.592796 1.708515 0.808630
v -0.312474 2.016910 0.825829
v -0.312474 2.016775 0.806479
v -0.312474 1.708650 0.827980
v -0.312474 1.708515 0.808630
vt 0.375000 0.000000
vt 0.625000 0.000000
vt 0.625000 0.250000
vt 0.375000 0.250000
vt 0.625000 0.500000
vt 0.375000 0.500000
vt 0.625000 0.750000
vt 0.375000 0.750000
vt 0.625000 1.000000
vt 0.375000 1.000000
vt 0.125000 0.500000
vt 0.125000 0.750000
vt 0.875000 0.500000
vt 0.875000 0.750000
vn -1.0000 0.0000 0.0000
vn 0.0000 -1.0000 0.0070
vn 1.0000 0.0000 0.0000
vn 0.0000 1.0000 -0.0070
vn 0.0000 0.0070 1.0000
vn 0.0000 -0.0070 -1.0000
usemtl Material.025
s off
f 5453/9539/1034 5454/9540/1034 5456/9541/1034 5455/9542/1034
f 5455/9542/1035 5456/9541/1035 5460/9543/1035 5459/9544/1035
f 5459/9544/1036 5460/9543/1036 5458/9545/1036 5457/9546/1036
f 5457/9546/1037 5458/9545/1037 5454/9547/1037 5453/9548/1037
f 5455/9549/1038 5459/9544/1038 5457/9546/1038 5453/9550/1038
f 5460/9543/1039 5456/9551/1039 5454/9552/1039 5458/9545/1039
o Cube.070_Cube.071
v -0.274434 1.957206 0.825829
v -0.274434 1.957071 0.806479
v -0.274434 1.648946 0.827980
v -0.274434 1.648811 0.808630
v 0.005888 1.957206 0.825829
v 0.005888 1.957071 0.806479
v 0.005888 1.648946 0.827980
v 0.005888 1.648811 0.808630
vt 0.375000 0.000000
vt 0.625000 0.000000
vt 0.625000 0.250000
vt 0.375000 0.250000
vt 0.625000 0.500000
vt 0.375000 0.500000
vt 0.625000 0.750000
vt 0.375000 0.750000
vt 0.625000 1.000000
vt 0.375000 1.000000
vt 0.125000 0.500000
vt 0.125000 0.750000
vt 0.875000 0.500000
vt 0.875000 0.750000
vn -1.0000 0.0000 0.0000
vn 0.0000 -1.0000 0.0070
vn 1.0000 0.0000 0.0000
vn 0.0000 1.0000 -0.0070
vn 0.0000 0.0070 1.0000
vn 0.0000 -0.0070 -1.0000
usemtl Material.025
s off
f 5461/9553/1040 5462/9554/1040 5464/9555/1040 5463/9556/1040
f 5463/9556/1041 5464/9555/1041 5468/9557/1041 5467/9558/1041
f 5467/9558/1042 5468/9557/1042 5466/9559/1042 5465/9560/1042
f 5465/9560/1043 5466/9559/1043 5462/9561/1043 5461/9562/1043
f 5463/9563/1044 5467/9558/1044 5465/9560/1044 5461/9564/1044
f 5468/9557/1045 5464/9565/1045 5462/9566/1045 5466/9559/1045
o Cube.071_Cube.072
v 0.081978 2.116948 0.825829
v 0.081978 2.116813 0.806479
v 0.081978 1.808687 0.827980
v 0.081978 1.808552 0.808630
v 0.362300 2.116948 0.825829
v 0.362300 2.116813 0.806479
v 0.362300 1.808687 0.827980
v 0.362300 1.808552 0.808630
vt 0.375000 0.000000
vt 0.625000 0.000000
vt 0.625000 0.250000
vt 0.375000 0.250000
vt 0.625000 0.500000
vt 0.375000 0.500000
vt 0.625000 0.750000
vt 0.375000 0.750000
vt 0.625000 1.000000
vt 0.375000 1.000000
vt 0.125000 0.500000
vt 0.125000 0.750000
vt 0.875000 0.500000
vt 0.875000 0.750000
vn -1.0000 0.0000 0.0000
vn 0.0000 -1.0000 0.0070
vn 1.0000 0.0000 0.0000
vn 0.0000 1.0000 -0.0070
vn 0.0000 0.0070 1.0000
vn 0.0000 -0.0070 -1.0000
usemtl Material.025
s off
f 5469/9567/1046 5470/9568/1046 5472/9569/1046 5471/9570/1046
f 5471/9570/1047 5472/9569/1047 5476/9571/1047 5475/9572/1047
f 5475/9572/1048 5476/9571/1048 5474/9573/1048 5473/9574/1048
f 5473/9574/1049 5474/9573/1049 5470/9575/1049 5469/9576/1049
f 5471/9577/1050 5475/9572/1050 5473/9574/1050 5469/9578/1050
f 5476/9571/1051 5472/9579/1051 5470/9580/1051 5474/9573/1051
o Cube.072_Cube.083
v 0.386349 2.101409 0.825829
v 0.386349 2.101274 0.806479
v 0.386349 1.793148 0.827980
v 0.386349 1.793013 0.808630
v 0.666671 2.101409 0.825829
v 0.666671 2.101274 0.806479
v 0.666671 1.793148 0.827980
v 0.666671 1.793013 0.808630
vt 0.375000 0.000000
vt 0.625000 0.000000
vt 0.625000 0.250000
vt 0.375000 0.250000
vt 0.625000 0.500000
vt 0.375000 0.500000
vt 0.625000 0.750000
vt 0.375000 0.750000
vt 0.625000 1.000000
vt 0.375000 1.000000
vt 0.125000 0.500000
vt 0.125000 0.750000
vt 0.875000 0.500000
vt 0.875000 0.750000
vn -1.0000 0.0000 0.0000
vn 0.0000 -1.0000 0.0070
vn 1.0000 0.0000 0.0000
vn 0.0000 1.0000 -0.0070
vn 0.0000 0.0070 1.0000
vn 0.0000 -0.0070 -1.0000
usemtl Material.025
s off
f 5477/9581/1052 5478/9582/1052 5480/9583/1052 5479/9584/1052
f 5479/9584/1053 5480/9583/1053 5484/9585/1053 5483/9586/1053
f 5483/9586/1054 5484/9585/1054 5482/9587/1054 5481/9588/1054
f 5481/9588/1055 5482/9587/1055 5478/9589/1055 5477/9590/1055
f 5479/9591/1056 5483/9586/1056 5481/9588/1056 5477/9592/1056
f 5484/9585/1057 5480/9593/1057 5478/9594/1057 5482/9587/1057
o Cube.073_Cube.084
v 1.066117 2.578685 0.052264
v 1.085441 2.579149 0.053191
v 1.078065 2.081564 0.051698
v 1.097389 2.082027 0.052625
v 1.052701 2.578044 0.332264
v 1.072024 2.578507 0.333191
v 1.064649 2.080923 0.331698
v 1.083973 2.081386 0.332625
vt 0.375000 0.000000
vt 0.625000 0.000000
vt 0.625000 0.250000
vt 0.375000 0.250000
vt 0.625000 0.500000
vt 0.375000 0.500000
vt 0.625000 0.750000
vt 0.375000 0.750000
vt 0.625000 1.000000
vt 0.375000 1.000000
vt 0.125000 0.500000
vt 0.125000 0.750000
vt 0.875000 0.500000
vt 0.875000 0.750000
vn 0.0479 0.0023 -0.9989
vn 0.0240 -0.9997 -0.0011
vn -0.0479 -0.0023 0.9989
vn -0.0240 0.9997 0.0011
vn -0.9986 -0.0239 -0.0479
vn 0.9986 0.0239 0.0479
usemtl Material.025
s off
f 5485/9595/1058 5486/9596/1058 5488/9597/1058 5487/9598/1058
f 5487/9598/1059 5488/9597/1059 5492/9599/1059 5491/9600/1059
f 5491/9600/1060 5492/9599/1060 5490/9601/1060 5489/9602/1060
f 5489/9602/1061 5490/9601/1061 5486/9603/1061 5485/9604/1061
f 5487/9605/1062 5491/9600/1062 5489/9602/1062 5485/9606/1062
f 5492/9599/1063 5488/9607/1063 5486/9608/1063 5490/9601/1063
o Cube.074_Cube.085
v 1.060241 2.687224 0.348473
v 1.079586 2.687687 0.348588
v 1.072155 2.190103 0.347406
v 1.091500 2.190566 0.347521
v 1.058590 2.686583 0.628789
v 1.077935 2.687046 0.628904
v 1.070504 2.189461 0.627723
v 1.089849 2.189925 0.627838
vt 0.375000 0.000000
vt 0.625000 0.000000
vt 0.625000 0.250000
vt 0.375000 0.250000
vt 0.625000 0.500000
vt 0.375000 0.500000
vt 0.625000 0.750000
vt 0.375000 0.750000
vt 0.625000 1.000000
vt 0.375000 1.000000
vt 0.125000 0.500000
vt 0.125000 0.750000
vt 0.875000 0.500000
vt 0.875000 0.750000
vn 0.0059 0.0023 -1.0000
vn 0.0240 -0.9997 -0.0021
vn -0.0059 -0.0023 1.0000
vn -0.0240 0.9997 0.0021
vn -0.9997 -0.0239 -0.0059
vn 0.9997 0.0239 0.0059
usemtl Material.025
s off
f 5493/9609/1064 5494/9610/1064 5496/9611/1064 5495/9612/1064
f 5495/9612/1065 5496/9611/1065 5500/9613/1065 5499/9614/1065
f 5499/9614/1066 5500/9613/1066 5498/9615/1066 5497/9616/1066
f 5497/9616/1067 5498/9615/1067 5494/9617/1067 5493/9618/1067
f 5495/9619/1068 5499/9614/1068 5497/9616/1068 5493/9620/1068
f 5500/9613/1069 5496/9621/1069 5494/9622/1069 5498/9615/1069
o Cube.077_Cube.088
v 1.068820 1.930263 -0.328979
v 1.088140 1.930726 -0.328052
v 1.075366 1.657917 -0.329289
v 1.094686 1.658381 -0.328362
v 1.055404 1.929622 -0.048980
v 1.074724 1.930086 -0.048053
v 1.061950 1.657277 -0.049289
v 1.081269 1.657740 -0.048363
vt 0.375000 0.000000
vt 0.625000 0.000000
vt 0.625000 0.250000
vt 0.375000 0.250000
vt 0.625000 0.500000
vt 0.375000 0.500000
vt 0.625000 0.750000
vt 0.375000 0.750000
vt 0.625000 1.000000
vt 0.375000 1.000000
vt 0.125000 0.500000
vt 0.125000 0.750000
vt 0.875000 0.500000
vt 0.875000 0.750000
vn 0.0479 0.0023 -0.9989
vn 0.0240 -0.9997 -0.0011
vn -0.0479 -0.0023 0.9989
vn -0.0240 0.9997 0.0011
vn -0.9986 -0.0239 -0.0479
vn 0.9986 0.0239 0.0479
usemtl Material.025
s off
f 5501/9623/1070 5502/9624/1070 5504/9625/1070 5503/9626/1070
f 5503/9626/1071 5504/9625/1071 5508/9627/1071 5507/9628/1071
f 5507/9628/1072 5508/9627/1072 5506/9629/1072 5505/9630/1072
f 5505/9630/1073 5506/9629/1073 5502/9631/1073 5501/9632/1073
f 5503/9633/1074 5507/9628/1074 5505/9630/1074 5501/9634/1074
f 5508/9627/1075 5504/9635/1075 5502/9636/1075 5506/9629/1075
o Cube.078_Cube.089
v 1.066117 1.889865 -0.638292
v 1.085441 1.890329 -0.637365
v 1.078065 1.392744 -0.638857
v 1.097389 1.393207 -0.637930
v 1.052701 1.889224 -0.358292
v 1.072024 1.889688 -0.357365
v 1.064649 1.392103 -0.358857
v 1.083973 1.392566 -0.357930
vt 0.375000 0.000000
vt 0.625000 0.000000
vt 0.625000 0.250000
vt 0.375000 0.250000
vt 0.625000 0.500000
vt 0.375000 0.500000
vt 0.625000 0.750000
vt 0.375000 0.750000
vt 0.625000 1.000000
vt 0.375000 1.000000
vt 0.125000 0.500000
vt 0.125000 0.750000
vt 0.875000 0.500000
vt 0.875000 0.750000
vn 0.0479 0.0023 -0.9989
vn 0.0240 -0.9997 -0.0011
vn -0.0479 -0.0023 0.9989
vn -0.0240 0.9997 0.0011
vn -0.9986 -0.0239 -0.0479
vn 0.9986 0.0239 0.0479
usemtl Material.025
s off
f 5509/9637/1076 5510/9638/1076 5512/9639/1076 5511/9640/1076
f 5511/9640/1077 5512/9639/1077 5516/9641/1077 5515/9642/1077
f 5515/9642/1078 5516/9641/1078 5514/9643/1078 5513/9644/1078
f 5513/9644/1079 5514/9643/1079 5510/9645/1079 5509/9646/1079
f 5511/9647/1080 5515/9642/1080 5513/9644/1080 5509/9648/1080
f 5516/9641/1081 5512/9649/1081 5510/9650/1081 5514/9643/1081
o Cube.079_Cube.090
v 1.115054 2.553223 -0.638415
v 1.134373 2.553686 -0.637488
v 1.121772 2.273677 -0.638733
v 1.141092 2.274140 -0.637806
v 1.101637 2.552582 -0.358415
v 1.120957 2.553045 -0.357489
v 1.108356 2.273036 -0.358733
v 1.127676 2.273499 -0.357807
vt 0.375000 0.000000
vt 0.625000 0.000000
vt 0.625000 0.250000
vt 0.375000 0.250000
vt 0.625000 0.500000
vt 0.375000 0.500000
vt 0.625000 0.750000
vt 0.375000 0.750000
vt 0.625000 1.000000
vt 0.375000 1.000000
vt 0.125000 0.500000
vt 0.125000 0.750000
vt 0.875000 0.500000
vt 0.875000 0.750000
vn 0.0479 0.0023 -0.9989
vn 0.0240 -0.9997 -0.0011
vn -0.0479 -0.0023 0.9989
vn -0.0240 0.9997 0.0011
vn -0.9986 -0.0239 -0.0479
vn 0.9986 0.0239 0.0479
usemtl Material.025
s off
f 5517/9651/1082 5518/9652/1082 5520/9653/1082 5519/9654/1082
f 5519/9654/1083 5520/9653/1083 5524/9655/1083 5523/9656/1083
f 5523/9656/1084 5524/9655/1084 5522/9657/1084 5521/9658/1084
f 5521/9658/1085 5522/9657/1085 5518/9659/1085 5517/9660/1085
f 5519/9661/1086 5523/9656/1086 5521/9658/1086 5517/9662/1086
f 5524/9655/1087 5520/9663/1087 5518/9664/1087 5522/9657/1087
o Cube.080_Cube.091
v 1.068555 2.634116 -0.328929
v 1.087874 2.634579 -0.328003
v 1.075631 2.339664 -0.329264
v 1.094951 2.340127 -0.328338
v 1.055138 2.633475 -0.048930
v 1.074458 2.633938 -0.048003
v 1.062215 2.339022 -0.049265
v 1.081535 2.339486 -0.048338
vt 0.375000 0.000000
vt 0.625000 0.000000
vt 0.625000 0.250000
vt 0.375000 0.250000
vt 0.625000 0.500000
vt 0.375000 0.500000
vt 0.625000 0.750000
vt 0.375000 0.750000
vt 0.625000 1.000000
vt 0.375000 1.000000
vt 0.125000 0.500000
vt 0.125000 0.750000
vt 0.875000 0.500000
vt 0.875000 0.750000
vn 0.0479 0.0023 -0.9989
vn 0.0240 -0.9997 -0.0011
vn -0.0479 -0.0023 0.9989
vn -0.0240 0.9997 0.0011
vn -0.9986 -0.0239 -0.0479
vn 0.9986 0.0239 0.0479
usemtl Material.025
s off
f 5525/9665/1088 5526/9666/1088 5528/9667/1088 5527/9668/1088
f 5527/9668/1089 5528/9667/1089 5532/9669/1089 5531/9670/1089
f 5531/9670/1090 5532/9669/1090 5530/9671/1090 5529/9672/1090
f 5529/9672/1091 5530/9671/1091 5526/9673/1091 5525/9674/1091
f 5527/9675/1092 5531/9670/1092 5529/9672/1092 5525/9676/1092
f 5532/9669/1093 5528/9677/1093 5526/9678/1093 5530/9671/1093
o Cube.081_Cube.092
v 1.029971 1.118827 -0.335501
v 1.081902 1.118532 -0.335553
v 1.029374 1.013849 -0.335592
v 1.081306 1.013554 -0.335644
v 1.030253 1.118583 -0.053187
v 1.082184 1.118288 -0.053239
v 1.029656 1.013605 -0.053277
v 1.081588 1.013310 -0.053329
vt 0.375000 0.000000
vt 0.625000 0.000000
vt 0.625000 0.250000
vt 0.375000 0.250000
vt 0.625000 0.500000
vt 0.375000 0.500000
vt 0.625000 0.750000
vt 0.375000 0.750000
vt 0.625000 1.000000
vt 0.375000 1.000000
vt 0.125000 0.500000
vt 0.125000 0.750000
vt 0.875000 0.500000
vt 0.875000 0.750000
vn -0.0010 0.0009 -1.0000
vn -0.0057 -1.0000 -0.0009
vn 0.0010 -0.0009 1.0000
vn 0.0057 1.0000 0.0009
vn -1.0000 0.0057 0.0010
vn 1.0000 -0.0057 -0.0010
usemtl Material.025
s off
f 5533/9679/1094 5534/9680/1094 5536/9681/1094 5535/9682/1094
f 5535/9682/1095 5536/9681/1095 5540/9683/1095 5539/9684/1095
f 5539/9684/1096 5540/9683/1096 5538/9685/1096 5537/9686/1096
f 5537/9686/1097 5538/9685/1097 5534/9687/1097 5533/9688/1097
f 5535/9689/1098 5539/9684/1098 5537/9686/1098 5533/9690/1098
f 5540/9683/1099 5536/9691/1099 5534/9692/1099 5538/9685/1099
o Cube.082_Cube.098
v 1.062645 1.139272 -0.637769
v 1.081991 1.139547 -0.638008
v 1.064610 1.000087 -0.638507
v 1.083956 1.000361 -0.638746
v 1.066134 1.137836 -0.357476
v 1.085480 1.138110 -0.357715
v 1.068099 0.998650 -0.358214
v 1.087445 0.998924 -0.358453
vt 0.375000 0.000000
vt 0.625000 0.000000
vt 0.625000 0.250000
vt 0.375000 0.250000
vt 0.625000 0.500000
vt 0.375000 0.500000
vt 0.625000 0.750000
vt 0.375000 0.750000
vt 0.625000 1.000000
vt 0.375000 1.000000
vt 0.125000 0.500000
vt 0.125000 0.750000
vt 0.875000 0.500000
vt 0.875000 0.750000
vn -0.0124 0.0051 -0.9999
vn 0.0141 -0.9999 -0.0053
vn 0.0124 -0.0051 0.9999
vn -0.0141 0.9999 0.0053
vn -0.9998 -0.0142 0.0124
vn 0.9998 0.0142 -0.0124
usemtl Material.025
s off
f 5541/9693/1100 5542/9694/1100 5544/9695/1100 5543/9696/1100
f 5543/9696/1101 5544/9695/1101 5548/9697/1101 5547/9698/1101
f 5547/9698/1102 5548/9697/1102 5546/9699/1102 5545/9700/1102
f 5545/9700/1103 5546/9699/1103 5542/9701/1103 5541/9702/1103
f 5543/9703/1104 5547/9698/1104 5545/9700/1104 5541/9704/1104
f 5548/9697/1105 5544/9705/1105 5542/9706/1105 5546/9699/1105
o Cube.083_Cube.099
v 1.062331 1.200782 0.047155
v 1.081677 1.201056 0.046916
v 1.064924 1.017187 0.046181
v 1.084270 1.017462 0.045942
v 1.065820 1.199345 0.327448
v 1.085166 1.199619 0.327209
v 1.068413 1.015750 0.326475
v 1.087759 1.016025 0.326235
vt 0.375000 0.000000
vt 0.625000 0.000000
vt 0.625000 0.250000
vt 0.375000 0.250000
vt 0.625000 0.500000
vt 0.375000 0.500000
vt 0.625000 0.750000
vt 0.375000 0.750000
vt 0.625000 1.000000
vt 0.375000 1.000000
vt 0.125000 0.500000
vt 0.125000 0.750000
vt 0.875000 0.500000
vt 0.875000 0.750000
vn -0.0124 0.0051 -0.9999
vn 0.0141 -0.9999 -0.0053
vn 0.0124 -0.0051 0.9999
vn -0.0141 0.9999 0.0053
vn -0.9998 -0.0142 0.0124
vn 0.9998 0.0142 -0.0124
usemtl Material.025
s off
f 5549/9707/1106 5550/9708/1106 5552/9709/1106 5551/9710/1106
f 5551/9710/1107 5552/9709/1107 5556/9711/1107 5555/9712/1107
f 5555/9712/1108 5556/9711/1108 5554/9713/1108 5553/9714/1108
f 5553/9714/1109 5554/9713/1109 5550/9715/1109 5549/9716/1109
f 5551/9717/1110 5555/9712/1110 5553/9714/1110 5549/9718/1110
f 5556/9711/1111 5552/9719/1111 5550/9720/1111 5554/9713/1111
o Cube.085_Cube.101
v 1.061781 1.168904 0.344523
v 1.081128 1.169178 0.344284
v 1.065473 0.907470 0.343137
v 1.084819 0.907745 0.342898
v 1.065270 1.167467 0.624817
v 1.084617 1.167741 0.624578
v 1.068962 0.906033 0.623431
v 1.088308 0.906308 0.623192
vt 0.375000 0.000000
vt 0.625000 0.000000
vt 0.625000 0.250000
vt 0.375000 0.250000
vt 0.625000 0.500000
vt 0.375000 0.500000
vt 0.625000 0.750000
vt 0.375000 0.750000
vt 0.625000 1.000000
vt 0.375000 1.000000
vt 0.125000 0.500000
vt 0.125000 0.750000
vt 0.875000 0.500000
vt 0.875000 0.750000
vn -0.0124 0.0051 -0.9999
vn 0.0141 -0.9999 -0.0053
vn 0.0124 -0.0051 0.9999
vn -0.0141 0.9999 0.0053
vn -0.9998 -0.0142 0.0124
vn 0.9998 0.0142 -0.0124
usemtl Material.025
s off
f 5557/9721/1112 5558/9722/1112 5560/9723/1112 5559/9724/1112
f 5559/9724/1113 5560/9723/1113 5564/9725/1113 5563/9726/1113
f 5563/9726/1114 5564/9725/1114 5562/9727/1114 5561/9728/1114
f 5561/9728/1115 5562/9727/1115 5558/9729/1115 5557/9730/1115
f 5559/9731/1116 5563/9726/1116 5561/9728/1116 5557/9732/1116
f 5564/9725/1117 5560/9733/1117 5558/9734/1117 5562/9727/1117
o Cube.086_Cube.102
v 1.061525 0.622969 0.348461
v 1.080872 0.623244 0.348222
v 1.065729 0.325294 0.346883
v 1.085075 0.325568 0.346643
v 1.065014 0.621532 0.628755
v 1.084361 0.621807 0.628516
v 1.069218 0.323857 0.627177
v 1.088564 0.324131 0.626938
vt 0.375000 0.000000
vt 0.625000 0.000000
vt 0.625000 0.250000
vt 0.375000 0.250000
vt 0.625000 0.500000
vt 0.375000 0.500000
vt 0.625000 0.750000
vt 0.375000 0.750000
vt 0.625000 1.000000
vt 0.375000 1.000000
vt 0.125000 0.500000
vt 0.125000 0.750000
vt 0.875000 0.500000
vt 0.875000 0.750000
vn -0.0124 0.0051 -0.9999
vn 0.0141 -0.9999 -0.0053
vn 0.0124 -0.0051 0.9999
vn -0.0141 0.9999 0.0053
vn -0.9998 -0.0142 0.0124
vn 0.9998 0.0142 -0.0124
usemtl Material.025
s off
f 5565/9735/1118 5566/9736/1118 5568/9737/1118 5567/9738/1118
f 5567/9738/1119 5568/9737/1119 5572/9739/1119 5571/9740/1119
f 5571/9740/1120 5572/9739/1120 5570/9741/1120 5569/9742/1120
f 5569/9742/1121 5570/9741/1121 5566/9743/1121 5565/9744/1121
f 5567/9745/1122 5571/9740/1122 5569/9742/1122 5565/9746/1122
f 5572/9739/1123 5568/9747/1123 5566/9748/1123 5570/9741/1123
o Cube.087_Cube.103
v 1.060116 0.500850 0.059140
v 1.079464 0.501125 0.058900
v 1.067137 0.003642 0.056503
v 1.086485 0.003916 0.056264
v 1.063605 0.499413 0.339436
v 1.082953 0.499688 0.339197
v 1.070626 0.002205 0.336800
v 1.089974 0.002479 0.336560
vt 0.375000 0.000000
vt 0.625000 0.000000
vt 0.625000 0.250000
vt 0.375000 0.250000
vt 0.625000 0.500000
vt 0.375000 0.500000
vt 0.625000 0.750000
vt 0.375000 0.750000
vt 0.625000 1.000000
vt 0.375000 1.000000
vt 0.125000 0.500000
vt 0.125000 0.750000
vt 0.875000 0.500000
vt 0.875000 0.750000
vn -0.0124 0.0051 -0.9999
vn 0.0141 -0.9999 -0.0053
vn 0.0124 -0.0051 0.9999
vn -0.0141 0.9999 0.0053
vn -0.9998 -0.0142 0.0124
vn 0.9998 0.0142 -0.0124
usemtl Material.025
s off
f 5573/9749/1124 5574/9750/1124 5576/9751/1124 5575/9752/1124
f 5575/9752/1125 5576/9751/1125 5580/9753/1125 5579/9754/1125
f 5579/9754/1126 5580/9753/1126 5578/9755/1126 5577/9756/1126
f 5577/9756/1127 5578/9755/1127 5574/9757/1127 5573/9758/1127
f 5575/9759/1128 5579/9754/1128 5577/9756/1128 5573/9760/1128
f 5580/9753/1129 5576/9761/1129 5574/9762/1129 5578/9755/1129
o Cube.088_Cube.104
v 1.062843 0.518650 -0.333490
v 1.082189 0.518924 -0.333730
v 1.064412 0.407506 -0.334080
v 1.083758 0.407780 -0.334319
v 1.066332 0.517213 -0.053197
v 1.085678 0.517487 -0.053437
v 1.067901 0.406069 -0.053787
v 1.087247 0.406343 -0.054026
vt 0.375000 0.000000
vt 0.625000 0.000000
vt 0.625000 0.250000
vt 0.375000 0.250000
vt 0.625000 0.500000
vt 0.375000 0.500000
vt 0.625000 0.750000
vt 0.375000 0.750000
vt 0.625000 1.000000
vt 0.375000 1.000000
vt 0.125000 0.500000
vt 0.125000 0.750000
vt 0.875000 0.500000
vt 0.875000 0.750000
vn -0.0124 0.0051 -0.9999
vn 0.0141 -0.9999 -0.0053
vn 0.0124 -0.0051 0.9999
vn -0.0141 0.9999 0.0053
vn -0.9998 -0.0142 0.0124
vn 0.9998 0.0142 -0.0124
usemtl Material.025
s off
f 5581/9763/1130 5582/9764/1130 5584/9765/1130 5583/9766/1130
f 5583/9766/1131 5584/9765/1131 5588/9767/1131 5587/9768/1131
f 5587/9768/1132 5588/9767/1132 5586/9769/1132 5585/9770/1132
f 5585/9770/1133 5586/9769/1133 5582/9771/1133 5581/9772/1133
f 5583/9773/1134 5587/9768/1134 5585/9770/1134 5581/9774/1134
f 5588/9767/1135 5584/9775/1135 5582/9776/1135 5586/9769/1135
o Cube.075_Cube.106
v -1.005732 2.487629 0.348096
v -0.986393 2.488092 0.348211
v -1.002246 2.342148 0.347784
v -0.982907 2.342611 0.347899
v -1.007383 2.486988 0.628412
v -0.988044 2.487451 0.628527
v -1.003897 2.341507 0.628100
v -0.984558 2.341970 0.628214
vt 0.375000 0.000000
vt 0.625000 0.000000
vt 0.625000 0.250000
vt 0.375000 0.250000
vt 0.625000 0.500000
vt 0.375000 0.500000
vt 0.625000 0.750000
vt 0.375000 0.750000
vt 0.625000 1.000000
vt 0.375000 1.000000
vt 0.125000 0.500000
vt 0.125000 0.750000
vt 0.875000 0.500000
vt 0.875000 0.750000
vn 0.0059 0.0023 -1.0000
vn 0.0240 -0.9997 -0.0021
vn -0.0059 -0.0023 1.0000
vn -0.0240 0.9997 0.0021
vn -0.9997 -0.0239 -0.0059
vn 0.9997 0.0239 0.0059
usemtl Material.025
s off
f 5589/9777/1136 5590/9778/1136 5592/9779/1136 5591/9780/1136
f 5591/9780/1137 5592/9779/1137 5596/9781/1137 5595/9782/1137
f 5595/9782/1138 5596/9781/1138 5594/9783/1138 5593/9784/1138
f 5593/9784/1139 5594/9783/1139 5590/9785/1139 5589/9786/1139
f 5591/9787/1140 5595/9782/1140 5593/9784/1140 5589/9788/1140
f 5596/9781/1141 5592/9789/1141 5590/9790/1141 5594/9783/1141
o Cube.076_Cube.107
v -1.009155 2.686018 0.043699
v -0.989811 2.686481 0.043814
v -0.998828 2.255127 0.042775
v -0.979484 2.255590 0.042890
v -1.010806 2.685377 0.324015
v -0.991462 2.685840 0.324130
v -1.000479 2.254486 0.323091
v -0.981135 2.254949 0.323206
vt 0.375000 0.000000
vt 0.625000 0.000000
vt 0.625000 0.250000
vt 0.375000 0.250000
vt 0.625000 0.500000
vt 0.375000 0.500000
vt 0.625000 0.750000
vt 0.375000 0.750000
vt 0.625000 1.000000
vt 0.375000 1.000000
vt 0.125000 0.500000
vt 0.125000 0.750000
vt 0.875000 0.500000
vt 0.875000 0.750000
vn 0.0059 0.0023 -1.0000
vn 0.0240 -0.9997 -0.0021
vn -0.0059 -0.0023 1.0000
vn -0.0240 0.9997 0.0021
vn -0.9997 -0.0239 -0.0059
vn 0.9997 0.0239 0.0059
usemtl Material.025
s off
f 5597/9791/1142 5598/9792/1142 5600/9793/1142 5599/9794/1142
f 5599/9794/1143 5600/9793/1143 5604/9795/1143 5603/9796/1143
f 5603/9796/1144 5604/9795/1144 5602/9797/1144 5601/9798/1144
f 5601/9798/1145 5602/9797/1145 5598/9799/1145 5597/9800/1145
f 5599/9801/1146 5603/9796/1146 5601/9798/1146 5597/9802/1146
f 5604/9795/1147 5600/9803/1147 5598/9804/1147 5602/9797/1147
o Cube.084_Cube.108
v -1.009155 2.585024 -0.346140
v -0.989811 2.585488 -0.346025
v -0.998828 2.154133 -0.347064
v -0.979484 2.154596 -0.346949
v -1.010806 2.584383 -0.065823
v -0.991462 2.584847 -0.065708
v -1.000479 2.153492 -0.066748
v -0.981135 2.153955 -0.066633
vt 0.375000 0.000000
vt 0.625000 0.000000
vt 0.625000 0.250000
vt 0.375000 0.250000
vt 0.625000 0.500000
vt 0.375000 0.500000
vt 0.625000 0.750000
vt 0.375000 0.750000
vt 0.625000 1.000000
vt 0.375000 1.000000
vt 0.125000 0.500000
vt 0.125000 0.750000
vt 0.875000 0.500000
vt 0.875000 0.750000
vn 0.0059 0.0023 -1.0000
vn 0.0240 -0.9997 -0.0021
vn -0.0059 -0.0023 1.0000
vn -0.0240 0.9997 0.0021
vn -0.9997 -0.0239 -0.0059
vn 0.9997 0.0239 0.0059
usemtl Material.025
s off
f 5605/9805/1148 5606/9806/1148 5608/9807/1148 5607/9808/1148
f 5607/9808/1149 5608/9807/1149 5612/9809/1149 5611/9810/1149
f 5611/9810/1150 5612/9809/1150 5610/9811/1150 5609/9812/1150
f 5609/9812/1151 5610/9811/1151 5606/9813/1151 5605/9814/1151
f 5607/9815/1152 5611/9810/1152 5609/9812/1152 5605/9816/1152
f 5612/9809/1153 5608/9817/1153 5606/9818/1153 5610/9811/1153
o Cube.089_Cube.109
v -1.003677 2.585024 -0.627468
v -0.984333 2.585488 -0.627353
v -0.993351 2.154133 -0.628392
v -0.974007 2.154596 -0.628277
v -1.005328 2.584383 -0.347152
v -0.985984 2.584847 -0.347037
v -0.995002 2.153492 -0.348076
v -0.975658 2.153955 -0.347961
vt 0.375000 0.000000
vt 0.625000 0.000000
vt 0.625000 0.250000
vt 0.375000 0.250000
vt 0.625000 0.500000
vt 0.375000 0.500000
vt 0.625000 0.750000
vt 0.375000 0.750000
vt 0.625000 1.000000
vt 0.375000 1.000000
vt 0.125000 0.500000
vt 0.125000 0.750000
vt 0.875000 0.500000
vt 0.875000 0.750000
vn 0.0059 0.0023 -1.0000
vn 0.0240 -0.9997 -0.0021
vn -0.0059 -0.0023 1.0000
vn -0.0240 0.9997 0.0021
vn -0.9997 -0.0239 -0.0059
vn 0.9997 0.0239 0.0059
usemtl Material.025
s off
f 5613/9819/1154 5614/9820/1154 5616/9821/1154 5615/9822/1154
f 5615/9822/1155 5616/9821/1155 5620/9823/1155 5619/9824/1155
f 5619/9824/1156 5620/9823/1156 5618/9825/1156 5617/9826/1156
f 5617/9826/1157 5618/9825/1157 5614/9827/1157 5613/9828/1157
f 5615/9829/1158 5619/9824/1158 5617/9826/1158 5613/9830/1158
f 5620/9823/1159 5616/9831/1159 5614/9832/1159 5618/9825/1159
o Cube.090_Cube.110
v -1.005645 1.835663 -0.627781
v -0.986306 1.836126 -0.627666
v -1.002333 1.697433 -0.628078
v -0.982994 1.697896 -0.627963
v -1.007296 1.835022 -0.347466
v -0.987957 1.835485 -0.347351
v -1.003984 1.696792 -0.347762
v -0.984645 1.697255 -0.347647
vt 0.375000 0.000000
vt 0.625000 0.000000
vt 0.625000 0.250000
vt 0.375000 0.250000
vt 0.625000 0.500000
vt 0.375000 0.500000
vt 0.625000 0.750000
vt 0.375000 0.750000
vt 0.625000 1.000000
vt 0.375000 1.000000
vt 0.125000 0.500000
vt 0.125000 0.750000
vt 0.875000 0.500000
vt 0.875000 0.750000
vn 0.0059 0.0023 -1.0000
vn 0.0240 -0.9997 -0.0021
vn -0.0059 -0.0023 1.0000
vn -0.0240 0.9997 0.0021
vn -0.9997 -0.0239 -0.0059
vn 0.9997 0.0239 0.0059
usemtl Material.025
s off
f 5621/9833/1160 5622/9834/1160 5624/9835/1160 5623/9836/1160
f 5623/9836/1161 5624/9835/1161 5628/9837/1161 5627/9838/1161
f 5627/9838/1162 5628/9837/1162 5626/9839/1162 5625/9840/1162
f 5625/9840/1163 5626/9839/1163 5622/9841/1163 5621/9842/1163
f 5623/9843/1164 5627/9838/1164 5625/9840/1164 5621/9844/1164
f 5628/9837/1165 5624/9845/1165 5622/9846/1165 5626/9839/1165
o Cube.091_Cube.111
v -1.009155 2.001986 -0.331970
v -0.989811 2.002450 -0.331855
v -0.998828 1.571095 -0.332894
v -0.979484 1.571558 -0.332779
v -1.010806 2.001345 -0.051654
v -0.991462 2.001808 -0.051539
v -1.000479 1.570454 -0.052578
v -0.981135 1.570917 -0.052463
vt 0.375000 0.000000
vt 0.625000 0.000000
vt 0.625000 0.250000
vt 0.375000 0.250000
vt 0.625000 0.500000
vt 0.375000 0.500000
vt 0.625000 0.750000
vt 0.375000 0.750000
vt 0.625000 1.000000
vt 0.375000 1.000000
vt 0.125000 0.500000
vt 0.125000 0.750000
vt 0.875000 0.500000
vt 0.875000 0.750000
vn 0.0059 0.0023 -1.0000
vn 0.0240 -0.9997 -0.0021
vn -0.0059 -0.0023 1.0000
vn -0.0240 0.9997 0.0021
vn -0.9997 -0.0239 -0.0059
vn 0.9997 0.0239 0.0059
usemtl Material.025
s off
f 5629/9847/1166 5630/9848/1166 5632/9849/1166 5631/9850/1166
f 5631/9850/1167 5632/9849/1167 5636/9851/1167 5635/9852/1167
f 5635/9852/1168 5636/9851/1168 5634/9853/1168 5633/9854/1168
f 5633/9854/1169 5634/9853/1169 5630/9855/1169 5629/9856/1169
f 5631/9857/1170 5635/9852/1170 5633/9854/1170 5629/9858/1170
f 5636/9851/1171 5632/9859/1171 5630/9860/1171 5634/9853/1171
o Cube.092_Cube.112
v -0.967771 1.061002 0.830713
v -0.967771 1.060867 0.811363
v -0.967771 0.752741 0.832864
v -0.967771 0.752606 0.813514
v 0.245169 1.061002 0.830713
v 0.245169 1.060867 0.811363
v 0.245169 0.752741 0.832864
v 0.245169 0.752606 0.813514
vt 0.375000 0.000000
vt 0.625000 0.000000
vt 0.625000 0.250000
vt 0.375000 0.250000
vt 0.625000 0.500000
vt 0.375000 0.500000
vt 0.625000 0.750000
vt 0.375000 0.750000
vt 0.625000 1.000000
vt 0.375000 1.000000
vt 0.125000 0.500000
vt 0.125000 0.750000
vt 0.875000 0.500000
vt 0.875000 0.750000
vn -1.0000 0.0000 0.0000
vn 0.0000 -1.0000 0.0070
vn 1.0000 0.0000 0.0000
vn 0.0000 1.0000 -0.0070
vn 0.0000 0.0070 1.0000
vn 0.0000 -0.0070 -1.0000
usemtl Material.025
s off
f 5637/9861/1172 5638/9862/1172 5640/9863/1172 5639/9864/1172
f 5639/9864/1173 5640/9863/1173 5644/9865/1173 5643/9866/1173
f 5643/9866/1174 5644/9865/1174 5642/9867/1174 5641/9868/1174
f 5641/9868/1175 5642/9867/1175 5638/9869/1175 5637/9870/1175
f 5639/9871/1176 5643/9866/1176 5641/9868/1176 5637/9872/1176
f 5644/9865/1177 5640/9873/1177 5638/9874/1177 5642/9867/1177
o Cube.093_Cube.113
v -1.005348 1.071620 -0.454498
v -0.985998 1.072083 -0.454383
v -0.997343 0.737578 -0.455215
v -0.977993 0.738042 -0.455100
v -1.012298 1.068922 0.725348
v -0.992947 1.069386 0.725463
v -1.004292 0.734881 0.724631
v -0.984942 0.735344 0.724746
vt 0.375000 0.000000
vt 0.625000 0.000000
vt 0.625000 0.250000
vt 0.375000 0.250000
vt 0.625000 0.500000
vt 0.375000 0.500000
vt 0.625000 0.750000
vt 0.375000 0.750000
vt 0.625000 1.000000
vt 0.375000 1.000000
vt 0.125000 0.500000
vt 0.125000 0.750000
vt 0.875000 0.500000
vt 0.875000 0.750000
vn 0.0059 0.0023 -1.0000
vn 0.0240 -0.9997 -0.0021
vn -0.0059 -0.0023 1.0000
vn -0.0240 0.9997 0.0021
vn -0.9997 -0.0239 -0.0059
vn 0.9997 0.0239 0.0059
usemtl Material.025
s off
f 5645/9875/1178 5646/9876/1178 5648/9877/1178 5647/9878/1178
f 5647/9878/1179 5648/9877/1179 5652/9879/1179 5651/9880/1179
f 5651/9880/1180 5652/9879/1180 5650/9881/1180 5649/9882/1180
f 5649/9882/1181 5650/9881/1181 5646/9883/1181 5645/9884/1181
f 5647/9885/1182 5651/9880/1182 5649/9882/1182 5645/9886/1182
f 5652/9879/1183 5648/9887/1183 5646/9888/1183 5650/9881/1183
o Cube.094_Cube.114
v 0.426908 -0.030887 0.959217
v 0.426104 -0.030136 0.831350
v 0.425430 -0.304593 0.957619
v 0.424626 -0.303842 0.829752
v 0.257403 -0.029978 0.960287
v 0.256600 -0.029227 0.832420
v 0.255925 -0.303684 0.958689
v 0.255122 -0.302933 0.830822
vt 0.375000 0.000000
vt 0.375000 0.250000
vt 0.625000 0.250000
vt 0.625000 0.000000
vt 0.375000 0.500000
vt 0.625000 0.500000
vt 0.375000 0.750000
vt 0.625000 0.750000
vt 0.375000 1.000000
vt 0.625000 1.000000
vt 0.125000 0.500000
vt 0.125000 0.750000
vt 0.875000 0.750000
vt 0.875000 0.500000
vn 1.0000 -0.0054 -0.0063
vn -0.0054 -1.0000 -0.0058
vn -1.0000 0.0054 0.0063
vn 0.0054 1.0000 0.0058
vn 0.0063 -0.0059 1.0000
vn -0.0063 0.0059 -1.0000
usemtl Material.010
s off
f 5653/9889/1184 5655/9890/1184 5656/9891/1184 5654/9892/1184
f 5655/9890/1185 5659/9893/1185 5660/9894/1185 5656/9891/1185
f 5659/9893/1186 5657/9895/1186 5658/9896/1186 5660/9894/1186
f 5657/9895/1187 5653/9897/1187 5654/9898/1187 5658/9896/1187
f 5655/9899/1188 5653/9900/1188 5657/9895/1188 5659/9893/1188
f 5660/9894/1189 5658/9896/1189 5654/9901/1189 5656/9902/1189
o Cube.095_Cube.115
v -0.222355 0.041346 0.843019
v -0.222355 0.041230 0.826354
v -0.222355 -0.224139 0.844872
v -0.222355 -0.224255 0.828207
v 0.193417 0.041346 0.843019
v 0.193417 0.041230 0.826354
v 0.193417 -0.224139 0.844872
v 0.193417 -0.224255 0.828207
vt 0.375000 0.000000
vt 0.625000 0.000000
vt 0.625000 0.250000
vt 0.375000 0.250000
vt 0.625000 0.500000
vt 0.375000 0.500000
vt 0.625000 0.750000
vt 0.375000 0.750000
vt 0.625000 1.000000
vt 0.375000 1.000000
vt 0.125000 0.500000
vt 0.125000 0.750000
vt 0.875000 0.500000
vt 0.875000 0.750000
vn -1.0000 0.0000 0.0000
vn 0.0000 -1.0000 0.0070
vn 1.0000 0.0000 0.0000
vn 0.0000 1.0000 -0.0070
vn 0.0000 0.0070 1.0000
vn 0.0000 -0.0070 -1.0000
usemtl Material.025
s off
f 5661/9903/1190 5662/9904/1190 5664/9905/1190 5663/9906/1190
f 5663/9906/1191 5664/9905/1191 5668/9907/1191 5667/9908/1191
f 5667/9908/1192 5668/9907/1192 5666/9909/1192 5665/9910/1192
f 5665/9910/1193 5666/9909/1193 5662/9911/1193 5661/9912/1193
f 5663/9913/1194 5667/9908/1194 5665/9910/1194 5661/9914/1194
f 5668/9907/1195 5664/9915/1195 5662/9916/1195 5666/9909/1195
o Cube.096_Cube.116
v -1.003370 0.048846 -0.340184
v -0.987771 0.049219 -0.340091
v -0.996917 -0.220433 -0.340762
v -0.981318 -0.220059 -0.340669
v -1.008972 0.046671 0.610917
v -0.993373 0.047045 0.611010
v -1.002519 -0.222607 0.610340
v -0.986920 -0.222234 0.610432
vt 0.375000 0.000000
vt 0.625000 0.000000
vt 0.625000 0.250000
vt 0.375000 0.250000
vt 0.625000 0.500000
vt 0.375000 0.500000
vt 0.625000 0.750000
vt 0.375000 0.750000
vt 0.625000 1.000000
vt 0.375000 1.000000
vt 0.125000 0.500000
vt 0.125000 0.750000
vt 0.875000 0.500000
vt 0.875000 0.750000
vn 0.0059 0.0023 -1.0000
vn 0.0240 -0.9997 -0.0021
vn -0.0059 -0.0023 1.0000
vn -0.0240 0.9997 0.0021
vn -0.9997 -0.0239 -0.0059
vn 0.9997 0.0239 0.0059
usemtl Material.025
s off
f 5669/9917/1196 5670/9918/1196 5672/9919/1196 5671/9920/1196
f 5671/9920/1197 5672/9919/1197 5676/9921/1197 5675/9922/1197
f 5675/9922/1198 5676/9921/1198 5674/9923/1198 5673/9924/1198
f 5673/9924/1199 5674/9923/1199 5670/9925/1199 5669/9926/1199
f 5671/9927/1200 5675/9922/1200 5673/9924/1200 5669/9928/1200
f 5676/9921/1201 5672/9929/1201 5670/9930/1201 5674/9923/1201
o Cube.098_Cube.118
v 0.820481 0.303620 1.021919
v 0.820481 0.303528 1.008676
v 0.820481 0.092640 1.023391
v 0.820481 0.092548 1.010148
v 0.889453 0.303620 1.021919
v 0.889453 0.303528 1.008676
v 0.889453 0.092640 1.023391
v 0.889453 0.092548 1.010148
vt 0.375000 0.000000
vt 0.625000 0.000000
vt 0.625000 0.250000
vt 0.375000 0.250000
vt 0.625000 0.500000
vt 0.375000 0.500000
vt 0.625000 0.750000
vt 0.375000 0.750000
vt 0.625000 1.000000
vt 0.375000 1.000000
vt 0.125000 0.500000
vt 0.125000 0.750000
vt 0.875000 0.500000
vt 0.875000 0.750000
vn -1.0000 0.0000 0.0000
vn 0.0000 -1.0000 0.0070
vn 1.0000 0.0000 0.0000
vn 0.0000 1.0000 -0.0070
vn 0.0000 0.0070 1.0000
vn 0.0000 -0.0070 -1.0000
usemtl Material.027
s off
f 5677/9931/1202 5678/9932/1202 5680/9933/1202 5679/9934/1202
f 5679/9934/1203 5680/9933/1203 5684/9935/1203 5683/9936/1203
f 5683/9936/1204 5684/9935/1204 5682/9937/1204 5681/9938/1204
f 5681/9938/1205 5682/9937/1205 5678/9939/1205 5677/9940/1205
f 5679/9941/1206 5683/9936/1206 5681/9938/1206 5677/9942/1206
f 5684/9935/1207 5680/9943/1207 5678/9944/1207 5682/9937/1207
o Cube.097_Cube.121
v 0.846686 0.273194 1.024992
v 0.846686 0.273139 1.017086
v 0.846686 0.287279 1.024893
v 0.846686 0.287224 1.016988
v 0.858051 0.273194 1.024992
v 0.858051 0.273139 1.017086
v 0.858051 0.287279 1.024893
v 0.858051 0.287224 1.016988
v 0.830189 0.273194 1.024992
v 0.830189 0.273139 1.017086
v 0.830189 0.287279 1.024893
v 0.830189 0.287224 1.016988
v 0.841554 0.273194 1.024992
v 0.841554 0.273139 1.017086
v 0.841554 0.287279 1.024893
v 0.841554 0.287224 1.016988
v 0.863717 0.273194 1.024992
v 0.863717 0.273139 1.017086
v 0.863717 0.287279 1.024893
v 0.863717 0.287224 1.016988
v 0.875082 0.273194 1.024992
v 0.875082 0.273139 1.017086
v 0.875082 0.287279 1.024893
v 0.875082 0.287224 1.016988
vt 0.375000 0.000000
vt 0.375000 0.250000
vt 0.625000 0.250000
vt 0.625000 0.000000
vt 0.375000 0.500000
vt 0.625000 0.500000
vt 0.375000 0.750000
vt 0.625000 0.750000
vt 0.375000 1.000000
vt 0.625000 1.000000
vt 0.125000 0.500000
vt 0.125000 0.750000
vt 0.875000 0.750000
vt 0.875000 0.500000
vt 0.375000 0.000000
vt 0.375000 0.250000
vt 0.625000 0.250000
vt 0.625000 0.000000
vt 0.375000 0.500000
vt 0.625000 0.500000
vt 0.375000 0.750000
vt 0.625000 0.750000
vt 0.375000 1.000000
vt 0.625000 1.000000
vt 0.125000 0.500000
vt 0.125000 0.750000
vt 0.875000 0.750000
vt 0.875000 0.500000
vt 0.375000 0.000000
vt 0.375000 0.250000
vt 0.625000 0.250000
vt 0.625000 0.000000
vt 0.375000 0.500000
vt 0.625000 0.500000
vt 0.375000 0.750000
vt 0.625000 0.750000
vt 0.375000 1.000000
vt 0.625000 1.000000
vt 0.125000 0.500000
vt 0.125000 0.750000
vt 0.875000 0.750000
vt 0.875000 0.500000
vn -1.0000 -0.0000 0.0000
vn 0.0000 1.0000 -0.0070
vn 1.0000 0.0000 0.0000
vn 0.0000 -1.0000 0.0070
vn 0.0000 0.0070 1.0000
vn 0.0000 -0.0070 -1.0000
usemtl Material.028
s off
f 5685/9945/1208 5687/9946/1208 5688/9947/1208 5686/9948/1208
f 5687/9946/1209 5691/9949/1209 5692/9950/1209 5688/9947/1209
f 5691/9949/1210 5689/9951/1210 5690/9952/1210 5692/9950/1210
f 5689/9951/1211 5685/9953/1211 5686/9954/1211 5690/9952/1211
f 5687/9955/1212 5685/9956/1212 5689/9951/1212 5691/9949/1212
f 5692/9950/1213 5690/9952/1213 5686/9957/1213 5688/9958/1213
f 5693/9959/1208 5695/9960/1208 5696/9961/1208 5694/9962/1208
f 5695/9960/1209 5699/9963/1209 5700/9964/1209 5696/9961/1209
f 5699/9963/1210 5697/9965/1210 5698/9966/1210 5700/9964/1210
f 5697/9965/1211 5693/9967/1211 5694/9968/1211 5698/9966/1211
f 5695/9969/1212 5693/9970/1212 5697/9965/1212 5699/9963/1212
f 5700/9964/1213 5698/9966/1213 5694/9971/1213 5696/9972/1213
f 5701/9973/1208 5703/9974/1208 5704/9975/1208 5702/9976/1208
f 5703/9974/1209 5707/9977/1209 5708/9978/1209 5704/9975/1209
f 5707/9977/1210 5705/9979/1210 5706/9980/1210 5708/9978/1210
f 5705/9979/1211 5701/9981/1211 5702/9982/1211 5706/9980/1211
f 5703/9983/1212 5701/9984/1212 5705/9979/1212 5707/9977/1212
f 5708/9978/1213 5706/9980/1213 5702/9985/1213 5704/9986/1213
o Cube.099_Cube.123
v 0.846686 0.251290 1.024992
v 0.846686 0.251235 1.017086
v 0.846686 0.265375 1.024893
v 0.846686 0.265320 1.016988
v 0.858051 0.251290 1.024992
v 0.858051 0.251235 1.017086
v 0.858051 0.265375 1.024893
v 0.858051 0.265320 1.016988
v 0.830189 0.251290 1.024992
v 0.830189 0.251235 1.017086
v 0.830189 0.265375 1.024893
v 0.830189 0.265320 1.016988
v 0.841554 0.251290 1.024992
v 0.841554 0.251235 1.017086
v 0.841554 0.265375 1.024893
v 0.841554 0.265320 1.016988
v 0.863717 0.251290 1.024992
v 0.863717 0.251235 1.017086
v 0.863717 0.265375 1.024893
v 0.863717 0.265320 1.016988
v 0.875082 0.251290 1.024992
v 0.875082 0.251235 1.017086
v 0.875082 0.265375 1.024893
v 0.875082 0.265320 1.016988
vt 0.375000 0.000000
vt 0.375000 0.250000
vt 0.625000 0.250000
vt 0.625000 0.000000
vt 0.375000 0.500000
vt 0.625000 0.500000
vt 0.375000 0.750000
vt 0.625000 0.750000
vt 0.375000 1.000000
vt 0.625000 1.000000
vt 0.125000 0.500000
vt 0.125000 0.750000
vt 0.875000 0.750000
vt 0.875000 0.500000
vt 0.375000 0.000000
vt 0.375000 0.250000
vt 0.625000 0.250000
vt 0.625000 0.000000
vt 0.375000 0.500000
vt 0.625000 0.500000
vt 0.375000 0.750000
vt 0.625000 0.750000
vt 0.375000 1.000000
vt 0.625000 1.000000
vt 0.125000 0.500000
vt 0.125000 0.750000
vt 0.875000 0.750000
vt 0.875000 0.500000
vt 0.375000 0.000000
vt 0.375000 0.250000
vt 0.625000 0.250000
vt 0.625000 0.000000
vt 0.375000 0.500000
vt 0.625000 0.500000
vt 0.375000 0.750000
vt 0.625000 0.750000
vt 0.375000 1.000000
vt 0.625000 1.000000
vt 0.125000 0.500000
vt 0.125000 0.750000
vt 0.875000 0.750000
vt 0.875000 0.500000
vn -1.0000 -0.0000 0.0000
vn 0.0000 1.0000 -0.0070
vn 1.0000 0.0000 0.0000
vn 0.0000 -1.0000 0.0070
vn 0.0000 0.0070 1.0000
vn 0.0000 -0.0070 -1.0000
usemtl Material.028
s off
f 5709/9987/1214 5711/9988/1214 5712/9989/1214 5710/9990/1214
f 5711/9988/1215 5715/9991/1215 5716/9992/1215 5712/9989/1215
f 5715/9991/1216 5713/9993/1216 5714/9994/1216 5716/9992/1216
f 5713/9993/1217 5709/9995/1217 5710/9996/1217 5714/9994/1217
f 5711/9997/1218 5709/9998/1218 5713/9993/1218 5715/9991/1218
f 5716/9992/1219 5714/9994/1219 5710/9999/1219 5712/10000/1219
f 5717/10001/1214 5719/10002/1214 5720/10003/1214 5718/10004/1214
f 5719/10002/1215 5723/10005/1215 5724/10006/1215 5720/10003/1215
f 5723/10005/1216 5721/10007/1216 5722/10008/1216 5724/10006/1216
f 5721/10007/1217 5717/10009/1217 5718/10010/1217 5722/10008/1217
f 5719/10011/1218 5717/10012/1218 5721/10007/1218 5723/10005/1218
f 5724/10006/1219 5722/10008/1219 5718/10013/1219 5720/10014/1219
f 5725/10015/1214 5727/10016/1214 5728/10017/1214 5726/10018/1214
f 5727/10016/1215 5731/10019/1215 5732/10020/1215 5728/10017/1215
f 5731/10019/1216 5729/10021/1216 5730/10022/1216 5732/10020/1216
f 5729/10021/1217 5725/10023/1217 5726/10024/1217 5730/10022/1217
f 5727/10025/1218 5725/10026/1218 5729/10021/1218 5731/10019/1218
f 5732/10020/1219 5730/10022/1219 5726/10027/1219 5728/10028/1219
o Cube.100_Cube.124
v 0.846686 0.229664 1.024992
v 0.846686 0.229609 1.017086
v 0.846686 0.243750 1.024893
v 0.846686 0.243695 1.016988
v 0.858051 0.229664 1.024992
v 0.858051 0.229609 1.017086
v 0.858051 0.243750 1.024893
v 0.858051 0.243695 1.016988
v 0.830189 0.229664 1.024992
v 0.830189 0.229609 1.017086
v 0.830189 0.243750 1.024893
v 0.830189 0.243695 1.016988
v 0.841554 0.229664 1.024992
v 0.841554 0.229609 1.017086
v 0.841554 0.243750 1.024893
v 0.841554 0.243695 1.016988
v 0.863717 0.229664 1.024992
v 0.863717 0.229609 1.017086
v 0.863717 0.243750 1.024893
v 0.863717 0.243695 1.016988
v 0.875082 0.229664 1.024992
v 0.875082 0.229609 1.017086
v 0.875082 0.243750 1.024893
v 0.875082 0.243695 1.016988
vt 0.375000 0.000000
vt 0.375000 0.250000
vt 0.625000 0.250000
vt 0.625000 0.000000
vt 0.375000 0.500000
vt 0.625000 0.500000
vt 0.375000 0.750000
vt 0.625000 0.750000
vt 0.375000 1.000000
vt 0.625000 1.000000
vt 0.125000 0.500000
vt 0.125000 0.750000
vt 0.875000 0.750000
vt 0.875000 0.500000
vt 0.375000 0.000000
vt 0.375000 0.250000
vt 0.625000 0.250000
vt 0.625000 0.000000
vt 0.375000 0.500000
vt 0.625000 0.500000
vt 0.375000 0.750000
vt 0.625000 0.750000
vt 0.375000 1.000000
vt 0.625000 1.000000
vt 0.125000 0.500000
vt 0.125000 0.750000
vt 0.875000 0.750000
vt 0.875000 0.500000
vt 0.375000 0.000000
vt 0.375000 0.250000
vt 0.625000 0.250000
vt 0.625000 0.000000
vt 0.375000 0.500000
vt 0.625000 0.500000
vt 0.375000 0.750000
vt 0.625000 0.750000
vt 0.375000 1.000000
vt 0.625000 1.000000
vt 0.125000 0.500000
vt 0.125000 0.750000
vt 0.875000 0.750000
vt 0.875000 0.500000
vn -1.0000 -0.0000 0.0000
vn 0.0000 1.0000 -0.0070
vn 1.0000 0.0000 0.0000
vn 0.0000 -1.0000 0.0070
vn 0.0000 0.0070 1.0000
vn 0.0000 -0.0070 -1.0000
usemtl Material.028
s off
f 5733/10029/1220 5735/10030/1220 5736/10031/1220 5734/10032/1220
f 5735/10030/1221 5739/10033/1221 5740/10034/1221 5736/10031/1221
f 5739/10033/1222 5737/10035/1222 5738/10036/1222 5740/10034/1222
f 5737/10035/1223 5733/10037/1223 5734/10038/1223 5738/10036/1223
f 5735/10039/1224 5733/10040/1224 5737/10035/1224 5739/10033/1224
f 5740/10034/1225 5738/10036/1225 5734/10041/1225 5736/10042/1225
f 5741/10043/1220 5743/10044/1220 5744/10045/1220 5742/10046/1220
f 5743/10044/1221 5747/10047/1221 5748/10048/1221 5744/10045/1221
f 5747/10047/1222 5745/10049/1222 5746/10050/1222 5748/10048/1222
f 5745/10049/1223 5741/10051/1223 5742/10052/1223 5746/10050/1223
f 5743/10053/1224 5741/10054/1224 5745/10049/1224 5747/10047/1224
f 5748/10048/1225 5746/10050/1225 5742/10055/1225 5744/10056/1225
f 5749/10057/1220 5751/10058/1220 5752/10059/1220 5750/10060/1220
f 5751/10058/1221 5755/10061/1221 5756/10062/1221 5752/10059/1221
f 5755/10061/1222 5753/10063/1222 5754/10064/1222 5756/10062/1222
f 5753/10063/1223 5749/10065/1223 5750/10066/1223 5754/10064/1223
f 5751/10067/1224 5749/10068/1224 5753/10063/1224 5755/10061/1224
f 5756/10062/1225 5754/10064/1225 5750/10069/1225 5752/10070/1225
o Cube.101_Cube.125
v 0.846686 0.205976 1.024992
v 0.846686 0.205921 1.017086
v 0.846686 0.220061 1.024893
v 0.846686 0.220006 1.016988
v 0.858051 0.205976 1.024992
v 0.858051 0.205921 1.017086
v 0.858051 0.220061 1.024893
v 0.858051 0.220006 1.016988
v 0.830189 0.205976 1.024992
v 0.830189 0.205921 1.017086
v 0.830189 0.220061 1.024893
v 0.830189 0.220006 1.016988
v 0.841554 0.205976 1.024992
v 0.841554 0.205921 1.017086
v 0.841554 0.220061 1.024893
v 0.841554 0.220006 1.016988
v 0.863717 0.205976 1.024992
v 0.863717 0.205921 1.017086
v 0.863717 0.220061 1.024893
v 0.863717 0.220006 1.016988
v 0.875082 0.205976 1.024992
v 0.875082 0.205921 1.017086
v 0.875082 0.220061 1.024893
v 0.875082 0.220006 1.016988
vt 0.375000 0.000000
vt 0.375000 0.250000
vt 0.625000 0.250000
vt 0.625000 0.000000
vt 0.375000 0.500000
vt 0.625000 0.500000
vt 0.375000 0.750000
vt 0.625000 0.750000
vt 0.375000 1.000000
vt 0.625000 1.000000
vt 0.125000 0.500000
vt 0.125000 0.750000
vt 0.875000 0.750000
vt 0.875000 0.500000
vt 0.375000 0.000000
vt 0.375000 0.250000
vt 0.625000 0.250000
vt 0.625000 0.000000
vt 0.375000 0.500000
vt 0.625000 0.500000
vt 0.375000 0.750000
vt 0.625000 0.750000
vt 0.375000 1.000000
vt 0.625000 1.000000
vt 0.125000 0.500000
vt 0.125000 0.750000
vt 0.875000 0.750000
vt 0.875000 0.500000
vt 0.375000 0.000000
vt 0.375000 0.250000
vt 0.625000 0.250000
vt 0.625000 0.000000
vt 0.375000 0.500000
vt 0.625000 0.500000
vt 0.375000 0.750000
vt 0.625000 0.750000
vt 0.375000 1.000000
vt 0.625000 1.000000
vt 0.125000 0.500000
vt 0.125000 0.750000
vt 0.875000 0.750000
vt 0.875000 0.500000
vn -1.0000 -0.0000 0.0000
vn 0.0000 1.0000 -0.0070
vn 1.0000 0.0000 0.0000
vn 0.0000 -1.0000 0.0070
vn 0.0000 0.0070 1.0000
vn 0.0000 -0.0070 -1.0000
usemtl Material.028
s off
f 5757/10071/1226 5759/10072/1226 5760/10073/1226 5758/10074/1226
f 5759/10072/1227 5763/10075/1227 5764/10076/1227 5760/10073/1227
f 5763/10075/1228 5761/10077/1228 5762/10078/1228 5764/10076/1228
f 5761/10077/1229 5757/10079/1229 5758/10080/1229 5762/10078/1229
f 5759/10081/1230 5757/10082/1230 5761/10077/1230 5763/10075/1230
f 5764/10076/1231 5762/10078/1231 5758/10083/1231 5760/10084/1231
f 5765/10085/1226 5767/10086/1226 5768/10087/1226 5766/10088/1226
f 5767/10086/1227 5771/10089/1227 5772/10090/1227 5768/10087/1227
f 5771/10089/1228 5769/10091/1228 5770/10092/1228 5772/10090/1228
f 5769/10091/1229 5765/10093/1229 5766/10094/1229 5770/10092/1229
f 5767/10095/1230 5765/10096/1230 5769/10091/1230 5771/10089/1230
f 5772/10090/1231 5770/10092/1231 5766/10097/1231 5768/10098/1231
f 5773/10099/1226 5775/10100/1226 5776/10101/1226 5774/10102/1226
f 5775/10100/1227 5779/10103/1227 5780/10104/1227 5776/10101/1227
f 5779/10103/1228 5777/10105/1228 5778/10106/1228 5780/10104/1228
f 5777/10105/1229 5773/10107/1229 5774/10108/1229 5778/10106/1229
f 5775/10109/1230 5773/10110/1230 5777/10105/1230 5779/10103/1230
f 5780/10104/1231 5778/10106/1231 5774/10111/1231 5776/10112/1231
o Cube.103_Cube.127
v 0.835917 0.190295 1.033224
v 0.835917 0.190219 1.022356
v 0.835917 0.185628 1.033257
v 0.835917 0.185552 1.022388
v 0.870381 0.190295 1.033224
v 0.870381 0.190219 1.022356
v 0.870381 0.185628 1.033257
v 0.870381 0.185552 1.022388
vt 0.375000 0.000000
vt 0.625000 0.000000
vt 0.625000 0.250000
vt 0.375000 0.250000
vt 0.625000 0.500000
vt 0.375000 0.500000
vt 0.625000 0.750000
vt 0.375000 0.750000
vt 0.625000 1.000000
vt 0.375000 1.000000
vt 0.125000 0.500000
vt 0.125000 0.750000
vt 0.875000 0.500000
vt 0.875000 0.750000
vn -1.0000 0.0000 0.0000
vn 0.0000 -1.0000 0.0070
vn 1.0000 0.0000 0.0000
vn 0.0000 1.0000 -0.0070
vn 0.0000 0.0070 1.0000
vn 0.0000 -0.0070 -1.0000
usemtl Material.029
s off
f 5781/10113/1232 5782/10114/1232 5784/10115/1232 5783/10116/1232
f 5783/10116/1233 5784/10115/1233 5788/10117/1233 5787/10118/1233
f 5787/10118/1234 5788/10117/1234 5786/10119/1234 5785/10120/1234
f 5785/10120/1235 5786/10119/1235 5782/10121/1235 5781/10122/1235
f 5783/10123/1236 5787/10118/1236 5785/10120/1236 5781/10124/1236
f 5788/10117/1237 5784/10125/1237 5782/10126/1237 5786/10119/1237
o Cube.102_Cube.128
v 0.835917 0.170658 1.033142
v 0.835917 0.170582 1.022263
v 0.835917 0.140897 1.033350
v 0.835917 0.140821 1.022470
v 0.870381 0.170658 1.033142
v 0.870381 0.170582 1.022263
v 0.870381 0.140897 1.033350
v 0.870381 0.140821 1.022470
vt 0.375000 0.000000
vt 0.625000 0.000000
vt 0.625000 0.250000
vt 0.375000 0.250000
vt 0.625000 0.500000
vt 0.375000 0.500000
vt 0.625000 0.750000
vt 0.375000 0.750000
vt 0.625000 1.000000
vt 0.375000 1.000000
vt 0.125000 0.500000
vt 0.125000 0.750000
vt 0.875000 0.500000
vt 0.875000 0.750000
vn -1.0000 0.0000 0.0000
vn 0.0000 -1.0000 0.0070
vn 1.0000 0.0000 0.0000
vn 0.0000 1.0000 -0.0070
vn 0.0000 0.0070 1.0000
vn 0.0000 -0.0070 -1.0000
usemtl Material.029
s off
f 5789/10127/1238 5790/10128/1238 5792/10129/1238 5791/10130/1238
f 5791/10130/1239 5792/10129/1239 5796/10131/1239 5795/10132/1239
f 5795/10132/1240 5796/10131/1240 5794/10133/1240 5793/10134/1240
f 5793/10134/1241 5794/10133/1241 5790/10135/1241 5789/10136/1241
f 5791/10137/1242 5795/10132/1242 5793/10134/1242 5789/10138/1242
f 5796/10131/1243 5792/10139/1243 5790/10140/1243 5794/10133/1243
o Cube.104_Cube.129
v -0.998817 0.881382 -0.182496
v -0.979450 0.881607 -0.182381
v -0.988338 -0.020514 -0.184430
v -0.968971 -0.020289 -0.184315
v -0.998712 0.881421 -0.200118
v -0.979346 0.881646 -0.200003
v -0.988233 -0.020475 -0.202052
v -0.968867 -0.020250 -0.201937
vt 0.375000 0.000000
vt 0.375000 0.250000
vt 0.625000 0.250000
vt 0.625000 0.000000
vt 0.375000 0.500000
vt 0.625000 0.500000
vt 0.375000 0.750000
vt 0.625000 0.750000
vt 0.375000 1.000000
vt 0.625000 1.000000
vt 0.125000 0.500000
vt 0.125000 0.750000
vt 0.875000 0.750000
vt 0.875000 0.500000
vn -0.0059 -0.0022 1.0000
vn 0.0116 -0.9999 -0.0021
vn 0.0059 0.0022 -1.0000
vn -0.0116 0.9999 0.0021
vn -0.9999 -0.0116 -0.0059
vn 0.9999 0.0116 0.0059
usemtl Material.025
s off
f 5797/10141/1244 5799/10142/1244 5800/10143/1244 5798/10144/1244
f 5799/10142/1245 5803/10145/1245 5804/10146/1245 5800/10143/1245
f 5803/10145/1246 5801/10147/1246 5802/10148/1246 5804/10146/1246
f 5801/10147/1247 5797/10149/1247 5798/10150/1247 5802/10148/1247
f 5799/10151/1248 5797/10152/1248 5801/10147/1248 5803/10145/1248
f 5804/10146/1249 5802/10148/1249 5798/10153/1249 5800/10154/1249
o Cube.105_Cube.130
v -0.998817 0.881382 0.131945
v -0.979450 0.881607 0.132060
v -0.988338 -0.020514 0.130011
v -0.968971 -0.020289 0.130126
v -0.998712 0.881421 0.114323
v -0.979346 0.881646 0.114439
v -0.988233 -0.020475 0.112389
v -0.968867 -0.020250 0.112504
vt 0.375000 0.000000
vt 0.375000 0.250000
vt 0.625000 0.250000
vt 0.625000 0.000000
vt 0.375000 0.500000
vt 0.625000 0.500000
vt 0.375000 0.750000
vt 0.625000 0.750000
vt 0.375000 1.000000
vt 0.625000 1.000000
vt 0.125000 0.500000
vt 0.125000 0.750000
vt 0.875000 0.750000
vt 0.875000 0.500000
vn -0.0059 -0.0022 1.0000
vn 0.0116 -0.9999 -0.0021
vn 0.0059 0.0022 -1.0000
vn -0.0116 0.9999 0.0021
vn -0.9999 -0.0116 -0.0059
vn 0.9999 0.0116 0.0059
usemtl Material.025
s off
f 5805/10155/1250 5807/10156/1250 5808/10157/1250 5806/10158/1250
f 5807/10156/1251 5811/10159/1251 5812/10160/1251 5808/10157/1251
f 5811/10159/1252 5809/10161/1252 5810/10162/1252 5812/10160/1252
f 5809/10161/1253 5805/10163/1253 5806/10164/1253 5810/10162/1253
f 5807/10165/1254 5805/10166/1254 5809/10161/1254 5811/10159/1254
f 5812/10160/1255 5810/10162/1255 5806/10167/1255 5808/10168/1255
o Cube.106_Cube.131
v -0.998817 0.881382 0.445799
v -0.979450 0.881607 0.445914
v -0.988338 -0.020514 0.443864
v -0.968971 -0.020289 0.443980
v -0.998712 0.881421 0.428177
v -0.979346 0.881646 0.428292
v -0.988233 -0.020475 0.426242
v -0.968867 -0.020250 0.426358
vt 0.375000 0.000000
vt 0.375000 0.250000
vt 0.625000 0.250000
vt 0.625000 0.000000
vt 0.375000 0.500000
vt 0.625000 0.500000
vt 0.375000 0.750000
vt 0.625000 0.750000
vt 0.375000 1.000000
vt 0.625000 1.000000
vt 0.125000 0.500000
vt 0.125000 0.750000
vt 0.875000 0.750000
vt 0.875000 0.500000
vn -0.0059 -0.0022 1.0000
vn 0.0116 -0.9999 -0.0021
vn 0.0059 0.0022 -1.0000
vn -0.0116 0.9999 0.0021
vn -0.9999 -0.0116 -0.0059
vn 0.9999 0.0116 0.0059
usemtl Material.025
s off
f 5813/10169/1256 5815/10170/1256 5816/10171/1256 5814/10172/1256
f 5815/10170/1257 5819/10173/1257 5820/10174/1257 5816/10171/1257
f 5819/10173/1258 5817/10175/1258 5818/10176/1258 5820/10174/1258
f 5817/10175/1259 5813/10177/1259 5814/10178/1259 5818/10176/1259
f 5815/10179/1260 5813/10180/1260 5817/10175/1260 5819/10173/1260
f 5820/10174/1261 5818/10176/1261 5814/10181/1261 5816/10182/1261
o Cube.107_Cube.132
v -0.550955 0.347045 0.826124
v -0.550955 0.346910 0.806774
v -0.550955 0.123249 0.827686
v -0.550955 0.123114 0.808336
v -0.513012 0.347045 0.826124
v -0.513012 0.346910 0.806774
v -0.513012 0.123249 0.827686
v -0.513012 0.123114 0.808336
vt 0.375000 0.000000
vt 0.625000 0.000000
vt 0.625000 0.250000
vt 0.375000 0.250000
vt 0.625000 0.500000
vt 0.375000 0.500000
vt 0.625000 0.750000
vt 0.375000 0.750000
vt 0.625000 1.000000
vt 0.375000 1.000000
vt 0.125000 0.500000
vt 0.125000 0.750000
vt 0.875000 0.500000
vt 0.875000 0.750000
vn -1.0000 0.0000 0.0000
vn 0.0000 -1.0000 0.0070
vn 1.0000 0.0000 0.0000
vn 0.0000 1.0000 -0.0070
vn 0.0000 0.0070 1.0000
vn 0.0000 -0.0070 -1.0000
usemtl Material.025
s off
f 5821/10183/1262 5822/10184/1262 5824/10185/1262 5823/10186/1262
f 5823/10186/1263 5824/10185/1263 5828/10187/1263 5827/10188/1263
f 5827/10188/1264 5828/10187/1264 5826/10189/1264 5825/10190/1264
f 5825/10190/1265 5826/10189/1265 5822/10191/1265 5821/10192/1265
f 5823/10193/1266 5827/10188/1266 5825/10190/1266 5821/10194/1266
f 5828/10187/1267 5824/10195/1267 5822/10196/1267 5826/10189/1267
o Cube.108_Cube.133
v -0.684764 0.347045 0.826124
v -0.684764 0.346910 0.806774
v -0.684764 0.123249 0.827686
v -0.684764 0.123114 0.808336
v -0.646820 0.347045 0.826124
v -0.646820 0.346910 0.806774
v -0.646820 0.123249 0.827686
v -0.646820 0.123114 0.808336
vt 0.375000 0.000000
vt 0.625000 0.000000
vt 0.625000 0.250000
vt 0.375000 0.250000
vt 0.625000 0.500000
vt 0.375000 0.500000
vt 0.625000 0.750000
vt 0.375000 0.750000
vt 0.625000 1.000000
vt 0.375000 1.000000
vt 0.125000 0.500000
vt 0.125000 0.750000
vt 0.875000 0.500000
vt 0.875000 0.750000
vn -1.0000 0.0000 0.0000
vn 0.0000 -1.0000 0.0070
vn 1.0000 0.0000 0.0000
vn 0.0000 1.0000 -0.0070
vn 0.0000 0.0070 1.0000
vn 0.0000 -0.0070 -1.0000
usemtl Material.025
s off
f 5829/10197/1268 5830/10198/1268 5832/10199/1268 5831/10200/1268
f 5831/10200/1269 5832/10199/1269 5836/10201/1269 5835/10202/1269
f 5835/10202/1270 5836/10201/1270 5834/10203/1270 5833/10204/1270
f 5833/10204/1271 5834/10203/1271 5830/10205/1271 5829/10206/1271
f 5831/10207/1272 5835/10202/1272 5833/10204/1272 5829/10208/1272
f 5836/10201/1273 5832/10209/1273 5830/10210/1273 5834/10203/1273
o Cube.110_Cube.135
v -1.172902 -0.090145 0.896413
v -1.162163 -0.083447 0.887827
v -1.089556 -0.309196 0.829778
v -1.078817 -0.302498 0.821192
v -1.034541 -0.090145 1.069473
v -1.023802 -0.083447 1.060886
v -0.951195 -0.309196 1.002838
v -0.940456 -0.302498 0.994251
v -1.168597 -0.087205 0.892971
v -1.158275 -0.094905 0.884718
v -1.264402 -0.297739 0.969567
v -1.254080 -0.305438 0.961315
v -1.030236 -0.087205 1.066031
v -1.019914 -0.094905 1.057778
v -1.126041 -0.297739 1.142627
v -1.115719 -0.305438 1.134374
vt 0.375000 0.000000
vt 0.625000 0.000000
vt 0.625000 0.250000
vt 0.375000 0.250000
vt 0.625000 0.500000
vt 0.375000 0.500000
vt 0.625000 0.750000
vt 0.375000 0.750000
vt 0.625000 1.000000
vt 0.375000 1.000000
vt 0.125000 0.500000
vt 0.125000 0.750000
vt 0.875000 0.500000
vt 0.875000 0.750000
vt 0.375000 0.000000
vt 0.625000 0.000000
vt 0.625000 0.250000
vt 0.375000 0.250000
vt 0.625000 0.500000
vt 0.375000 0.500000
vt 0.625000 0.750000
vt 0.375000 0.750000
vt 0.625000 1.000000
vt 0.375000 1.000000
vt 0.125000 0.500000
vt 0.125000 0.750000
vt 0.875000 0.500000
vt 0.875000 0.750000
vn -0.6245 -0.0000 -0.7811
vn 0.3421 -0.8990 -0.2735
vn 0.6245 0.0000 0.7811
vn -0.3421 0.8990 0.2735
vn -0.7022 -0.4379 0.5614
vn 0.7022 0.4379 -0.5614
vn -0.3932 -0.8640 0.3144
vn 0.3932 0.8640 -0.3144
vn -0.6749 0.5034 0.5396
vn 0.6749 -0.5034 -0.5396
usemtl Material.025
s off
f 5837/10211/1274 5838/10212/1274 5840/10213/1274 5839/10214/1274
f 5839/10214/1275 5840/10213/1275 5844/10215/1275 5843/10216/1275
f 5843/10216/1276 5844/10215/1276 5842/10217/1276 5841/10218/1276
f 5841/10218/1277 5842/10217/1277 5838/10219/1277 5837/10220/1277
f 5839/10221/1278 5843/10216/1278 5841/10218/1278 5837/10222/1278
f 5844/10215/1279 5840/10223/1279 5838/10224/1279 5842/10217/1279
f 5845/10225/1274 5846/10226/1274 5848/10227/1274 5847/10228/1274
f 5847/10228/1280 5848/10227/1280 5852/10229/1280 5851/10230/1280
f 5851/10230/1276 5852/10229/1276 5850/10231/1276 5849/10232/1276
f 5849/10232/1281 5850/10231/1281 5846/10233/1281 5845/10234/1281
f 5847/10235/1282 5851/10230/1282 5849/10232/1282 5845/10236/1282
f 5852/10229/1283 5848/10237/1283 5846/10238/1283 5850/10231/1283
o Cube.109_Cube.136
v 0.580345 0.339553 0.977187
v 0.595818 0.339651 0.977699
v 0.585362 0.338294 0.825831
v 0.600835 0.338393 0.826343
v 0.580256 0.354186 0.977063
v 0.595729 0.354284 0.977575
v 0.585273 0.352927 0.825706
v 0.600746 0.353026 0.826218
vt 0.375000 0.000000
vt 0.375000 0.250000
vt 0.625000 0.250000
vt 0.625000 0.000000
vt 0.375000 0.500000
vt 0.625000 0.500000
vt 0.375000 0.750000
vt 0.625000 0.750000
vt 0.375000 1.000000
vt 0.625000 1.000000
vt 0.125000 0.500000
vt 0.125000 0.750000
vt 0.875000 0.750000
vt 0.875000 0.500000
vn 0.0061 -0.9999 0.0085
vn 0.0331 -0.0083 -0.9994
vn -0.0061 0.9999 -0.0085
vn -0.0331 0.0083 0.9994
vn -0.9994 -0.0064 -0.0331
vn 0.9994 0.0064 0.0331
usemtl Material.011
s off
f 5853/10239/1284 5855/10240/1284 5856/10241/1284 5854/10242/1284
f 5855/10240/1285 5859/10243/1285 5860/10244/1285 5856/10241/1285
f 5859/10243/1286 5857/10245/1286 5858/10246/1286 5860/10244/1286
f 5857/10245/1287 5853/10247/1287 5854/10248/1287 5858/10246/1287
f 5855/10249/1288 5853/10250/1288 5857/10245/1288 5859/10243/1288
f 5860/10244/1289 5858/10246/1289 5854/10251/1289 5856/10252/1289
o Cube.111_Cube.137
v 0.580345 0.309304 0.977187
v 0.595818 0.309403 0.977699
v 0.585362 0.308045 0.825831
v 0.600835 0.308144 0.826343
v 0.580256 0.323937 0.977063
v 0.595729 0.324036 0.977575
v 0.585273 0.322679 0.825706
v 0.600746 0.322777 0.826218
vt 0.375000 0.000000
vt 0.375000 0.250000
vt 0.625000 0.250000
vt 0.625000 0.000000
vt 0.375000 0.500000
vt 0.625000 0.500000
vt 0.375000 0.750000
vt 0.625000 0.750000
vt 0.375000 1.000000
vt 0.625000 1.000000
vt 0.125000 0.500000
vt 0.125000 0.750000
vt 0.875000 0.750000
vt 0.875000 0.500000
vn 0.0061 -0.9999 0.0085
vn 0.0331 -0.0083 -0.9994
vn -0.0061 0.9999 -0.0085
vn -0.0331 0.0083 0.9994
vn -0.9994 -0.0064 -0.0331
vn 0.9994 0.0064 0.0331
usemtl Material.011
s off
f 5861/10253/1290 5863/10254/1290 5864/10255/1290 5862/10256/1290
f 5863/10254/1291 5867/10257/1291 5868/10258/1291 5864/10255/1291
f 5867/10257/1292 5865/10259/1292 5866/10260/1292 5868/10258/1292
f 5865/10259/1293 5861/10261/1293 5862/10262/1293 5866/10260/1293
f 5863/10263/1294 5861/10264/1294 5865/10259/1294 5867/10257/1294
f 5868/10258/1295 5866/10260/1295 5862/10265/1295 5864/10266/1295
o Cube.112_Cube.138
v 0.580345 0.272027 0.977187
v 0.595818 0.272126 0.977699
v 0.585362 0.270769 0.825831
v 0.600835 0.270867 0.826343
v 0.580256 0.286660 0.977063
v 0.595729 0.286759 0.977575
v 0.585273 0.285402 0.825706
v 0.600746 0.285500 0.826218
vt 0.375000 0.000000
vt 0.375000 0.250000
vt 0.625000 0.250000
vt 0.625000 0.000000
vt 0.375000 0.500000
vt 0.625000 0.500000
vt 0.375000 0.750000
vt 0.625000 0.750000
vt 0.375000 1.000000
vt 0.625000 1.000000
vt 0.125000 0.500000
vt 0.125000 0.750000
vt 0.875000 0.750000
vt 0.875000 0.500000
vn 0.0061 -0.9999 0.0085
vn 0.0331 -0.0083 -0.9994
vn -0.0061 0.9999 -0.0085
vn -0.0331 0.0083 0.9994
vn -0.9994 -0.0064 -0.0331
vn 0.9994 0.0064 0.0331
usemtl Material.011
s off
f 5869/10267/1296 5871/10268/1296 5872/10269/1296 5870/10270/1296
f 5871/10268/1297 5875/10271/1297 5876/10272/1297 5872/10269/1297
f 5875/10271/1298 5873/10273/1298 5874/10274/1298 5876/10272/1298
f 5873/10273/1299 5869/10275/1299 5870/10276/1299 5874/10274/1299
f 5871/10277/1300 5869/10278/1300 5873/10273/1300 5875/10271/1300
f 5876/10272/1301 5874/10274/1301 5870/10279/1301 5872/10280/1301
o Cube.113_Cube.139
v 0.580795 0.005722 0.978228
v 0.596311 0.005821 0.978742
v 0.585836 0.004458 0.826143
v 0.601352 0.004556 0.826656
v 0.579738 0.179359 0.976749
v 0.595255 0.179458 0.977263
v 0.584780 0.178094 0.824664
v 0.600296 0.178193 0.825177
vt 0.375000 0.000000
vt 0.375000 0.250000
vt 0.625000 0.250000
vt 0.625000 0.000000
vt 0.375000 0.500000
vt 0.625000 0.500000
vt 0.375000 0.750000
vt 0.625000 0.750000
vt 0.375000 1.000000
vt 0.625000 1.000000
vt 0.125000 0.500000
vt 0.125000 0.750000
vt 0.875000 0.750000
vt 0.875000 0.500000
vn 0.0061 -0.9999 0.0085
vn 0.0331 -0.0083 -0.9994
vn -0.0061 0.9999 -0.0085
vn -0.0331 0.0083 0.9994
vn -0.9994 -0.0064 -0.0331
vn 0.9994 0.0064 0.0331
usemtl Material.011
s off
f 5877/10281/1302 5879/10282/1302 5880/10283/1302 5878/10284/1302
f 5879/10282/1303 5883/10285/1303 5884/10286/1303 5880/10283/1303
f 5883/10285/1304 5881/10287/1304 5882/10288/1304 5884/10286/1304
f 5881/10287/1305 5877/10289/1305 5878/10290/1305 5882/10288/1305
f 5879/10291/1306 5877/10292/1306 5881/10287/1306 5883/10285/1306
f 5884/10286/1307 5882/10288/1307 5878/10293/1307 5880/10294/1307
o Cube.114_Cube.140
v 0.920358 0.005722 0.978228
v 0.935874 0.005821 0.978742
v 0.925399 0.004458 0.826143
v 0.940915 0.004556 0.826656
v 0.919302 0.179359 0.976749
v 0.934818 0.179458 0.977263
v 0.924343 0.178094 0.824664
v 0.939859 0.178193 0.825177
vt 0.375000 0.000000
vt 0.375000 0.250000
vt 0.625000 0.250000
vt 0.625000 0.000000
vt 0.375000 0.500000
vt 0.625000 0.500000
vt 0.375000 0.750000
vt 0.625000 0.750000
vt 0.375000 1.000000
vt 0.625000 1.000000
vt 0.125000 0.500000
vt 0.125000 0.750000
vt 0.875000 0.750000
vt 0.875000 0.500000
vn 0.0061 -0.9999 0.0085
vn 0.0331 -0.0083 -0.9994
vn -0.0061 0.9999 -0.0085
vn -0.0331 0.0083 0.9994
vn -0.9994 -0.0064 -0.0331
vn 0.9994 0.0064 0.0331
usemtl Material.011
s off
f 5885/10295/1308 5887/10296/1308 5888/10297/1308 5886/10298/1308
f 5887/10296/1309 5891/10299/1309 5892/10300/1309 5888/10297/1309
f 5891/10299/1310 5889/10301/1310 5890/10302/1310 5892/10300/1310
f 5889/10301/1311 5885/10303/1311 5886/10304/1311 5890/10302/1311
f 5887/10305/1312 5885/10306/1312 5889/10301/1312 5891/10299/1312
f 5892/10300/1313 5890/10302/1313 5886/10307/1313 5888/10308/1313
o Cube.115_Cube.141
v 0.913467 0.272027 0.977187
v 0.928940 0.272126 0.977699
v 0.918485 0.270769 0.825831
v 0.933957 0.270867 0.826343
v 0.913378 0.286660 0.977063
v 0.928851 0.286759 0.977575
v 0.918396 0.285402 0.825706
v 0.933868 0.285500 0.826218
vt 0.375000 0.000000
vt 0.375000 0.250000
vt 0.625000 0.250000
vt 0.625000 0.000000
vt 0.375000 0.500000
vt 0.625000 0.500000
vt 0.375000 0.750000
vt 0.625000 0.750000
vt 0.375000 1.000000
vt 0.625000 1.000000
vt 0.125000 0.500000
vt 0.125000 0.750000
vt 0.875000 0.750000
vt 0.875000 0.500000
vn 0.0061 -0.9999 0.0085
vn 0.0331 -0.0083 -0.9994
vn -0.0061 0.9999 -0.0085
vn -0.0331 0.0083 0.9994
vn -0.9994 -0.0064 -0.0331
vn 0.9994 0.0064 0.0331
usemtl Material.011
s off
f 5893/10309/1314 5895/10310/1314 5896/10311/1314 5894/10312/1314
f 5895/10310/1315 5899/10313/1315 5900/10314/1315 5896/10311/1315
f 5899/10313/1316 5897/10315/1316 5898/10316/1316 5900/10314/1316
f 5897/10315/1317 5893/10317/1317 5894/10318/1317 5898/10316/1317
f 5895/10319/1318 5893/10320/1318 5897/10315/1318 5899/10313/1318
f 5900/10314/1319 5898/10316/1319 5894/10321/1319 5896/10322/1319
o Cube.116_Cube.142
v 0.913467 0.238537 0.977187
v 0.928940 0.238635 0.977699
v 0.918485 0.237278 0.825831
v 0.933957 0.237377 0.826343
v 0.913378 0.253170 0.977063
v 0.928851 0.253268 0.977575
v 0.918396 0.251911 0.825706
v 0.933868 0.252010 0.826218
vt 0.375000 0.000000
vt 0.375000 0.250000
vt 0.625000 0.250000
vt 0.625000 0.000000
vt 0.375000 0.500000
vt 0.625000 0.500000
vt 0.375000 0.750000
vt 0.625000 0.750000
vt 0.375000 1.000000
vt 0.625000 1.000000
vt 0.125000 0.500000
vt 0.125000 0.750000
vt 0.875000 0.750000
vt 0.875000 0.500000
vn 0.0061 -0.9999 0.0085
vn 0.0331 -0.0083 -0.9994
vn -0.0061 0.9999 -0.0085
vn -0.0331 0.0083 0.9994
vn -0.9994 -0.0064 -0.0331
vn 0.9994 0.0064 0.0331
usemtl Material.011
s off
f 5901/10323/1320 5903/10324/1320 5904/10325/1320 5902/10326/1320
f 5903/10324/1321 5907/10327/1321 5908/10328/1321 5904/10325/1321
f 5907/10327/1322 5905/10329/1322 5906/10330/1322 5908/10328/1322
f 5905/10329/1323 5901/10331/1323 5902/10332/1323 5906/10330/1323
f 5903/10333/1324 5901/10334/1324 5905/10329/1324 5907/10327/1324
f 5908/10328/1325 5906/10330/1325 5902/10335/1325 5904/10336/1325
o Cube.117_Cube.143
v 0.913467 0.205694 0.976909
v 0.928940 0.205792 0.977421
v 0.918485 0.204435 0.825553
v 0.933957 0.204534 0.826065
v 0.913378 0.220327 0.976785
v 0.928851 0.220426 0.977297
v 0.918396 0.219068 0.825428
v 0.933868 0.219167 0.825940
vt 0.375000 0.000000
vt 0.375000 0.250000
vt 0.625000 0.250000
vt 0.625000 0.000000
vt 0.375000 0.500000
vt 0.625000 0.500000
vt 0.375000 0.750000
vt 0.625000 0.750000
vt 0.375000 1.000000
vt 0.625000 1.000000
vt 0.125000 0.500000
vt 0.125000 0.750000
vt 0.875000 0.750000
vt 0.875000 0.500000
vn 0.0061 -0.9999 0.0085
vn 0.0331 -0.0083 -0.9994
vn -0.0061 0.9999 -0.0085
vn -0.0331 0.0083 0.9994
vn -0.9994 -0.0064 -0.0331
vn 0.9994 0.0064 0.0331
usemtl Material.011
s off
f 5909/10337/1326 5911/10338/1326 5912/10339/1326 5910/10340/1326
f 5911/10338/1327 5915/10341/1327 5916/10342/1327 5912/10339/1327
f 5915/10341/1328 5913/10343/1328 5914/10344/1328 5916/10342/1328
f 5913/10343/1329 5909/10345/1329 5910/10346/1329 5914/10344/1329
f 5911/10347/1330 5909/10348/1330 5913/10343/1330 5915/10341/1330
f 5916/10342/1331 5914/10344/1331 5910/10349/1331 5912/10350/1331
o Cube.118_Cube.144
v 0.916900 -0.228367 0.978228
v 0.932417 -0.228269 0.978742
v 0.921941 -0.229632 0.826143
v 0.937458 -0.229533 0.826656
v 0.915844 -0.054731 0.976749
v 0.931361 -0.054632 0.977263
v 0.920885 -0.055996 0.824664
v 0.936402 -0.055897 0.825177
vt 0.375000 0.000000
vt 0.375000 0.250000
vt 0.625000 0.250000
vt 0.625000 0.000000
vt 0.375000 0.500000
vt 0.625000 0.500000
vt 0.375000 0.750000
vt 0.625000 0.750000
vt 0.375000 1.000000
vt 0.625000 1.000000
vt 0.125000 0.500000
vt 0.125000 0.750000
vt 0.875000 0.750000
vt 0.875000 0.500000
vn 0.0061 -0.9999 0.0085
vn 0.0331 -0.0083 -0.9994
vn -0.0061 0.9999 -0.0085
vn -0.0331 0.0083 0.9994
vn -0.9994 -0.0064 -0.0331
vn 0.9994 0.0064 0.0331
usemtl Material.011
s off
f 5917/10351/1332 5919/10352/1332 5920/10353/1332 5918/10354/1332
f 5919/10352/1333 5923/10355/1333 5924/10356/1333 5920/10353/1333
f 5923/10355/1334 5921/10357/1334 5922/10358/1334 5924/10356/1334
f 5921/10357/1335 5917/10359/1335 5918/10360/1335 5922/10358/1335
f 5919/10361/1336 5917/10362/1336 5921/10357/1336 5923/10355/1336
f 5924/10356/1337 5922/10358/1337 5918/10363/1337 5920/10364/1337
o Cube.119_Cube.145
v 0.913467 0.306804 0.977187
v 0.928940 0.306903 0.977699
v 0.918485 0.305546 0.825831
v 0.933957 0.305644 0.826343
v 0.913378 0.321437 0.977063
v 0.928851 0.321536 0.977575
v 0.918396 0.320179 0.825706
v 0.933868 0.320277 0.826218
vt 0.375000 0.000000
vt 0.375000 0.250000
vt 0.625000 0.250000
vt 0.625000 0.000000
vt 0.375000 0.500000
vt 0.625000 0.500000
vt 0.375000 0.750000
vt 0.625000 0.750000
vt 0.375000 1.000000
vt 0.625000 1.000000
vt 0.125000 0.500000
vt 0.125000 0.750000
vt 0.875000 0.750000
vt 0.875000 0.500000
vn 0.0061 -0.9999 0.0085
vn 0.0331 -0.0083 -0.9994
vn -0.0061 0.9999 -0.0085
vn -0.0331 0.0083 0.9994
vn -0.9994 -0.0064 -0.0331
vn 0.9994 0.0064 0.0331
usemtl Material.011
s off
f 5925/10365/1338 5927/10366/1338 5928/10367/1338 5926/10368/1338
f 5927/10366/1339 5931/10369/1339 5932/10370/1339 5928/10367/1339
f 5931/10369/1340 5929/10371/1340 5930/10372/1340 5932/10370/1340
f 5929/10371/1341 5925/10373/1341 5926/10374/1341 5930/10372/1341
f 5927/10375/1342 5925/10376/1342 5929/10371/1342 5931/10369/1342
f 5932/10370/1343 5930/10372/1343 5926/10377/1343 5928/10378/1343
o Cube.120_Cube.146
v 0.673921 0.401301 0.972012
v 0.660259 0.401449 0.950890
v 0.673609 0.360802 0.971930
v 0.659947 0.360950 0.950808
v 0.654324 0.401426 0.984689
v 0.640662 0.401574 0.963567
v 0.654012 0.360927 0.984607
v 0.640350 0.361075 0.963485
vt 0.375000 0.000000
vt 0.375000 0.250000
vt 0.625000 0.250000
vt 0.625000 0.000000
vt 0.375000 0.500000
vt 0.625000 0.500000
vt 0.375000 0.750000
vt 0.625000 0.750000
vt 0.375000 1.000000
vt 0.625000 1.000000
vt 0.125000 0.500000
vt 0.125000 0.750000
vt 0.875000 0.750000
vt 0.875000 0.500000
vn 0.8396 -0.0054 -0.5431
vn -0.0077 -1.0000 -0.0020
vn -0.8396 0.0054 0.5431
vn 0.0077 1.0000 0.0020
vn 0.5431 -0.0059 0.8396
vn -0.5431 0.0059 -0.8396
usemtl Material.010
s off
f 5933/10379/1344 5935/10380/1344 5936/10381/1344 5934/10382/1344
f 5935/10380/1345 5939/10383/1345 5940/10384/1345 5936/10381/1345
f 5939/10383/1346 5937/10385/1346 5938/10386/1346 5940/10384/1346
f 5937/10385/1347 5933/10387/1347 5934/10388/1347 5938/10386/1347
f 5935/10389/1348 5933/10390/1348 5937/10385/1348 5939/10383/1348
f 5940/10384/1349 5938/10386/1349 5934/10391/1349 5936/10392/1349
o Cube.121_Cube.147
v 0.384949 -0.281963 1.175508
v 0.407799 -0.284033 1.165194
v 0.401706 -0.280578 1.212353
v 0.424556 -0.282648 1.202039
v 0.383529 -0.305210 1.177028
v 0.406378 -0.307281 1.166714
v 0.400286 -0.303825 1.213873
v 0.423136 -0.305895 1.203559
vt 0.375000 0.000000
vt 0.375000 0.250000
vt 0.625000 0.250000
vt 0.625000 0.000000
vt 0.375000 0.500000
vt 0.625000 0.500000
vt 0.375000 0.750000
vt 0.625000 0.750000
vt 0.375000 1.000000
vt 0.625000 1.000000
vt 0.125000 0.500000
vt 0.125000 0.750000
vt 0.875000 0.750000
vt 0.875000 0.500000
vn 0.0608 0.9960 -0.0651
vn 0.4138 0.0342 0.9097
vn -0.0608 -0.9960 0.0651
vn -0.4138 -0.0342 -0.9097
vn -0.9084 0.0823 0.4100
vn 0.9084 -0.0823 -0.4100
usemtl Material.010
s off
f 5941/10393/1350 5943/10394/1350 5944/10395/1350 5942/10396/1350
f 5943/10394/1351 5947/10397/1351 5948/10398/1351 5944/10395/1351
f 5947/10397/1352 5945/10399/1352 5946/10400/1352 5948/10398/1352
f 5945/10399/1353 5941/10401/1353 5942/10402/1353 5946/10400/1353
f 5943/10403/1354 5941/10404/1354 5945/10399/1354 5947/10397/1354
f 5948/10398/1355 5946/10400/1355 5942/10405/1355 5944/10406/1355
o Cube.122_Cube.148
v 0.903834 -0.289118 1.119834
v 0.919646 -0.289274 1.100269
v 0.935325 -0.289906 1.145290
v 0.951136 -0.290061 1.125725
v 0.903390 -0.312453 1.119661
v 0.919202 -0.312609 1.100097
v 0.934881 -0.313241 1.145117
v 0.950692 -0.313397 1.125553
vt 0.375000 0.000000
vt 0.375000 0.250000
vt 0.625000 0.250000
vt 0.625000 0.000000
vt 0.375000 0.500000
vt 0.625000 0.500000
vt 0.375000 0.750000
vt 0.625000 0.750000
vt 0.375000 1.000000
vt 0.625000 1.000000
vt 0.125000 0.500000
vt 0.125000 0.750000
vt 0.875000 0.750000
vt 0.875000 0.500000
vn 0.0190 0.9998 0.0074
vn 0.7775 -0.0194 0.6285
vn -0.0190 -0.9998 -0.0074
vn -0.7775 0.0194 -0.6285
vn -0.6286 0.0062 0.7777
vn 0.6286 -0.0062 -0.7777
usemtl Material.010
s off
f 5949/10407/1356 5951/10408/1356 5952/10409/1356 5950/10410/1356
f 5951/10408/1357 5955/10411/1357 5956/10412/1357 5952/10409/1357
f 5955/10411/1358 5953/10413/1358 5954/10414/1358 5956/10412/1358
f 5953/10413/1359 5949/10415/1359 5950/10416/1359 5954/10414/1359
f 5951/10417/1360 5949/10418/1360 5953/10413/1360 5955/10411/1360
f 5956/10412/1361 5954/10414/1361 5950/10419/1361 5952/10420/1361
o Cube.123_Cube.149
v 0.489963 -0.283106 0.989605
v 0.512447 -0.283262 0.978325
v 0.508116 -0.283894 1.025801
v 0.530600 -0.284049 1.014521
v 0.489630 -0.306441 0.989264
v 0.512115 -0.306597 0.977985
v 0.507783 -0.307229 1.025460
v 0.530267 -0.307385 1.014180
vt 0.375000 0.000000
vt 0.375000 0.250000
vt 0.625000 0.250000
vt 0.625000 0.000000
vt 0.375000 0.500000
vt 0.625000 0.500000
vt 0.375000 0.750000
vt 0.625000 0.750000
vt 0.375000 1.000000
vt 0.625000 1.000000
vt 0.125000 0.500000
vt 0.125000 0.750000
vt 0.875000 0.750000
vt 0.875000 0.500000
vn 0.0143 0.9998 0.0146
vn 0.4482 -0.0194 0.8937
vn -0.0143 -0.9998 -0.0146
vn -0.4482 0.0194 -0.8937
vn -0.8938 0.0062 0.4484
vn 0.8938 -0.0062 -0.4484
usemtl Material.010
s off
f 5957/10421/1362 5959/10422/1362 5960/10423/1362 5958/10424/1362
f 5959/10422/1363 5963/10425/1363 5964/10426/1363 5960/10423/1363
f 5963/10425/1364 5961/10427/1364 5962/10428/1364 5964/10426/1364
f 5961/10427/1365 5957/10429/1365 5958/10430/1365 5962/10428/1365
f 5959/10431/1366 5957/10432/1366 5961/10427/1366 5963/10425/1366
f 5964/10426/1367 5962/10428/1367 5958/10433/1367 5960/10434/1367
o Cube.124_Cube.150
v 0.368770 0.003063 0.940127
v 0.355108 0.003211 0.919006
v 0.368458 -0.037436 0.940045
v 0.354796 -0.037288 0.918924
v 0.349173 0.003188 0.952804
v 0.335511 0.003336 0.931683
v 0.348861 -0.037311 0.952722
v 0.335199 -0.037163 0.931601
vt 0.375000 0.000000
vt 0.375000 0.250000
vt 0.625000 0.250000
vt 0.625000 0.000000
vt 0.375000 0.500000
vt 0.625000 0.500000
vt 0.375000 0.750000
vt 0.625000 0.750000
vt 0.375000 1.000000
vt 0.625000 1.000000
vt 0.125000 0.500000
vt 0.125000 0.750000
vt 0.875000 0.750000
vt 0.875000 0.500000
vn 0.8396 -0.0054 -0.5431
vn -0.0077 -1.0000 -0.0020
vn -0.8396 0.0054 0.5431
vn 0.0077 1.0000 0.0020
vn 0.5431 -0.0059 0.8396
vn -0.5431 0.0059 -0.8396
usemtl Material.010
s off
f 5965/10435/1368 5967/10436/1368 5968/10437/1368 5966/10438/1368
f 5967/10436/1369 5971/10439/1369 5972/10440/1369 5968/10437/1369
f 5971/10439/1370 5969/10441/1370 5970/10442/1370 5972/10440/1370
f 5969/10441/1371 5965/10443/1371 5966/10444/1371 5970/10442/1371
f 5967/10445/1372 5965/10446/1372 5969/10441/1372 5971/10439/1372
f 5972/10440/1373 5970/10442/1373 5966/10447/1373 5968/10448/1373
o Cube.125_Cube.151
v 0.492832 1.072362 0.814630
v 0.492832 1.072245 0.797965
v 0.492832 0.724889 0.817055
v 0.492832 0.724773 0.800390
v 0.908604 1.072362 0.814630
v 0.908604 1.072245 0.797965
v 0.908604 0.724889 0.817055
v 0.908604 0.724773 0.800390
vt 0.375000 0.000000
vt 0.625000 0.000000
vt 0.625000 0.250000
vt 0.375000 0.250000
vt 0.625000 0.500000
vt 0.375000 0.500000
vt 0.625000 0.750000
vt 0.375000 0.750000
vt 0.625000 1.000000
vt 0.375000 1.000000
vt 0.125000 0.500000
vt 0.125000 0.750000
vt 0.875000 0.500000
vt 0.875000 0.750000
vn -1.0000 0.0000 0.0000
vn 0.0000 -1.0000 0.0070
vn 1.0000 -0.0000 0.0000
vn 0.0000 1.0000 -0.0070
vn 0.0000 0.0070 1.0000
vn 0.0000 -0.0070 -1.0000
usemtl Material.025
s off
f 5973/10449/1374 5974/10450/1374 5976/10451/1374 5975/10452/1374
f 5975/10452/1375 5976/10451/1375 5980/10453/1375 5979/10454/1375
f 5979/10454/1376 5980/10453/1376 5978/10455/1376 5977/10456/1376
f 5977/10456/1377 5978/10455/1377 5974/10457/1377 5973/10458/1377
f 5975/10459/1378 5979/10454/1378 5977/10456/1378 5973/10460/1378
f 5980/10453/1379 5976/10461/1379 5974/10462/1379 5978/10455/1379
o Cube.127_Cube.153
v 0.563920 1.037447 0.816316
v 0.563920 1.037366 0.804644
v 0.563920 0.794087 0.818014
v 0.563920 0.794006 0.806343
v 0.855115 1.037447 0.816316
v 0.855115 1.037366 0.804644
v 0.855115 0.794087 0.818014
v 0.855115 0.794006 0.806343
vt 0.375000 0.000000
vt 0.625000 0.000000
vt 0.625000 0.250000
vt 0.375000 0.250000
vt 0.625000 0.500000
vt 0.375000 0.500000
vt 0.625000 0.750000
vt 0.375000 0.750000
vt 0.625000 1.000000
vt 0.375000 1.000000
vt 0.125000 0.500000
vt 0.125000 0.750000
vt 0.875000 0.500000
vt 0.875000 0.750000
vn -1.0000 0.0000 0.0000
vn 0.0000 -1.0000 0.0070
vn 1.0000 0.0000 0.0000
vn 0.0000 1.0000 -0.0070
vn 0.0000 0.0070 1.0000
vn 0.0000 -0.0070 -1.0000
usemtl Material.030
s off
f 5981/10463/1380 5982/10464/1380 5984/10465/1380 5983/10466/1380
f 5983/10466/1381 5984/10465/1381 5988/10467/1381 5987/10468/1381
f 5987/10468/1382 5988/10467/1382 5986/10469/1382 5985/10470/1382
f 5985/10470/1383 5986/10469/1383 5982/10471/1383 5981/10472/1383
f 5983/10473/1384 5987/10468/1384 5985/10470/1384 5981/10474/1384
f 5988/10467/1385 5984/10475/1385 5982/10476/1385 5986/10469/1385
o Cube.128_Cube.155
v -1.157543 -0.125896 0.942718
v -1.153841 -0.128682 0.939821
v -1.217028 -0.253031 0.988929
v -1.213325 -0.255816 0.986032
v -1.073619 -0.126108 1.050167
v -1.069916 -0.128893 1.047270
v -1.133103 -0.253242 1.096378
v -1.129400 -0.256028 1.093480
vt 0.375000 0.000000
vt 0.625000 0.000000
vt 0.625000 0.250000
vt 0.375000 0.250000
vt 0.625000 0.500000
vt 0.375000 0.500000
vt 0.625000 0.750000
vt 0.375000 0.750000
vt 0.625000 1.000000
vt 0.375000 1.000000
vt 0.125000 0.500000
vt 0.125000 0.750000
vt 0.875000 0.500000
vt 0.875000 0.750000
vn -0.6156 0.0016 -0.7881
vn -0.4025 -0.8603 0.3127
vn 0.6156 -0.0016 0.7881
vn 0.4025 0.8603 -0.3127
vn -0.6775 0.5097 0.5302
vn 0.6775 -0.5097 -0.5302
usemtl Material.031
s off
f 5989/10477/1386 5990/10478/1386 5992/10479/1386 5991/10480/1386
f 5991/10480/1387 5992/10479/1387 5996/10481/1387 5995/10482/1387
f 5995/10482/1388 5996/10481/1388 5994/10483/1388 5993/10484/1388
f 5993/10484/1389 5994/10483/1389 5990/10485/1389 5989/10486/1389
f 5991/10487/1390 5995/10482/1390 5993/10484/1390 5989/10488/1390
f 5996/10481/1391 5992/10489/1391 5990/10490/1391 5994/10483/1391
